symbol,entry_ts,dir,qty,gross_pnl,fees,exit_ts,exit_tag,entry_px,exit_px,funding,net_pnl
BTCUSDT,1639972800000,-1,0.007,-8.146223390007261,0.33079409495846873,1640058720000,stop,46674.426180495015,47838.17237906748,0.094814953817955,-8.382202531147774
BTCUSDT,1640116800000,1,0.002,0.5312721623706893,0.09748245224535668,1640131200000,exit,48608.40808208566,48874.044163271006,-0.009775906341734001,0.42401380378359865
BTCUSDT,1640131200000,-1,0.002,0.16866242763320044,0.09766375711272542,1640275200000,exit,48874.044163271006,48789.712949454406,0.04259539388253201,0.11359406440300704
BTCUSDT,1640275200000,1,0.003,2.4755474207149746,0.14760692249741392,1640490420000,stop,48789.716262352136,49614.898735923794,-0.106647472470882,2.2212930257466783
BTCUSDT,1640592000000,-1,0.003,-3.999450990768353,0.15407352462613685,1640627340000,stop,50691.266376917556,52024.416707173674,0.015433123275042001,-4.138091392119447
BTCUSDT,1640635200000,1,0.003,-4.49515667187002,0.15138185904073898,1640655900000,stop,51209.81245889133,49711.42690160132,-0.015212448258987002,-4.661750979169746
BTCUSDT,1640664000000,-1,0.003,1.9212082497038865,0.1485112332436673,1640692800000,exit,49823.94578950641,49183.543039605116,0.014762173299825,1.7874591897600443
BTCUSDT,1640692800000,1,0.003,-0.7924853327453384,0.1471543864524427,1640707200000,exit,49183.543039605116,48919.38126202334,-0.014680172609676,-0.9543198918074571
BTCUSDT,1640707200000,-1,0.002,1.4390225453872119,0.09711925790442999,1640939580000,stop,48919.38458856179,48199.873315868186,0.06322377584835176,1.4051270633311337
BTCUSDT,1640980800000,-1,0.011,-20.0925471881174,0.5127869186345779,1641058680000,stop,45703.69500368357,47530.29020260333,0.15466756700087,-20.450666539751108
BTCUSDT,1641412800000,-1,0.013000000000000001,25.056503663200996,0.5681134534635893,1641758400000,stop,44664.746561168446,42737.32320246068,0.6575600321180671,25.145950241855473
BTCUSDT,1642723200000,-1,0.014,62.165130535756965,0.538136805399307,1643048220000,stop,40658.52647622753,36218.16000938775,0.23737688657843875,61.8643706169361
BTCUSDT,1644192000000,1,0.003,2.438807484363984,0.12831742979582428,1644323700000,stop,42366.00868454742,43178.94451266875,-0.02070919133570622,2.289780863232454
BTCUSDT,1644508800000,1,0.002,-4.466339459646988,0.08765509225504892,1644540240000,stop,44944.1309924362,42710.961262612705,-0.003386419251289793,-4.557380971153326
BTCUSDT,1644638400000,-1,0.002,-1.7729947804387047,0.08544335420086278,1644888900000,stop,42278.42840532171,43164.925795541065,0.06074672273831522,-1.7976914119012524
BTCUSDT,1644897600000,1,0.003,-1.1429135295525048,0.1300375536176619,1645089540000,stop,43536.336794146046,43155.365617628544,-0.06309107962557084,-1.3360421627957375
BTCUSDT,1645113600000,-1,0.003,8.465030327226945,0.12148253912407675,1645456140000,stop,41905.01809589674,39083.341320154424,0.022009815947650415,8.365557604050517
BTCUSDT,1645488000000,-1,0.011,-19.564828317130864,0.41658538951211743,1645604820000,stop,36982.08866850473,38760.709424607536,-0.06667960801066108,-20.04809331465364
BTCUSDT,1645675200000,-1,0.011,-23.478788048829095,0.39565466345136846,1645731360000,stop,34901.388129723084,37035.823406889365,-0.09862653284329341,-23.973069245123757
BTCUSDT,1646193600000,1,0.002,-3.75821025961767,0.08676593189141807,1646322180000,stop,44322.518510613445,42443.41338080461,-0.035087470129922,-3.88006366163901
BTCUSDT,1646496000000,-1,0.002,-0.2273289931361942,0.07837902241718399,1646662080000,stop,39132.678960307945,39246.34345687604,-0.0025555570057261305,-0.3082635725591043
BTCUSDT,1646683200000,-1,0.014,-24.667698791729634,0.5343461388264672,1646728380000,stop,37286.59210218589,39048.570587309434,0.07190896331121374,-25.13013596724489
BTCUSDT,1646812800000,1,0.002,-2.827390108099571,0.08213071534108621,1646886240000,stop,41772.205197568,40358.510143518215,-0.016890620000000002,-2.926411443440657
BTCUSDT,1646913600000,-1,0.002,-1.6608411734144466,0.07893730932531857,1647000000000,exit,39053.444369305675,39883.8649560129,-0.020789966912000003,-1.760568449651765
BTCUSDT,1647000000000,1,0.002,-1.6337734435168094,0.07895084319026739,1647014400000,exit,39883.8649560129,39066.97823425449,-0.0033590810000000007,-1.7160833677070768
BTCUSDT,1647014400000,-1,0.002,-0.05500674462971802,0.07816145984082384,1647072000000,exit,39066.97823425449,39094.48160656935,0.0022393391648205755,-0.1309288653057213
BTCUSDT,1647072000000,1,0.002,-0.15313790110226547,0.07811239426258756,1647100800000,exit,39094.48160656935,39017.91265601822,0.0027826225392184327,-0.2284676728256346
BTCUSDT,1647100800000,-1,0.002,0.019754648054600695,0.07802594798800913,1647115200000,exit,39017.91265601822,39008.03533199092,0.0,-0.05827129993340843
BTCUSDT,1647115200000,1,0.002,0.1329902973247372,0.07808256581264421,1647158400000,exit,39008.03533199092,39074.53048065329,0.004063846836,0.05897157834809298
BTCUSDT,1647158400000,-1,0.003,0.47868105211138756,0.1169842437920518,1647187200000,exit,39074.52810603583,38914.967755332036,-0.006702554349,0.35499425397033574
BTCUSDT,1647187200000,1,0.003,-3.6093814973798435,0.11494021251730618,1647211800000,stop,38914.967755332036,37711.840589538755,0.0,-3.7243217098971497
BTCUSDT,1647216000000,-1,0.012,-14.39780243404652,0.4600874643480894,1647243120000,stop,37740.71359425551,38940.53046375939,0.0,-14.857889898394609
BTCUSDT,1647302400000,1,0.003,-2.7308658697254504,0.11759901454979489,1647316800000,exit,39654.8158282192,38744.527204977385,0.0,-2.8484648842752454
BTCUSDT,1647316800000,-1,0.003,-2.966934832403036,0.11771704903113367,1647374400000,exit,38744.527204977385,39733.50548244506,0.015762621237,-3.0688892601971696
BTCUSDT,1647374400000,1,0.009000000000000001,-4.180716732418143,0.3555112783870614,1647388800000,exit,39733.51519480783,39268.991113428034,-0.03534582764914201,-4.571573838454347
BTCUSDT,1647388800000,-1,0.003,-4.998085561097898,0.12030604475358603,1647396480000,stop,39269.000657679026,40935.02917804499,0.0,-5.118391605851484
BTCUSDT,1647403200000,1,0.002,4.913519326757887,0.08075031831129756,1647676800000,exit,39146.7793239593,41603.538987338245,-0.07166883981014,4.76110016863645
BTCUSDT,1647676800000,-1,0.003,-1.760185620361459,0.12569070194550694,1647734400000,exit,41603.53637844207,42190.264918562556,0.025233359854017,-1.8606429624529488
BTCUSDT,1647734400000,1,0.004,-4.447645006153267,0.16653724615440646,1647797640000,stop,42190.267164370765,41078.35591283245,-0.03327484452168,-4.647457096829353
BTCUSDT,1647820800000,-1,0.004,-2.1919641523907196,0.16613433586043141,1647914580000,stop,41259.58844605901,41807.57948415669,0.014673233623800502,-2.3434252546273506
BTCUSDT,1648051200000,1,0.003,-1.199848536055244,0.127173707067831,1648065600000,exit,42591.2104452862,42191.26093326778,0.0,-1.327022243123075
BTCUSDT,1648065600000,-1,0.003,-2.036356989898202,0.12759196129475245,1648080000000,exit,42191.26093326778,42870.04659656718,0.0021402077604994944,-2.1618087434324553
BTCUSDT,1648080000000,1,0.009000000000000001,33.16919903909745,0.40241511685454,1648604580000,stop,42870.057481665695,46555.52404156541,-0.41911820837452207,32.34766571386839
BTCUSDT,1649462400000,-1,0.003,-0.399433323146237,0.12687912972260595,1649476800000,exit,42226.47102034428,42359.61546139303,0.0,-0.526312452868843
BTCUSDT,1649476800000,1,0.003,1.0995615685547964,0.1276286271684565,1649548800000,exit,42359.61546139303,42726.13598424463,-0.027972767221860425,0.9439601741644795
BTCUSDT,1649548800000,-1,0.004,7.412827026625717,0.16719812126753542,1649859360000,stop,42726.13369521207,40872.92693855564,0.021699477451053797,7.267328382809235
BTCUSDT,1650139200000,1,0.004,-2.137246540150896,0.15969259118302426,1650237780000,stop,40190.303613274926,39655.9919782372,-0.033186317673812166,-2.330125449007733
BTCUSDT,1650240000000,-1,0.006,-1.273693912065166,0.23851534556426623,1650301740000,stop,39646.41643470561,39858.698753383134,-0.05293297115780876,-1.5651422287872412
BTCUSDT,1650384000000,1,0.003,-0.7448571690834069,0.1239296898556588,1650571200000,stop,41434.03948006684,41185.753757039034,-0.02859909433836749,-0.8973859532774332
BTCUSDT,1650643200000,-1,0.003,-0.22161396309466364,0.11834352082105454,1650657600000,exit,39410.90461316906,39484.77593420062,0.0,-0.3399574839157182
BTCUSDT,1650657600000,1,0.003,-0.1382876074967717,0.11838518399885348,1650686400000,exit,39484.77593420062,39438.68006503503,0.010740456521138374,-0.2459323349744868
BTCUSDT,1650686400000,-1,0.003,-0.420906606952718,0.11852649349858145,1650700800000,exit,39438.68006503503,39578.9822673526,-0.008978843127935794,-0.5484119435792353
BTCUSDT,1650700800000,1,0.003,0.46494363152063306,0.11896941861781812,1650744000000,exit,39578.9822673526,39733.96347785948,0.014174006751000001,0.36014821965381494
BTCUSDT,1650744000000,-1,0.003,0.8393149827436938,0.11878223294220659,1650903300000,stop,39733.96347785948,39454.19181694491,-0.055297458330032564,0.6652352914714547
BTCUSDT,1651003200000,-1,0.014,-19.463632786527103,0.5451888028995878,1651132020000,stop,38246.92760759459,39637.187092346525,-0.14828781319761808,-20.15710940262431
BTCUSDT,1651363200000,-1,0.021,-21.492464272633175,0.8005793658742206,1651420440000,stop,37611.10160656686,38634.55228621606,0.0007571154091600156,-22.292286523098234
BTCUSDT,1651694400000,1,0.003,-0.5240961030467807,0.11931167511004444,1651708800000,exit,39857.907720522606,39683.20901950701,-0.011907519029523,-0.6553152971863482
BTCUSDT,1651708800000,-1,0.004,30.27551013267276,0.1435950728162764,1652163060000,stop,39683.20697065319,32114.329437485005,0.08646207773506004,30.218377137591546
BTCUSDT,1652299200000,-1,0.007,-6.827072178792576,0.20890754649336213,1652569020000,stop,29356.287200566545,30331.58322610834,-0.09235574543963508,-7.128335470725573
BTCUSDT,1653955200000,1,0.004,-3.3390603173646087,0.12524358278777425,1654096980000,stop,31728.27823661414,30893.513157272988,-0.050756236807592,-3.515060136959975
BTCUSDT,1654128000000,-1,0.003,-1.436003635557965,0.09010250420613025,1654200000000,exit,29794.83412945042,30273.502007969742,0.0039437023740000006,-1.5221624373900953
BTCUSDT,1654200000000,1,0.004,-3.325165391141418,0.11943143079655338,1654261020000,stop,30273.50337303102,29442.212025245666,0.005885248769548408,-3.4387115731684235
BTCUSDT,1654300800000,-1,0.004,-2.2486512948645685,0.1198524948311348,1654445100000,stop,29682.04229592563,30244.20511964177,0.026518615302393102,-2.3419851743933098
BTCUSDT,1654531200000,1,0.005,-4.236132114601951,0.1555417900789131,1654561500000,stop,31531.971227242815,30684.74480432242,-0.015682608275955003,-4.407356512956818
BTCUSDT,1654574400000,-1,0.013000000000000001,-14.288613151392253,0.39123713514403224,1654630620000,stop,29545.602197564313,30644.726286132947,-0.05372710730815266,-14.733577393844438
BTCUSDT,1654632000000,1,0.003,-3.1534485450675604,0.09158459725160167,1654660800000,exit,31053.773841378486,30002.624326355966,-0.009334407205677001,-3.254367549524839
BTCUSDT,1654660800000,-1,0.002,-1.0942133617465297,0.06055235852939306,1654675200000,exit,30002.625924259897,30549.732605133162,0.00610983606521,-1.1486558842107126
BTCUSDT,1654675200000,1,0.002,-0.716745805318038,0.06074109230760731,1654732800000,exit,30549.732605133162,30191.359702474143,-0.012131480000000002,-0.7896183776256452
BTCUSDT,1654732800000,-1,0.002,21.319132576642506,0.049723153116627034,1655634000000,stop,30191.359702474143,19531.79341415289,0.03009662653732579,21.299506050063204
BTCUSDT,1657209600000,1,0.005,1.4197585111435729,0.10512586190567139,1657420200000,stop,20883.19653001992,21167.148232248634,-0.061088176982650996,1.2535444722552505
BTCUSDT,1657512000000,-1,0.006,2.6626721914164446,0.12190173605713049,1657715100000,stop,20538.84535880645,20095.066660237044,0.03899877601119563,2.5797692313705096
BTCUSDT,1658016000000,1,0.006,-0.9869670647402528,0.12661357953938973,1658088000000,exit,21184.510511959976,21020.016001169934,-0.023933347512365623,-1.137513991792008
BTCUSDT,1658088000000,-1,0.006,-3.476691252919052,0.12785844163347912,1658122140000,stop,21020.016001169934,21599.46454332311,0.01247634,-3.592073354552531
BTCUSDT,1658131200000,1,0.005,-3.129966779747738,0.10966062009030494,1658171520000,stop,22245.120696035763,21619.127340086216,-0.0113350629898,-3.2509624628278426
BTCUSDT,1658174400000,-1,0.004,-3.253184970282717,0.0880774508821772,1658188800000,exit,21612.71459925896,22426.01084182964,0.008977313765308,-3.332285107399586
BTCUSDT,1658188800000,1,0.003,0.7667631392433722,0.0676614114843772,1658402040000,stop,22426.00997158517,22681.59768466629,-0.04722949250913455,0.6518722352498605
BTCUSDT,1658592000000,-1,0.005,-0.2956167413779804,0.11119126518375622,1658606400000,exit,22208.691362613445,22267.81471088904,0.0,-0.4068080065617366
BTCUSDT,1658606400000,1,0.005,-1.4797384546575267,0.11059920432711645,1658715960000,stop,22267.81471088904,21971.867019957535,-0.036332616250685,-1.6266702752353281
BTCUSDT,1658793600000,-1,0.005,1.0909125240901631,0.10594461441994257,1658836800000,exit,21298.01413639753,21079.8316315795,0.0038469505265486194,0.9888148601967692
BTCUSDT,1658836800000,1,0.005,-1.7170524440643748,0.10454063193586531,1658851200000,exit,21079.8316315795,20736.421142766623,-0.008977954265000001,-1.83057103026524
BTCUSDT,1658851200000,-1,0.016,-8.091106708627311,0.3358282101168687,1658880000000,exit,20736.41604765969,21242.1102169489,0.015601423467677374,-8.411333495276503
BTCUSDT,1658880000000,1,0.005,-0.8891972744240775,0.10576592603877268,1658894400000,exit,21242.10493519694,21064.265480312126,0.0,-0.9949632004628501
BTCUSDT,1658894400000,-1,0.005,-2.2650538204913757,0.10645385431180632,1658937600000,exit,21064.265480312126,21517.2762444104,0.008600260912484708,-2.362907413890697
BTCUSDT,1658937600000,1,0.006,12.229811562390983,0.13521856715679695,1659258060000,stop,21517.276895933574,23555.57882299874,-0.1554680714715,11.939124923762687
BTCUSDT,1660046400000,-1,0.007,-2.0486844970316707,0.16382055233744736,1660134600000,stop,23256.601441275932,23549.2706551376,0.014951126648017003,-2.197553922721101
BTCUSDT,1660147200000,1,0.018000000000000002,-6.553811058931883,0.42844849197770507,1660303980000,stop,23984.74430595394,23620.643691568835,-0.14148654163307295,-7.123746092542661
BTCUSDT,1660363200000,1,0.016,-10.361897451721248,0.391425234863106,1660500180000,stop,24787.886474310413,24140.267883577835,-0.05457724827847231,-10.807899934862826
BTCUSDT,1660752000000,-1,0.006,11.311530020689075,0.134653191096498,1661112000000,exit,23384.82601780709,21499.57101435891,0.019586660018808686,11.196463489611384
BTCUSDT,1661529600000,-1,0.035,23.653942796107316,0.7150008489648743,1661780160000,stop,20766.50915322651,20090.682216194873,-0.3467176113823078,22.592224335760136
BTCUSDT,1662494400000,-1,0.023,-13.409674762845574,0.4393778771613456,1662583500000,stop,18811.871294779252,19394.900632294277,-0.040460894291,-13.889513534297919
BTCUSDT,1662753600000,1,0.018000000000000002,6.597173899555893,0.38635744670646743,1663072260000,stop,21281.047764260526,21647.557425346964,-0.3989919704249617,5.811824482424464
BTCUSDT,1663084800000,-1,0.004,3.1222610474250834,0.08172825988860893,1663488000000,exit,20822.34760308037,20041.782341224098,0.03770607730043416,3.0782388648369086
BTCUSDT,1663488000000,1,0.01,-2.3803885094057478,0.19922766105326054,1663516800000,exit,20041.78553079634,19803.746679855765,-0.0070579241199423,-2.586674094578951
BTCUSDT,1663516800000,-1,0.009000000000000001,6.205697432325237,0.17513087533964883,1663595100000,stop,19803.74711731238,19114.225180387355,-0.009177440222046779,6.021389116763541
BTCUSDT,1663804800000,-1,0.022,-23.2099680684151,0.41742245163708,1663888140000,stop,18446.248527403295,19501.247075967618,0.003548862401125518,-23.623841657651056
BTCUSDT,1664251200000,1,0.007,-1.471046615676718,0.13992334914907256,1664294400000,exit,20094.12463670156,19883.975120176314,-0.026007290036,-1.6369772548617905
BTCUSDT,1664294400000,-1,0.006,1.174203429286019,0.11871675220029382,1664400480000,stop,19883.975652489473,19688.275080941803,0.006332186792291347,1.0618188638780166
BTCUSDT,1664409600000,1,0.004,0.35318536570845754,0.07780967299191163,1664424000000,exit,19408.270077264347,19496.566418691462,0.0,0.27537569271654594
BTCUSDT,1664424000000,-1,0.004,-2.2696181143136345,0.07912107473192267,1664550000000,stop,19496.566418691462,20063.97094726987,0.026729192032547533,-2.3220099970130095
BTCUSDT,1664568000000,1,0.005,-0.3038654445387329,0.09718943666240418,1664596800000,exit,19468.27387693471,19407.500788026962,-0.0031039308300000006,-0.40415881203113707
BTCUSDT,1664596800000,-1,0.006,-0.31825056604167185,0.11660412666233913,1664807220000,stop,19407.50022988638,19460.541990893325,0.05169295406261082,-0.3831617386414002
BTCUSDT,1664913600000,1,0.008,-1.5134033503863902,0.1609597177697044,1664971200000,exit,20214.552430612202,20025.377011813904,-0.032441040000000004,-1.7068041081560945
BTCUSDT,1664971200000,-1,0.008,0.23959488949491062,0.16008321864976377,1664985600000,exit,20025.377011813904,19995.42765062704,0.015993920000000005,0.09550559084514686
BTCUSDT,1664985600000,1,0.008,-0.15729576541291318,0.15988477332230988,1665115200000,exit,19995.42765062704,19975.765679950426,-0.06426177205463202,-0.3814423107898551
BTCUSDT,1665115200000,-1,0.008,6.77829894281886,0.15641697596819398,1665679260000,stop,19975.765679950426,19128.47831209807,0.22131385927833208,6.843195826128998
BTCUSDT,1665720000000,1,0.024,-5.2599041089630045,0.4727360336617552,1665748800000,exit,19806.916071509862,19587.75340030307,-0.047122800000000006,-5.77976294262476
BTCUSDT,1665748800000,-1,0.007,1.5179815986333525,0.13635532482774976,1665950400000,exit,19587.7593752952,19370.904861204723,0.037146400901116816,1.4187726747067195
BTCUSDT,1665950400000,1,0.015,-2.8943280325133856,0.28911645690160737,1665979200000,exit,19370.908061190934,19177.952859023375,-0.0009558828244176181,-3.1844003722394105
BTCUSDT,1665979200000,-1,0.018000000000000002,-4.951186951311917,0.3476787278449812,1666005180000,stop,19177.951909406955,19453.017851146506,0.01680234325999812,-5.2820633358969
BTCUSDT,1666036800000,1,0.045,-9.411909653254789,0.8736844305622699,1666106460000,stop,19519.786341975494,19310.632794125388,-0.17638924054198502,-10.461983324359043
BTCUSDT,1666108800000,-1,0.012,1.9006218128019827,0.23140720632715556,1666499220000,stop,19363.12643612971,19204.74128506288,0.1609277065303266,1.8301423130051537
BTCUSDT,1666713600000,1,0.012,5.635292182152771,0.2397152068708821,1666910460000,stop,19741.463398317144,20211.07108016321,-0.03230522629420693,5.363271748987683
BTCUSDT,1667059200000,1,0.025,-11.483493665613151,0.5171121635963295,1667180580000,stop,20914.156417165443,20454.816670540917,-0.03794562971302627,-12.038551458922507
BTCUSDT,1667592000000,1,0.024,-3.4242509214377788,0.5046473155749833,1667776440000,stop,21098.310043154255,20955.63292142768,-0.2144010129022786,-4.1432992499150405
BTCUSDT,1667880000000,-1,0.01,-0.40514559076364093,0.20159485169345692,1667923740000,stop,20139.22788980751,20179.742448883873,0.016864767957826564,-0.5898756744992714
BTCUSDT,1669060800000,-1,0.055,-25.180658636704376,0.87668292513399,1669125060000,stop,15710.774469375232,16168.60462640622,-0.04731869120000001,-26.104660253038368
BTCUSDT,1669780800000,1,0.01,0.1904824151630237,0.1684685160188254,1669824000000,exit,16837.327481124386,16856.37572264069,-0.022849235546216394,-0.0008353364020180984
BTCUSDT,1669824000000,-1,0.012,-3.4530855549602713,0.20400304378206413,1669867200000,exit,16856.37508371533,17144.132213295354,0.0021183047574366387,-3.654970293984899
BTCUSDT,1669867200000,1,0.011,-0.9018519747211939,0.18813452483671417,1669881600000,exit,17144.131893097707,17062.145349941235,0.009386251875,-1.080600247682908
BTCUSDT,1669881600000,-1,0.011,0.9991714948394801,0.18718401310193383,1669910400000,exit,17062.145349941235,16971.3115776831,0.01866766,0.8306551417375463
BTCUSDT,1669910400000,1,0.011,-0.01257392433534187,0.18667814039234643,1669939200000,exit,16971.3115776831,16970.168493652614,-0.015313532662999996,-0.2145655973906883
BTCUSDT,1669939200000,-1,0.011,0.2517727802307709,0.18654596704006338,1669968000000,exit,16970.168493652614,16947.28005908618,0.005266311324999999,0.0704931245157075
BTCUSDT,1669968000000,1,0.011,0.8195921295614389,0.1868298767147287,1670254200000,stop,16947.28005908618,17021.788434500857,-0.051563701896223155,0.581198550950487
BTCUSDT,1670270400000,-1,0.015,-0.8511948474386554,0.25420711282890796,1670342400000,exit,16918.76769367924,16975.51401684182,0.02197756782482255,-1.0834243924427407
BTCUSDT,1670342400000,1,0.014,-3.041634483883769,0.2361363750608506,1670397180000,stop,16975.513735913748,16758.25412992205,-0.018857907553457925,-3.296628766498077
BTCUSDT,1670400000000,-1,0.014,-3.5289555693682195,0.23632355493103485,1670524140000,stop,16754.21979616791,17006.28805112278,0.004733939320997673,-3.7605451849782567
BTCUSDT,1670529600000,1,0.016,-1.6444780946674291,0.2750597029504593,1670644800000,exit,17242.62137486206,17139.841493945347,-0.018488625686216165,-1.9380264233041047
BTCUSDT,1670644800000,-1,0.019,-1.1549547200868073,0.3262344509445275,1670688000000,exit,17139.84071497285,17200.627805503733,0.003353945896278243,-1.4778352251350566
BTCUSDT,1670688000000,1,0.019,-1.5350200288397173,0.3260444182901511,1670716800000,exit,17200.627805503733,17119.837277670063,-0.0030218512,-1.8640862983298685
BTCUSDT,1670716800000,-1,0.021,-0.5866873807996453,0.35980991634415416,1670731200000,exit,17119.83679303592,17147.774287359713,0.0,-0.9464972971437995
BTCUSDT,1670731200000,1,0.026000000000000002,-1.8412576831031695,0.44492153179300026,1670803200000,exit,17147.775409021222,17076.957805824946,-0.017670310883067482,-2.3038495257792375
BTCUSDT,1670803200000,-1,0.034,2.6080102224798685,0.5793125065697269,1670860800000,exit,17076.956225910784,17000.25004289667,0.005520367878637611,2.034218083788779
BTCUSDT,1670860800000,1,0.028,18.585864466449465,0.48529990105143117,1671050040000,stop,17000.248886364516,17664.029760166282,-0.22381651423171545,17.87674805116632
BTCUSDT,1671192000000,-1,0.01,3.2356937434746214,0.16856530911592194,1671504120000,stop,17018.315598765923,16694.74622441846,0.08349620051392134,3.150624634872621
BTCUSDT,1672099200000,1,0.035,-5.000395642290332,0.5894621753273018,1672151460000,stop,16913.210661384197,16770.342214461616,-0.006503014354614422,-5.596360831972249
BTCUSDT,1672171200000,-1,0.024,1.688437385089259,0.3994989407892789,1672617600000,exit,16680.964978409313,16610.61342069726,0.48120650753032546,1.7701449518303054
BTCUSDT,1672804800000,1,0.024,-0.9066737018283165,0.4041057573592006,1672891200000,exit,16856.62892542145,16818.850854511937,-0.05554582809298403,-1.366325287280501
BTCUSDT,1672891200000,-1,0.023,-0.4198412791493611,0.38704349529856097,1672934400000,exit,16818.85107212984,16837.10504078851,0.045287326897008255,-0.7615974475509139
BTCUSDT,1672934400000,1,0.024,-3.805782427390048,0.4021876349963057,1673011800000,stop,16837.10525875003,16678.530990942112,-0.0491123156988723,-4.257082378085226
BTCUSDT,1673035200000,1,0.074,275.1079265094439,1.3906157269903074,1674058860000,stop,16933.267077507913,20650.941760067966,-4.6493280191657345,269.0679827632879
BTCUSDT,1674244800000,1,0.038,36.86400225590036,0.835236060135936,1674417960000,stop,21494.843658104888,22464.948980628582,-0.519698447121234,35.50906774864319
BTCUSDT,1674993600000,1,0.046,-2.00987438494878,1.0768608764118746,1675069500000,stop,23431.86551313802,23388.172591726085,-0.32620566563930803,-3.4129409269999624
BTCUSDT,1675987200000,-1,0.007,-1.4499508049323921,0.15327308782288152,1676212800000,stop,21792.587488630757,21999.723317906813,0.08196822601415472,-1.5212556667411188
BTCUSDT,1676289600000,-1,0.013000000000000001,-4.473721222351469,0.2829759329695248,1676386200000,stop,21595.31325833454,21939.445660053883,0.08460296,-4.6720941953209945
BTCUSDT,1676404800000,1,0.008,15.818758977364546,0.1854904174088015,1676586660000,stop,22197.629740014905,24174.974612185473,-0.11109734291599135,15.522171217039752
BTCUSDT,1677571200000,-1,0.008,-1.2744724332977202,0.1864193762658512,1677585600000,exit,23222.76750615029,23382.076560312504,0.0,-1.4608918095635715
BTCUSDT,1677585600000,1,0.008,-2.3683284005650203,0.18587244828221755,1677806460000,stop,23382.076560312504,23086.035510241876,-0.1164685431771753,-2.670669392024413
BTCUSDT,1677816000000,-1,0.006,-1.525831969264742,0.13459560790303066,1678117920000,stop,22305.448653066378,22559.75398127717,0.0237131676248424,-1.6367144095429302
BTCUSDT,1678219200000,-1,0.037,57.85929034837931,0.78941835872095,1678498860000,stop,22117.513618787558,20553.749014777306,0.3197369055641763,57.38960889522254
BTCUSDT,1678694400000,1,0.005,-1.806010476074007,0.11136034067502307,1678708800000,exit,22452.66918261201,22091.46708739721,0.0,-1.91737081674903
BTCUSDT,1678708800000,-1,0.005,-4.931923038812384,0.11292329695639225,1678716540000,stop,22091.46708739721,23077.851695159687,0.0,-5.044846335768776
BTCUSDT,1678723200000,1,0.011,1.6065981206609103,0.2649643899822456,1678828020000,stop,24014.64462926501,24160.699003870548,-0.15156371196203577,1.190070018716629
BTCUSDT,1679040000000,1,0.02,30.146017769086175,0.5360526296223087,1679511900000,stop,26048.981036888283,27556.28192534259,-0.6275468470893959,28.982418292374472
BTCUSDT,1680163200000,1,0.025,-24.496279165992384,0.7054462349298767,1680198900000,stop,28707.774980514914,27727.923813875223,-0.007941670925588083,-25.20966707184785
BTCUSDT,1680984000000,-1,0.012,-0.2012222865518852,0.33500372433380765,1680998400000,exit,27908.592765877638,27925.361289756962,0.0031834867192050602,-0.5330425241664878
BTCUSDT,1680998400000,1,0.013000000000000001,-0.4914220802967721,0.3627839940264691,1681027200000,exit,27925.36192820134,27887.56022971697,0.0032774212640000007,-0.8509286530592411
BTCUSDT,1681027200000,-1,0.014,0.18713410322177515,0.3903322675808142,1681056000000,exit,27887.55961660179,27874.19289494309,-0.0033290303539334513,-0.20652719471297248
BTCUSDT,1681056000000,1,0.015,33.04011009777548,0.4346329573397983,1681490220000,stop,27874.193486060703,30076.86749257907,-0.4906952906692285,32.11478184976645
BTCUSDT,1682020800000,-1,0.005,0.783214324035198,0.1400537839254076,1682298120000,stop,28089.07821748504,27932.435352678,0.07967248713096696,0.7228330272407574
BTCUSDT,1682409600000,-1,0.006,-4.463072173529043,0.16574045580997684,1682455140000,stop,27251.486620535386,27995.331982790227,0.014007248126153381,-4.614805381212866
BTCUSDT,1682467200000,1,0.018000000000000002,10.44355967263262,0.5143984094430842,1682537520000,stop,28287.590533709325,28867.788293300026,-0.06226387719130226,9.866897385998234
BTCUSDT,1682956800000,-1,0.006,1.92232040876057,0.1679784130114499,1682971200000,exit,28156.595535971697,27836.20880117827,0.0,1.7543419957491202
BTCUSDT,1682971200000,1,0.006,4.096152370933764,0.1690653289925365,1683043200000,exit,27836.20880117827,28518.900863000563,-0.014013613014,3.9130734289272273
BTCUSDT,1683043200000,-1,0.005,-0.795182131832371,0.14299210035244317,1683057600000,exit,28518.901857305395,28677.93828367187,0.0,-0.9381742321848141
BTCUSDT,1683057600000,1,0.004,0.5078352021699976,0.11496566630050306,1683381960000,stop,28677.937174854516,28804.895975397016,-0.10008948675718009,0.29278004911231437
BTCUSDT,1683504000000,-1,0.006,2.322599111975025,0.1693473783927579,1683721920000,stop,28418.112991457565,28031.013139461727,0.041783690235658894,2.1950354238179264
BTCUSDT,1683820800000,-1,0.016,4.271246778639732,0.43250504174273213,1684071900000,stop,27165.04157075325,26898.088647088265,0.10665437476619537,3.945396111663195
BTCUSDT,1684756800000,1,0.013000000000000001,0.46953126346036883,0.3488989963182457,1684785600000,exit,26820.32543742427,26856.443226921223,-0.01666021404454653,0.10397205309757658
BTCUSDT,1684785600000,-1,0.011,-4.6713655437951385,0.2977565717980999,1684812000000,stop,26856.444456927482,27281.11405181795,0.029524329999999998,-4.9395977855932385
BTCUSDT,1684857600000,1,0.009000000000000001,-4.410845776967225,0.24359593055426837,1684899120000,stop,27311.261493639104,26821.167518420523,-0.024488910000000006,-4.678930617521493
BTCUSDT,1684900800000,-1,0.027,2.0390454656411783,0.7217240625176271,1685110860000,stop,26768.28093520177,26692.760732770614,0.36851333337720854,1.6858347365007598
BTCUSDT,1685304000000,1,0.029,0.0006702656673369347,0.7980627744952118,1685380020000,stop,27519.39446077166,27519.417573380877,-0.24236694902148903,-1.0397594578493639
BTCUSDT,1685664000000,-1,0.007,-2.996466754657824,0.18912965622392747,1685736000000,exit,26804.48897808551,27232.55565732234,0.03639593004806205,-3.1492004808336898
BTCUSDT,1685736000000,1,0.007,-1.2925988431321311,0.18998159017969032,1685851200000,exit,27232.55565732234,27047.898679732036,-0.052980237563110814,-1.5355606708749323
BTCUSDT,1685851200000,-1,0.01,-3.7335691061102625,0.27234574912566256,1685916960000,stop,27047.896457260736,27421.253367871763,0.054314268707410004,-3.9516005865285155
BTCUSDT,1685937600000,-1,0.012,7.719866580999239,0.31815739256498954,1686067800000,stop,26834.777154624095,26191.45493954082,0.037156434002852824,7.438865622437102
BTCUSDT,1686096000000,1,0.005,-1.6360893141611632,0.13529647787894697,1686110400000,exit,27222.90450720551,26895.68664437328,0.0,-1.7713857920401102
BTCUSDT,1686110400000,-1,0.026000000000000002,18.296964282110654,0.6901390530171022,1686514260000,stop,26895.674429159903,26191.945033694108,0.506604576087139,18.11342980518069
BTCUSDT,1686787200000,-1,0.039,-17.365059111993595,0.9881751370761246,1686862740000,stop,25115.19506461866,25560.452990567213,0.125384082954,-18.22785016611572
BTCUSDT,1687276800000,1,0.008,25.486748566019262,0.22918835888623248,1687622580000,stop,27055.623075402855,30241.466646155262,-0.2596800034847719,24.997880203648258
BTCUSDT,1688414400000,1,0.048,-25.00423584698414,1.4877654979843418,1688498040000,stop,31255.5753314132,30734.6537512677,-0.446462810936448,-26.93846415590493
BTCUSDT,1688731200000,-1,0.006,-1.6400458597477992,0.1814385774983132,1688745600000,exit,30103.092428073214,30376.433404697847,-0.0011992561932675071,-1.8226836934393797
BTCUSDT,1688745600000,1,0.005,-0.24455984824700863,0.15175988163515322,1688774400000,exit,30376.43231185534,30327.52034220594,-0.005697663807795128,-0.402017393689957
BTCUSDT,1688774400000,-1,0.006,0.40229043129234926,0.18176397029590885,1688788800000,exit,30327.519251925838,30260.470846710446,0.0,0.2205264609964404
BTCUSDT,1688788800000,1,0.006,-1.705862087200985,0.1807098940366622,1688947800000,stop,30260.470846710446,29976.160498843616,-0.037817378545064166,-1.9243893597827115
BTCUSDT,1689019200000,1,0.056,-24.9252445536016,1.7137874814939185,1689026220000,stop,30825.894710191413,30380.801057448527,0.0,-26.639032035095518
BTCUSDT,1689264000000,1,0.008,-0.5655910588827974,0.24706366995230225,1689355140000,stop,30918.308185217957,30847.609302857607,-0.075018262955064,-0.8876729917901636
BTCUSDT,1689364800000,-1,0.005,-0.9817911603307584,0.15097894275883994,1689379200000,exit,30097.60943573491,30293.967667801062,-0.01107726937593143,-1.1438473724655298
BTCUSDT,1689379200000,1,0.005,-0.020188356446960824,0.15145974416078184,1689436800000,exit,30293.967667801062,30289.92999651167,-0.00907781568210732,-0.18072591628985
BTCUSDT,1689436800000,-1,0.005,0.2490923850960644,0.15132510379001032,1689537600000,exit,30289.92999651167,30240.111519492457,0.02173200038894353,0.11949928169499761
BTCUSDT,1689537600000,1,0.009000000000000001,-2.1916265552257395,0.2710652253677689,1689589500000,stop,30240.115405042416,29996.601343350667,-0.024674284224000007,-2.4873660648175084
BTCUSDT,1689609600000,-1,0.013000000000000001,-0.44064912330116207,0.3923327882849508,1689840000000,exit,30162.497209484627,30196.393295892405,0.20838732546349562,-0.6245945861226172
BTCUSDT,1689840000000,1,0.009000000000000001,-4.324983083407173,0.269605020461935,1689864540000,stop,30196.39022262651,29715.83654669238,0.0,-4.594588103869108
BTCUSDT,1689868800000,-1,0.007,-0.6307191841908789,0.20885689725213863,1690113600000,exit,29791.648237149024,29881.75097774772,0.049322198611999886,-0.7902538828310176
BTCUSDT,1690113600000,1,0.016,0.06288558111723978,0.47813956669145463,1690128000000,exit,29881.757743806,29885.688092625827,-0.04481465472,-0.46006864029421485
BTCUSDT,1690128000000,-1,0.017,-4.832971309840152,0.5104731727712843,1690135200000,stop,29885.687477433195,30169.979907423793,0.0,-5.343444482611437
BTCUSDT,1690142400000,1,0.014,-4.702173001146534,0.4188298282593258,1690166100000,stop,30084.351054278504,29748.481554196613,-0.042101918405134005,-5.163104747810993
BTCUSDT,1690171200000,-1,0.013000000000000001,2.7405195579776778,0.38479375974271646,1690402740000,stop,29704.924578592712,29494.1153818252,0.24173578691168418,2.5974615851466454
BTCUSDT,1690646400000,1,0.015,-2.7011735405571744,0.4379246832574051,1690746660000,stop,29285.01800184558,29104.939765808434,-0.07946868950054067,-3.21856691331512
BTCUSDT,1690747200000,-1,0.018000000000000002,-1.543313637787018,0.5261194869514672,1690761600000,exit,29185.990562920757,29271.73020946448,0.012481825104,-2.0569512996344854
BTCUSDT,1690761600000,1,0.019,-0.78119293915249,0.5557722882099565,1690819200000,exit,29271.73077260699,29230.615354756854,-0.08684028078318756,-1.423805508145634
BTCUSDT,1690819200000,-1,0.053,1.0413346508117756,1.5487011980578824,1690916100000,stop,29230.60123364695,29210.95341004673,0.3547230631973656,-0.15264348404874128
BTCUSDT,1691496000000,1,0.013000000000000001,-0.28903121121653025,0.3824312105328367,1691610900000,stop,29428.902010649606,29406.668840556027,-0.12543661535470887,-0.7968990371040758
BTCUSDT,1691798400000,-1,0.014,-0.15336442258501484,0.41188950906836186,1691856000000,exit,29415.201918362098,29426.156519975313,0.07950762313971156,-0.4857463085136651
BTCUSDT,1691856000000,1,0.019,-3.048644304479512,0.5575727089857065,1691966460000,stop,29426.15953357612,29265.704570182465,-0.137579778433306,-3.7437967918985247
BTCUSDT,1692028800000,1,0.021,-4.891158751473413,0.6190273230115693,1692036360000,stop,29593.94773272885,29361.035411230117,0.0,-5.510186074484983
BTCUSDT,1692129600000,-1,0.013000000000000001,37.792144959901194,0.360328293787723,1692653580000,stop,29171.10509751335,26264.017023674798,0.21835425825522517,37.650170924368695
BTCUSDT,1692734400000,-1,0.061,-24.926220518281674,1.5842125355669285,1692749700000,stop,25766.384021439142,26175.010587312612,0.011740555076000001,-26.498692498772602
BTCUSDT,1693324800000,1,0.009000000000000001,-2.217516085675325,0.24561418478959227,1693402680000,stop,27413.660314714434,27167.269638528287,-0.02628386147523171,-2.489414131940149
BTCUSDT,1693526400000,-1,0.018000000000000002,-2.5969336223817523,0.4679934673334891,1693540800000,exit,25927.500029016566,26071.774119148886,0.0,-3.0649270897152414
BTCUSDT,1693540800000,1,0.006,-0.580998591502932,0.1561401016116542,1693555200000,exit,26071.76681790094,25974.93371931712,-0.00930136736524703,-0.7464400604798332
BTCUSDT,1693555200000,-1,0.035,-2.5164201119259997,0.9103803989339379,1693744560000,stop,25974.91968222785,26046.81739971145,0.14672955293081094,-3.2800709579291265
BTCUSDT,1694016000000,-1,0.07,-24.86549830794673,1.802716414935855,1694022900000,stop,25575.480939741163,25930.7023441404,0.0,-26.668214722882585
BTCUSDT,1694131200000,1,0.011,-4.695183655673823,0.28631027578484214,1694167500000,stop,26241.624328425372,25814.789450636843,-0.0014781972229347838,-4.9829721286816
BTCUSDT,1694174400000,-1,0.047,-8.427414758860305,1.218143610949737,1694385120000,stop,25828.295820644824,26007.602517641855,0.001351061510647178,-9.644207308299395
BTCUSDT,1694404800000,-1,0.094,25.461374504170852,2.4056062365902076,1694488560000,stop,25726.988551513754,25456.122865299167,0.1521383935163021,23.20790666109695
BTCUSDT,1694520000000,1,0.007,-0.26072221764865755,0.18248705327558962,1694548800000,exit,26088.202054916277,26050.956023823615,0.00642070688,-0.43678856404424715
BTCUSDT,1694548800000,-1,0.006,-1.0758052176561177,0.15684364354120534,1694620800000,exit,26050.956822062883,26230.257691672236,0.010461962287943341,-1.2221868989093796
BTCUSDT,1694620800000,1,0.005,0.7005964185806078,0.13150158228315223,1694997060000,stop,26230.256814772387,26370.37609848851,0.004635035321607376,0.573729871619063
BTCUSDT,1695024000000,1,0.016,8.88794326997816,0.4316832223319348,1695052800000,exit,26702.453168559106,27257.94962293274,0.029544177792,8.485804225438224
BTCUSDT,1695052800000,-1,0.013000000000000001,0.619614758401458,0.3540435600406485,1695115500000,stop,27257.9513399884,27210.288666265213,0.0017040760426708665,0.2672752744034803
BTCUSDT,1695139200000,1,0.008,-1.7590708061903133,0.2184430659679466,1695168000000,exit,27415.32517138022,27195.44132060643,0.005687206608,-1.9718266655502599
BTCUSDT,1695168000000,-1,0.007,0.1820735354088174,0.19027705802366576,1695225600000,exit,27195.44211305288,27169.431607994477,-0.009046859185,-0.017250381799848356
BTCUSDT,1695225600000,1,0.007,-4.506479358553734,0.18793278157668447,1695302340000,stop,27169.431607994477,26525.6488424868,-0.008071232399669772,-4.702483372530088
BTCUSDT,1695441600000,-1,0.012,-1.978405142693533,0.3192126745517891,1695578100000,stop,26518.62266503686,26683.48976026132,0.02543696088789786,-2.272180856357424
BTCUSDT,1695816000000,1,0.035,-14.685113148443508,0.9291545355038662,1695824700000,stop,26757.059773659654,26337.485112275554,0.0,-15.614267683947373
BTCUSDT,1695830400000,-1,0.009000000000000001,-4.058447581242526,0.23866017527210232,1695912060000,stop,26292.32794238678,26743.266562524837,-0.002163979251,-4.299271735765628
BTCUSDT,1695916800000,1,0.008,6.099345845950971,0.219159415465075,1696271940000,stop,27013.71781776244,27776.136048506312,-0.0014888289406917712,5.878697601545205
BTCUSDT,1696996800000,-1,0.03,-5.579094144030423,0.812778761515397,1697025600000,exit,26999.640481446062,27185.610286247076,0.06750498719999999,-6.3243679183458195
BTCUSDT,1697025600000,1,0.009000000000000001,-3.7612548871828264,0.24278976847508082,1697040000000,exit,27185.599546519134,26767.682336832153,-0.015224423571,-4.019269079228907
BTCUSDT,1697040000000,-1,0.008,-2.712674807236443,0.21549780191295015,1697230920000,stop,26767.68306366649,27106.767414571044,0.057039945882887785,-2.8711326632665055
BTCUSDT,1697428800000,1,0.016,105.55136936802639,0.4883251646692514,1698426360000,stop,27221.842499077386,33818.803084579034,-0.7726192507531277,104.29042495260401
BTCUSDT,1698883200000,1,0.026000000000000002,-21.272670718380326,0.9107727933287134,1698932640000,stop,35438.81264184244,34620.632998827816,-0.09173321909999001,-22.27517673080903
BTCUSDT,1699473600000,1,0.031,6.892813542705335,1.1080609962986645,1699547760000,stop,35632.72869442942,35855.077518387654,-0.4543120376663815,5.330440508740288
BTCUSDT,1699646400000,1,0.016,-8.677790416071192,0.5917418691176983,1699878000000,stop,37255.04777035837,36712.68586935392,-0.8953966282153243,-10.164928913404214
BTCUSDT,1700078400000,1,0.018000000000000002,-18.158815797118226,0.6664717453428435,1700144760000,stop,37530.61962452236,36521.79652468246,-0.170680017545136,-18.995967560006207
BTCUSDT,1700841600000,1,0.025,-16.000196887428682,0.9475214706477331,1701001440000,stop,38220.8627636579,37580.85488816075,-0.471849363561625,-17.41956772163804
BTCUSDT,1701417600000,1,0.031,162.09414419135794,1.266366899896929,1702256880000,stop,38236.12347745968,43464.96683847123,-4.989561575250782,155.83821571621024
BTCUSDT,1703606400000,-1,0.005,-0.591034500279784,0.21240266427217758,1703635200000,exit,42421.429404407536,42539.63630446349,0.05874793352999999,-0.7446892310219616
BTCUSDT,1703635200000,1,0.004,-0.7824101511850604,0.16976733212906892,1703780820000,stop,42539.63430116536,42344.031763369094,-0.2932075181353173,-1.2453850014494465
BTCUSDT,1703808000000,-1,0.004,0.11976325319276657,0.17033476088837451,1704009600000,exit,42598.66062874272,42568.71981544453,0.46297003659392955,0.4123985288983216
BTCUSDT,1704009600000,1,0.004,7.0786269856297,0.17381419275459298,1704281040000,stop,42568.71981544453,44338.376561851954,-0.5708324898927252,6.333980302982383
BTCUSDT,1704744000000,1,0.016,-24.09124774733023,0.7401271748450672,1704804960000,stop,47010.79991992077,45505.09693571263,-0.150098114355744,-24.98147303653104
BTCUSDT,1704974400000,1,0.01,-24.27334318486726,0.45857290034786236,1705073880000,stop,47070.957194029594,44643.62287554287,-0.13913924494815,-24.871055330163276
BTCUSDT,1705132800000,-1,0.002,-0.1226057105029613,0.0862625350994659,1705161600000,exit,43100.6161221072,43161.918977358684,0.008632660000000002,-0.20023558560242719
BTCUSDT,1705161600000,1,0.002,-0.6338182296223677,0.08600692883990618,1705190400000,exit,43161.918977358684,42845.0098625475,-0.008569396199968,-0.7283945546622419
BTCUSDT,1705190400000,-1,0.002,-0.33791910829317934,0.08585897927924159,1705219200000,exit,42845.0098625475,43013.96941669409,0.008602289170212002,-0.4151757984022089
BTCUSDT,1705219200000,1,0.002,-0.3570691268465307,0.08584940426996492,1705233600000,exit,43013.96941669409,42835.434853270825,0.0,-0.4429185311164956
BTCUSDT,1705233600000,-1,0.002,0.08903865529166069,0.08562635037889582,1705326480000,stop,42835.434853270825,42790.915525624994,0.025473669590698002,0.02888597450346287
BTCUSDT,1705608000000,-1,0.012,-12.973165441103687,0.49861944057506036,1705695060000,stop,41011.071487875706,42092.16860796768,0.14819158288278,-13.323593298795966
BTCUSDT,1705924800000,-1,0.024,16.73957285557827,0.9710084517674773,1706057400000,stop,40807.42659146943,40109.94438915367,0.47810648138870404,16.246670885199496
BTCUSDT,1706313600000,1,0.004,1.1760783774552983,0.16781733834487342,1706400000000,exit,41807.324789036444,42101.34438340027,-0.0473972568,0.960863782310425
BTCUSDT,1706400000000,-1,0.005,1.645796397116683,0.20968381385569385,1706472000000,exit,42101.34241085043,41772.1831314271,0.031132138875000003,1.4672447221359892
BTCUSDT,1706472000000,1,0.005,3.454340103260329,0.21058808570876564,1706698200000,stop,41772.1831314271,42463.05115207916,-0.1410614080513451,3.1026906095002182
BTCUSDT,1707148800000,-1,0.006,-0.39876516886608443,0.25596341707585346,1707177600000,exit,42627.3390819034,42693.799943381084,0.02561694,-0.6291116459419378
BTCUSDT,1707177600000,1,0.005,29.327133206550716,0.22813255721526543,1707834120000,stop,42693.79812239801,48559.22476370815,-0.43896886037694116,28.66003178895851
BTCUSDT,1707912000000,1,0.013000000000000001,-7.42984950113373,0.6671408133741745,1708180320000,stop,51604.28754805702,51032.76066335443,-0.6222203258087831,-8.719210640316687
BTCUSDT,1708329600000,1,0.022,-23.568730883512558,1.1415789462177195,1708392240000,stop,52425.60507543072,51354.29912618014,-0.272164716318,-24.982474546048277
BTCUSDT,1708963200000,1,0.026000000000000002,219.96790696335376,1.4847836105461774,1709451180000,stop,52876.90988709617,61337.21400107131,-12.508951476960673,205.9741718758469
BTCUSDT,1709510400000,1,0.018000000000000002,51.91180871331263,1.1632066722968708,1709614980000,stop,63180.5982189008,66064.58759186261,-1.9038561900545312,48.844745850961225
BTCUSDT,1709928000000,1,0.008,-8.851954598348005,0.5469851465897766,1710118260000,stop,68926.39048611883,67819.89616132533,-1.439501790331757,-10.838441535269538
BTCUSDT,1710144000000,1,0.013000000000000001,-17.187425012658075,0.9174528576384644,1710263160000,stop,71234.35154959948,69912.24193324117,-1.9113707587341409,-20.01624862903068
BTCUSDT,1710316800000,1,0.007,-15.228676979201875,0.5031624548156028,1710430260000,stop,72968.11332931482,70792.58804657169,-0.554602187906828,-16.286441621924308
BTCUSDT,1710892800000,-1,0.001,0.06373043510066782,0.061935427653658434,1710907200000,exit,61967.29287120877,61903.5624361081,0.0,0.001795007447009389
BTCUSDT,1710907200000,1,0.001,2.4241154994683747,0.0631156201858423,1711108200000,stop,61903.5624361081,64327.677935576474,-0.06822436029397622,2.292775518988556
BTCUSDT,1711382400000,1,0.01,-13.997174535969389,0.6914991998687396,1711555980000,stop,69849.77871367244,68450.0612600755,-1.1794529144496377,-15.868126650287767
BTCUSDT,1711641600000,1,0.009000000000000001,-19.85889580776611,0.6321209013862505,1711726800000,stop,71338.92769890372,69132.38372026304,-0.2763799909411816,-20.767396700093542
BTCUSDT,1711929600000,1,0.013000000000000001,-14.886362489573571,0.9203065974233539,1711950000000,stop,71365.36758985696,70220.26278296669,0.0,-15.806669086996925
BTCUSDT,1712073600000,-1,0.001,-1.0285779265766104,0.06543616748527536,1712088000000,exit,64921.878521987055,65950.45644856367,0.0,-1.0940140940618859
BTCUSDT,1712088000000,1,0.001,-0.15469314113672591,0.0658731098779953,1712174400000,exit,65950.45644856367,65795.76330742694,-0.019753992665762,-0.24032024368048321
BTCUSDT,1712174400000,-1,0.001,-2.1698385706204864,0.06688068259273719,1712247720000,stop,65795.76330742694,67965.60187804743,0.019969211815603002,-2.2167500413976207
BTCUSDT,1712347200000,1,0.001,0.8548211034133565,0.06783015347461158,1712433600000,exit,67402.74292290489,68257.56402631824,-0.020390223193762002,0.7666007267449828
BTCUSDT,1712433600000,-1,0.002,-1.296982409750577,0.13716360496752822,1712448000000,exit,68257.55688132647,68906.04808620176,0.01377835829929,-1.4203676564188152
BTCUSDT,1712448000000,1,0.002,3.341549294652155,0.1394828708197296,1712647500000,stop,68906.04808620176,70576.82273352784,-0.13633098361173782,3.0657354402206876
BTCUSDT,1713038400000,-1,0.005,6.333253171499055,0.3206626008551348,1713449700000,stop,64765.84548817686,63499.19485387705,0.3180031519104645,6.330593722554385
BTCUSDT,1713787200000,1,0.002,0.4383207222687779,0.13193575009046088,1713859200000,exit,65858.29486466323,66077.45522579762,-0.00645886574056,0.299926106437757
BTCUSDT,1713859200000,-1,0.002,-0.6379808237982215,0.13247390086349436,1713888000000,exit,66077.45522579762,66396.44563769673,-0.0014376695039999999,-0.771892394165716
BTCUSDT,1713888000000,1,0.002,-2.537669728460023,0.13152405641116344,1713969180000,stop,66396.44563769673,65127.61077346671,-0.008937631010229157,-2.678131415881416
BTCUSDT,1713988800000,-1,0.008,3.968583355798037,0.5096727913103622,1714305600000,exit,63957.13537353265,63461.062454057894,0.20069398779156933,3.659604552279244
BTCUSDT,1714305600000,1,0.003,0.1372781980867294,0.19045177560378176,1714320000000,exit,63461.045501579465,63506.80490094171,-0.005300427756,-0.058474005273052375
BTCUSDT,1714320000000,-1,0.003,3.7299355754582795,0.188655446915096,1714363200000,exit,63506.80490094171,62263.49304245561,0.004678635744000001,3.5459587642871835
BTCUSDT,1714363200000,1,0.003,0.28689268439633453,0.186933925469565,1714377600000,exit,62263.49304245561,62359.123937254386,-0.010372901861351383,0.08958585706541815
BTCUSDT,1714377600000,-1,0.01,-11.810307766644474,0.6294961778191387,1714429800000,stop,62359.10239358164,63540.13317024609,0.04302314182192065,-12.396780802641691
BTCUSDT,1714478400000,-1,0.007,9.571991688481576,0.423462903180425,1714702380000,stop,61178.41414638083,59810.98676231203,0.2054642399376374,9.353993025238788
BTCUSDT,1714910400000,1,0.002,-2.1943641054412,0.12658268208873508,1715022900000,stop,63839.93207072783,62742.75001800723,-0.014308981200473036,-2.3352557687304083
BTCUSDT,1715040000000,-1,0.002,-0.13385781941062305,0.1263486335760114,1715054400000,exit,63140.85233315304,63207.78124285835,0.0,-0.2602064529866345
BTCUSDT,1715054400000,1,0.002,-1.9707618563427969,0.12543018155754532,1715169600000,exit,63207.78124285835,62222.40031468695,-0.026517323482993696,-2.122709361383336
BTCUSDT,1715169600000,-1,0.002,-1.3749034309992858,0.12513225234487355,1715294280000,stop,62222.40031468695,62909.852030186594,0.03154938904254934,-1.46848629430161
BTCUSDT,1715356800000,-1,0.002,-1.8495101221917285,0.12270219880184838,1715586720000,stop,60888.72187037625,61813.47693147211,0.05276973661321075,-1.9194425843803662
BTCUSDT,1715587200000,1,0.003,0.48514140699421116,0.18714450936204816,1715659200000,exit,62300.64621951702,62462.36002184842,-0.035911454511,0.262085443121163
BTCUSDT,1715659200000,-1,0.003,-2.404311653856086,0.18858923589247334,1715776200000,stop,62462.36002184842,63263.79723980045,0.04448540268197819,-2.548415487066581
BTCUSDT,1715788800000,1,0.008,10.912619255410217,0.5229759025234381,1716145860000,stop,64689.94911196661,66054.02651889289,-0.19744690291122705,10.192196449975551
BTCUSDT,1716220800000,1,0.011,23.982752912001654,0.7532260089217324,1716315780000,stop,67384.96658779378,69565.2168525212,-0.2375117895740555,22.992015113505865
BTCUSDT,1717099200000,-1,0.002,1.9149163236314781,0.1364451542900566,1717315200000,exit,68701.30622593618,67743.84806412044,0.11820203165002592,1.8966732009914473
BTCUSDT,1717315200000,1,0.004,2.1505087825677474,0.2720506866081504,1717329600000,exit,67743.85805421663,68281.48524985857,0.0,1.878458095959597
BTCUSDT,1717329600000,-1,0.004,0.3602917026989162,0.2729457951480848,1717344000000,exit,68281.48524985857,68191.41232418384,0.02727596,0.11462186755083138
BTCUSDT,1717344000000,1,0.004,-1.5459856307240551,0.27199265648137333,1717372800000,exit,68191.41232418384,67804.91591650282,-0.027122359999999998,-1.8451006472054283
BTCUSDT,1717372800000,-1,0.005,-4.955821138342217,0.3415024699939364,1717380960000,stop,67804.91188495306,68796.07611262151,0.0,-5.2973236083361535
BTCUSDT,1717387200000,1,0.015,25.37409776356384,1.0392534576613728,1717704120000,stop,68437.76058530607,70129.36710287699,-1.3509562984839523,22.983888007418514
BTCUSDT,1717761600000,1,0.019,-24.716596583420948,1.350933470340736,1717781040000,stop,71752.19834907613,70451.32484468556,-0.13742907099999999,-26.204959124761682
BTCUSDT,1718092800000,-1,0.004,-0.335640330487804,0.2704849744284949,1718186040000,stop,67579.28856581275,67663.1986484347,0.08041227751205601,-0.5257130274042429
BTCUSDT,1718208000000,1,0.007,-13.683560331608213,0.4813420468949579,1718221620000,stop,69740.546722966,67785.75238987911,0.0,-14.164902378503172
BTCUSDT,1718251200000,-1,0.002,-0.5171945323960973,0.13519413425813342,1718265600000,exit,67467.76849596768,67726.36576216573,0.013543920709220001,-0.6388447459450107
BTCUSDT,1718265600000,1,0.002,-2.5317424819158916,0.1341868602833735,1718294400000,exit,67726.36576216573,66460.49452120779,-0.013293553450414,-2.679222895649679
BTCUSDT,1718294400000,-1,0.006,-1.0613679105771008,0.39929354813312956,1718534460000,stop,66460.4773629735,66637.37201473635,0.31858132338768597,-1.1420801353225443
BTCUSDT,1718640000000,-1,0.015,-14.180108512175357,0.987169520243662,1718645700000,stop,65338.631065838286,66283.97163331664,0.0,-15.167278032419018
BTCUSDT,1718712000000,-1,0.009000000000000001,-5.774815546981278,0.5909194517910965,1718867880000,stop,65336.893779733975,65978.53995162078,0.1814201346127082,-6.184314864159667
BTCUSDT,1718956800000,-1,0.01,35.04648566194665,0.6242513921410318,1719282720000,stop,64177.46349720051,60672.81493100585,0.5410198993805003,34.963254169186115
BTCUSDT,1720065600000,-1,0.012,23.32540470996374,0.6974209527938122,1720273740000,stop,59090.30459573284,57146.52086990253,0.37523381334798833,23.003217570517915
BTCUSDT,1720987200000,1,0.003,8.43662438101547,0.1838795124250594,1721115960000,stop,59887.066744850556,62699.27487185571,-0.003605631563917763,8.249139237026492
BTCUSDT,1721145600000,1,0.006,-8.850544336739928,0.38460329807980187,1721318040000,stop,64838.09504136197,63363.004318571984,-0.010575565870555742,-9.245723200690284
BTCUSDT,1721404800000,1,0.007,5.867978905764321,0.4635026320799033,1721660220000,stop,65795.52037528873,66633.8030761122,-0.06218897334815675,5.342287300336261
BTCUSDT,1721678400000,1,0.013000000000000001,-24.03689122113881,0.8745383732438881,1721712240000,stop,68196.6783734198,66347.6867410245,-0.04132530611181896,-24.952754900494515
BTCUSDT,1721894400000,-1,0.002,-1.3275578395483172,0.12889013219012524,1721923200000,exit,64113.17663517555,64776.95555494971,0.01295264,-1.4434953317384425
BTCUSDT,1721923200000,1,0.002,4.406462697813914,0.13175714245880638,1722111720000,stop,64776.95555494971,66980.18690385667,-0.06337958748921155,4.211325967865896
BTCUSDT,1722225600000,1,0.012,-20.444922641821673,0.8216926437779297,1722270300000,stop,69326.25875823671,67622.51520475157,-0.12858205227111333,-21.395197337870716
BTCUSDT,1722484800000,-1,0.002,-1.4742888546189934,0.12855682342781555,1722513600000,exit,63909.839500253016,64646.98392756251,0.012861426726242003,-1.589984251320567
BTCUSDT,1722513600000,1,0.002,-3.7283553504617886,0.12742979017989414,1722526260000,stop,64646.98392756251,62782.80625233162,0.0,-3.8557851406416828
BTCUSDT,1722528000000,-1,0.007,-14.677791284351356,0.44754210248460935,1722548580000,stop,62886.17240606195,64982.99973239786,0.0,-15.125333386835965
BTCUSDT,1722556800000,1,0.002,-2.3771317800773977,0.1294742524193949,1722585600000,exit,65331.40915471679,64142.84326467809,-0.012832034551774002,-2.5194380670485663
BTCUSDT,1722585600000,-1,0.002,-0.9994772283695348,0.12878542514354097,1722600000000,exit,64142.84326467809,64642.58187886285,0.0,-1.1282626535130758
BTCUSDT,1722600000000,1,0.002,-2.5163258346815276,0.12802700084038496,1722614400000,exit,64642.58187886285,63384.41896152209,-0.012681303672728001,-2.6570341391946406
BTCUSDT,1722614400000,-1,0.001,8.089797828591538,0.05933952644199926,1722875100000,stop,63384.42535629503,55294.627527703495,0.041351054464865894,8.071809356614404
BTCUSDT,1723579200000,1,0.001,-0.25015850568369935,0.0606737537630892,1723593600000,exit,60798.83301593105,60548.67451024735,-0.0006975991257178753,-0.3115298585725064
BTCUSDT,1723593600000,-1,0.005,-1.7010703376228775,0.30359381865206814,1723622400000,exit,60548.65669665134,60888.87076417592,-0.00404900545,-2.008713161724946
BTCUSDT,1723622400000,1,0.001,-1.4973947247337565,0.06014015543933522,1723651200000,exit,60888.8528017021,59391.458076968345,0.004638632649,-1.5528962475240917
BTCUSDT,1723651200000,-1,0.001,-0.20206617697890034,0.059492491165457795,1723835160000,stop,59391.458076968345,59593.524253947246,-0.016087806762747993,-0.27764647490710614
BTCUSDT,1723838400000,1,0.001,-0.5471202820008548,0.059378891763211206,1723896000000,exit,59652.45190421163,59105.331622210775,-0.0035991610799688658,-0.6100983348440349
BTCUSDT,1723896000000,-1,0.002,-0.6839437836843281,0.1185526236218748,1723924800000,exit,59105.32586501632,59447.29775685848,-0.000180447104,-0.8026768544102029
BTCUSDT,1723924800000,1,0.002,0.4466092702546739,0.1191179001488443,1724011200000,exit,59447.29775685848,59670.60239198582,0.0006265645383337387,0.3281179346441634
BTCUSDT,1724011200000,-1,0.003,0.21186269750440262,0.17890586238360312,1724113440000,stop,59670.5979107851,59599.97701161697,-0.02634262600891124,0.0066142091118882584
BTCUSDT,1724126400000,1,0.003,-0.29284325109293424,0.18162431046084188,1724155200000,exit,60590.24402879611,60492.629611765136,-0.0024644847808858654,-0.47693204633466196
BTCUSDT,1724155200000,-1,0.003,-0.40372864439338446,0.18167975315749213,1724265300000,stop,60492.629611765136,60627.20582656293,-0.009804463362927477,-0.5952128609138041
BTCUSDT,1724270400000,1,0.002,3.195671366870869,0.12468154685473509,1724664720000,stop,61541.855585649835,63139.69126908527,0.006626888662498012,3.077616708678632
BTCUSDT,1724803200000,-1,0.007,-8.807996254229279,0.4200725828194172,1724939760000,stop,59381.226384614645,60639.511563790256,0.003811364658939119,-9.224257472389757
BTCUSDT,1725033600000,-1,0.01,-5.410312755882479,0.5833923833821668,1725276300000,stop,58068.72270042255,58609.7539760108,0.01720612317517664,-5.976499016089469
BTCUSDT,1725422400000,-1,0.012,-20.506333720537338,0.6898229629781256,1725465780000,stop,56630.816343154744,58339.677486532855,-0.0031035833388000002,-21.199260266854264
BTCUSDT,1725552000000,-1,0.011,7.968928837393745,0.6113796456360538,1725834120000,stop,55942.191823159155,55217.74374703245,-0.11445018067256262,7.243099011085128
BTCUSDT,1726243200000,1,0.002,-0.6941818696249248,0.11890887045741436,1726441440000,stop,59627.9806961134,59280.88976130094,0.006804258526786843,-0.8062864815555524
BTCUSDT,1726545600000,-1,0.003,-1.9074913031170508,0.17505500100233023,1726560000000,exit,58033.751783590575,58669.582217962925,0.0033633630763033394,-2.0791829410430775
BTCUSDT,1726560000000,1,0.01,11.533403999657166,0.592462720760522,1726660800000,exit,58669.60187606934,59822.94227603505,-0.05079116865278423,10.890150110243859
BTCUSDT,1726660800000,-1,0.002,-0.41417945623959534,0.11985302376132845,1726689600000,exit,59822.96701660432,60030.05674472412,0.005522480939749088,-0.5285099990611747
BTCUSDT,1726689600000,1,0.002,5.023737926780959,0.12257198245283871,1727001720000,stop,60030.05674472412,62541.9257081146,-0.07812069056156455,4.823045253766556
BTCUSDT,1727064000000,1,0.018000000000000002,-24.275287537127895,1.1456872997614052,1727138400000,stop,64323.60797388717,62974.980888491176,-0.102787565472,-25.5237624023613
BTCUSDT,1727236800000,1,0.013000000000000001,-18.882236475395594,0.8280737678928061,1727286360000,stop,64424.22201003875,62971.742281162165,-0.020488830858675373,-19.730799074147075
BTCUSDT,1727366400000,1,0.015,-0.6723435320326098,0.9777251733684988,1727656020000,stop,65204.08967563434,65159.266773498835,-0.47547332232076245,-2.1255420277218713
ETHUSDT,1639972800000,-1,0.026000000000000002,-1.8775152038827074,0.10246846851347319,1640045040000,stop,3904.9888812127624,3977.201004439021,0.030076190965834002,-1.9499074814303465
ETHUSDT,1640116800000,1,0.028,0.17205141322711098,0.1123123265310508,1640131200000,exit,4008.0821723013305,4014.22686563087,-0.011242502639452001,0.04849658405660818
ETHUSDT,1640131200000,-1,0.03,-1.0410975297680625,0.12094735172288151,1640145600000,exit,4014.226765266583,4048.9300162588515,0.0,-1.162044881490944
ETHUSDT,1640145600000,1,0.029,-0.06272642586248958,0.11738760579726276,1640160000000,exit,4048.9299658687582,4046.7669856666034,-0.011737315000000002,-0.19185134665975234
ETHUSDT,1640160000000,-1,0.031,3.04854891784933,0.12392549900051417,1640275200000,exit,4046.7668857883496,3948.4265981157905,0.041013493836796214,2.9656369126856124
ETHUSDT,1640275200000,1,0.038,2.161088818973156,0.15112076708888258,1640490420000,stop,3948.4269126156846,4005.297671009715,-0.108523947714998,1.9014441041692751
ETHUSDT,1640491200000,-1,0.043000000000000003,-0.9945766074766367,0.1730106428285841,1640505600000,exit,4011.938477321995,4035.068165867963,0.017352057794841003,-1.1502351925103798
ETHUSDT,1640505600000,1,0.044,-0.16723850652759392,0.17745938186140392,1640520000000,exit,4035.06820715154,4031.2673320031854,0.0,-0.34469788838899784
ETHUSDT,1640520000000,-1,0.044,-1.885881240423092,0.1783187032283517,1640548800000,exit,4031.2673320031854,4074.1282692855284,0.017828680686212,-2.0463712629652315
ETHUSDT,1640548800000,1,0.045,-3.9204410968715546,0.1813755534329019,1640655600000,stop,4074.128310696393,3987.0073974325805,-0.073084047013845,-4.174900697318302
ETHUSDT,1640692800000,-1,0.138,19.71823862931437,0.5309213863565725,1640939040000,stop,3918.6993164581854,3775.8135292892403,0.28669703074776565,19.474014273705567
ETHUSDT,1640980800000,-1,0.085,-12.471702496649396,0.31439966062922853,1641069360000,stop,3625.456580951809,3772.182492677096,0.09447929990874501,-12.691622857369879
ETHUSDT,1641168000000,1,0.038,-1.6068740569669253,0.14459398333845191,1641182400000,exit,3826.2479043930366,3783.9617449991697,0.0,-1.7514680403053773
ETHUSDT,1641182400000,-1,0.132,-7.881646086086414,0.5034234257668937,1641303420000,stop,3783.959111544322,3843.668551590431,0.1618045647068795,-8.22326494714643
ETHUSDT,1641412800000,-1,0.099,49.330604675916604,0.336997842505367,1641913500000,stop,3653.163079225508,3154.874143105139,0.2454607290119547,49.23906756242319
ETHUSDT,1642723200000,-1,0.151,79.36759552697599,0.4132519597358814,1643131260000,stop,2999.5745529759565,2473.9613375655194,0.10559125651152533,79.05993482375163
ETHUSDT,1644249600000,1,0.042,0.7617932776272729,0.13143033717786667,1644278400000,exit,3120.224774739358,3138.36270992096,-0.013181238,0.6171817024494062
ETHUSDT,1644278400000,-1,0.041,-0.23784948046727097,0.12879179703581595,1644292800000,exit,3138.3627389166413,3144.1639457573065,0.0,-0.36664127750308695
ETHUSDT,1644292800000,1,0.043000000000000003,-1.7437378095501428,0.13432718324815607,1644321600000,exit,3144.164003556538,3103.6119614739764,-0.002210305249131804,-1.8802752980474307
ETHUSDT,1644321600000,-1,0.037,-0.43538085915892316,0.1150513394566103,1644364800000,exit,3103.6121358656983,3115.3791861132368,0.020305905760865904,-0.5301262928546676
ETHUSDT,1644364800000,1,0.034,-1.3949136267733366,0.10522543235164636,1644379200000,exit,3115.3790930892064,3074.35222171352,0.0,-1.500139059124983
ETHUSDT,1644379200000,-1,0.033,-2.532158709735173,0.10271970370398295,1644408000000,exit,3074.3522530034957,3151.0843351166827,-0.00016595500662659163,-2.635044368445783
ETHUSDT,1644408000000,1,0.034,0.8741650858923486,0.10757395104067269,1644422400000,exit,3151.084367580191,3176.7951054005543,-0.007688375460000001,0.758902759391676
ETHUSDT,1644422400000,-1,0.033,-2.2737667989590093,0.10597112296233716,1644436800000,exit,3176.795138268413,3245.6971624792923,0.0,-2.3797379219213464
ETHUSDT,1644436800000,1,0.032,-4.777161410586137,0.10147372739151167,1644501720000,stop,3245.697128025148,3096.410833944331,0.006205648611808924,-4.87242948936584
ETHUSDT,1644609600000,-1,0.027,0.09914985694877805,0.08072536611964574,1644888900000,stop,2991.664483263709,2987.99226633968,0.05332780850158315,0.07175229933071545
ETHUSDT,1644969600000,1,0.032,-3.812605448786082,0.09998120126800758,1645027200000,exit,3183.9844997625196,3064.8405794879545,-0.019883510548224,-3.9324701606023136
ETHUSDT,1645027200000,-1,0.032,-3.305872817162046,0.09972783495219557,1645041600000,exit,3064.8405794879545,3168.1491050242685,0.0,-3.4056006521142415
ETHUSDT,1645041600000,1,0.029,-3.0185510800597335,0.09036704552105296,1645099200000,exit,3168.149002106304,3064.0610338283823,-0.010503079409608061,-3.1194212049903944
ETHUSDT,1645099200000,-1,0.032,9.951949818927446,0.09307397503984134,1645421160000,stop,3064.060935915783,2753.0625040743003,0.025387827276163562,9.884263671163769
ETHUSDT,1645488000000,-1,0.135,-19.12463928411893,0.35603845040666426,1645604700000,stop,2566.4898575155908,2708.153852212768,0.027221530004679646,-19.453456204520915
ETHUSDT,1645675200000,-1,0.138,-20.867575143525034,0.3409490054047241,1645728780000,stop,2395.0378103837793,2546.2521230180187,-0.03242461537510338,-21.24094876430486
ETHUSDT,1646193600000,1,0.025,-3.9916666077612377,0.07344199932717775,1646320380000,stop,3017.513305242335,2857.8466409318853,-0.029436302194075004,-4.09454490928249
ETHUSDT,1646380800000,-1,0.03,3.233734457285254,0.08033789417341144,1646452800000,exit,2731.8253800684693,2624.034231492294,0.01209504927102,3.165491612382863
ETHUSDT,1646452800000,1,0.034,0.40888338813510566,0.08942160899930181,1646467200000,exit,2624.0343325068898,2636.0603145108635,-0.001362362120401504,0.31809941701540234
ETHUSDT,1646467200000,-1,0.034,0.7105511359363819,0.08927077512540117,1646660460000,stop,2636.0603145108635,2615.161751689205,0.009037448610745236,0.6303178094217259
ETHUSDT,1646683200000,-1,0.184,-25.04314796135325,0.4648616813481718,1646736720000,stop,2458.370148736387,2594.4742137437415,0.0006958213102047917,-25.507313821391215
ETHUSDT,1646812800000,1,0.028,0.033707745025525586,0.07683189614514374,1646827200000,exit,2743.394366879678,2744.5982149163033,0.0,-0.043124151119618155
ETHUSDT,1646827200000,-1,0.028,0.8718188188972108,0.07641284060820788,1646856000000,exit,2744.5982149163033,2713.461828527117,0.007718452000000001,0.8031244302890029
ETHUSDT,1646856000000,1,0.027,-3.832087445008694,0.07134742487467212,1646891640000,stop,2713.4617998954245,2571.5326352654733,-0.007362036,-3.910796905883366
ETHUSDT,1646899200000,-1,0.096,-0.4804955647301831,0.24898631982460404,1647231240000,stop,2591.1049171066556,2596.1100792392617,0.0528992961492884,-0.6765825884054988
ETHUSDT,1647374400000,1,0.042,-1.7538081673214612,0.11079609620259487,1647388800000,exit,2658.880959196562,2617.1236218793842,-0.010992771164886,-1.8755970346889421
ETHUSDT,1647388800000,-1,0.041,-4.927296370708475,0.10976571758772743,1647396480000,stop,2617.1236439603217,2737.301604221504,0.0,-5.037062088296202
ETHUSDT,1647417600000,1,0.038,4.954645902276159,0.10298976624320277,1647576000000,exit,2645.0642971595976,2775.449715640549,-0.047788172217100404,4.803867963815855
ETHUSDT,1647576000000,-1,0.04,-0.7001769144565697,0.11136807509273802,1647590400000,exit,2775.4496658877433,2792.9540887491576,0.005260933368857304,-0.8062840561804504
ETHUSDT,1647590400000,1,0.042,2.877813183853392,0.11874298037646248,1647787320000,stop,2792.9541377270425,2861.4734992473614,-0.06895293378175274,2.6901172696951767
ETHUSDT,1647820800000,-1,0.046,-2.069121187155587,0.13261255964268204,1647864000000,exit,2860.391283676179,2905.3721790491263,0.013292896000000002,-2.188440850798269
ETHUSDT,1647864000000,1,0.049,0.5698075073893337,0.14264814407567383,1647892800000,exit,2905.3722514689625,2917.0009761095607,-0.01447558,0.4126837833136599
ETHUSDT,1647892800000,-1,0.044,-3.698023639019826,0.13019706017021282,1647919080000,stop,2917.0010988796116,3001.0470906755163,0.012715003689828,-3.8155056955002107
ETHUSDT,1647936000000,1,0.038,-1.202634893120071,0.11312956884914982,1648065600000,exit,2992.9180604134176,2961.269773752363,-0.02809007875974183,-1.3438545407289626
ETHUSDT,1648065600000,-1,0.036000000000000004,-2.6796827434787542,0.10794555525345702,1648080000000,exit,2961.269830047712,3035.7054618110105,-0.0019812362472000004,-2.789609534979411
ETHUSDT,1648080000000,1,0.109,32.530843529907614,0.3471574890828876,1648604580000,stop,3035.7070396140716,3334.1551453930406,-0.5260122840072415,31.657673756817484
ETHUSDT,1648843200000,1,0.178,-9.693949957476478,0.6127129796599082,1649088000000,stop,3469.437947408126,3414.9775543885953,-0.5123959863200739,-10.819058923456462
ETHUSDT,1649131200000,1,0.215,-22.90088979403934,0.7461005124868136,1649186160000,stop,3523.4928250410853,3416.977058557181,-0.134964000541,-23.781954307067153
ETHUSDT,1649289600000,-1,0.032,-1.878916649218736,0.1022656463788904,1649376000000,exit,3166.443376696282,3225.1595219843675,-0.015851173853653137,-1.9970334694512795
ETHUSDT,1649376000000,1,0.031,0.8910868665407888,0.10042548754012703,1649606400000,exit,3225.159487317956,3253.904224948304,-0.06286301636486107,0.7277983626358008
ETHUSDT,1649606400000,-1,0.052000000000000005,-1.8958634359943536,0.17015091771432989,1649620800000,exit,3253.903576852552,3290.3624890832125,0.0,-2.0660143537086837
ETHUSDT,1649620800000,1,0.159,-15.002469163202951,0.515666745369926,1649635080000,stop,3290.364653783191,3196.009501813361,0.0,-15.518135908572877
ETHUSDT,1649808000000,-1,0.035,-0.742246227784815,0.10628594914705544,1649822400000,exit,3026.1378866618006,3047.3449217413668,0.0,-0.8485321769318704
ETHUSDT,1649822400000,1,0.035,-1.2004219502727758,0.10605686128581146,1649851200000,exit,3047.3449217413668,3013.047151733573,0.018012531096,-1.2884662804625873
ETHUSDT,1649851200000,-1,0.039,-4.041844894971788,0.1195297568571768,1649894400000,exit,3013.0470361459206,3116.684084734941,0.0012115989480295823,-4.160163052880935
ETHUSDT,1649894400000,1,0.04,-0.009776891609617451,0.12466247611993325,1649908800000,exit,3116.6841141434516,3116.439691853211,0.0,-0.1344393677295507
ETHUSDT,1649908800000,-1,0.041,4.115585245283597,0.12571623355255945,1650124800000,exit,3116.4396628097866,3016.0595348760403,-0.039788199069753546,3.9500808126612843
ETHUSDT,1650124800000,1,0.062,-0.6420962055356613,0.1866746751492865,1650237780000,stop,3016.0600524524893,3005.703662040624,0.001864169718352784,-0.826906710966595
ETHUSDT,1650240000000,-1,0.067,0.5638170298049495,0.19976552118654511,1650304560000,stop,2985.7825328574263,2977.3673533080987,-0.034244910685112886,0.32980659793329153
ETHUSDT,1650384000000,1,0.041,-2.5528177649850705,0.126220387586376,1650567840000,stop,3109.6779626553293,3047.414114728864,0.008864157196131702,-2.6701739953753147
ETHUSDT,1650614400000,-1,0.039,2.375202718296563,0.11653264026536944,1650700800000,exit,3018.467733961993,2957.565100159517,-0.010351915931615465,2.248318162099578
ETHUSDT,1650700800000,1,0.042,-0.22477636578994953,0.12410534940722678,1650744000000,exit,2957.5651807171844,2952.2133624840903,0.010674926704844188,-0.3382067884923321
ETHUSDT,1650744000000,-1,0.047,2.6137349169000395,0.13744715457273782,1650903300000,stop,2952.213234706124,2896.6018534954846,-0.06447313256390083,2.411814629763401
ETHUSDT,1651017600000,-1,0.168,-22.299601643687396,0.48282305259406055,1651132020000,stop,2807.5788795965286,2940.3146036660964,-0.1200584240539547,-22.90248312033541
ETHUSDT,1651262400000,-1,0.186,-6.514962721733234,0.5225235551618308,1651421460000,stop,2791.75308495142,2826.779766251061,-0.2467428786518837,-7.2842291555469485
ETHUSDT,1651708800000,1,0.046,-4.292113200578797,0.13308692837361594,1651761600000,stop,2939.847499432725,2846.54069072449,-0.013495526840190002,-4.4386956557926025
ETHUSDT,1651766400000,-1,0.20400000000000001,68.96665846360956,0.5245117174414591,1652161560000,stop,2740.1717974179596,2402.0999422041873,0.4182402704101054,68.86038701657822
ETHUSDT,1652299200000,-1,0.09,3.9105818008997946,0.18850750236349972,1652614320000,stop,2116.2532584883293,2072.8023495894427,-0.2040645646512208,3.518009733885074
ETHUSDT,1653566400000,-1,0.259,-1.1734791460081917,0.4707927649484387,1653825960000,stop,1815.4672794418323,1819.9980869553774,0.14398690736249053,-1.50028500359414
ETHUSDT,1654876800000,-1,0.34500000000000003,245.88360042837496,0.4723921815116125,1655591460000,stop,1725.6057441327534,1012.8996559345651,-0.8023669259293226,244.608841320934
ETHUSDT,1657209600000,1,0.066,0.0565474864059438,0.08053740116996241,1657281600000,exit,1219.8352640418095,1220.6920441388693,-0.016354843795818003,-0.040344758559836616
ETHUSDT,1657281600000,-1,0.073,-1.0535910736772447,0.08963731198071545,1657296000000,exit,1220.6920060805044,1235.1247605144392,0.0049629925635,-1.1382653930944602
ETHUSDT,1657296000000,1,0.07,-3.832095645216705,0.08454268426829423,1657443180000,stop,1235.124744155751,1180.3805206526552,-0.021567831746230004,-3.9382061612312294
ETHUSDT,1657526400000,-1,0.111,-0.012367745985050534,0.12685696924917272,1657540800000,exit,1142.7998682538755,1142.911289388876,0.0,-0.13922471523422325
ETHUSDT,1657540800000,1,0.115,0.01816778551824655,0.13144388394865905,1657555200000,exit,1142.9113048339123,1143.0692855775492,-0.007731092028,-0.1210071904584125
ETHUSDT,1657555200000,-1,0.108,5.694191961178946,0.12060438980171737,1657715100000,stop,1143.0693127991374,1090.3453131585916,-0.049890598384813106,5.523696972992416
ETHUSDT,1657900800000,1,0.058,0.5128352559181467,0.07111144774819098,1657929600000,exit,1221.638450348826,1230.4804375198285,-0.003897314373200001,0.4378264937967557
ETHUSDT,1657929600000,-1,0.056,-2.4533833792599165,0.07013359687107609,1657987200000,exit,1230.4804496686809,1274.290867155465,0.0073246342263477045,-2.516192341904645
ETHUSDT,1657987200000,1,0.055,11.475371767138602,0.0758236832204164,1658413920000,stop,1274.290860669947,1482.933983708831,-0.05163266189725077,11.347915422020934
ETHUSDT,1658491200000,1,0.133,-14.970035894509033,0.21040739450033003,1658519160000,stop,1638.2888153953722,1525.732154534402,-0.01950757107594075,-15.199950860085304
ETHUSDT,1658980800000,1,0.12,0.8186745425224035,0.19820634490276406,1659350880000,stop,1648.3083969291904,1655.1306847835438,-0.23468554829496358,0.38578264932467576
ETHUSDT,1659744000000,1,0.162,-1.5192367379410452,0.2806889787030201,1660040160000,stop,1737.3370189629052,1727.9590144077135,-0.1338132837310209,-1.9337390003750863
ETHUSDT,1660132800000,-1,0.06,-4.979005594022532,0.10484353993808979,1660135560000,stop,1705.9006190179753,1788.8840455850175,0.0,-5.083849133960622
ETHUSDT,1660147200000,1,0.15,15.397797829109356,0.2832415602109061,1660496400000,stop,1836.9510753090092,1939.603060836405,-0.16883031229278314,14.945725956605667
ETHUSDT,1660896000000,-1,0.056,2.0543876897060107,0.09662232555807518,1660910400000,exit,1743.741417909432,1707.055923450396,0.0,1.9577653641479356
ETHUSDT,1660910400000,1,0.053,-0.5336075183677063,0.09020715857014125,1660924800000,exit,1707.055893006134,1696.9878266218377,-0.0012907965582413966,-0.6251054734960889
ETHUSDT,1660924800000,-1,0.056,-0.20110998877630482,0.09513187159490485,1660939200000,exit,1696.9877964377984,1700.5790462373752,0.0,-0.2962418603712097
ETHUSDT,1660939200000,1,0.055,-4.9863648689058735,0.09103866455866355,1660950540000,stop,1700.5790362384814,1609.9178568038292,0.0,-5.077403533464537
ETHUSDT,1660953600000,-1,0.157,-5.604714231359196,0.2552782710351188,1661263200000,stop,1608.1268402512053,1643.825657011455,0.012700963314687983,-5.8472915390796265
ETHUSDT,1661385600000,1,0.056,2.9749865525511834,0.09421244156453593,1661428800000,exit,1655.802648004649,1708.9274078716344,0.001734879209341107,2.882508990195989
ETHUSDT,1661428800000,-1,0.061,0.5108989520851428,0.10398911941052602,1661443200000,exit,1708.9273587962064,1700.5519661390729,0.0027333951159999995,0.4096432277906168
ETHUSDT,1661443200000,1,0.063,-0.4095386463612165,0.10693000573560965,1661472000000,exit,1700.551985060163,1694.0513716258579,-0.004924781300992562,-0.5213934333978187
ETHUSDT,1661472000000,-1,0.067,-0.32354868231297795,0.11366321377737923,1661518980000,stop,1694.051334868996,1698.8804196796375,0.002768293605,-0.4344436024853571
ETHUSDT,1661918400000,1,0.047,-1.0259547942406777,0.0749656115580931,1661932800000,exit,1605.9274245790093,1584.0985991696332,1.86178282393475e-05,-1.1009017879705314
ETHUSDT,1661932800000,-1,0.147,1.3653883563864035,0.2321796961397259,1661976000000,exit,1584.0978933191775,1574.8095371532836,0.016291170226141242,1.1494998304728188
ETHUSDT,1661976000000,1,0.042,-1.097731372747343,0.065593103405502,1662004800000,exit,1574.808787901802,1548.672326645913,0.0008305451095655995,-1.1624939310432794
ETHUSDT,1662004800000,-1,0.044,-1.2438445800390008,0.06876350379340893,1662033600000,exit,1548.6723068952142,1576.9415018961008,0.0006235878527999999,-1.3119844959796096
ETHUSDT,1662033600000,1,0.128,2.0826038512396337,0.2028898938681684,1662105600000,exit,1576.9421245511608,1593.2124671389704,-0.002093468495185149,1.87762048887628
ETHUSDT,1662105600000,-1,0.047,-1.9802298273010692,0.07587112918123257,1662134400000,exit,1593.2130695230217,1635.3456190400657,-0.001414442392141592,-2.0575153988744432
ETHUSDT,1662134400000,1,0.051000000000000004,-3.8344872791896196,0.0814853849791316,1662148800000,exit,1635.3456591907138,1560.1596341085644,0.0,-3.915972664168751
ETHUSDT,1662148800000,-1,0.048,-0.024460442969182622,0.0748998939989726,1662177600000,exit,1560.159662031,1560.6692545928581,-0.009490713086257594,-0.10885105005441281
ETHUSDT,1662177600000,1,0.053,-0.852007296963724,0.08228946928791062,1662278400000,exit,1560.6693006866506,1544.5936913099765,0.018226125398263245,-0.9160706408533713
ETHUSDT,1662278400000,-1,0.073,-1.10220110623574,0.11330642811826555,1662307200000,exit,1544.5935282896944,1559.692173580595,-0.0105153947336,-1.2260229290876057
ETHUSDT,1662307200000,1,0.074,1.0999517069795506,0.11596719726323321,1662350400000,exit,1559.6921812127491,1574.5563934692295,-0.0010242686001507033,0.9829602411161666
ETHUSDT,1662350400000,-1,0.098,-2.4687212714736244,0.15554087031976963,1662393600000,exit,1574.556221265641,1599.7472546480246,-0.023598602368123694,-2.647860744161518
ETHUSDT,1662393600000,1,0.316,0.9643255867241823,0.506002633605214,1662484680000,stop,1599.7483253539617,1602.7999886030889,0.16669656107546546,0.6250195141944338
ETHUSDT,1662508800000,-1,0.061,-0.6744599105271273,0.095382498105955,1662580800000,exit,1558.1191500113353,1569.1758698560423,-0.04273051126004808,-0.8125729198931304
ETHUSDT,1662580800000,1,0.05,6.932329016800259,0.08192495312058398,1662997860000,stop,1569.1757722436769,1707.822352579682,0.16887784755550045,7.019281911235176
ETHUSDT,1663084800000,-1,0.048,-0.4951210075495546,0.07667397430687527,1663099200000,exit,1592.2169542312602,1602.5319752218759,0.0,-0.5717949818564299
ETHUSDT,1663099200000,1,0.045,-1.3838808935447786,0.07142199708906322,1663113600000,exit,1602.5319452407912,1571.7790364953516,0.0786189549311722,-1.3766839357026697
ETHUSDT,1663113600000,-1,0.043000000000000003,8.908827217935684,0.06313208581874785,1663598100000,stop,1571.7790564585043,1364.5970281344187,-0.5953807615686837,8.250314370548253
ETHUSDT,1663804800000,-1,0.152,-14.368329262924286,0.19628639576241985,1663888140000,stop,1244.0936258615639,1338.6221078544868,-0.07072418631312818,-14.635339844999834
ETHUSDT,1664409600000,1,0.065,-1.0191138244027718,0.08636245662039832,1664438400000,exit,1336.4925158861492,1320.8138416645681,-0.0085863956217,-1.11406267664487
ETHUSDT,1664438400000,-1,0.064,-0.9661113242476859,0.08501514193507063,1664452800000,exit,1320.8138480147936,1335.9093374561637,0.0,-1.0511264661827564
ETHUSDT,1664452800000,1,0.067,-0.6461731727635993,0.08918284031139093,1664467200000,exit,1335.9093566831748,1326.2649809702853,-0.0019100666930922379,-0.7372660797680824
ETHUSDT,1664467200000,-1,0.192,-0.3015987857717701,0.2547935639890788,1664582400000,exit,1326.2643989385049,1327.8352259477329,0.06825531359485902,-0.4881370361659899
ETHUSDT,1664582400000,1,0.077,0.09610588455937591,0.10229132511926174,1664596800000,exit,1327.8347035971694,1329.0828319680704,0.0,-0.0061854405598858325
ETHUSDT,1664596800000,-1,0.081,2.4858152181639603,0.10641279990374576,1664798400000,exit,1329.0828088003425,1298.3937320328862,0.01657911300320103,2.395981531263416
ETHUSDT,1664798400000,1,0.128,2.523593218791415,0.16745622374617294,1664812800000,exit,1298.3939620060721,1318.10953402788,0.0016839086335999997,2.3578209036788422
ETHUSDT,1664812800000,-1,0.117,-3.6899066021439717,0.15606377469574412,1664870400000,exit,1318.1095845698471,1349.647247836035,0.027950138497125004,-3.8180202383425907
ETHUSDT,1664870400000,1,0.114,0.31951399707536804,0.15401954157573397,1664956800000,exit,1349.6472331333007,1352.449987493611,-0.008869404880800002,0.15662505061883406
ETHUSDT,1664956800000,-1,0.126,0.2906584305493375,0.17026336191343788,1665000000000,exit,1352.4499295929568,1350.143116652089,-0.005054042449956579,0.11534102618594302
ETHUSDT,1665000000000,1,0.121,2.645740827614107,0.1646901846597157,1665028800000,exit,1350.1430929413937,1372.0087196158904,-0.003954325924038032,2.477096317030353
ETHUSDT,1665028800000,-1,0.125,4.649151195161636,0.16917651192028194,1665363600000,stop,1372.008700142902,1334.8154905816089,0.06164136681754751,4.541616050058901
ETHUSDT,1665417600000,-1,0.9,22.470195361101585,1.1657538370019114,1665664140000,stop,1307.7654829805135,1282.7985992459564,0.1486868521939241,21.4531283762936
ETHUSDT,1665720000000,1,0.08,-0.6577891370304133,0.10601957099385434,1665734400000,exit,1329.3558195296193,1321.1334553167392,-0.010569440000000001,-0.7743781480242677
ETHUSDT,1665734400000,-1,0.24,3.6275098789197364,0.31525811400047044,1665950280000,stop,1321.1327872497097,1306.0181627542108,0.04453677210584947,3.3567885370251154
ETHUSDT,1666051200000,1,0.15,-0.8504934002888035,0.1991737139346284,1666094400000,exit,1330.659737565152,1324.9897815632266,-0.01166145994302828,-1.0613285741664602
ETHUSDT,1666094400000,-1,0.15,2.6739536152098706,0.19741149042687905,1666436640000,stop,1324.9897815632266,1307.1634241284942,0.0919300355764023,2.568472160359394
ETHUSDT,1666555200000,1,0.169,0.7864613964645201,0.2251976317961108,1666594740000,stop,1330.2035567921807,1334.85717452274,-0.021369464654551147,0.5398943000138582
ETHUSDT,1666598400000,-1,0.158,-2.589002957230437,0.21240827882460672,1666612800000,exit,1336.1631477594397,1352.549242425455,0.0,-2.801411236055044
ETHUSDT,1666612800000,1,0.15,-1.7678929049181533,0.20199843480137752,1666627200000,exit,1352.5492083589108,1340.7632556594565,0.0054005895214661245,-1.9644907501980646
ETHUSDT,1666627200000,-1,0.136,-0.8101256258209215,0.18274887388962335,1666699200000,exit,1340.7633167405359,1346.7201228127485,-0.003831097612075488,-0.9967055973226203
ETHUSDT,1666699200000,1,0.125,16.873672674160588,0.17677684536824628,1666960200000,stop,1346.720072249328,1481.7094536426127,-0.06797012483677031,16.628925703955574
ETHUSDT,1667016000000,1,0.184,-4.846543302680957,0.28994806142758905,1667183040000,stop,1588.97463629853,1562.634727044829,-0.1526199731586188,-5.289111337267165
ETHUSDT,1667592000000,1,0.18,-10.073420067073421,0.2915101124721222,1667773080000,stop,1647.4823472536607,1591.5189024365861,-0.1131446497751124,-10.478074829320656
ETHUSDT,1667880000000,-1,0.07100000000000001,-3.1038771112436057,0.10849206384769175,1667923920000,stop,1506.1989477756329,1549.915526807233,-0.004041828741252508,-3.2164110038325497
ETHUSDT,1669060800000,-1,0.441,-25.079043804000985,0.49337731137332363,1669162980000,stop,1090.3351235177395,1147.2037035721635,0.016501050066649394,-25.555920065307657
ETHUSDT,1669752000000,1,0.11,0.04757248899866681,0.1337032546295935,1669766400000,exit,1215.267894409947,1215.7003715826622,-0.012328881422000003,-0.0984596470529267
ETHUSDT,1669766400000,-1,0.109,-4.980673974781541,0.13500167795897663,1669768800000,stop,1215.7003758861088,1261.3946325354807,0.0,-5.115675652740518
ETHUSDT,1669780800000,1,0.092,0.19802302310307915,0.11644357437852865,1669824000000,exit,1264.6148137714904,1266.7672379356543,-0.023359399154048,0.0582200495705025
ETHUSDT,1669824000000,-1,0.10200000000000001,-2.1238601233150196,0.1302721833688079,1669867200000,exit,1266.767189285788,1287.5893473575038,-0.0025963243404,-2.2567286310242274
ETHUSDT,1669867200000,1,0.099,-1.1811239711604138,0.12688078194873514,1669939200000,exit,1287.5893326698517,1275.6587875066152,-0.029799346212702,-1.337804099321851
ETHUSDT,1669939200000,-1,0.105,0.48068732274585496,0.1337038260071051,1669953600000,exit,1275.6587587474098,1271.0807842450683,0.0,0.34698349673874984
ETHUSDT,1669953600000,1,0.10400000000000001,-1.418624128123802,0.13148308900767314,1670101500000,stop,1271.0807795359137,1257.4401629193387,0.0011566942527817675,-1.5489505228786933
ETHUSDT,1670140800000,-1,0.133,0.21151148282422355,0.1669733421429026,1670155200000,exit,1256.2338186790578,1254.6435067781238,0.0,0.04453814068132095
ETHUSDT,1670155200000,1,0.137,0.9450713805859653,0.1723586983454817,1670253660000,stop,1254.6435230305744,1261.5418542757275,-0.01158322432892923,0.7611294579115544
ETHUSDT,1670256000000,-1,0.132,0.6225017280320116,0.1667408323600454,1670524500000,stop,1265.5460850307682,1260.8301628487075,0.0333162194613108,0.48907711513327706
ETHUSDT,1670529600000,1,0.115,-1.7678797443112069,0.14674815177289013,1670616000000,exit,1283.7573186525715,1268.384451310735,-0.032016197645009896,-1.946644093729107
ETHUSDT,1670616000000,-1,0.131,-1.2093458778371757,0.16676302698608936,1670688000000,exit,1268.3843820394716,1277.6160299618928,0.019290439754810575,-1.3568184650684545
ETHUSDT,1670688000000,1,0.14300000000000002,-0.8830418183701577,0.18225757848904298,1670702400000,exit,1277.6160797078883,1271.4409620969082,0.0,-1.0652993968592006
ETHUSDT,1670702400000,-1,0.14400000000000002,0.7958141667927704,0.18268959087959347,1670716800000,exit,1271.440958076318,1265.9144708069239,-0.004170653996314291,0.6089539219168626
ETHUSDT,1670716800000,1,0.148,1.4545146939631903,0.1880826013706084,1670745600000,exit,1265.914486646127,1275.7422886323648,-0.0036743196615999997,1.262757772930982
ETHUSDT,1670745600000,-1,0.182,0.49874455111955057,0.23193570090475046,1670774400000,exit,1275.7421603313749,1273.0018056548938,0.0031485632723999997,0.2699574134872001
ETHUSDT,1670774400000,1,0.584,0.42989083515757553,0.7436486015277881,1670788800000,exit,1273.0028358051532,1273.7389502489161,0.0,-0.3137577663702126
ETHUSDT,1670788800000,-1,0.195,1.4648048879848705,0.24764688500941695,1670878680000,stop,1273.7399356585097,1266.2281157201257,-0.0028194126624355572,1.2143385903130182
ETHUSDT,1670932800000,1,0.168,2.175637649881104,0.21718542040007544,1671068640000,stop,1286.2952474710407,1299.2454715774759,-0.11111952917536802,1.8473327003056608
ETHUSDT,1671091200000,-1,0.108,1.3262202476836547,0.13833802376022428,1671134400000,exit,1287.047535963575,1274.767718855393,0.013714704000000001,1.2015969279234304
ETHUSDT,1671134400000,1,0.112,-0.3714838727697897,0.14258824464071765,1671163200000,exit,1274.7677372955584,1271.450917002971,-0.014182672,-0.5282547894105074
ETHUSDT,1671163200000,-1,0.139,-0.7926549439632571,0.17712798877664246,1671177600000,exit,1271.4508007529555,1277.153354306648,0.017754101430102,-0.9520288313097975
ETHUSDT,1671177600000,1,0.138,-4.9957829632112665,0.17374927084418196,1671180900000,stop,1277.1533501868664,1240.952024366495,0.0,-5.169532234055448
ETHUSDT,1671192000000,-1,0.533,10.34776479255025,0.6408541299209549,1671500100000,stop,1212.0600606327016,1192.6458677761345,0.15517368321967512,9.86208434584897
ETHUSDT,1672084800000,1,0.234,-2.980026070578048,0.2832914321527622,1672151760000,stop,1217.0147230258597,1204.2795688780902,-0.03507438770199,-3.2983918904328
ETHUSDT,1672185600000,-1,0.217,0.7925072667044886,0.26244711150256317,1672496880000,stop,1211.2597471701172,1207.6076399502808,0.20690417283944101,0.7369643280413665
ETHUSDT,1672675200000,1,0.27,-0.013048885957666699,0.32899698949995826,1672689600000,exit,1218.531533121989,1218.4832039147384,0.0,-0.34204587545762494
ETHUSDT,1672689600000,-1,0.272,-2.699123453477951,0.33277699169837804,1672795200000,stop,1218.4831984251437,1228.4064464158714,0.05507099221841079,-2.9768294529579182
ETHUSDT,1672804800000,1,0.199,22.475414999956165,0.26007757552869876,1673530200000,stop,1250.4515981342747,1363.3933820536524,-0.5440073502430877,21.67133007418438
ETHUSDT,1673553600000,1,0.504,52.63805152142902,0.7449539391196591,1674058680000,stop,1425.8629233312395,1530.3035017467732,-2.3460741362032285,49.54702344610613
ETHUSDT,1674244800000,1,0.40800000000000003,2.2459684750695432,0.6541918923923868,1674355440000,stop,1600.6590886148333,1606.1639133086314,-0.26870088691466404,1.3230756957624923
ETHUSDT,1674662400000,-1,0.079,-1.3992356696799175,0.1226248437197298,1674676800000,exit,1543.35728968215,1561.069133602149,0.0,-1.5218605133996472
ETHUSDT,1674676800000,1,0.076,-0.14205212227046013,0.11857022639567913,1674939540000,stop,1561.0691112738732,1559.2000044018935,-0.10894644165127601,-0.3695687903174153
ETHUSDT,1675022400000,1,0.426,-22.029781176370815,0.6940472166647962,1675069740000,stop,1655.0753691384543,1603.3622677854712,-0.139460472,-22.86328886503561
ETHUSDT,1675310400000,1,0.429,-15.642973441901153,0.7094569154919348,1675601700000,stop,1671.9776275358636,1635.5138199789844,-0.713248140475299,-17.06567849786839
ETHUSDT,1675987200000,-1,0.075,2.0211371279874926,0.11483475055142894,1676368320000,stop,1544.6042548723026,1517.6557598324694,0.07213531586037464,1.9784376932964383
ETHUSDT,1676390400000,1,0.082,1.2297547967960205,0.12725100867559008,1676404800000,exit,1544.3430643560005,1559.340074073025,0.0,1.1025037881204305
ETHUSDT,1676404800000,-1,0.078,0.3389627260076977,0.12145904669684163,1676419200000,exit,1559.3401033313523,1554.9944273568947,0.003529217901517308,0.2210328972123734
ETHUSDT,1676419200000,1,0.079,-0.6706308653945512,0.12250924490928966,1676448000000,exit,1554.9944347086955,1546.505436412562,-0.0034335763132346715,-0.7965736866170756
ETHUSDT,1676448000000,-1,0.088,-2.221340201555851,0.13720314290310226,1676462400000,exit,1546.5053727536856,1571.747875044093,0.0,-2.3585433444589534
ETHUSDT,1676462400000,1,0.08600000000000001,6.778774260855231,0.13855970316367622,1676587020000,stop,1571.7478608517279,1650.5708173733,-0.057558895690695625,6.5826556620008585
ETHUSDT,1677355200000,-1,0.306,-13.432821392249032,0.4914001814471027,1677437160000,stop,1583.9338913430659,1627.8320004680627,0.03448517792885189,-13.889736395767283
ETHUSDT,1677456000000,1,0.338,-2.7179192869599054,0.5531616004746331,1677542400000,exit,1640.593373130512,1632.5521918081454,-0.10081241639265287,-3.3718933038271914
ETHUSDT,1677542400000,-1,0.108,-0.5648685064965557,0.17659819194876553,1677643200000,exit,1632.55331199553,1637.7835759445725,0.022106671348103853,-0.7193600270972175
ETHUSDT,1677643200000,1,0.106,-2.53035673413818,0.1723398792401026,1677806400000,stop,1637.7835623318085,1613.9122723871087,-0.09041687970372769,-2.79311349308201
ETHUSDT,1677816000000,-1,0.074,0.025432325080821556,0.11575811535485278,1678060800000,exit,1564.470696180989,1564.1270161123293,0.035311444629096966,-0.055014345644934265
ETHUSDT,1678060800000,1,0.168,0.16777164833697136,0.2628573207759396,1678147200000,exit,1564.1275889986373,1565.1262297625478,-0.04214630540354439,-0.13723197784251262
ETHUSDT,1678147200000,-1,0.163,19.745315437994407,0.2452429218997364,1678496640000,stop,1565.126255329654,1443.989350802081,0.11845597329977742,19.618528489394446
ETHUSDT,1678680000000,1,0.189,14.867993129130193,0.3075310304208133,1678828560000,stop,1587.8149939484033,1666.4816242612615,-0.158444721575343,14.402017377134037
ETHUSDT,1679097600000,1,0.303,-16.475643233477648,0.5339526907778457,1679354040000,stop,1789.4076316652954,1735.0325714888018,-0.4224539742361894,-17.43204989849168
ETHUSDT,1679587200000,1,0.28800000000000003,-20.72187005721252,0.5189108258483645,1679658420000,stop,1837.7491697117036,1765.798232013049,-0.10450368000000002,-21.345284563060886
ETHUSDT,1680609600000,1,0.41200000000000003,-2.7995695095431823,0.7667710181859471,1680852840000,stop,1864.4922401473752,1857.6971685222704,-0.39185649477130147,-3.9581970225004306
ETHUSDT,1681185600000,1,0.528,-24.44684355815564,1.0026726363741367,1681264020000,stop,1922.151625290179,1875.8507852179146,-0.16592418501120001,-25.615440379540974
ETHUSDT,1681387200000,1,0.425,23.919903562763807,0.8556795703037821,1681489920000,stop,1985.2226318174123,2041.5047578474448,-0.347431358310975,22.71679263414905
ETHUSDT,1681689600000,1,0.41600000000000004,-23.490942394705577,0.8694129852736084,1681737420000,stop,2118.1693665167336,2061.700754990999,-0.08695132121478402,-24.44730670119397
ETHUSDT,1682337600000,-1,0.095,-1.9383756818681876,0.177139123789346,1682460120000,stop,1854.4203784043355,1874.8243329503166,0.04934474172210117,-2.0661700639354326
ETHUSDT,1682510400000,1,0.226,-6.419391267081028,0.4292988416944478,1682537520000,stop,1913.754589946851,1885.3502038093243,-0.03840224544,-6.887092354215476
ETHUSDT,1682539200000,-1,0.059000000000000004,-2.2495146742467678,0.10891747815991921,1682553600000,exit,1826.99526818298,1865.1226355430947,-0.002424131094928787,-2.3608562835016156
ETHUSDT,1682553600000,1,0.054,1.026784038085783,0.10123001126418113,1682885040000,stop,1865.1225786136713,1884.137097837482,-0.06716651665680684,0.858387510164795
ETHUSDT,1682913600000,-1,0.10300000000000001,-2.2229474653413455,0.19123815563487406,1683042060000,stop,1845.8901155553726,1867.4721297819876,0.029570085484334416,-2.384615535491885
ETHUSDT,1683086400000,1,0.092,0.2468385928267362,0.17141179191864991,1683100800000,exit,1861.8301371982234,1864.5131653811225,-0.010760616378000002,0.06466618453008628
ETHUSDT,1683100800000,-1,0.099,-3.034996400758446,0.18610429550684424,1683136800000,stop,1864.513104105707,1895.1696334062974,0.018339928919235002,-3.202760767346055
ETHUSDT,1683144000000,1,0.10400000000000001,7.026071108724733,0.1977119697143251,1683360060000,stop,1867.2974438457954,1934.8558198912256,-0.13847809410021603,6.689881044910193
ETHUSDT,1683532800000,-1,0.068,-0.7810397362897757,0.12621833213910372,1683547200000,exit,1850.4090039846888,1861.8948824595384,0.0,-0.9072580684288795
ETHUSDT,1683547200000,1,0.073,-2.4738904469118452,0.13468138490659132,1683576000000,exit,1861.8949332883187,1828.0060230566496,-0.0051746238267,-2.6137464556451366
ETHUSDT,1683576000000,-1,0.068,-3.4532851515303213,0.126031055506475,1683722820000,stop,1828.0060725104386,1878.7896776800021,0.042582637435948006,-3.5367335696008486
ETHUSDT,1683777600000,-1,0.089,1.688393204979732,0.16171027509603086,1684044060000,stop,1826.4547381856262,1807.4840280173146,0.02349210243368924,1.5501750323173904
ETHUSDT,1684742400000,1,0.224,1.2410015790100006,0.406105343486947,1684785600000,exit,1810.2001906135804,1815.7403762341607,-0.03661963862643751,0.7982765968966161
ETHUSDT,1684785600000,-1,0.194,-5.0102599496551345,0.35475879607590033,1684805400000,stop,1815.7405469127461,1841.5666291274633,0.009832908042,-5.355185837689035
ETHUSDT,1684814400000,1,0.459,-15.085028040093485,0.8485593000161369,1684898640000,stop,1865.1455643489837,1832.2805795121787,-0.2251849119912,-16.15877225210082
ETHUSDT,1684944000000,-1,0.34,-9.155590060404748,0.6139989818841921,1685104200000,stop,1792.415255452911,1819.343461512925,0.15192045528668166,-9.617668587002258
ETHUSDT,1685116800000,1,0.114,-0.5076932735791048,0.20835395492570424,1685217600000,exit,1829.8929961622264,1825.4395463939884,-0.0161882855932503,-0.7322355140980592
ETHUSDT,1685217600000,-1,0.154,-0.5293487827774902,0.2813823203214497,1685232000000,exit,1825.4392592861102,1828.8765890444058,-0.00033797148,-0.81106907457894
ETHUSDT,1685232000000,1,0.17400000000000002,3.6674117311359606,0.32005825494753903,1685246400000,exit,1828.8767188619026,1849.9537977764771,0.0,3.3473534761884216
ETHUSDT,1685246400000,-1,0.166,0.35796722093510747,0.30691335543070575,1685304000000,exit,1849.9538496456219,1847.797420603844,0.004261888183200001,0.05531575368760172
ETHUSDT,1685304000000,1,0.16,3.5015986623907156,0.29739838028308224,1685509020000,stop,1847.797380949293,1869.682372589235,-0.1892868445229904,3.014913437584643
ETHUSDT,1685980800000,-1,0.417,-11.235746778415978,0.7640628486244418,1686066720000,stop,1818.8128902523595,1845.7571271310549,-0.035443309328941276,-12.035252936369362
ETHUSDT,1686067200000,1,0.107,-0.36639086098954704,0.19685348377521716,1686148680000,stop,1841.4642916421676,1838.0400779880597,-0.040206962,-0.6034513067647641
ETHUSDT,1686153600000,-1,0.085,-0.9799851178979043,0.15673479461964146,1686168000000,exit,1838.1741418904996,1849.7033785716515,0.0,-1.1367199125175458
ETHUSDT,1686168000000,1,0.083,-1.5301864198246395,0.1527602856809183,1686182400000,exit,1849.7033601304893,1831.2673791687464,-0.0092035231015,-1.6921502286070578
ETHUSDT,1686182400000,-1,0.08700000000000001,4.804319133320634,0.15691809927832656,1686514200000,stop,1831.267343045826,1776.0452840421406,0.08115363786576432,4.728554671908071
ETHUSDT,1686585600000,-1,0.506,22.27292304313553,0.8646223494959185,1686931140000,stop,1730.7486383744788,1686.731003901879,0.058413444523676944,21.46671413816329
ETHUSDT,1687320000000,1,0.098,5.194843735469351,0.18006688562148032,1687742460000,stop,1810.9128954463838,1863.9215049919894,-0.21925156612604496,4.795525283721826
ETHUSDT,1687809600000,-1,0.08,-1.4364658392111596,0.14898707241731673,1687838400000,exit,1853.3604937213895,1871.316316711529,0.006655114224000001,-1.5787977974044765
ETHUSDT,1687838400000,1,0.084,-2.789460389387033,0.15579584360001236,1687980360000,stop,1871.316354698879,1838.1084929204621,-0.03702053657400001,-2.9822767695610453
ETHUSDT,1687982400000,-1,0.083,-1.2632904635002882,0.152628638730504,1688025600000,exit,1831.289078298239,1846.509445328363,0.004091208599841033,-1.4118278936309512
ETHUSDT,1688025600000,1,0.099,-0.5622753988025558,0.18252331139721328,1688132820000,stop,1846.5095868344904,1840.8300373516363,-0.04427356413150001,-0.789072274331269
ETHUSDT,1688155200000,1,0.34900000000000003,0.8759476745088532,0.6726336805568705,1688545080000,stop,1926.0621969043439,1928.572075627865,-0.9469948194940461,-0.7436808255420633
ETHUSDT,1688659200000,-1,0.109,0.31857999933374254,0.20557861880666745,1688673600000,exit,1887.5037505168286,1884.580998229363,0.0,0.11300138052707509
ETHUSDT,1688673600000,1,0.109,-4.34887605983365,0.20324489077708374,1688688000000,exit,1884.580998229363,1844.683052726302,-0.0149870505603,-4.567108001171033
ETHUSDT,1688688000000,-1,0.099,-2.6384402663138333,0.18394285052692633,1688745600000,exit,1844.6831352905997,1871.3340470715477,0.010965075688585419,-2.8114180411521743
ETHUSDT,1688745600000,1,0.094,-0.7539548612050776,0.17552841887948872,1688760000000,exit,1871.334003298843,1863.3132069030444,0.0,-0.9294832800845663
ETHUSDT,1688760000000,-1,0.098,-0.9858273808782265,0.1830976045481266,1688905860000,stop,1863.3131720172191,1873.3726350874053,0.01979793281810614,-1.1491270526082469
ETHUSDT,1689004800000,1,0.17400000000000002,-0.5136662655391242,0.32513428256950677,1689026640000,stop,1870.0638833464154,1867.1117783720526,0.0,-0.8388005481086309
ETHUSDT,1689105600000,-1,0.132,-0.49267660716806044,0.24760906835328755,1689120000000,exit,1873.9600761341176,1877.6924746732695,0.02054674842,-0.719738927101348
ETHUSDT,1689120000000,1,0.14,-1.1867171791305693,0.2622835961665808,1689192000000,exit,1877.6925339724717,1869.2159826929674,-0.045754108129972486,-1.4947548834271225
ETHUSDT,1689192000000,-1,0.131,-1.805850512143534,0.24577022768610063,1689249600000,exit,1869.2160490841898,1883.0011674974992,0.011679503916353584,-2.039941235913281
ETHUSDT,1689249600000,1,0.161,11.780836170080727,0.30905364079511366,1689358800000,stop,1883.001383292381,1956.1742787587207,-0.08236324966955401,11.38941927961606
ETHUSDT,1689883200000,-1,0.117,-0.42591654455853295,0.2209868178976122,1689897600000,exit,1886.9560651737856,1890.5963775204398,0.0039771164862000006,-0.6429262459699451
ETHUSDT,1689897600000,1,0.11900000000000001,-0.4267290665718213,0.22476760630493936,1690027200000,exit,1890.5963935985314,1887.010435055911,-0.029700724737992006,-0.6811973976147526
ETHUSDT,1690027200000,-1,0.163,-0.1756349628326998,0.3076704656370677,1690041600000,exit,1887.0101113843639,1888.087626493767,0.005074886710899999,-0.4782305417588675
ETHUSDT,1690041600000,1,0.176,-4.766862964228934,0.32992000609979644,1690067820000,stop,1888.087713533585,1861.0032648731933,0.0,-5.09678297032873
ETHUSDT,1690070400000,-1,0.522,-13.192692941392881,0.9803340253849877,1690134960000,stop,1865.3978523262283,1890.671210451502,0.08621160404644829,-14.08681536273142
ETHUSDT,1690200000000,-1,0.41000000000000003,-8.01142969901746,0.7633829269451851,1690395240000,stop,1852.1395416967714,1871.6796141333991,0.4462510452574904,-8.328561580705156
ETHUSDT,1690416000000,1,0.183,-0.6183309466414898,0.3420873272493866,1690473600000,exit,1871.0190859164338,1867.6402282845131,-0.04144936001755118,-1.0018676339084276
ETHUSDT,1690473600000,-1,0.163,0.30027124616118,0.3042752428487387,1690545600000,exit,1867.6403587228176,1865.7982038383932,0.031249390181455904,0.027245393493897218
ETHUSDT,1690545600000,1,0.185,-0.315445133971225,0.34501497157208105,1690746600000,stop,1865.798346697658,1864.0932378653808,-0.16138360825737882,-0.8218437138006849
ETHUSDT,1690819200000,-1,0.23600000000000002,0.3790961183975478,0.43789925617068004,1690916400000,stop,1856.3084924994864,1854.702153014751,0.09146212080055416,0.03265898302742193
ETHUSDT,1690934400000,1,0.649,-6.865828941995346,1.212252098611374,1690948800000,exit,1873.1664300190628,1862.5873407401793,0.0,-8.07808104060672
ETHUSDT,1690948800000,-1,0.132,3.432230999585743,0.24414572879986884,1691473260000,stop,1862.5897295428915,1836.5879795460298,0.3847978623428459,3.57288313312872
ETHUSDT,1691524800000,1,0.176,-0.7521779525708443,0.3266953403597166,1691553600000,exit,1858.360393954557,1854.0866555876771,-0.032655863748992,-1.1115291566795529
ETHUSDT,1691553600000,-1,0.161,0.2931533448710088,0.29836139065997747,1691596800000,exit,1854.0867536174717,1852.2659253884594,0.02469545071046306,0.019487404921494398
ETHUSDT,1691596800000,1,0.164,-0.7605604952032582,0.30339133478447233,1691611200000,exit,1852.265945317524,1847.6283813223822,0.0,-1.0639518299877304
ETHUSDT,1691611200000,-1,0.16,-0.40338610043636436,0.29582223830431315,1691856000000,exit,1847.6284078380934,1850.1495709658207,0.1590938830151143,-0.5401144557255633
ETHUSDT,1691856000000,1,0.305,-1.680478609151935,0.5634556281521095,1691964840000,stop,1850.1503851038867,1844.640619172241,-0.10254296182514155,-2.3464771991291857
ETHUSDT,1691971200000,-1,0.331,-4.887226374109739,0.6115028768739057,1692027720000,stop,1840.0581984497,1854.8232328125694,0.06120358915787601,-5.437525661825768
ETHUSDT,1692028800000,1,0.315,-3.3913144001365403,0.5819135684066158,1692043200000,exit,1852.7277003386796,1841.9616228779287,0.0,-3.973227968543156
ETHUSDT,1692043200000,-1,0.28200000000000003,42.013473037826834,0.4984264863852852,1692563940000,stop,1841.9617833482218,1692.9778364055735,0.1682932931629847,41.68333984460453
ETHUSDT,1692633600000,-1,0.741,-1.7733487583002978,1.2283453362113534,1692802320000,stop,1656.489422175713,1658.882605385295,-0.10865631044604517,-3.1103504049576967
ETHUSDT,1693598400000,-1,0.5740000000000001,-14.618690207945168,0.9363854240657243,1693774260000,stop,1618.599440699916,1644.067542107486,-0.017948400236549745,-15.573024032247442
ETHUSDT,1693886400000,-1,1.024,-25.11377533498104,1.6685507077867414,1693926780000,stop,1617.181464960206,1641.7066361857735,0.004823580672,-26.777502462095782
ETHUSDT,1694376000000,-1,1.291,52.08240512795193,2.0607273003143907,1694488560000,stop,1616.3969813155436,1576.054297250515,0.10798881816406344,50.129666645801606
ETHUSDT,1695038400000,1,0.198,-0.12089255047597953,0.32767773646203324,1695052800000,exit,1655.2433471579352,1654.632778721188,-0.0097502277312,-0.45832051466921275
ETHUSDT,1695052800000,-1,0.186,10.782885787652669,0.30237026546765156,1695577620000,stop,1654.6328406531068,1596.660336418415,0.12914074531756078,10.609656267502578
ETHUSDT,1695600000000,-1,1.408,-13.50065868852756,2.2312480568963386,1695655320000,stop,1579.8989542273262,1589.4874902277006,0.095802271488,-15.6361044739359
ETHUSDT,1695816000000,1,0.166,-5.005772312448179,0.2679106040652549,1695825120000,stop,1628.9969290450545,1598.841674150788,0.0,-5.273682916513434
ETHUSDT,1695830400000,-1,0.437,-12.183405407063448,0.7056889416143177,1695897540000,stop,1600.909013525826,1628.7886597662457,0.0361241093109,-12.852970239366865
ETHUSDT,1695931200000,1,0.124,4.561099908051233,0.2078311827526635,1696261740000,stop,1657.6663935374022,1694.449457312009,-0.04938680787593815,4.303881917422632
ETHUSDT,1696392000000,-1,0.075,-0.19241114808993984,0.12317665971793795,1696606200000,stop,1641.072721918573,1643.6382038931056,0.03491337236152267,-0.28067443544635506
ETHUSDT,1696852800000,-1,0.908,25.227457652592445,1.4308328139085293,1697230440000,stop,1589.6988356110412,1561.9152919407852,0.8609016217788702,24.657526460462783
ETHUSDT,1697889600000,1,0.152,24.269751985054498,0.2565664355614443,1698161400000,stop,1608.1023655849806,1767.7717865392865,-0.12269423770344966,23.890491311789603
ETHUSDT,1698307200000,1,0.27,-24.131928658050807,0.48763710761865775,1698337980000,stop,1850.7521183247522,1761.374604776416,-0.04800661640190001,-24.667572382071363
ETHUSDT,1698897600000,1,0.442,-25.047524833866166,0.809527375898165,1698938460000,stop,1859.8442043328012,1803.1755961113845,-0.16684831103039144,-26.023900520794722
ETHUSDT,1699156800000,1,0.543,78.86858873053664,1.0656714473221505,1699665840000,stop,1889.9395082078856,2035.1855279694635,-3.2082228212132806,74.59469446200121
ETHUSDT,1701360000000,-1,0.099,-0.8026175623577738,0.2016874677313547,1701374400000,exit,2033.1935247492506,2041.3007728538746,0.0,-1.0043050300891285
ETHUSDT,1701374400000,1,0.101,14.767019779778325,0.21355488992718158,1701762120000,stop,2041.3007924484398,2187.5089090799083,-0.28176111822907207,14.271703771622072
ETHUSDT,1701806400000,1,0.292,14.360875302076076,0.6711740476354728,1702202340000,stop,2273.950719124777,2323.1317989264076,-1.5388427732820815,12.150858481158522
ETHUSDT,1703592000000,-1,0.08600000000000001,1.054305542231091,0.19252278611492712,1703635200000,exit,2244.766731233054,2232.507364462925,0.13129453866907376,0.9930772947852375
ETHUSDT,1703635200000,1,0.083,8.231608518793916,0.18941391247441489,1703811660000,stop,2232.507327891782,2331.683334142311,-0.5225377727406819,7.51965683357882
ETHUSDT,1704297600000,-1,0.046,-1.7012148945535,0.1039389212720414,1704384000000,exit,2241.050300538362,2278.0332330286556,0.030867555270442,-1.7742862605550993
ETHUSDT,1704384000000,1,0.042,-1.4799820406888886,0.09493740184107924,1704427200000,exit,2278.0331633672304,2242.7954957317806,-0.009523773290262001,-1.5844432158202297
ETHUSDT,1704427200000,-1,0.042,-0.40736444877248873,0.09440109304512104,1704441600000,exit,2242.7954957317806,2252.4946492739828,0.009461213777274002,-0.4923043280403358
ETHUSDT,1704441600000,1,0.129,-1.3467924694844169,0.28989855641212126,1704456000000,exit,2252.49575695243,2242.0555052510003,0.0,-1.6366910258965381
ETHUSDT,1704456000000,-1,0.043000000000000003,0.3299665446325985,0.09624345001496004,1704484800000,exit,2242.0565880761937,2234.3829475033426,0.009567906268558002,0.24329100088619646
ETHUSDT,1704484800000,1,0.045,-0.7935878042587319,0.10015044025786349,1704666660000,stop,2234.3829813331745,2216.7476967940916,-0.06060036034755001,-0.9543386048641453
ETHUSDT,1704686400000,-1,0.08700000000000001,-4.372281045969433,0.19272542658985148,1704715200000,exit,2190.106736400767,2240.3628403774273,0.019346457769644006,-4.54566001478964
ETHUSDT,1704715200000,1,0.083,3.443415630539528,0.18767181951007736,1704804900000,stop,2240.362791503706,2281.849726811411,-0.057326063202824996,3.1984177478266256
ETHUSDT,1704859200000,1,0.223,31.431920076571483,0.542388147666045,1705095840000,stop,2361.7586889137187,2502.709003158434,-0.45651407065536903,30.433017858250068
ETHUSDT,1705924800000,-1,0.111,0.07704621477844148,0.2642383993055486,1705939200000,exit,2380.8731748913315,2380.1790648482825,0.026407419051095997,-0.16078476547601112
ETHUSDT,1705939200000,1,0.098,-4.993473499135097,0.23076079622613455,1705951800000,stop,2380.1789079153273,2329.225096699663,0.0,-5.2242342953612315
ETHUSDT,1705953600000,-1,0.083,5.340289193548331,0.19002624334304374,1706268600000,stop,2321.643228190577,2257.302394533368,0.204439088611986,5.3547020388172735
ETHUSDT,1706270400000,1,0.066,-0.9501209922003482,0.14823960554808993,1706481540000,stop,2253.252515821062,2238.8567432119657,-0.086490146071758,-1.184850743820196
ETHUSDT,1706558400000,1,0.28200000000000003,5.495386494395046,0.6492309000017285,1706695020000,stop,2292.4936409735137,2311.9808271238508,-0.30370577056489206,4.542449823828425
ETHUSDT,1706702400000,-1,0.07200000000000001,-2.1348486423742763,0.1665973946011996,1706716800000,exit,2299.0273650001727,2328.6780405887043,0.016767510354576003,-2.2846785266208998
ETHUSDT,1706716800000,1,0.069,-3.2255992008809242,0.15906598225733204,1706745600000,exit,2328.677997938732,2281.9301834332114,-0.008703290366763261,-3.3933684735050194
ETHUSDT,1706745600000,-1,0.064,-0.4150298835161375,0.14625105122657306,1706803200000,exit,2281.930254450234,2288.4150963801735,0.026084615244800005,-0.5351963194979106
ETHUSDT,1706803200000,1,0.062,0.9201476634720311,0.14234180799058846,1706832000000,exit,2288.415067078265,2303.256158424588,-0.014282018012322002,0.7635238374691207
ETHUSDT,1706832000000,-1,0.062,-0.5793967586297404,0.14309158020163937,1706860800000,exit,2303.256158424588,2312.6012674347453,0.005273786114798081,-0.7172145527165816
ETHUSDT,1706860800000,1,0.069,-2.2950167080793964,0.15842198615178082,1707073680000,stop,2312.6013696495725,2279.340257938277,-0.08729701931801755,-2.5407357135491946
ETHUSDT,1707134400000,1,0.338,-10.664139182465995,0.7817443377849197,1707148800000,exit,2328.6284241898006,2297.0777165493687,-0.07765818607586002,-11.523541706326775
ETHUSDT,1707148800000,-1,0.10200000000000001,-0.3878271586342153,0.23449603836152225,1707177600000,exit,2297.0796547275013,2300.881881772935,0.013355904000600001,-0.6089672929951375
ETHUSDT,1707177600000,1,0.098,17.427879044451615,0.2342003593398626,1707731460000,stop,2300.8818348738446,2478.7173353274325,-0.3818017728355462,16.811876912276205
ETHUSDT,1707753600000,1,0.41200000000000003,17.909388705028025,1.0626404839735988,1707834120000,stop,2557.489780633701,2600.9591706944484,-0.21877421089912003,16.627974010155306
ETHUSDT,1707912000000,1,0.224,-2.499553574539852,0.6166122624506096,1708096380000,stop,2758.3126751691048,2747.1539538541947,-0.45935800884436656,-3.575523845834828
ETHUSDT,1708300800000,1,0.303,3.9071451620778914,0.8757251359124569,1708509420000,stop,2883.7345324469243,2896.6294009686335,-1.018543635265337,2.0128763909000975
ETHUSDT,1708833600000,1,0.28600000000000003,53.80616852378524,0.8927598839725559,1709141460000,stop,3027.4713276596613,3215.6047840365327,-3.4610620296104924,49.452346610202184
ETHUSDT,1709164800000,1,0.14100000000000001,-7.451261948763216,0.4738831795501587,1709242440000,stop,3387.2965285428386,3334.450699118986,-0.7296695903746435,-8.654814718688018
ETHUSDT,1709568000000,1,0.225,15.446828578718089,0.8093831073486863,1709658480000,stop,3562.9319691525657,3631.584540613535,-1.860856225483748,12.776589245885654
ETHUSDT,1709712000000,1,0.083,3.777458469185766,0.316466594881879,1710110460000,stop,3790.094766834772,3835.6063146562874,-1.7016926210889973,1.7592992532148897
ETHUSDT,1710144000000,1,0.179,-17.85787960119379,0.7095809386920762,1710260700000,stop,4014.021667556833,3914.25697704737,-1.5749241034789079,-20.142384643364775
ETHUSDT,1710849600000,-1,0.022,-1.258687603052479,0.07275856756393659,1710878400000,exit,3278.6010801095613,3335.814152975583,0.0097926580004,-1.3216535126160156
ETHUSDT,1710878400000,1,0.024,-4.204862846207474,0.0779571102970515,1710892800000,exit,3335.8142383398017,3160.611619747823,-0.0122121897216,-4.295032146226125
ETHUSDT,1710892800000,-1,0.023,-4.918773379097404,0.07515345483954455,1710942060000,stop,3160.611658695472,3374.471370830142,0.007407267953407001,-4.986519565983542
ETHUSDT,1710979200000,1,0.017,-1.8801879526716163,0.0588671713065127,1711108800000,exit,3518.0744284028533,3407.475137069229,-0.04625457097719295,-1.985309694955322
ETHUSDT,1711108800000,-1,0.021,0.366808219673454,0.07137356969047734,1711281600000,exit,3407.4749428720984,3390.0078847924096,0.05898846270529722,0.35442311268827387
ETHUSDT,1711281600000,1,0.031,3.5139625348809207,0.10684723850283301,1711548720000,stop,3390.0082979158883,3503.3619280733374,-0.22144801497208866,3.185667281405999
ETHUSDT,1711843200000,-1,0.05,-1.5765112808308688,0.17621608278726578,1711857600000,exit,3508.5565429370067,3540.086768553624,0.0,-1.7527273636181346
ETHUSDT,1711857600000,1,0.051000000000000004,0.72814768230641,0.1809085006431781,1711950420000,stop,3540.0868000397036,3554.3642055751234,-0.34197845697219564,0.2052607246910363
ETHUSDT,1712044800000,-1,0.034,1.6044726695310656,0.11359689089091059,1712116800000,exit,3364.6802125198856,3317.489839886619,0.025088047429172616,1.5159638260693276
ETHUSDT,1712116800000,1,0.029,-0.3024292151878349,0.09605598550113481,1712131200000,exit,3317.4896589216805,3307.061065294514,-0.009590269659098002,-0.4080754703480677
ETHUSDT,1712131200000,-1,0.028,-3.1944202724947663,0.09419492102423277,1712253660000,stop,3307.061103142335,3421.1475414457195,0.037334421090904006,-3.251280772428095
ETHUSDT,1712318400000,-1,0.035,-4.322803487209786,0.11574703837452996,1712437260000,stop,3245.3039037407157,3368.8125748038524,0.05443076933,-4.384119756254316
ETHUSDT,1712462400000,1,0.041,7.771124505173906,0.1428659720297042,1712672940000,stop,3389.7660921248107,3579.305714202223,-0.15653957002214214,7.4717189631220595
ETHUSDT,1712952000000,-1,0.082,0.22433620382617028,0.26282675593000326,1713161820000,stop,3206.572244291663,3203.8364369279293,0.18094686638638602,0.14245631428255304
ETHUSDT,1713369600000,-1,0.08,-12.826724964560817,0.24203550715361102,1713509640000,stop,2945.2768083916326,3105.610870448643,0.039042904054758534,-13.02971756765967
ETHUSDT,1713902400000,1,0.051000000000000004,-1.438485748839955,0.16336704070306718,1713969360000,stop,3217.3781093624934,3189.172506444063,-0.010944437795853837,-1.612797227338876
ETHUSDT,1714003200000,-1,0.046,-0.33083461743748105,0.14454341918510316,1714017600000,exit,3138.652214704009,3145.844271604824,0.0,-0.4753780366225842
ETHUSDT,1714017600000,1,0.046,-0.5060020957753432,0.1444558354459342,1714032000000,exit,3145.844271604824,3134.8442260444904,-0.00246002641,-0.6529179576312774
ETHUSDT,1714032000000,-1,0.046,-1.3849531210369386,0.144895310958565,1714075200000,exit,3134.8442260444904,3164.9519025887716,0.014533102,-1.5153153299955038
ETHUSDT,1714075200000,1,0.041,-1.0107560316542177,0.12925764410905433,1714104000000,exit,3164.951759143449,3140.2991730055414,-0.0021094055724,-1.142123081335672
ETHUSDT,1714104000000,-1,0.044,-3.1065192601743616,0.13972641945629594,1714239600000,stop,3140.29908695929,3210.901797417798,0.03825706936465616,-3.2079886102660016
ETHUSDT,1714248000000,1,0.048,-1.1674070896885096,0.15474315636102928,1714359720000,stop,3235.976248039032,3211.6552670038545,-0.05475737402370613,-1.376907620073245
ETHUSDT,1714377600000,-1,0.039,0.2164106443369733,0.12417524243549906,1714406400000,exit,3186.755070709424,3181.206079828989,0.007418596396538004,0.09965399829801225
ETHUSDT,1714406400000,1,0.038,-3.559159635345357,0.11910625004854608,1714466700000,stop,3181.20604911102,3087.543953444037,-0.018046077700036724,-3.69631196309394
ETHUSDT,1714478400000,-1,0.108,-3.0032869035948786,0.32611401732103784,1714702380000,stop,3005.6701284188925,3033.4783404892155,0.12467624175105617,-3.2047246791648605
ETHUSDT,1714852800000,1,0.049,-1.0169262291422387,0.1531622690536696,1714867200000,exit,3136.1373911885858,3115.383794675479,-0.013507756425291622,-1.1835962546212
ETHUSDT,1714867200000,-1,0.151,-3.2140314397393728,0.47202967369382576,1714910400000,exit,3115.3818408871266,3136.6668173092417,0.044029971365215664,-3.642031142067983
ETHUSDT,1714910400000,1,0.049,-2.3115000134811226,0.1525408273315586,1715000040000,stop,3136.664843638758,3089.491373975878,-0.032770042285477,-2.496810883098158
ETHUSDT,1715040000000,-1,0.049,-0.730600625697879,0.15037400052449548,1715068800000,exit,3061.4020451356437,3076.312261986621,0.006071624959243629,-0.8749030012631308
ETHUSDT,1715068800000,1,0.046,-3.9950049192198556,0.1395128579621292,1715169600000,exit,3076.3121830812856,2989.4642500547666,-0.03055321945942615,-4.165070996641411
ETHUSDT,1715169600000,-1,0.041,1.3337269626554749,0.12190117617063267,1715587020000,stop,2989.464381755132,2956.9344558367056,0.13894813005112897,1.3507739165359713
ETHUSDT,1715731200000,-1,0.277,-24.035339757941,0.8099931683714043,1715779740000,stop,2880.7779728968726,2967.5481525284285,0.06596926038756822,-24.779363665924834
ETHUSDT,1716206400000,1,0.068,42.81754842959032,0.23173569466351895,1716487800000,stop,3093.0429477753496,3722.712777622266,-0.28253043229075503,42.30328230263604
ETHUSDT,1716782400000,1,0.243,-17.830037131941502,0.944280242556387,1716861000000,stop,3922.6142433018836,3849.239604898832,-0.286190009079597,-19.060507383577487
ETHUSDT,1717171200000,-1,0.039,-1.6224151650418666,0.14694463108572192,1717185600000,exit,3747.0108590564355,3788.611247903663,0.0,-1.7693597961275884
ETHUSDT,1717185600000,1,0.038,-0.9306184952525227,0.14350191665561937,1717200000000,exit,3788.6112079801483,3764.121247578766,-0.024502248281570035,-1.098622660189712
ETHUSDT,1717200000000,-1,0.039,-0.45152894583703573,0.1470264915863131,1717228800000,exit,3764.121208035758,3775.698873313631,0.019153963035169412,-0.5794014743881795
ETHUSDT,1717228800000,1,0.041,0.7927306528866198,0.15520002232791674,1717315200000,exit,3775.698951255449,3795.033845228293,-0.05813742157800735,0.5793932089806957
ETHUSDT,1717315200000,-1,0.052000000000000005,-0.3746666770828361,0.1975290724201009,1717387200000,exit,3795.0334438761433,3802.2385722815825,0.04475661199882509,-0.5274391375041119
ETHUSDT,1717387200000,1,0.065,-3.695820434336224,0.2452976245391832,1717460340000,stop,3802.2389962515585,3745.3802203386936,-0.09537362319060987,-4.036491682066018
ETHUSDT,1717617600000,1,0.151,-12.582618631492787,0.5796148239794728,1717702620000,stop,3880.1730681802596,3796.844467971698,-0.3190473687635922,-13.481280824235851
ETHUSDT,1717992000000,-1,0.097,-1.701944328126654,0.35835891091742994,1718034540000,stop,3685.648853127491,3703.1946709432295,0.03541276,-2.024890479044084
ETHUSDT,1718078400000,-1,0.069,3.225831101443656,0.2465499344209237,1718186520000,stop,3596.5630430673264,3549.811867684085,0.09665834059772101,3.075939507620453
ETHUSDT,1718294400000,-1,0.11,-9.564829745438129,0.38338015929804603,1718431260000,stop,3441.797676593881,3528.7506742796822,0.15320721249999,-9.795002692236185
ETHUSDT,1718553600000,1,0.049,-2.591952949139515,0.17467204665911773,1718613180000,stop,3591.1841455854583,3538.2871466234274,-0.035158435022752996,-2.8017834308213856
ETHUSDT,1718625600000,-1,0.166,-4.445417278811777,0.5875141580299761,1718654400000,exit,3525.852104762471,3552.631726923987,0.053033642401,-4.979897794440753
ETHUSDT,1718654400000,1,0.048,-2.0738168606702456,0.16948928585292394,1718668800000,exit,3552.629047567897,3509.424529637267,-0.011201430695170446,-2.25450757721834
ETHUSDT,1718668800000,-1,0.145,-4.693651348564387,0.511213054948578,1718759880000,stop,3509.4222708572124,3541.792280157657,0.12043422596883221,-5.0844301775441325
ETHUSDT,1718769600000,1,0.032,-0.68844380366322,0.1137172425945151,1718784000000,exit,3564.4207655108344,3542.9068966463587,-0.011337856,-0.8134989022577351
ETHUSDT,1718784000000,-1,0.032,-2.0264778678834556,0.11438625962662521,1718870400000,exit,3542.9068966463587,3606.2343300177167,0.025696154396329995,-2.115167973113751
ETHUSDT,1718870400000,1,0.036000000000000004,-3.673660386453119,0.12798761137082443,1718899200000,exit,3606.2344878903045,3504.1883660443846,-0.00397256336977297,-3.8056205611937166
ETHUSDT,1718899200000,-1,0.037,0.4590451273723356,0.12942544563025893,1718985600000,exit,3504.188329566084,3491.7817045019665,0.01658914927538468,0.34620883101746136
ETHUSDT,1718985600000,1,0.041,0.5589252989237367,0.14344251829156834,1719028800000,exit,3491.7818449294255,3505.414169293419,-0.0065816376024,0.4089011430297683
ETHUSDT,1719028800000,-1,0.041,0.031041680227552663,0.14370646010091642,1719072000000,exit,3505.414169293419,3504.657055141527,0.013981491901600002,-0.09868328797176376
ETHUSDT,1719072000000,1,0.048,-0.6971618598390341,0.16787496882670888,1719086400000,exit,3504.6572865964245,3490.1330811831112,0.0,-0.865036828665743
ETHUSDT,1719086400000,-1,0.05,-1.3593430039004717,0.17518632243171584,1719115200000,exit,3490.1330185953116,3517.319878673321,0.011723208750000002,-1.5228061175821874
ETHUSDT,1719115200000,1,0.185,-11.777049235845793,0.6448161883640529,1719174780000,stop,3517.3227728755446,3453.663047276378,-0.05291212440233249,-12.474777548612177
ETHUSDT,1719187200000,-1,0.076,3.44842651866557,0.2581393539826772,1719284880000,stop,3419.2574637106577,3373.8834305703213,0.069531206413084,3.2598183710959767
ETHUSDT,1719849600000,1,0.073,-0.2921184656474565,0.25345498368292896,1719864000000,exit,3473.986889256886,3469.9852664397977,0.0,-0.5455734493303854
ETHUSDT,1719864000000,-1,0.07,29.5108909028327,0.22814352859270193,1720283880000,stop,3469.985343487404,3048.401187732651,0.3058824120907801,29.588629786330777
ETHUSDT,1720411200000,-1,0.233,-25.01477462731101,0.6830095720627178,1720426620000,stop,2877.6917800388937,2985.0513277955934,0.023333226592200003,-25.67445097278153
ETHUSDT,1720944000000,1,0.06,10.884363871607839,0.19710774290373076,1721115600000,stop,3194.426016132114,3375.8320806589113,-0.048028919124304875,10.639227209579804
ETHUSDT,1721203200000,1,0.10300000000000001,-3.965398335252518,0.3569396544487414,1721584260000,stop,3484.6830448191026,3446.184031855486,-0.29580953010377337,-4.618147519805033
ETHUSDT,1721606400000,1,0.296,-23.943277540827577,1.0342229333195072,1721658180000,stop,3534.441121925409,3453.5516707739644,-0.07975369367280001,-25.057254167819885
ETHUSDT,1721880000000,-1,0.032,-3.347557028070558,0.1029930720075638,1721974440000,stop,3166.227921672766,3270.839078799971,0.0079094336256,-3.4426406664525215
ETHUSDT,1722312000000,1,0.046,-3.670480575230035,0.15086341794895636,1722370140000,stop,3319.5360486211166,3239.742992637855,-0.030634296884868,-3.8519782900638595
ETHUSDT,1722456000000,-1,0.042,30.34895309823189,0.12194472223014866,1722905340000,stop,3264.742828077728,2542.1487066912546,0.08480048526003643,30.311808861261774
ETHUSDT,1724529600000,1,0.058,-4.163809053678145,0.15981541898678084,1724664720000,stop,2791.3331640279293,2719.5433527576165,-0.016371452263178002,-4.339995924928104
ETHUSDT,1724760000000,-1,0.066,5.115318490479451,0.1707229285312463,1724839080000,stop,2625.463451158879,2547.958625545554,0.0015336112672624388,4.946129173215468
ETHUSDT,1725235200000,-1,0.296,-21.879937312020363,0.7285528598191919,1725270600000,stop,2424.3678755512897,2498.2865826864936,0.028195440691199995,-22.580294731148356
ETHUSDT,1725408000000,-1,0.245,-12.62546103599281,0.6001688140965805,1725466800000,stop,2423.9023819534045,2475.434875977865,0.028551660737017513,-13.197078189352373
ETHUSDT,1725552000000,-1,0.226,11.310759298566046,0.5299538856648012,1725834180000,stop,2369.9525013897533,2319.9048938739743,0.1311671366489872,10.911972549550232
ETHUSDT,1726286400000,1,0.07,-1.009541771507429,0.16971634642466502,1726329600000,exit,2431.730247291696,2417.308221984447,0.00047436665571434994,-1.1787837512763797
ETHUSDT,1726329600000,-1,0.23700000000000002,18.319646290492404,0.5637418048417887,1726582500000,stop,2417.3064472026786,2340.0083615887866,0.04725379530739991,17.803158280958012
ETHUSDT,1726819200000,1,0.051000000000000004,-0.9992578954973024,0.13004823872257168,1727042460000,stop,2559.762111182751,2540.1688191141766,-0.06284447753821029,-1.1921506117580842
ETHUSDT,1727064000000,1,0.055,-4.397100869728715,0.14495881731436144,1727279760000,stop,2675.5885045313785,2595.6412159908564,-0.050644152565952685,-4.59270383960903
ETHUSDT,1727452800000,1,0.193,-8.490003913874157,0.5134410022641012,1727596260000,stop,2682.31090269968,2638.3212451148397,-0.1381746604354422,-9.1416195765737
ETHUSDT,1727596800000,-1,0.08,-0.9881315206077489,0.21165359171255854,1727611200000,exit,2639.4940744031833,2651.84571841078,0.0,-1.1997851123203074
ETHUSDT,1727611200000,1,0.245,-9.892392510758045,0.6447564815835647,1727661780000,stop,2651.8476646487497,2611.4705523599414,-0.09790778787733156,-10.635056780218942
ETHUSDT,1727712000000,-1,0.078,0.021396753418811386,0.2023923918091715,1727726400000,exit,2594.911412639499,2594.6370952879756,0.0,-0.18099563839036012
