ts,equity
1633737600000,10000.0
1633741200000,10000.0
1633744800000,10000.0
1633748400000,10000.0
1633752000000,9999.939471057416
1633755600000,10000.918561057415
1633759200000,10000.425831057415
1633762800000,10001.961141057416
1633766400000,10002.402537838694
1633770000000,10000.910207838693
1633773600000,10002.544637838693
1633777200000,10001.938997838693
1633780800000,10001.903997838694
1633784400000,10003.010487838694
1633788000000,10005.041817838694
1633791600000,10004.101997838694
1633795200000,10002.862740071703
1633798800000,10001.569070071702
1633802400000,10002.288530071703
1633806000000,10002.127670071703
1633809600000,9999.705250071704
1633813200000,10000.189440071703
1633816800000,10001.106090071702
1633820400000,10001.929430071703
1633824000000,10002.112722176751
1633827600000,10002.34806217675
1633831200000,9997.97068217675
1633834800000,10000.32940217675
1633838400000,10003.31637217675
1633842000000,10009.79004217675
1633845600000,10006.77010217675
1633849200000,10007.24155217675
1633852800000,10007.326571146172
1633856400000,10006.563921146171
1633860000000,10002.28076114617
1633863600000,10002.805691146172
1633867200000,10003.96594114617
1633870800000,10002.024001146172
1633874400000,10004.620931146172
1633878000000,10003.36975114617
1633881600000,10005.109191796339
1633885200000,10005.35636179634
1633888800000,10004.31868179634
1633892400000,10005.058721796338
1633896000000,10005.70342179634
1633899600000,10005.38961179634
1633903200000,10001.119331796339
1633906800000,10002.048511796338
1633910400000,10000.089906343339
1633914000000,10003.51304634334
1633917600000,10005.103236343339
1633921200000,10008.731196343339
1633924800000,10012.251846343339
1633928400000,10013.31157634334
1633932000000,10013.98826634334
1633935600000,10014.08794634334
1633939200000,10015.280313519339
1633942800000,10013.665483519339
1633946400000,10013.344253519339
1633950000000,10011.485333519338
1633953600000,10012.188973519338
1633957200000,10013.36028351934
1633960800000,10017.831673519338
1633964400000,10019.161533519338
1633968000000,10020.29392937187
1633971600000,10018.14632937187
1633975200000,10019.05233937187
1633978800000,10018.89385937187
1633982400000,10019.24854937187
1633986000000,10018.92017937187
1633989600000,10016.90550937187
1633993200000,10017.15554937187
1633996800000,10019.35746937187
1634000400000,10016.14509937187
1634004000000,10016.90305937187
1634007600000,10014.59578937187
1634011200000,10013.903559371869
1634014800000,10016.65987937187
1634018400000,10019.24196937187
1634022000000,10018.15409937187
1634025600000,10018.647428085324
1634029200000,10019.744958085323
1634032800000,10015.637918085324
1634036400000,10017.818838085323
1634040000000,10018.315488085324
1634043600000,10016.176288085324
1634047200000,10016.422128085323
1634050800000,10011.866108085324
1634054400000,10011.421223176323
1634058000000,10009.028413176324
1634061600000,10009.449113176322
1634065200000,10006.643863176323
1634068800000,10004.380273176323
1634072400000,10004.110003176324
1634076000000,10010.255863176324
1634079600000,10012.468843176322
1634083200000,10009.421799778323
1634086800000,10012.744979778323
1634090400000,10011.142609778322
1634094000000,10012.268629778322
1634097600000,10010.893339778322
1634101200000,10009.576429778323
1634104800000,10001.921159778323
1634108400000,10005.087189778324
1634112000000,9999.362352933322
1634115600000,10000.126052933323
1634119200000,10001.068532933323
1634122800000,10000.119612933322
1634126400000,10003.562912933323
1634130000000,10002.244182933322
1634133600000,10000.600652933323
1634137200000,10008.766642933322
1634140800000,10010.261173687846
1634144400000,10016.496283687846
1634148000000,10016.064803687847
1634151600000,10016.449873687847
1634155200000,10017.994073687845
1634158800000,10016.672333687846
1634162400000,10020.509173687846
1634166000000,10018.687283687847
1634169600000,10018.862705038846
1634173200000,10021.030815038846
1634176800000,10025.354085038845
1634180400000,10025.016965038845
1634184000000,10023.929795038846
1634187600000,10023.605695038847
1634191200000,10022.911645038846
1634194800000,10021.382495038846
1634198400000,10019.195718945091
1634202000000,10019.420418945092
1634205600000,10018.740088945091
1634209200000,10020.786258945092
1634212800000,10019.969918945091
1634216400000,10020.380258945092
1634220000000,10019.394448945091
1634223600000,10018.947218945092
1634227200000,10018.277836900323
1634230800000,10016.894636900322
1634234400000,10017.174076900323
1634238000000,10022.547346900323
1634241600000,10021.584776900321
1634245200000,10019.520546900321
1634248800000,10021.236946900322
1634252400000,10020.395616900321
1634256000000,10018.18979643089
1634259600000,10016.817446430889
1634263200000,10017.97573643089
1634266800000,10031.59010643089
1634270400000,10033.06115643089
1634274000000,10033.947776430889
1634277600000,10034.30337643089
1634281200000,10034.529126430889
1634284800000,10032.11304471273
1634288400000,10030.00814471273
1634292000000,10032.25906471273
1634295600000,10031.43747471273
1634299200000,10033.44031471273
1634302800000,10031.77130471273
1634306400000,10036.41986471273
1634310000000,10037.12616471273
1634313600000,10037.168877662749
1634317200000,10047.12378766275
1634320800000,10048.839977662748
1634324400000,10048.38441766275
1634328000000,10046.89054766275
1634331600000,10053.84777766275
1634335200000,10046.101927662748
1634338800000,10045.75150766275
1634342400000,10048.311840275022
1634346000000,10045.614320275023
1634349600000,10045.521570275023
1634353200000,10047.892330275023
1634356800000,10047.831500275022
1634360400000,10048.828580275022
1634364000000,10051.513570275021
1634367600000,10049.945990275022
1634371200000,10048.811266837056
1634374800000,10047.619236837056
1634378400000,10046.836846837057
1634382000000,10047.353936837057
1634385600000,10047.778206837056
1634389200000,10042.735476837057
1634392800000,10043.202026837056
1634396400000,10043.232126837056
1634400000000,10042.867585039412
1634403600000,10040.73615503941
1634407200000,10040.239155039411
1634410800000,10043.762465039412
1634414400000,10042.777215039412
1634418000000,10043.384815039411
1634421600000,10040.636895039412
1634425200000,10041.657215039411
1634428800000,10042.55266817813
1634432400000,10042.74439817813
1634436000000,10043.77157817813
1634439600000,10043.68176817813
1634443200000,10044.21600817813
1634446800000,10043.03993817813
1634450400000,10041.278668178129
1634454000000,10041.05886817813
1634457600000,10038.855656327898
1634461200000,10040.700296327897
1634464800000,10044.786126327897
1634468400000,10044.321606327898
1634472000000,10043.103326327897
1634475600000,10041.736016327897
1634479200000,10043.096606327897
1634482800000,10043.997716327898
1634486400000,10041.558596455267
1634490000000,10042.681466455266
1634493600000,10042.904766455265
1634497200000,10042.740266455266
1634500800000,10039.133726455266
1634504400000,10032.258186455267
1634508000000,10041.940866455267
1634511600000,10045.894466455266
1634515200000,10046.572407024867
1634518800000,10053.135537024868
1634522400000,10051.814637024867
1634526000000,10051.034207024866
1634529600000,10050.941807024867
1634533200000,10052.238977024866
1634536800000,10051.854327024867
1634540400000,10051.544717024866
1634544000000,10049.515374424695
1634547600000,10047.663874424694
1634551200000,10043.219224424694
1634554800000,10044.463964424694
1634558400000,10042.712774424695
1634562000000,10039.105674424694
1634565600000,10049.012774424695
1634569200000,10050.597924424696
1634572800000,10049.369549889552
1634576400000,10048.811509889552
1634580000000,10047.803859889553
1634583600000,10047.375319889552
1634587200000,10044.799389889551
1634590800000,10044.479419889552
1634594400000,10047.974799889553
1634598000000,10049.716539889552
1634601600000,10049.509383338553
1634605200000,10049.070063338553
1634608800000,10048.652023338553
1634612400000,10047.880413338553
1634616000000,10054.407073338552
1634619600000,10052.489143338553
1634623200000,10052.606323338552
1634626800000,10050.766583338553
1634630400000,10051.289960436017
1634634000000,10052.822680436017
1634637600000,10050.484960436017
1634641200000,10050.920570436017
1634644800000,10049.803510436017
1634648400000,10050.217770436017
1634652000000,10052.906890436017
1634655600000,10052.342060436016
1634659200000,10052.462860787016
1634662800000,10058.839720787017
1634666400000,10059.080730787016
1634670000000,10059.641150787016
1634673600000,10063.714170787016
1634677200000,10063.348560787017
1634680800000,10063.997670787016
1634684400000,10063.751550787016
1634688000000,10065.72597035287
1634691600000,10063.451810352872
1634695200000,10062.571910352872
1634698800000,10062.20574035287
1634702400000,10062.455710352871
1634706000000,10063.51600035287
1634709600000,10061.89424035287
1634713200000,10061.91111035287
1634716800000,10063.11501879287
1634720400000,10063.50757879287
1634724000000,10063.33768879287
1634727600000,10062.40724879287
1634731200000,10062.10113879287
1634734800000,10065.89597879287
1634738400000,10076.75262879287
1634742000000,10083.44203879287
1634745600000,10082.703217605704
1634749200000,10080.350937605705
1634752800000,10080.003107605704
1634756400000,10082.070767605705
1634760000000,10079.366457605704
1634763600000,10076.815027605704
1634767200000,10074.794057605704
1634770800000,10076.573527605704
1634774400000,10076.914829416059
1634778000000,10074.723059416057
1634781600000,10071.212139416059
1634785200000,10069.033319416058
1634788800000,10070.111249416059
1634792400000,10069.820609416058
1634796000000,10068.622349416059
1634799600000,10067.128339416058
1634803200000,10070.943828039986
1634806800000,10076.143078039986
1634810400000,10078.013478039986
1634814000000,10073.993588039986
1634817600000,10068.932308039986
1634821200000,10069.707278039987
1634824800000,10068.368668039986
1634828400000,10061.129268039986
1634832000000,10053.933734835655
1634835600000,10055.114004835654
1634839200000,10052.603104835654
1634842800000,10053.946824835655
1634846400000,10054.288144835655
1634850000000,10053.644074835654
1634853600000,10053.024224835655
1634857200000,10051.727404835654
1634860800000,10049.251163175268
1634864400000,10053.932483175267
1634868000000,10051.910463175269
1634871600000,10054.451043175268
1634875200000,10056.266493175268
1634878800000,10055.916493175268
1634882400000,10055.306233175268
1634886000000,10053.584723175269
1634889600000,10057.205338685306
1634893200000,10058.616188685306
1634896800000,10057.161308685307
1634900400000,10056.562458685306
1634904000000,10057.934458685306
1634907600000,10059.570148685307
1634911200000,10049.562458685306
1634914800000,10047.318029786635
1634918400000,10047.318029786635
1634922000000,10047.318029786635
1634925600000,10047.318029786635
1634929200000,10047.318029786635
1634932800000,10047.318029786635
1634936400000,10047.318029786635
1634940000000,10047.318029786635
1634943600000,10047.318029786635
1634947200000,10047.318029786635
1634950800000,10047.318029786635
1634954400000,10047.318029786635
1634958000000,10047.318029786635
1634961600000,10047.318029786635
1634965200000,10047.318029786635
1634968800000,10047.318029786635
1634972400000,10047.318029786635
1634976000000,10047.318029786635
1634979600000,10047.318029786635
1634983200000,10047.318029786635
1634986800000,10047.318029786635
1634990400000,10047.318029786635
1634994000000,10047.318029786635
1634997600000,10047.318029786635
1635001200000,10047.318029786635
1635004800000,10047.318029786635
1635008400000,10047.318029786635
1635012000000,10047.318029786635
1635015600000,10047.318029786635
1635019200000,10047.318029786635
1635022800000,10047.318029786635
1635026400000,10047.318029786635
1635030000000,10047.318029786635
1635033600000,10047.318029786635
1635037200000,10047.318029786635
1635040800000,10047.318029786635
1635044400000,10047.318029786635
1635048000000,10047.318029786635
1635051600000,10047.318029786635
1635055200000,10047.318029786635
1635058800000,10047.318029786635
1635062400000,10047.318029786635
1635066000000,10047.318029786635
1635069600000,10047.318029786635
1635073200000,10047.318029786635
1635076800000,10047.318029786635
1635080400000,10047.318029786635
1635084000000,10047.318029786635
1635087600000,10047.318029786635
1635091200000,10047.318029786635
1635094800000,10047.318029786635
1635098400000,10047.318029786635
1635102000000,10047.318029786635
1635105600000,10047.318029786635
1635109200000,10047.318029786635
1635112800000,10047.318029786635
1635116400000,10047.318029786635
1635120000000,10047.318029786635
1635123600000,10047.318029786635
1635127200000,10047.318029786635
1635130800000,10047.318029786635
1635134400000,10047.318029786635
1635138000000,10047.318029786635
1635141600000,10047.318029786635
1635145200000,10047.318029786635
1635148800000,10047.318029786635
1635152400000,10047.318029786635
1635156000000,10047.318029786635
1635159600000,10047.318029786635
1635163200000,10047.318029786635
1635166800000,10047.318029786635
1635170400000,10047.318029786635
1635174000000,10047.318029786635
1635177600000,10047.318029786635
1635181200000,10047.318029786635
1635184800000,10047.318029786635
1635188400000,10047.318029786635
1635192000000,10047.318029786635
1635195600000,10047.318029786635
1635199200000,10047.318029786635
1635202800000,10047.318029786635
1635206400000,10047.318029786635
1635210000000,10047.318029786635
1635213600000,10047.318029786635
1635217200000,10047.318029786635
1635220800000,10047.318029786635
1635224400000,10047.318029786635
1635228000000,10047.318029786635
1635231600000,10047.318029786635
1635235200000,10047.318029786635
1635238800000,10047.318029786635
1635242400000,10047.318029786635
1635246000000,10047.318029786635
1635249600000,10047.318029786635
1635253200000,10047.318029786635
1635256800000,10047.318029786635
1635260400000,10047.318029786635
1635264000000,10047.318029786635
1635267600000,10047.318029786635
1635271200000,10047.318029786635
1635274800000,10047.318029786635
1635278400000,10047.318029786635
1635282000000,10047.318029786635
1635285600000,10047.318029786635
1635289200000,10047.318029786635
1635292800000,10047.318029786635
1635296400000,10047.318029786635
1635300000000,10047.318029786635
1635303600000,10047.318029786635
1635307200000,10047.318029786635
1635310800000,10047.318029786635
1635314400000,10047.318029786635
1635318000000,10047.318029786635
1635321600000,10047.318029786635
1635325200000,10047.318029786635
1635328800000,10047.318029786635
1635332400000,10047.318029786635
1635336000000,10047.318029786635
1635339600000,10047.318029786635
1635343200000,10047.318029786635
1635346800000,10047.318029786635
1635350400000,10047.318029786635
1635354000000,10047.318029786635
1635357600000,10047.318029786635
1635361200000,10047.318029786635
1635364800000,10047.318029786635
1635368400000,10047.318029786635
1635372000000,10047.318029786635
1635375600000,10047.318029786635
1635379200000,10047.318029786635
1635382800000,10047.318029786635
1635386400000,10047.318029786635
1635390000000,10047.318029786635
1635393600000,10047.318029786635
1635397200000,10047.318029786635
1635400800000,10047.318029786635
1635404400000,10047.318029786635
1635408000000,10047.318029786635
1635411600000,10047.318029786635
1635415200000,10047.318029786635
1635418800000,10047.318029786635
1635422400000,10047.318029786635
1635426000000,10047.318029786635
1635429600000,10047.318029786635
1635433200000,10047.318029786635
1635436800000,10047.318029786635
1635440400000,10047.318029786635
1635444000000,10047.318029786635
1635447600000,10047.318029786635
1635451200000,10048.006510304316
1635454800000,10046.793550304317
1635458400000,10047.390190304317
1635462000000,10047.309550304317
1635465600000,10048.457515558226
1635469200000,10051.381195558228
1635472800000,10052.221675558227
1635476400000,10052.379115558228
1635480000000,10053.268555558227
1635483600000,10051.937035558227
1635487200000,10049.969035558226
1635490800000,10050.799915558227
1635494400000,10049.935800315352
1635498000000,10051.063320315352
1635501600000,10050.296280315353
1635505200000,10050.290040315353
1635508800000,10049.575320315353
1635512400000,10049.628120315352
1635516000000,10052.215800315353
1635519600000,10051.069560315353
1635523200000,10056.151374761008
1635526800000,10055.031054761008
1635530400000,10054.432974761008
1635534000000,10052.341134761009
1635537600000,10053.893454761008
1635541200000,10053.725454761008
1635544800000,10055.078094761007
1635548400000,10054.343214761007
1635552000000,10054.759927760173
1635555600000,10052.383447760174
1635559200000,10051.870327760174
1635562800000,10051.893367760174
1635566400000,10051.139767760174
1635570000000,10050.896407760174
1635573600000,10051.699447760173
1635577200000,10051.659607760173
1635580800000,10051.352369265805
1635584400000,10049.624369265806
1635588000000,10049.888849265806
1635591600000,10051.084049265806
1635595200000,10050.233969265806
1635598800000,10049.568689265805
1635602400000,10049.237969265805
1635606000000,10047.540689265805
1635609600000,10047.850880359083
1635613200000,10047.803840359084
1635616800000,10048.862240359083
1635620400000,10049.984480359082
1635624000000,10050.334880359083
1635627600000,10049.210240359083
1635631200000,10048.344320359083
1635634800000,10047.743840359082
1635638400000,10049.892715544647
1635642000000,10052.945035544646
1635645600000,10052.056555544646
1635649200000,10051.658635544647
1635652800000,10052.048875544646
1635656400000,10052.103115544647
1635660000000,10049.988235544646
1635663600000,10049.765995544647
1635667200000,10049.575815185628
1635670800000,10046.85613518563
1635674400000,10046.32525518563
1635678000000,10046.389095185628
1635681600000,10043.46349518563
1635685200000,10043.628135185629
1635688800000,10043.677095185629
1635692400000,10044.123975185628
1635696000000,10044.643892468537
1635699600000,10045.749812468537
1635703200000,10045.704212468538
1635706800000,10046.372852468538
1635710400000,10045.794452468537
1635714000000,10046.998292468537
1635717600000,10049.458292468538
1635721200000,10048.641332468538
1635724800000,10048.11654352427
1635728400000,10049.65590352427
1635732000000,10048.20582352427
1635735600000,10045.287423524269
1635739200000,10042.56822352427
1635742800000,10044.93462352427
1635746400000,10044.76902352427
1635750000000,10046.497983524268
1635753600000,10049.123379673878
1635757200000,10049.699379673879
1635760800000,10049.724819673878
1635764400000,10050.129939673878
1635768000000,10049.467539673878
1635771600000,10051.098099673878
1635775200000,10051.667379673878
1635778800000,10050.141459673878
1635782400000,10050.780326829363
1635786000000,10050.780326829363
1635789600000,10050.780326829363
1635793200000,10050.780326829363
1635796800000,10050.780326829363
1635800400000,10050.780326829363
1635804000000,10050.780326829363
1635807600000,10050.780326829363
1635811200000,10050.780326829363
1635814800000,10050.780326829363
1635818400000,10050.780326829363
1635822000000,10050.780326829363
1635825600000,10050.780326829363
1635829200000,10050.780326829363
1635832800000,10050.780326829363
1635836400000,10050.780326829363
1635840000000,10050.780326829363
1635843600000,10050.780326829363
1635847200000,10050.780326829363
1635850800000,10050.780326829363
1635854400000,10050.780326829363
1635858000000,10050.780326829363
1635861600000,10050.780326829363
1635865200000,10050.780326829363
1635868800000,10050.780326829363
1635872400000,10050.780326829363
1635876000000,10050.780326829363
1635879600000,10050.780326829363
1635883200000,10050.780326829363
1635886800000,10050.780326829363
1635890400000,10050.780326829363
1635894000000,10050.780326829363
1635897600000,10050.780326829363
1635901200000,10050.780326829363
1635904800000,10050.780326829363
1635908400000,10050.780326829363
1635912000000,10050.780326829363
1635915600000,10050.780326829363
1635919200000,10050.780326829363
1635922800000,10050.780326829363
1635926400000,10050.780326829363
1635930000000,10050.780326829363
1635933600000,10050.780326829363
1635937200000,10050.780326829363
1635940800000,10050.780326829363
1635944400000,10050.780326829363
1635948000000,10050.780326829363
1635951600000,10050.780326829363
1635955200000,10050.780326829363
1635958800000,10050.780326829363
1635962400000,10050.780326829363
1635966000000,10050.780326829363
1635969600000,10050.780326829363
1635973200000,10050.780326829363
1635976800000,10050.780326829363
1635980400000,10050.780326829363
1635984000000,10050.780326829363
1635987600000,10050.780326829363
1635991200000,10050.780326829363
1635994800000,10050.780326829363
1635998400000,10050.780326829363
1636002000000,10050.780326829363
1636005600000,10050.780326829363
1636009200000,10050.780326829363
1636012800000,10050.780326829363
1636016400000,10050.780326829363
1636020000000,10050.780326829363
1636023600000,10050.780326829363
1636027200000,10050.780326829363
1636030800000,10050.780326829363
1636034400000,10050.780326829363
1636038000000,10050.780326829363
1636041600000,10050.780326829363
1636045200000,10050.780326829363
1636048800000,10050.780326829363
1636052400000,10050.780326829363
1636056000000,10050.780326829363
1636059600000,10050.780326829363
1636063200000,10050.780326829363
1636066800000,10050.780326829363
1636070400000,10050.780326829363
1636074000000,10050.780326829363
1636077600000,10050.780326829363
1636081200000,10050.780326829363
1636084800000,10050.780326829363
1636088400000,10050.780326829363
1636092000000,10050.780326829363
1636095600000,10050.780326829363
1636099200000,10050.780326829363
1636102800000,10050.780326829363
1636106400000,10050.780326829363
1636110000000,10050.780326829363
1636113600000,10050.780326829363
1636117200000,10050.780326829363
1636120800000,10050.780326829363
1636124400000,10050.780326829363
1636128000000,10050.780326829363
1636131600000,10050.780326829363
1636135200000,10050.780326829363
1636138800000,10050.780326829363
1636142400000,10050.780326829363
1636146000000,10050.780326829363
1636149600000,10050.780326829363
1636153200000,10050.780326829363
1636156800000,10050.780326829363
1636160400000,10050.780326829363
1636164000000,10050.780326829363
1636167600000,10050.780326829363
1636171200000,10050.780326829363
1636174800000,10050.780326829363
1636178400000,10050.780326829363
1636182000000,10050.780326829363
1636185600000,10050.780326829363
1636189200000,10050.780326829363
1636192800000,10050.780326829363
1636196400000,10050.780326829363
1636200000000,10050.780326829363
1636203600000,10050.780326829363
1636207200000,10050.780326829363
1636210800000,10050.780326829363
1636214400000,10050.780326829363
1636218000000,10050.780326829363
1636221600000,10050.780326829363
1636225200000,10050.780326829363
1636228800000,10050.938876090564
1636232400000,10049.836876090563
1636236000000,10052.317516090563
1636239600000,10051.482276090563
1636243200000,10051.987125986174
1636246800000,10055.344805986173
1636250400000,10055.162405986173
1636254000000,10054.821165986174
1636257600000,10054.970125986174
1636261200000,10054.352245986174
1636264800000,10054.622805986173
1636268400000,10054.364405986174
1636272000000,10054.181886105227
1636275600000,10054.351366105227
1636279200000,10057.267486105227
1636282800000,10058.393806105227
1636286400000,10058.426486105227
1636290000000,10058.079926105227
1636293600000,10058.737326105227
1636297200000,10058.399126105227
1636300800000,10058.80675299072
1636304400000,10057.83395299072
1636308000000,10059.239952990722
1636311600000,10059.15559299072
1636315200000,10058.49819299072
1636318800000,10060.90511299072
1636322400000,10060.515232990721
1636326000000,10058.37659299072
1636329600000,10059.62606561585
1636333200000,10064.97722561585
1636336800000,10065.316185615851
1636340400000,10065.79194561585
1636344000000,10067.54982561585
1636347600000,10066.798185615851
1636351200000,10067.125745615851
1636354800000,10068.77114561585
1636358400000,10067.816789996572
1636362000000,10068.50002999657
1636365600000,10067.567509996572
1636369200000,10068.419469996572
1636372800000,10068.44910999657
1636376400000,10069.35046999657
1636380000000,10066.980029996572
1636383600000,10066.40698999657
1636387200000,10070.622232450572
1636390800000,10070.840352450572
1636394400000,10071.762232450572
1636398000000,10071.264432450573
1636401600000,10068.796712450572
1636405200000,10070.215632450572
1636408800000,10071.015912450572
1636412400000,10071.046312450571
1636416000000,10073.571686022196
1636419600000,10072.149726022197
1636423200000,10072.996366022197
1636426800000,10072.158846022196
1636430400000,10073.968406022195
1636434000000,10073.600566022196
1636437600000,10076.081206022196
1636441200000,10073.964606022197
1636444800000,10071.640639946198
1636448400000,10073.612079946197
1636452000000,10074.182079946197
1636455600000,10072.975959946196
1636459200000,10071.874719946196
1636462800000,10071.998599946197
1636466400000,10073.849199946197
1636470000000,10072.356559946196
1636473600000,10072.791339226196
1636477200000,10071.205219226196
1636480800000,10071.575339226196
1636484400000,10069.533219226196
1636488000000,10069.216299226196
1636491600000,10070.913379226196
1636495200000,10072.736619226196
1636498800000,10070.376059226197
1636502400000,10067.99679923647
1636506000000,10066.64931923647
1636509600000,10067.67911923647
1636513200000,10067.73383923647
1636516800000,10064.44455923647
1636520400000,10066.481359236472
1636524000000,10065.386959236472
1636527600000,10068.62455923647
1636531200000,10066.923319037875
1636534800000,10066.283399037875
1636538400000,10065.852479037874
1636542000000,10067.966039037874
1636545600000,10067.367919037873
1636549200000,10065.724799037875
1636552800000,10072.578479037875
1636556400000,10076.914279037874
1636560000000,10076.996006546275
1636563600000,10076.590926546274
1636567200000,10075.744286546274
1636570800000,10072.296926546274
1636574400000,10064.161886546275
1636578000000,10060.310966546274
1636581600000,10054.553104902257
1636585200000,10054.553104902257
1636588800000,10054.553104902257
1636592400000,10054.553104902257
1636596000000,10054.553104902257
1636599600000,10054.553104902257
1636603200000,10054.553104902257
1636606800000,10054.553104902257
1636610400000,10054.553104902257
1636614000000,10054.553104902257
1636617600000,10054.553104902257
1636621200000,10054.553104902257
1636624800000,10054.553104902257
1636628400000,10054.553104902257
1636632000000,10054.553104902257
1636635600000,10054.553104902257
1636639200000,10054.553104902257
1636642800000,10054.553104902257
1636646400000,10054.553104902257
1636650000000,10054.553104902257
1636653600000,10054.553104902257
1636657200000,10054.553104902257
1636660800000,10054.553104902257
1636664400000,10054.553104902257
1636668000000,10054.553104902257
1636671600000,10054.553104902257
1636675200000,10054.553104902257
1636678800000,10054.553104902257
1636682400000,10054.553104902257
1636686000000,10054.553104902257
1636689600000,10054.623878941173
1636693200000,10054.833068941172
1636696800000,10052.622608941172
1636700400000,10051.231808941173
1636704000000,10050.501574123935
1636707600000,10051.872424123936
1636711200000,10045.304884123936
1636714800000,10045.093414123936
1636718400000,10044.085654123935
1636722000000,10043.887294123935
1636725600000,10044.871114123936
1636729200000,10043.586334123936
1636732800000,10042.88880668406
1636736400000,10042.52856668406
1636740000000,10045.27254668406
1636743600000,10046.654226684059
1636747200000,10047.606126684059
1636750800000,10048.27644668406
1636754400000,10047.62265668406
1636758000000,10047.13530668406
1636761600000,10048.08911042706
1636765200000,10049.49017042706
1636768800000,10046.28278042706
1636772400000,10046.090120427061
1636776000000,10046.26112042706
1636779600000,10045.27502042706
1636783200000,10045.32575042706
1636786800000,10047.00440042706
1636790400000,10046.899258409092
1636794000000,10045.784908409092
1636797600000,10044.105118409092
1636801200000,10045.143088409091
1636804800000,10044.830158409091
1636808400000,10044.369028409092
1636812000000,10046.318998409091
1636815600000,10048.418878409091
1636819200000,10049.050544714091
1636822800000,10048.587704714091
1636826400000,10049.311034714092
1636830000000,10046.878274714092
1636833600000,10046.970614714091
1636837200000,10047.666584714092
1636840800000,10047.271004714092
1636844400000,10046.514044714091
1636848000000,10046.45166041271
1636851600000,10048.847940412708
1636855200000,10047.708510412709
1636858800000,10046.163240412709
1636862400000,10045.974570412709
1636866000000,10045.857720412709
1636869600000,10046.597010412708
1636873200000,10046.231640412709
1636876800000,10044.271415257708
1636880400000,10042.925075257708
1636884000000,10043.435795257708
1636887600000,10044.448685257708
1636891200000,10044.54957525771
1636894800000,10045.33731525771
1636898400000,10044.73824525771
1636902000000,10043.737325257709
1636905600000,10042.94283580709
1636909200000,10040.299175807091
1636912800000,10041.544625807092
1636916400000,10041.33087580709
1636920000000,10041.49446580709
1636923600000,10041.33030580709
1636927200000,10042.761005807091
1636930800000,10042.66866580709
1636934400000,10046.243993441125
1636938000000,10049.327693441124
1636941600000,10051.112933441123
1636945200000,10049.819033441125
1636948800000,10050.349133441125
1636952400000,10050.300683441124
1636956000000,10049.621243441125
1636959600000,10049.742653441124
1636963200000,10048.927621491657
1636966800000,10050.841681491658
1636970400000,10050.922051491658
1636974000000,10051.600921491658
1636977600000,10051.101031491658
1636981200000,10052.341351491657
1636984800000,10050.716281491657
1636988400000,10048.676821491657
1636992000000,10046.970518853657
1636995600000,10044.625538853657
1636999200000,10044.208868853657
1637002800000,10042.814078853658
1637006400000,10043.703848853658
1637010000000,10041.390218853658
1637013600000,10042.131788853658
1637017200000,10042.663598853658
1637020800000,10041.482590622003
1637024400000,10037.57128371448
1637028000000,10037.57128371448
1637031600000,10037.57128371448
1637035200000,10037.57128371448
1637038800000,10037.57128371448
1637042400000,10037.57128371448
1637046000000,10037.57128371448
1637049600000,10037.57128371448
1637053200000,10037.57128371448
1637056800000,10037.57128371448
1637060400000,10037.57128371448
1637064000000,10037.57128371448
1637067600000,10037.57128371448
1637071200000,10037.57128371448
1637074800000,10037.57128371448
1637078400000,10037.57128371448
1637082000000,10037.57128371448
1637085600000,10037.57128371448
1637089200000,10037.57128371448
1637092800000,10037.57128371448
1637096400000,10037.57128371448
1637100000000,10037.57128371448
1637103600000,10037.57128371448
1637107200000,10037.57128371448
1637110800000,10037.57128371448
1637114400000,10037.57128371448
1637118000000,10037.57128371448
1637121600000,10037.57128371448
1637125200000,10037.57128371448
1637128800000,10037.57128371448
1637132400000,10037.57128371448
1637136000000,10037.57128371448
1637139600000,10037.57128371448
1637143200000,10037.57128371448
1637146800000,10037.57128371448
1637150400000,10037.57128371448
1637154000000,10037.57128371448
1637157600000,10037.57128371448
1637161200000,10037.57128371448
1637164800000,10037.57128371448
1637168400000,10037.57128371448
1637172000000,10037.57128371448
1637175600000,10037.57128371448
1637179200000,10037.57128371448
1637182800000,10037.57128371448
1637186400000,10037.57128371448
1637190000000,10037.57128371448
1637193600000,10037.57128371448
1637197200000,10037.57128371448
1637200800000,10037.57128371448
1637204400000,10037.57128371448
1637208000000,10037.4454247896
1637211600000,10037.9985647896
1637215200000,10037.701564789599
1637218800000,10037.492884789599
1637222400000,10037.9014188946
1637226000000,10037.9351988946
1637229600000,10038.8794788946
1637233200000,10037.8471788946
1637236800000,10039.3952688946
1637240400000,10039.3109088946
1637244000000,10039.8557088946
1637247600000,10040.0358888946
1637251200000,10043.057271707388
1637254800000,10045.55282170739
1637258400000,10044.35315170739
1637262000000,10043.04368170739
1637265600000,10043.451261707389
1637269200000,10043.248791707389
1637272800000,10044.34043170739
1637276400000,10047.20534170739
1637280000000,10046.08031722139
1637283600000,10044.66974722139
1637287200000,10047.147507221389
1637290800000,10048.69688722139
1637294400000,10049.38061722139
1637298000000,10048.31612722139
1637301600000,10047.91232722139
1637305200000,10047.82712722139
1637308800000,10049.099889995077
1637312400000,10045.933569995077
1637316000000,10046.075679995076
1637319600000,10045.664709995077
1637323200000,10046.275449995077
1637326800000,10046.372919995076
1637330400000,10044.126609995077
1637334000000,10043.352969995076
1637337600000,10043.528946473509
1637341200000,10042.68510647351
1637344800000,10043.128596473509
1637348400000,10043.60502647351
1637352000000,10043.063436473509
1637355600000,10043.761296473509
1637359200000,10043.533626473509
1637362800000,10043.885376473509
1637366400000,10042.756196883725
1637370000000,10042.480046883726
1637373600000,10040.824856883726
1637377200000,10040.747096883726
1637380800000,10041.535166883727
1637384400000,10041.567026883726
1637388000000,10041.876356883726
1637391600000,10041.405926883726
1637395200000,10042.031306982726
1637398800000,10041.779306982726
1637402400000,10041.866636982726
1637406000000,10041.662516982726
1637409600000,10041.248636982726
1637413200000,10041.444446982725
1637416800000,10041.665546982726
1637420400000,10042.157486982725
1637424000000,10044.405876126726
1637427600000,10043.917326126726
1637431200000,10043.558646126725
1637434800000,10038.885546126725
1637438400000,10038.793416126726
1637442000000,10038.827736126725
1637445600000,10038.246996126725
1637449200000,10038.180336126725
1637452800000,10038.125073732777
1637456400000,10038.872823732778
1637460000000,10039.139943732778
1637463600000,10039.977693732777
1637467200000,10041.240093732777
1637470800000,10041.449913732777
1637474400000,10040.177283732777
1637478000000,10039.839693732778
1637481600000,10040.131114212778
1637485200000,10040.903794212778
1637488800000,10040.264014212778
1637492400000,10040.161744212779
1637496000000,10041.055504212778
1637499600000,10040.164444212778
1637503200000,10040.844664212778
1637506800000,10040.591524212778
1637510400000,10039.335848961779
1637514000000,10037.618423734804
1637517600000,10037.618423734804
1637521200000,10037.618423734804
1637524800000,10037.618423734804
1637528400000,10037.618423734804
1637532000000,10037.618423734804
1637535600000,10037.618423734804
1637539200000,10037.618423734804
1637542800000,10037.618423734804
1637546400000,10037.618423734804
1637550000000,10037.618423734804
1637553600000,10037.618423734804
1637557200000,10037.618423734804
1637560800000,10037.618423734804
1637564400000,10037.618423734804
1637568000000,10037.618423734804
1637571600000,10037.618423734804
1637575200000,10037.618423734804
1637578800000,10037.618423734804
1637582400000,10037.618423734804
1637586000000,10037.618423734804
1637589600000,10037.618423734804
1637593200000,10037.618423734804
1637596800000,10037.618423734804
1637600400000,10037.618423734804
1637604000000,10037.618423734804
1637607600000,10037.618423734804
1637611200000,10037.618423734804
1637614800000,10037.618423734804
1637618400000,10037.618423734804
1637622000000,10037.618423734804
1637625600000,10037.618423734804
1637629200000,10037.618423734804
1637632800000,10037.618423734804
1637636400000,10037.618423734804
1637640000000,10037.618423734804
1637643600000,10037.618423734804
1637647200000,10037.618423734804
1637650800000,10037.618423734804
1637654400000,10037.618423734804
1637658000000,10037.618423734804
1637661600000,10037.618423734804
1637665200000,10037.618423734804
1637668800000,10037.618423734804
1637672400000,10037.618423734804
1637676000000,10037.618423734804
1637679600000,10037.618423734804
1637683200000,10037.618423734804
1637686800000,10037.618423734804
1637690400000,10037.618423734804
1637694000000,10037.618423734804
1637697600000,10037.618423734804
1637701200000,10037.618423734804
1637704800000,10037.618423734804
1637708400000,10037.618423734804
1637712000000,10037.618423734804
1637715600000,10037.618423734804
1637719200000,10037.618423734804
1637722800000,10037.618423734804
1637726400000,10037.618423734804
1637730000000,10037.618423734804
1637733600000,10037.618423734804
1637737200000,10037.618423734804
1637740800000,10037.618423734804
1637744400000,10037.618423734804
1637748000000,10037.618423734804
1637751600000,10037.618423734804
1637755200000,10037.618423734804
1637758800000,10037.618423734804
1637762400000,10037.618423734804
1637766000000,10037.618423734804
1637769600000,10037.618423734804
1637773200000,10037.618423734804
1637776800000,10037.618423734804
1637780400000,10037.618423734804
1637784000000,10037.618423734804
1637787600000,10037.618423734804
1637791200000,10037.618423734804
1637794800000,10037.618423734804
1637798400000,10037.618423734804
1637802000000,10037.618423734804
1637805600000,10037.618423734804
1637809200000,10037.618423734804
1637812800000,10037.618423734804
1637816400000,10037.618423734804
1637820000000,10037.618423734804
1637823600000,10037.618423734804
1637827200000,10037.618423734804
1637830800000,10037.618423734804
1637834400000,10037.618423734804
1637838000000,10037.618423734804
1637841600000,10037.618423734804
1637845200000,10037.618423734804
1637848800000,10037.618423734804
1637852400000,10037.618423734804
1637856000000,10037.618423734804
1637859600000,10037.618423734804
1637863200000,10037.618423734804
1637866800000,10037.618423734804
1637870400000,10037.618423734804
1637874000000,10037.618423734804
1637877600000,10037.618423734804
1637881200000,10037.618423734804
1637884800000,10037.618423734804
1637888400000,10037.618423734804
1637892000000,10037.618423734804
1637895600000,10037.618423734804
1637899200000,10037.618423734804
1637902800000,10037.618423734804
1637906400000,10037.618423734804
1637910000000,10037.618423734804
1637913600000,10037.618423734804
1637917200000,10037.618423734804
1637920800000,10037.618423734804
1637924400000,10037.618423734804
1637928000000,10037.618423734804
1637931600000,10037.618423734804
1637935200000,10037.618423734804
1637938800000,10037.618423734804
1637942400000,10037.618423734804
1637946000000,10037.618423734804
1637949600000,10037.618423734804
1637953200000,10037.618423734804
1637956800000,10037.618423734804
1637960400000,10037.618423734804
1637964000000,10037.618423734804
1637967600000,10037.618423734804
1637971200000,10037.618423734804
1637974800000,10037.618423734804
1637978400000,10037.618423734804
1637982000000,10037.618423734804
1637985600000,10037.618423734804
1637989200000,10037.618423734804
1637992800000,10037.618423734804
1637996400000,10037.618423734804
1638000000000,10037.618423734804
1638003600000,10037.618423734804
1638007200000,10037.618423734804
1638010800000,10037.618423734804
1638014400000,10037.618423734804
1638018000000,10037.618423734804
1638021600000,10037.618423734804
1638025200000,10037.618423734804
1638028800000,10037.618423734804
1638032400000,10037.618423734804
1638036000000,10037.618423734804
1638039600000,10037.618423734804
1638043200000,10037.618423734804
1638046800000,10037.618423734804
1638050400000,10037.618423734804
1638054000000,10037.618423734804
1638057600000,10037.618423734804
1638061200000,10037.618423734804
1638064800000,10037.618423734804
1638068400000,10037.618423734804
1638072000000,10037.618423734804
1638075600000,10037.618423734804
1638079200000,10037.618423734804
1638082800000,10037.618423734804
1638086400000,10037.618423734804
1638090000000,10037.618423734804
1638093600000,10037.618423734804
1638097200000,10037.618423734804
1638100800000,10037.618423734804
1638104400000,10037.618423734804
1638108000000,10037.618423734804
1638111600000,10037.618423734804
1638115200000,10037.618423734804
1638118800000,10037.618423734804
1638122400000,10037.618423734804
1638126000000,10037.618423734804
1638129600000,10037.618423734804
1638133200000,10037.618423734804
1638136800000,10037.618423734804
1638140400000,10037.618423734804
1638144000000,10037.618423734804
1638147600000,10037.618423734804
1638151200000,10037.618423734804
1638154800000,10037.618423734804
1638158400000,10037.337777702569
1638162000000,10038.08242770257
1638165600000,10037.28267770257
1638169200000,10037.19757770257
1638172800000,10036.77504596257
1638176400000,10037.923695962569
1638180000000,10039.971995962569
1638183600000,10038.160745962568
1638187200000,10039.75344596257
1638190800000,10039.454645962569
1638194400000,10037.961945962568
1638198000000,10039.134595962569
1638201600000,10038.823046646961
1638205200000,10037.30694664696
1638208800000,10031.63629664696
1638212400000,10031.262546646962
1638216000000,10034.840246646962
1638219600000,10034.063446646962
1638223200000,10033.18344664696
1638226800000,10034.866096646962
1638230400000,10035.576956439247
1638234000000,10035.670706439247
1638237600000,10037.970906439246
1638241200000,10037.471056439246
1638244800000,10039.339156439246
1638248400000,10038.478306439245
1638252000000,10042.958306439246
1638255600000,10042.055756439246
1638259200000,10042.184714494246
1638262800000,10040.368914494245
1638266400000,10041.413914494246
1638270000000,10039.086164494245
1638273600000,10036.528964494246
1638277200000,10035.059014494245
1638280800000,10033.058414494246
1638284400000,10032.587414494245
1638288000000,10037.464693092601
1638291600000,10040.6359430926
1638295200000,10037.6443930926
1638298800000,10033.5663430926
1638302400000,10036.072895282352
1638306000000,10036.344045282352
1638309600000,10037.369515282351
1638313200000,10037.567765282352
1638316800000,10037.872232574216
1638320400000,10039.386452574216
1638324000000,10040.692702574217
1638327600000,10042.399992574216
1638331200000,10042.198372574216
1638334800000,10042.313362574216
1638338400000,10042.527252574217
1638342000000,10042.718972574216
1638345600000,10043.533582475282
1638349200000,10041.772752475283
1638352800000,10042.566672475281
1638356400000,10042.52125247528
1638360000000,10039.537762475282
1638363600000,10039.134962475282
1638367200000,10036.913402475282
1638370800000,10035.384902475282
1638374400000,10034.441399131105
1638378000000,10033.890279131105
1638381600000,10034.996549131105
1638385200000,10036.392339131105
1638388800000,10037.057329131105
1638392400000,10036.070309131104
1638396000000,10034.849049131106
1638399600000,10034.571719131105
1638403200000,10034.81676211612
1638406800000,10035.38300211612
1638410400000,10036.171292116118
1638414000000,10035.511872116118
1638417600000,10034.49202211612
1638421200000,10034.426192116118
1638424800000,10033.40389211612
1638428400000,10035.140482116118
1638432000000,10035.417453158147
1638435600000,10035.951163158144
1638439200000,10036.960573158145
1638442800000,10036.556393158147
1638446400000,10036.416463158146
1638450000000,10035.665353158147
1638453600000,10035.678873158146
1638457200000,10035.577183158148
1638460800000,10036.107538385146
1638464400000,10033.966358385145
1638468000000,10033.525798385148
1638471600000,10032.208318385146
1638475200000,10032.889798385146
1638478800000,10033.296828385148
1638482400000,10034.226858385147
1638486000000,10034.431208385147
1638489600000,10034.656227009906
1638493200000,10034.781387009907
1638496800000,10034.819057009907
1638500400000,10034.589187009906
1638504000000,10034.551467009906
1638507600000,10034.955097009906
1638511200000,10036.428207009907
1638514800000,10036.140737009906
1638518400000,10036.16941067448
1638522000000,10036.422320674481
1638525600000,10035.482300674481
1638529200000,10035.81627067448
1638532800000,10037.147760674481
1638536400000,10037.036900674482
1638540000000,10036.93599067448
1638543600000,10036.14187067448
1638547200000,10034.622811467338
1638550800000,10033.384561467337
1638554400000,10032.06227272475
1638558000000,10032.29067272475
1638561600000,10038.62507272475
1638565200000,10039.79992272475
1638568800000,10039.29162272475
1638572400000,10039.60857272475
1638576000000,10038.671496794745
1638579600000,10042.463846794744
1638583200000,10041.988646794745
1638586800000,10041.521596794744
1638590400000,10046.186446794745
1638594000000,10054.505596794745
1638597600000,10069.375546794745
1638601200000,10069.901096794745
1638604800000,10071.668534669869
1638608400000,10070.091784669869
1638612000000,10069.703034669868
1638615600000,10070.360584669868
1638619200000,10074.00498466987
1638622800000,10072.06173466987
1638626400000,10070.719234669868
1638630000000,10068.322334669869
1638633600000,10066.231158289052
1638637200000,10067.839458289052
1638640800000,10066.052008289053
1638644400000,10063.179258289052
1638648000000,10061.431058289052
1638651600000,10060.723308289053
1638655200000,10063.562408289052
1638658800000,10060.552658289052
1638662400000,10060.904435499684
1638666000000,10062.873935499683
1638669600000,10062.040735499684
1638673200000,10062.463235499685
1638676800000,10061.233735499683
1638680400000,10062.364835499684
1638684000000,10060.371085499684
1638687600000,10059.512885499684
1638691200000,10060.795360852884
1638694800000,10059.972110852885
1638698400000,10062.314910852885
1638702000000,10060.842760852885
1638705600000,10060.826310852884
1638709200000,10060.523460852884
1638712800000,10060.600060852885
1638716400000,10062.332710852885
1638720000000,10067.374082002545
1638723600000,10064.349382002545
1638727200000,10060.877182002545
1638730800000,10061.511032002545
1638734400000,10062.436382002545
1638738000000,10062.615432002543
1638741600000,10061.518682002545
1638745200000,10061.460482002545
1638748800000,10059.994260020507
1638752400000,10063.784610020506
1638756000000,10062.888060020507
1638759600000,10062.724210020506
1638763200000,10061.930860020506
1638766800000,10062.124160020507
1638770400000,10063.523010020506
1638774000000,10066.731260020506
1638777600000,10064.781760203596
1638781200000,10066.368260203595
1638784800000,10070.097260203594
1638788400000,10069.352960203594
1638792000000,10064.472160203595
1638795600000,10064.748210203596
1638799200000,10065.863210203595
1638802800000,10065.998860203596
1638806400000,10062.812781608596
1638810000000,10061.695031608595
1638813600000,10062.677381608595
1638817200000,10061.086931608595
1638820800000,10061.540181608596
1638824400000,10062.930581608596
1638828000000,10056.386281608595
1638831600000,10052.992681608595
1638835200000,10055.000485140265
1638838800000,10053.795285140264
1638842400000,10053.586935140265
1638846000000,10052.566935140265
1638849600000,10052.203285140266
1638853200000,10052.526785140264
1638856800000,10052.563785140266
1638860400000,10052.063735140264
1638864000000,10052.938130553437
1638867600000,10053.846730553438
1638871200000,10052.837030553437
1638874800000,10052.975030553438
1638878400000,10052.543480553437
1638882000000,10053.151330553437
1638885600000,10052.396130553438
1638889200000,10052.310480553437
1638892800000,10051.095710015585
1638896400000,10049.296160015585
1638900000000,10048.168460015584
1638903600000,10047.290510015584
1638907200000,10047.479510015584
1638910800000,10046.080910015586
1638914400000,10046.652860015585
1638918000000,10045.333460015585
1638921600000,10047.640583574499
1638925200000,10048.2678835745
1638928800000,10047.5231335745
1638932400000,10046.439983574499
1638936000000,10047.231533574499
1638939600000,10047.8826835745
1638943200000,10048.3839835745
1638946800000,10050.2267335745
1638950400000,10050.072542719512
1638954000000,10049.997842719513
1638957600000,10048.042592719512
1638961200000,10045.946942719513
1638964800000,10045.844342719512
1638968400000,10046.180492719512
1638972000000,10046.522492719512
1638975600000,10051.945892719512
1638979200000,10051.860381019513
1638982800000,10051.630881019513
1638986400000,10050.695781019513
1638990000000,10051.075131019512
1638993600000,10050.441981019512
1638997200000,10051.740681019512
1639000800000,10051.683981019512
1639004400000,10051.325781019512
1639008000000,10053.220123924511
1639011600000,10052.764273924511
1639015200000,10052.068123924511
1639018800000,10050.877423924512
1639022400000,10049.99542392451
1639026000000,10051.005223924512
1639029600000,10049.902273924512
1639033200000,10050.34687392451
1639036800000,10050.339319628842
1639040400000,10048.425019628841
1639044000000,10047.260869628843
1639047600000,10047.326569628842
1639051200000,10046.879719628841
1639054800000,10047.199219628841
1639058400000,10046.896819628842
1639062000000,10043.383219628842
1639065600000,10042.038171023842
1639069200000,10042.822971023843
1639072800000,10041.193521023843
1639076400000,10039.173471023842
1639080000000,10038.801321023842
1639083600000,10039.182921023843
1639087200000,10040.925771023842
1639090800000,10040.449671023842
1639094400000,10038.744600716145
1639098000000,10038.394050716144
1639101600000,10040.379000716144
1639105200000,10040.861850716145
1639108800000,10039.801200716145
1639112400000,10038.812100716144
1639116000000,10039.078050716145
1639119600000,10036.382550716145
1639123200000,10035.122758874279
1639126800000,10035.122758874279
1639130400000,10035.122758874279
1639134000000,10035.122758874279
1639137600000,10035.122758874279
1639141200000,10035.122758874279
1639144800000,10035.122758874279
1639148400000,10035.122758874279
1639152000000,10035.122758874279
1639155600000,10035.122758874279
1639159200000,10035.122758874279
1639162800000,10035.122758874279
1639166400000,10035.122758874279
1639170000000,10035.122758874279
1639173600000,10035.122758874279
1639177200000,10035.122758874279
1639180800000,10035.122758874279
1639184400000,10035.122758874279
1639188000000,10035.122758874279
1639191600000,10035.122758874279
1639195200000,10035.122758874279
1639198800000,10035.122758874279
1639202400000,10035.122758874279
1639206000000,10035.122758874279
1639209600000,10035.122758874279
1639213200000,10035.122758874279
1639216800000,10035.122758874279
1639220400000,10035.122758874279
1639224000000,10035.019793999314
1639227600000,10036.195793999314
1639231200000,10034.897573999313
1639234800000,10035.953033999314
1639238400000,10036.93189438025
1639242000000,10037.359034380252
1639245600000,10036.37917438025
1639249200000,10036.107014380252
1639252800000,10034.78527438025
1639256400000,10035.01627438025
1639260000000,10035.53707438025
1639263600000,10035.22291438025
1639267200000,10038.03487935425
1639270800000,10037.238139354251
1639274400000,10035.915559354251
1639278000000,10036.07809935425
1639281600000,10036.280119354251
1639285200000,10035.11461935425
1639288800000,10036.02811935425
1639292400000,10036.816459354251
1639296000000,10036.803629763981
1639299600000,10034.99300976398
1639303200000,10034.762009763981
1639306800000,10035.17654976398
1639310400000,10035.991769763981
1639314000000,10035.84728976398
1639317600000,10036.25720976398
1639321200000,10036.45838976398
1639324800000,10035.386872551364
1639328400000,10036.335232551362
1639332000000,10038.106372551363
1639335600000,10040.843932551363
1639339200000,10040.363032551364
1639342800000,10040.597392551363
1639346400000,10039.607032551363
1639350000000,10040.979172551362
1639353600000,10039.708548410848
1639357200000,10036.054548410848
1639360800000,10033.22752841085
1639364400000,10033.406868410848
1639368000000,10034.179668410849
1639371600000,10034.869728410848
1639375200000,10035.766848410849
1639378800000,10033.98184841085
1639382400000,10034.048967684274
1639386000000,10035.173307684274
1639389600000,10034.252667684274
1639393200000,10033.929267684272
1639396800000,10034.824707684273
1639400400000,10033.825947684272
1639404000000,10033.085907684273
1639407600000,10030.673427684273
1639411200000,10026.38361157408
1639414800000,10026.36387157408
1639418400000,10026.776731574078
1639422000000,10026.64569157408
1639425600000,10023.811359167858
1639429200000,10023.811359167858
1639432800000,10023.811359167858
1639436400000,10023.811359167858
1639440000000,10023.811359167858
1639443600000,10023.811359167858
1639447200000,10023.811359167858
1639450800000,10023.811359167858
1639454400000,10023.811359167858
1639458000000,10023.811359167858
1639461600000,10023.811359167858
1639465200000,10023.811359167858
1639468800000,10023.811359167858
1639472400000,10023.811359167858
1639476000000,10023.811359167858
1639479600000,10023.811359167858
1639483200000,10023.811359167858
1639486800000,10023.811359167858
1639490400000,10023.811359167858
1639494000000,10023.811359167858
1639497600000,10023.811359167858
1639501200000,10023.811359167858
1639504800000,10023.811359167858
1639508400000,10023.811359167858
1639512000000,10023.811359167858
1639515600000,10023.811359167858
1639519200000,10023.811359167858
1639522800000,10023.811359167858
1639526400000,10023.811359167858
1639530000000,10023.811359167858
1639533600000,10023.811359167858
1639537200000,10023.811359167858
1639540800000,10023.811359167858
1639544400000,10023.811359167858
1639548000000,10023.811359167858
1639551600000,10023.811359167858
1639555200000,10023.811359167858
1639558800000,10023.811359167858
1639562400000,10023.811359167858
1639566000000,10023.811359167858
1639569600000,10023.811359167858
1639573200000,10023.811359167858
1639576800000,10023.811359167858
1639580400000,10023.811359167858
1639584000000,10023.811359167858
1639587600000,10023.811359167858
1639591200000,10023.811359167858
1639594800000,10023.811359167858
1639598400000,10023.811359167858
1639602000000,10023.811359167858
1639605600000,10023.811359167858
1639609200000,10023.811359167858
1639612800000,10023.811359167858
1639616400000,10023.811359167858
1639620000000,10023.811359167858
1639623600000,10023.811359167858
1639627200000,10023.811359167858
1639630800000,10023.811359167858
1639634400000,10023.811359167858
1639638000000,10023.811359167858
1639641600000,10023.811359167858
1639645200000,10023.811359167858
1639648800000,10023.811359167858
1639652400000,10023.811359167858
1639656000000,10023.811359167858
1639659600000,10023.811359167858
1639663200000,10023.811359167858
1639666800000,10023.811359167858
1639670400000,10023.811359167858
1639674000000,10023.811359167858
1639677600000,10023.811359167858
1639681200000,10023.811359167858
1639684800000,10023.811359167858
1639688400000,10023.811359167858
1639692000000,10023.811359167858
1639695600000,10023.811359167858
1639699200000,10023.811359167858
1639702800000,10023.811359167858
1639706400000,10023.811359167858
1639710000000,10023.811359167858
1639713600000,10023.811359167858
1639717200000,10023.811359167858
1639720800000,10023.811359167858
1639724400000,10023.811359167858
1639728000000,10023.811359167858
1639731600000,10023.811359167858
1639735200000,10023.811359167858
1639738800000,10023.811359167858
1639742400000,10023.811359167858
1639746000000,10023.811359167858
1639749600000,10023.811359167858
1639753200000,10023.811359167858
1639756800000,10023.811359167858
1639760400000,10023.811359167858
1639764000000,10023.811359167858
1639767600000,10023.811359167858
1639771200000,10023.811359167858
1639774800000,10023.811359167858
1639778400000,10023.811359167858
1639782000000,10023.811359167858
1639785600000,10023.811359167858
1639789200000,10023.811359167858
1639792800000,10023.811359167858
1639796400000,10023.811359167858
1639800000000,10023.811359167858
1639803600000,10023.811359167858
1639807200000,10023.811359167858
1639810800000,10023.811359167858
1639814400000,10023.811359167858
1639818000000,10023.811359167858
1639821600000,10023.811359167858
1639825200000,10023.811359167858
1639828800000,10023.811359167858
1639832400000,10023.811359167858
1639836000000,10023.811359167858
1639839600000,10023.811359167858
1639843200000,10023.811359167858
1639846800000,10023.811359167858
1639850400000,10023.811359167858
1639854000000,10023.811359167858
1639857600000,10023.811359167858
1639861200000,10023.811359167858
1639864800000,10023.811359167858
1639868400000,10023.811359167858
1639872000000,10023.811359167858
1639875600000,10023.811359167858
1639879200000,10023.811359167858
1639882800000,10023.811359167858
1639886400000,10023.811359167858
1639890000000,10023.811359167858
1639893600000,10023.811359167858
1639897200000,10023.811359167858
1639900800000,10023.99223931019
1639904400000,10023.405439310189
1639908000000,10021.417039310189
1639911600000,10019.98123931019
1639915200000,10020.649639310188
1639918800000,10021.49203931019
1639922400000,10023.019639310189
1639926000000,10021.37683931019
1639929600000,10020.386734509966
1639933200000,10020.632984509966
1639936800000,10020.650234509965
1639940400000,10021.468534509966
1639944000000,10022.351834509967
1639947600000,10022.264634509966
1639951200000,10022.657784509967
1639954800000,10023.207034509967
1639958400000,10023.363630553798
1639962000000,10023.696030553798
1639965600000,10023.998430553798
1639969200000,10022.9491805538
1639972800000,10021.968680553799
1639976400000,10021.810130553798
1639980000000,10019.4511305538
1639983600000,10019.281030553799
1639987200000,10018.177996728477
1639990800000,10018.589646728477
1639994400000,10018.094196728476
1639998000000,10019.462146728474
1640001600000,10019.437696728475
1640005200000,10019.432246728475
1640008800000,10019.282246728475
1640012400000,10019.818796728476
1640016000000,10019.477927802493
1640019600000,10019.885527802493
1640023200000,10020.151277802493
1640026800000,10020.778827802493
1640030400000,10020.510727802493
1640034000000,10022.190477802493
1640037600000,10021.408377802494
1640041200000,10021.010827802493
1640044800000,10023.866998926276
1640048400000,10023.461298926277
1640052000000,10022.041648926277
1640055600000,10021.581098926277
1640059200000,10022.063448926277
1640062800000,10020.094698926276
1640066400000,10018.763398926278
1640070000000,10019.365098926277
1640073600000,10018.24841871676
1640077200000,10019.460068716759
1640080800000,10019.158718716759
1640084400000,10019.100068716758
1640088000000,10018.30671871676
1640091600000,10018.27746871676
1640095200000,10017.242668716759
1640098800000,10018.044368716759
1640102400000,10017.548207398824
1640106000000,10017.642507398823
1640109600000,10017.301207398823
1640113200000,10018.160157398825
1640116800000,10018.518457398823
1640120400000,10018.680757398824
1640124000000,10017.396007398824
1640127600000,10016.790907398823
1640131200000,10017.597706087592
1640134800000,10017.707006087594
1640138400000,10019.330856087592
1640142000000,10017.772356087593
1640145600000,10017.882206087592
1640149200000,10017.674306087592
1640152800000,10018.333606087592
1640156400000,10018.025756087593
1640160000000,10017.975263644614
1640163600000,10015.822078063224
1640167200000,10014.422278063224
1640170800000,10015.168678063224
1640174400000,10015.381078063225
1640178000000,10010.917078063225
1640181600000,10011.325078063224
1640185200000,10013.925478063224
1640188800000,10014.110240132984
1640192400000,10014.204440132984
1640196000000,10012.408040132985
1640199600000,10012.141640132984
1640203200000,10013.364440132984
1640206800000,10013.822840132985
1640210400000,10014.428840132985
1640214000000,10013.444840132985
1640217600000,10012.725568352984
1640221200000,10009.660168352984
1640224800000,10010.438968352984
1640228400000,10011.781768352985
1640232000000,10011.368968352985
1640235600000,10010.729368352984
1640239200000,10010.165368352984
1640242800000,10011.358768352984
1640246400000,10007.657910512986
1640250000000,10009.391310512985
1640253600000,10009.541910512986
1640257200000,10010.378310512984
1640260800000,10009.876710512985
1640264400000,10010.420910512985
1640268000000,10010.380110512984
1640271600000,10010.015310512985
1640275200000,10010.595297107411
1640278800000,10013.049897107412
1640282400000,10016.70749710741
1640286000000,10019.487297107411
1640289600000,10021.560897107413
1640293200000,10021.138497107411
1640296800000,10020.619497107411
1640300400000,10019.651697107412
1640304000000,10020.344637663917
1640307600000,10020.033237663916
1640311200000,10020.920037663916
1640314800000,10019.309037663916
1640318400000,10019.210037663916
1640322000000,10018.763637663917
1640325600000,10018.814637663916
1640329200000,10018.714437663915
1640332800000,10018.746905487731
1640336400000,10019.330705487731
1640340000000,10020.087905487731
1640343600000,10019.036705487732
1640347200000,10018.650905487732
1640350800000,10018.51530548773
1640354400000,10018.767905487732
1640358000000,10017.47130548773
1640361600000,10019.338541962652
1640365200000,10018.772141962652
1640368800000,10019.402141962652
1640372400000,10021.105541962652
1640376000000,10017.675341962651
1640379600000,10017.099941962651
1640383200000,10017.202541962652
1640386800000,10016.585741962652
1640390400000,10015.946480122651
1640394000000,10017.49028012265
1640397600000,10016.694680122651
1640401200000,10015.63028012265
1640404800000,10015.70588012265
1640408400000,10016.04488012265
1640412000000,10016.231480122651
1640415600000,10016.75348012265
1640419200000,10016.667971734316
1640422800000,10016.934371734316
1640426400000,10016.127971734317
1640430000000,10015.147571734316
1640433600000,10016.702171734316
1640437200000,10018.454771734316
1640440800000,10017.997571734317
1640444400000,10017.527171734317
1640448000000,10018.619903125757
1640451600000,10018.087103125756
1640455200000,10017.256103125756
1640458800000,10018.310903125755
1640462400000,10018.106303125756
1640466000000,10020.049703125756
1640469600000,10020.745103125755
1640473200000,10018.444103125756
1640476800000,10018.779543505756
1640480400000,10018.169343505755
1640484000000,10018.984143505755
1640487600000,10017.228543505757
1640491200000,10013.797743505756
1640494800000,10014.534543505755
1640498400000,10014.901743505756
1640502000000,10014.898143505756
1640505600000,10015.292731332089
1640509200000,10015.31193133209
1640512800000,10016.01693133209
1640516400000,10016.34633133209
1640520000000,10014.890731332089
1640523600000,10016.114731332089
1640527200000,10015.91433133209
1640530800000,10016.484331332089
1640534400000,10016.74921949479
1640538000000,10017.73201949479
1640541600000,10017.75181949479
1640545200000,10018.000219494788
1640548800000,10017.93421949479
1640552400000,10017.36241949479
1640556000000,10018.51321949479
1640559600000,10018.06201949479
1640563200000,10017.447857450295
1640566800000,10016.925257450295
1640570400000,10017.867857450296
1640574000000,10017.584057450294
1640577600000,10018.234457450295
1640581200000,10017.468257450295
1640584800000,10017.194657450294
1640588400000,10017.282257450295
1640592000000,10016.371148384442
1640595600000,10015.517948384442
1640599200000,10016.705948384442
1640602800000,10017.008948384442
1640606400000,10016.948348384441
1640610000000,10018.338548384441
1640613600000,10018.833548384442
1640617200000,10019.356748384442
1640620800000,10019.082000573278
1640624400000,10018.775400573279
1640628000000,10020.460800573279
1640631600000,10019.109000573279
1640635200000,10018.15800057328
1640638800000,10018.758000573278
1640642400000,10017.06540057328
1640646000000,10017.156600573278
1640649600000,10015.132574098772
1640653200000,10014.832574098773
1640656800000,10011.801374098772
1640660400000,10010.883974098771
1640664000000,10009.38074474651
1640667600000,10009.38074474651
1640671200000,10009.38074474651
1640674800000,10009.38074474651
1640678400000,10009.38074474651
1640682000000,10009.38074474651
1640685600000,10009.38074474651
1640689200000,10009.38074474651
1640692800000,10009.38074474651
1640696400000,10009.38074474651
1640700000000,10009.38074474651
1640703600000,10009.38074474651
1640707200000,10009.559002713562
1640710800000,10005.238342713563
1640714400000,10000.626642713562
1640718000000,9998.269432713561
1640721600000,9999.267742713562
1640725200000,10000.978672713562
1640728800000,9999.739612713562
1640732400000,9999.819862713563
1640736000000,9998.407920937894
1640739600000,10000.532940937894
1640743200000,9998.602660937895
1640746800000,10000.093170937895
1640750400000,10000.452690937895
1640754000000,9998.912960937894
1640757600000,9998.887280937894
1640761200000,9998.751390937894
1640764800000,9998.449699622894
1640768400000,9998.070919622895
1640772000000,9999.815019622894
1640775600000,9998.447559622893
1640779200000,9997.596909622895
1640782800000,9991.429429622895
1640786400000,9993.589759622893
1640790000000,9996.359989622893
1640793600000,9998.021684843769
1640797200000,9996.13099484377
1640800800000,9994.16433484377
1640804400000,9993.62719484377
1640808000000,9990.00524484377
1640811600000,9993.00124484377
1640815200000,9990.39258484377
1640818800000,9990.89762484377
1640822400000,9980.647121439068
1640826000000,9981.67975143907
1640829600000,9981.702151439067
1640833200000,9981.208651439067
1640836800000,9982.242131439067
1640840400000,9982.261811439066
1640844000000,9983.453391439067
1640847600000,9984.430381439066
1640851200000,9986.531396110075
1640854800000,9985.285866110073
1640858400000,9984.632486110075
1640862000000,9985.356356110075
1640865600000,9986.348666110074
1640869200000,9986.464376110072
1640872800000,9985.274356110074
1640876400000,9985.008796110073
1640880000000,9985.213336962925
1640883600000,9988.026766962923
1640887200000,9986.077666962925
1640890800000,9986.784976962925
1640894400000,9987.442576962925
1640898000000,9986.655776962925
1640901600000,9987.115566962924
1640905200000,9985.290106962924
1640908800000,9985.268592755521
1640912400000,9984.954542755522
1640916000000,9986.828652755523
1640919600000,9986.689092755521
1640923200000,9988.532932755521
1640926800000,9988.449592755522
1640930400000,9987.559142755521
1640934000000,9987.267952755521
1640937600000,9986.058633995064
1640941200000,9988.789563995064
1640944800000,9988.704993995065
1640948400000,9987.932993995064
1640952000000,9988.481573995065
1640955600000,9989.805033995064
1640959200000,9990.100713995065
1640962800000,9990.329743995064
1640966400000,9988.821343441065
1640970000000,9987.658973441065
1640973600000,9987.139653441065
1640977200000,9986.924743441064
1640980800000,9984.168753441065
1640984400000,9985.102953441063
1640988000000,9987.115663441064
1640991600000,9986.711563441066
1640995200000,9987.06409606281
1640998800000,9988.737106062812
1641002400000,9988.899956062809
1641006000000,9988.887916062811
1641009600000,9988.45723606281
1641013200000,9987.549406062812
1641016800000,9987.664886062812
1641020400000,9986.32612606281
1641024000000,9985.556325345386
1641027600000,9986.800575345385
1641031200000,9986.563385345386
1641034800000,9984.829305345385
1641038400000,9985.778095345386
1641042000000,9986.612495345385
1641045600000,9985.883215345386
1641049200000,9984.844425345385
1641052800000,9986.797844114843
1641056400000,9986.693144114843
1641060000000,9987.794174114842
1641063600000,9987.622874114842
1641067200000,9988.148554114843
1641070800000,9989.605594114842
1641074400000,9988.426554114842
1641078000000,9988.747894114844
1641081600000,9988.3427215872
1641085200000,9988.351831587199
1641088800000,9987.994561587198
1641092400000,9987.888411587199
1641096000000,9989.379771587199
1641099600000,9988.182911587199
1641103200000,9989.0861615872
1641106800000,9988.202881587198
1641110400000,9989.014947186513
1641114000000,9988.354987186514
1641117600000,9989.249797186512
1641121200000,9988.613897186513
1641124800000,9988.407057186514
1641128400000,9989.030207186514
1641132000000,9988.972417186513
1641135600000,9990.097207186513
1641139200000,9991.80017921165
1641142800000,9996.639769211652
1641146400000,9996.067919211651
1641150000000,9994.823299211652
1641153600000,9995.87424921165
1641157200000,9996.438749211651
1641160800000,9996.55207921165
1641164400000,9996.65736921165
1641168000000,9996.825990938152
1641171600000,9995.742200938152
1641175200000,9995.378330938152
1641178800000,9995.319900938151
1641182400000,9994.784290938152
1641186000000,9995.560250938152
1641189600000,9996.350160938153
1641193200000,9996.101110938152
1641196800000,9996.631868477436
1641200400000,9996.695118477437
1641204000000,9996.465348477435
1641207600000,9997.620878477435
1641211200000,9997.187168477436
1641214800000,9996.897378477435
1641218400000,9997.077078477436
1641222000000,9996.814758477436
1641225600000,9995.13209628373
1641229200000,9992.30896628373
1641232800000,9993.62004628373
1641236400000,9993.22254628373
1641240000000,9991.897346283731
1641243600000,9990.15168628373
1641247200000,9992.53599628373
1641250800000,9994.54420628373
1641254400000,9994.949814911204
1641258000000,9993.003444911204
1641261600000,9993.402104911203
1641265200000,9992.254994911204
1641268800000,9993.065384911204
1641272400000,9992.578244911203
1641276000000,9993.406004911203
1641279600000,9993.693144911205
1641283200000,9994.208414574241
1641286800000,9994.910294574242
1641290400000,9995.428664574241
1641294000000,9998.924394574242
1641297600000,10001.309904574242
1641301200000,10000.870784574241
1641304800000,10003.530494574243
1641308400000,10002.330474574243
1641312000000,10000.587163302305
1641315600000,10002.383873302306
1641319200000,10001.600023302306
1641322800000,9998.642593302304
1641326400000,10001.982983302305
1641330000000,10000.975443302304
1641333600000,10002.100863302305
1641337200000,10001.371313302305
1641340800000,9999.857208079738
1641344400000,10000.124538079739
1641348000000,9999.34338807974
1641351600000,9999.47086807974
1641355200000,9999.356278079738
1641358800000,9999.47392807974
1641362400000,9999.559028079739
1641366000000,10000.11117807974
1641369600000,10000.390303230422
1641373200000,9999.816153230422
1641376800000,10000.188563230422
1641380400000,9999.192763230423
1641384000000,9998.449313230421
1641387600000,9998.110923230422
1641391200000,9999.824793230422
1641394800000,9999.304693230422
1641398400000,9999.506111609742
1641402000000,9998.459591609742
1641405600000,9997.49313160974
1641409200000,9995.189121609741
1641412800000,9991.065341609743
1641416400000,9990.641137763445
1641420000000,9992.796337763444
1641423600000,9994.280737763444
1641427200000,9994.527835613444
1641430800000,9993.195885613444
1641434400000,9994.083285613444
1641438000000,9995.333285613444
1641441600000,9997.012885613443
1641445200000,9996.687735613443
1641448800000,9996.624985613444
1641452400000,9996.431035613443
1641456000000,9995.346500562084
1641459600000,9996.378050562083
1641463200000,9998.104200562084
1641466800000,9997.034500562084
1641470400000,9996.885550562085
1641474000000,9996.021200562083
1641477600000,9995.683050562084
1641481200000,9997.752950562084
1641484800000,9996.566322992085
1641488400000,9997.195322992084
1641492000000,9996.628322992085
1641495600000,9995.072422992085
1641499200000,9994.414322992085
1641502800000,9995.609422992084
1641506400000,9995.898172992085
1641510000000,9995.824972992084
1641513600000,9995.956012992085
1641517200000,9997.477912992084
1641520800000,9996.753512992083
1641524400000,9997.669812992084
1641528000000,10002.358162992085
1641531600000,10003.093062992084
1641535200000,10002.505362992084
1641538800000,10004.051162992084
1641542400000,10003.29486120083
1641546000000,10001.13096120083
1641549600000,9999.69716120083
1641553200000,10000.60831120083
1641556800000,10000.008811200829
1641560400000,9999.54926120083
1641564000000,10004.22996120083
1641567600000,10002.59076120083
1641571200000,10004.57442119583
1641574800000,10001.26647119583
1641578400000,10001.95952119583
1641582000000,10003.01422119583
1641585600000,10002.644021195829
1641589200000,10002.01912119583
1641592800000,10002.49712119583
1641596400000,10004.09087119583
1641600000000,10003.31689642083
1641603600000,10001.85434642083
1641607200000,10002.271446420831
1641610800000,10002.38044642083
1641614400000,10002.51679642083
1641618000000,10002.36259642083
1641621600000,10001.98194642083
1641625200000,10002.22239642083
1641628800000,10002.01034825583
1641632400000,10001.745098255831
1641636000000,10000.739548255831
1641639600000,10002.181298255831
1641643200000,10002.18579825583
1641646800000,10002.549248255831
1641650400000,10002.32599825583
1641654000000,10002.79049825583
1641657600000,10003.658201061338
1641661200000,10004.709751061338
1641664800000,10006.848651061338
1641668400000,10008.485051061338
1641672000000,10007.118351061337
1641675600000,10006.755001061338
1641679200000,10002.639051061338
1641682800000,10002.260751061338
1641686400000,10003.365893792501
1641690000000,10003.002393792502
1641693600000,10002.692943792501
1641697200000,10001.4497437925
1641700800000,10002.4327437925
1641704400000,10001.359893792502
1641708000000,10002.8494937925
1641711600000,10002.2473937925
1641715200000,10002.60968669566
1641718800000,10003.259536695661
1641722400000,10004.03218669566
1641726000000,10003.329086695661
1641729600000,10002.24983669566
1641733200000,10003.27363669566
1641736800000,10004.17403669566
1641740400000,10003.87738669566
1641744000000,10003.536445468102
1641747600000,10001.004195468102
1641751200000,10001.434345468102
1641754800000,10002.142345468103
1641758400000,9998.104845468102
1641762000000,9999.513545468102
1641765600000,10000.232545468103
1641769200000,10000.559895468103
1641772800000,10002.692270468104
1641776400000,10003.694620468103
1641780000000,10002.825920468104
1641783600000,10002.424070468103
1641787200000,10002.006270468104
1641790800000,10000.916870468103
1641794400000,10001.865020468103
1641798000000,10001.959370468103
1641801600000,10001.429673905513
1641805200000,10002.698323905513
1641808800000,10002.990023905513
1641812400000,10003.061273905514
1641816000000,10003.777173905513
1641819600000,10007.104273905514
1641823200000,10008.074523905514
1641826800000,10007.979923905514
1641830400000,10007.392858207737
1641834000000,10002.061058207737
1641837600000,10006.121258207737
1641841200000,10004.222108207738
1641844800000,10004.779858207738
1641848400000,10003.329358207737
1641852000000,10003.090258207738
1641855600000,10004.012708207738
1641859200000,10002.58700973702
1641862800000,10003.90225973702
1641866400000,10002.341209737022
1641870000000,10001.03265973702
1641873600000,10000.63590973702
1641877200000,10000.493309737021
1641880800000,10001.447809737021
1641884400000,10001.282309737022
1641888000000,10000.756555211186
1641891600000,10001.808455211187
1641895200000,10002.105555211187
1641898800000,10003.681505211187
1641902400000,10002.851355211187
1641906000000,10002.811505211186
1641909600000,10003.545455211188
1641913200000,10003.042705211186
1641916800000,10003.129114843669
1641920400000,9998.166764843669
1641924000000,9999.576964843667
1641927600000,9998.243864843667
1641931200000,9996.965864843667
1641934800000,9998.159714843669
1641938400000,9998.509964843668
1641942000000,9998.552514843668
1641945600000,9998.232626046763
1641949200000,9998.422226046763
1641952800000,9998.700426046764
1641956400000,9999.205476046764
1641960000000,9998.842176046763
1641963600000,9998.821926046763
1641967200000,9998.255576046762
1641970800000,9998.787126046764
1641974400000,9999.211504177512
1641978000000,9999.022654177512
1641981600000,9997.960304177512
1641985200000,9998.143454177512
1641988800000,9997.531954177512
1641992400000,9995.770704177512
1641996000000,9992.384715425162
1641999600000,9992.384715425162
1642003200000,9992.384715425162
1642006800000,9992.384715425162
1642010400000,9992.384715425162
1642014000000,9992.384715425162
1642017600000,9992.384715425162
1642021200000,9992.384715425162
1642024800000,9992.384715425162
1642028400000,9992.384715425162
1642032000000,9992.384715425162
1642035600000,9992.384715425162
1642039200000,9992.384715425162
1642042800000,9992.384715425162
1642046400000,9992.384715425162
1642050000000,9992.384715425162
1642053600000,9992.384715425162
1642057200000,9992.384715425162
1642060800000,9992.384715425162
1642064400000,9992.384715425162
1642068000000,9992.384715425162
1642071600000,9992.384715425162
1642075200000,9992.384715425162
1642078800000,9992.384715425162
1642082400000,9992.384715425162
1642086000000,9992.384715425162
1642089600000,9992.384715425162
1642093200000,9992.384715425162
1642096800000,9992.384715425162
1642100400000,9992.384715425162
1642104000000,9992.384715425162
1642107600000,9992.384715425162
1642111200000,9992.384715425162
1642114800000,9992.384715425162
1642118400000,9992.384715425162
1642122000000,9992.384715425162
1642125600000,9992.384715425162
1642129200000,9992.384715425162
1642132800000,9992.384715425162
1642136400000,9992.384715425162
1642140000000,9992.384715425162
1642143600000,9992.384715425162
1642147200000,9992.384715425162
1642150800000,9992.384715425162
1642154400000,9992.384715425162
1642158000000,9992.384715425162
1642161600000,9992.384715425162
1642165200000,9992.384715425162
1642168800000,9992.384715425162
1642172400000,9992.384715425162
1642176000000,9992.384715425162
1642179600000,9992.384715425162
1642183200000,9992.384715425162
1642186800000,9992.384715425162
1642190400000,9992.384715425162
1642194000000,9992.384715425162
1642197600000,9992.384715425162
1642201200000,9992.384715425162
1642204800000,9992.384715425162
1642208400000,9992.384715425162
1642212000000,9992.384715425162
1642215600000,9992.384715425162
1642219200000,9992.384715425162
1642222800000,9992.384715425162
1642226400000,9992.384715425162
1642230000000,9992.384715425162
1642233600000,9992.384715425162
1642237200000,9992.384715425162
1642240800000,9992.384715425162
1642244400000,9992.384715425162
1642248000000,9992.384715425162
1642251600000,9992.384715425162
1642255200000,9992.384715425162
1642258800000,9992.384715425162
1642262400000,9992.384715425162
1642266000000,9992.384715425162
1642269600000,9992.384715425162
1642273200000,9992.384715425162
1642276800000,9992.384715425162
1642280400000,9992.384715425162
1642284000000,9992.384715425162
1642287600000,9992.384715425162
1642291200000,9992.384715425162
1642294800000,9992.384715425162
1642298400000,9992.384715425162
1642302000000,9992.384715425162
1642305600000,9992.384715425162
1642309200000,9992.384715425162
1642312800000,9992.384715425162
1642316400000,9992.384715425162
1642320000000,9992.384715425162
1642323600000,9992.384715425162
1642327200000,9992.384715425162
1642330800000,9992.384715425162
1642334400000,9992.384715425162
1642338000000,9992.384715425162
1642341600000,9992.384715425162
1642345200000,9992.384715425162
1642348800000,9992.384715425162
1642352400000,9992.384715425162
1642356000000,9992.384715425162
1642359600000,9992.384715425162
1642363200000,9992.384715425162
1642366800000,9992.384715425162
1642370400000,9992.384715425162
1642374000000,9992.384715425162
1642377600000,9992.384715425162
1642381200000,9992.384715425162
1642384800000,9992.384715425162
1642388400000,9992.384715425162
1642392000000,9992.384715425162
1642395600000,9992.384715425162
1642399200000,9992.384715425162
1642402800000,9992.384715425162
1642406400000,9992.384715425162
1642410000000,9992.384715425162
1642413600000,9992.384715425162
1642417200000,9992.384715425162
1642420800000,9992.384715425162
1642424400000,9992.384715425162
1642428000000,9992.384715425162
1642431600000,9992.384715425162
1642435200000,9992.384715425162
1642438800000,9992.384715425162
1642442400000,9992.384715425162
1642446000000,9992.384715425162
1642449600000,9992.384715425162
1642453200000,9992.384715425162
1642456800000,9992.384715425162
1642460400000,9992.384715425162
1642464000000,9992.384715425162
1642467600000,9992.384715425162
1642471200000,9992.384715425162
1642474800000,9992.384715425162
1642478400000,9992.384715425162
1642482000000,9992.384715425162
1642485600000,9992.384715425162
1642489200000,9992.384715425162
1642492800000,9992.384715425162
1642496400000,9992.384715425162
1642500000000,9992.384715425162
1642503600000,9992.384715425162
1642507200000,9992.384715425162
1642510800000,9992.384715425162
1642514400000,9992.384715425162
1642518000000,9992.384715425162
1642521600000,9992.384715425162
1642525200000,9992.384715425162
1642528800000,9992.384715425162
1642532400000,9992.384715425162
1642536000000,9992.384715425162
1642539600000,9992.384715425162
1642543200000,9992.384715425162
1642546800000,9992.384715425162
1642550400000,9992.384715425162
1642554000000,9992.384715425162
1642557600000,9992.384715425162
1642561200000,9992.384715425162
1642564800000,9992.384715425162
1642568400000,9992.384715425162
1642572000000,9992.384715425162
1642575600000,9992.384715425162
1642579200000,9992.384715425162
1642582800000,9992.384715425162
1642586400000,9992.384715425162
1642590000000,9992.384715425162
1642593600000,9992.384715425162
1642597200000,9992.384715425162
1642600800000,9992.384715425162
1642604400000,9992.384715425162
1642608000000,9992.384715425162
1642611600000,9992.384715425162
1642615200000,9992.384715425162
1642618800000,9992.384715425162
1642622400000,9992.384715425162
1642626000000,9992.384715425162
1642629600000,9992.384715425162
1642633200000,9992.384715425162
1642636800000,9992.384715425162
1642640400000,9992.384715425162
1642644000000,9992.384715425162
1642647600000,9992.384715425162
1642651200000,9992.384715425162
1642654800000,9992.384715425162
1642658400000,9992.384715425162
1642662000000,9992.384715425162
1642665600000,9992.384715425162
1642669200000,9992.384715425162
1642672800000,9992.384715425162
1642676400000,9992.384715425162
1642680000000,9992.384715425162
1642683600000,9992.384715425162
1642687200000,9992.384715425162
1642690800000,9992.384715425162
1642694400000,9992.384715425162
1642698000000,9992.384715425162
1642701600000,9992.384715425162
1642705200000,9992.384715425162
1642708800000,9992.384715425162
1642712400000,9992.384715425162
1642716000000,9992.384715425162
1642719600000,9992.384715425162
1642723200000,9992.384715425162
1642726800000,9992.384715425162
1642730400000,9992.384715425162
1642734000000,9992.384715425162
1642737600000,9992.384715425162
1642741200000,9992.384715425162
1642744800000,9992.384715425162
1642748400000,9992.384715425162
1642752000000,9992.384715425162
1642755600000,9992.384715425162
1642759200000,9992.384715425162
1642762800000,9992.384715425162
1642766400000,9992.384715425162
1642770000000,9992.384715425162
1642773600000,9992.384715425162
1642777200000,9992.384715425162
1642780800000,9992.384715425162
1642784400000,9992.384715425162
1642788000000,9992.384715425162
1642791600000,9992.384715425162
1642795200000,9992.384715425162
1642798800000,9992.384715425162
1642802400000,9992.384715425162
1642806000000,9992.384715425162
1642809600000,9992.384715425162
1642813200000,9992.384715425162
1642816800000,9992.384715425162
1642820400000,9992.384715425162
1642824000000,9992.384715425162
1642827600000,9992.384715425162
1642831200000,9992.384715425162
1642834800000,9992.384715425162
1642838400000,9992.384715425162
1642842000000,9992.384715425162
1642845600000,9992.384715425162
1642849200000,9992.384715425162
1642852800000,9992.384715425162
1642856400000,9992.384715425162
1642860000000,9992.384715425162
1642863600000,9992.384715425162
1642867200000,9992.384715425162
1642870800000,9992.384715425162
1642874400000,9992.384715425162
1642878000000,9992.384715425162
1642881600000,9992.384715425162
1642885200000,9992.384715425162
1642888800000,9992.384715425162
1642892400000,9992.384715425162
1642896000000,9992.384715425162
1642899600000,9992.384715425162
1642903200000,9992.384715425162
1642906800000,9992.384715425162
1642910400000,9992.384715425162
1642914000000,9992.384715425162
1642917600000,9992.384715425162
1642921200000,9992.384715425162
1642924800000,9992.384715425162
1642928400000,9992.384715425162
1642932000000,9992.384715425162
1642935600000,9992.384715425162
1642939200000,9992.384715425162
1642942800000,9992.384715425162
1642946400000,9992.384715425162
1642950000000,9992.384715425162
1642953600000,9992.384715425162
1642957200000,9992.384715425162
1642960800000,9992.384715425162
1642964400000,9992.384715425162
1642968000000,9992.384715425162
1642971600000,9992.384715425162
1642975200000,9992.384715425162
1642978800000,9992.384715425162
1642982400000,9992.384715425162
1642986000000,9992.384715425162
1642989600000,9992.384715425162
1642993200000,9992.384715425162
1642996800000,9992.384715425162
1643000400000,9992.384715425162
1643004000000,9992.384715425162
1643007600000,9992.384715425162
1643011200000,9992.384715425162
1643014800000,9992.384715425162
1643018400000,9992.384715425162
1643022000000,9992.384715425162
1643025600000,9992.604288207433
1643029200000,9994.223028207434
1643032800000,9995.033088207434
1643036400000,9993.574428207434
1643040000000,9991.024521078662
1643043600000,9991.50752107866
1643047200000,9987.03356107866
1643050800000,9985.59008107866
1643054400000,9985.548221078661
1643058000000,9982.36364107866
1643061600000,9983.234421078661
1643065200000,9984.16960107866
1643068800000,9983.239542564239
1643072400000,9985.150842564239
1643076000000,9985.37164256424
1643079600000,9984.58412256424
1643083200000,9984.22394256424
1643086800000,9985.875342564239
1643090400000,9985.035842564239
1643094000000,9986.46782256424
1643097600000,9985.803535891884
1643101200000,9985.741435891885
1643104800000,9983.722495891885
1643108400000,9983.652115891884
1643112000000,9983.622215891884
1643115600000,9983.191655891884
1643119200000,9983.906495891884
1643122800000,9985.252915891884
1643126400000,9983.933154967772
1643130000000,9983.315374967771
1643133600000,9981.563694967772
1643137200000,9980.391614967772
1643140800000,9981.879714967772
1643144400000,9983.248214967773
1643148000000,9984.136474967772
1643151600000,9983.469014967772
1643155200000,9982.394019148242
1643158800000,9983.780919148241
1643162400000,9982.783179148242
1643166000000,9982.886679148241
1643169600000,9981.361319148242
1643173200000,9980.396239148242
1643176800000,9981.373279148242
1643180400000,9982.647939148243
1643184000000,9981.898812535557
1643187600000,9980.820572535558
1643191200000,9980.869332535558
1643194800000,9978.522872535557
1643198400000,9978.489752535557
1643202000000,9978.735392535558
1643205600000,9974.967072535557
1643209200000,9972.714838420343
1643212800000,9972.714838420343
1643216400000,9972.714838420343
1643220000000,9972.714838420343
1643223600000,9972.714838420343
1643227200000,9974.00658862606
1643230800000,9975.71358862606
1643234400000,9982.279388626059
1643238000000,9980.85378862606
1643241600000,9979.511863141444
1643245200000,9978.497863141443
1643248800000,9984.082063141444
1643252400000,9983.764663141445
1643256000000,9985.201663141444
1643259600000,9983.084863141443
1643263200000,9983.748463141445
1643266800000,9983.191063141443
1643270400000,9982.980899152763
1643274000000,9980.886899152762
1643277600000,9980.605499152762
1643281200000,9981.146699152761
1643284800000,9979.487699152762
1643288400000,9979.925099152762
1643292000000,9978.035099152761
1643295600000,9977.873699152762
1643299200000,9978.277960892248
1643302800000,9978.552160892248
1643306400000,9979.596760892247
1643310000000,9980.446960892248
1643313600000,9982.829560892247
1643317200000,9986.811760892248
1643320800000,9985.911160892249
1643324400000,9983.618560892248
1643328000000,9981.699942006087
1643331600000,9981.202542006087
1643335200000,9983.005542006087
1643338800000,9982.665942006088
1643342400000,9980.023542006087
1643346000000,9980.655342006088
1643349600000,9979.820742006088
1643353200000,9981.908142006088
1643356800000,9983.434116143728
1643360400000,9982.681716143728
1643364000000,9983.58411614373
1643367600000,9982.645116143729
1643371200000,9983.23611614373
1643374800000,9984.65871614373
1643378400000,9981.403716143728
1643382000000,9983.344716143729
1643385600000,9980.691843958684
1643389200000,9978.314043958684
1643392800000,9979.527843958685
1643396400000,9978.604443958684
1643400000000,9979.092243958685
1643403600000,9976.472043958685
1643407200000,9974.744043958684
1643410800000,9975.674043958685
1643414400000,9974.438546499867
1643418000000,9973.395746499868
1643421600000,9975.069146499867
1643425200000,9975.148946499867
1643428800000,9974.410946499867
1643432400000,9974.604746499868
1643436000000,9974.949746499868
1643439600000,9974.292746499868
1643443200000,9972.650344360474
1643446800000,9973.665544360474
1643450400000,9974.050144360473
1643454000000,9974.090344360475
1643457600000,9973.602544360474
1643461200000,9972.596344360474
1643464800000,9970.571944360474
1643468400000,9975.048544360474
1643472000000,9974.277823215642
1643475600000,9973.194223215642
1643479200000,9972.79162321564
1643482800000,9971.43022321564
1643486400000,9971.526823215641
1643490000000,9970.739023215641
1643493600000,9969.96322321564
1643497200000,9971.33302321564
1643500800000,9971.01286414456
1643504400000,9972.74566414456
1643508000000,9972.25906414456
1643511600000,9971.93086414456
1643515200000,9972.575864144561
1643518800000,9971.59366414456
1643522400000,9970.84906414456
1643526000000,9970.07026414456
1643529600000,9969.584198807537
1643533200000,9970.469798807539
1643536800000,9970.383398807538
1643540400000,9969.374798807537
1643544000000,9969.463598807539
1643547600000,9970.103798807539
1643551200000,9970.137398807537
1643554800000,9970.778198807539
1643558400000,9970.060484549256
1643562000000,9971.250884549256
1643565600000,9969.753284549257
1643569200000,9971.265884549257
1643572800000,9973.401884549256
1643576400000,9972.447884549256
1643580000000,9973.443284549256
1643583600000,9972.150884549255
1643587200000,9970.751305664282
1643590800000,9974.636905664282
1643594400000,9975.671905664281
1643598000000,9976.39910566428
1643601600000,9976.358905664281
1643605200000,9977.257105664281
1643608800000,9976.608505664282
1643612400000,9976.699705664281
1643616000000,9975.445703253201
1643619600000,9975.1295032532
1643623200000,9974.5535032532
1643626800000,9973.7111032532
1643630400000,9973.0055032532
1643634000000,9974.6195032532
1643637600000,9973.5893032532
1643641200000,9971.4479032532
1643644800000,9969.877095462674
1643648400000,9967.162190239462
1643652000000,9967.162190239462
1643655600000,9967.162190239462
1643659200000,9967.162190239462
1643662800000,9967.162190239462
1643666400000,9967.162190239462
1643670000000,9967.162190239462
1643673600000,9967.162190239462
1643677200000,9967.162190239462
1643680800000,9967.162190239462
1643684400000,9967.162190239462
1643688000000,9967.162190239462
1643691600000,9967.162190239462
1643695200000,9967.162190239462
1643698800000,9967.162190239462
1643702400000,9967.162190239462
1643706000000,9967.162190239462
1643709600000,9967.162190239462
1643713200000,9967.162190239462
1643716800000,9967.162190239462
1643720400000,9967.162190239462
1643724000000,9967.162190239462
1643727600000,9967.162190239462
1643731200000,9967.162190239462
1643734800000,9967.162190239462
1643738400000,9967.162190239462
1643742000000,9967.162190239462
1643745600000,9967.162190239462
1643749200000,9967.162190239462
1643752800000,9967.162190239462
1643756400000,9967.162190239462
1643760000000,9967.162190239462
1643763600000,9967.162190239462
1643767200000,9967.162190239462
1643770800000,9967.162190239462
1643774400000,9967.162190239462
1643778000000,9967.162190239462
1643781600000,9967.162190239462
1643785200000,9967.162190239462
1643788800000,9967.162190239462
1643792400000,9967.162190239462
1643796000000,9967.162190239462
1643799600000,9967.162190239462
1643803200000,9967.162190239462
1643806800000,9967.162190239462
1643810400000,9967.162190239462
1643814000000,9967.162190239462
1643817600000,9967.162190239462
1643821200000,9967.162190239462
1643824800000,9967.162190239462
1643828400000,9967.162190239462
1643832000000,9967.162190239462
1643835600000,9967.162190239462
1643839200000,9967.162190239462
1643842800000,9967.162190239462
1643846400000,9967.162190239462
1643850000000,9967.162190239462
1643853600000,9967.162190239462
1643857200000,9967.162190239462
1643860800000,9967.162190239462
1643864400000,9967.162190239462
1643868000000,9967.162190239462
1643871600000,9967.162190239462
1643875200000,9967.162190239462
1643878800000,9967.162190239462
1643882400000,9967.162190239462
1643886000000,9967.162190239462
1643889600000,9967.162190239462
1643893200000,9967.162190239462
1643896800000,9967.162190239462
1643900400000,9967.162190239462
1643904000000,9967.162190239462
1643907600000,9967.162190239462
1643911200000,9967.162190239462
1643914800000,9967.162190239462
1643918400000,9967.162190239462
1643922000000,9967.162190239462
1643925600000,9967.162190239462
1643929200000,9967.162190239462
1643932800000,9967.162190239462
1643936400000,9967.162190239462
1643940000000,9967.162190239462
1643943600000,9967.162190239462
1643947200000,9967.162190239462
1643950800000,9967.162190239462
1643954400000,9967.162190239462
1643958000000,9967.162190239462
1643961600000,9967.162190239462
1643965200000,9967.162190239462
1643968800000,9967.162190239462
1643972400000,9967.162190239462
1643976000000,9967.162190239462
1643979600000,9967.162190239462
1643983200000,9967.162190239462
1643986800000,9967.162190239462
1643990400000,9967.162190239462
1643994000000,9967.162190239462
1643997600000,9967.162190239462
1644001200000,9967.162190239462
1644004800000,9966.874725972624
1644008400000,9967.352165972625
1644012000000,9966.935525972624
1644015600000,9967.143525972624
1644019200000,9964.658990648823
1644022800000,9965.032450648823
1644026400000,9964.327870648824
1644030000000,9963.466750648822
1644033600000,9963.745050648824
1644037200000,9962.756910648823
1644040800000,9962.274110648823
1644044400000,9963.194930648824
1644048000000,9962.98924906348
1644051600000,9962.993469063478
1644055200000,9962.371529063481
1644058800000,9962.642569063479
1644062400000,9962.747189063479
1644066000000,9962.783829063479
1644069600000,9962.637809063479
1644073200000,9962.539409063478
1644076800000,9962.22633303291
1644080400000,9962.416493032908
1644084000000,9963.478753032909
1644087600000,9963.763913032908
1644091200000,9963.420413032909
1644094800000,9963.493213032909
1644098400000,9963.294973032907
1644102000000,9963.163093032908
1644105600000,9962.230947271693
1644109200000,9962.049747271692
1644112800000,9962.476507271693
1644116400000,9962.567347271692
1644120000000,9962.842827271692
1644123600000,9962.964887271693
1644127200000,9963.165127271692
1644130800000,9963.161947271692
1644134400000,9963.937655883403
1644138000000,9963.832755883403
1644141600000,9963.586875883404
1644145200000,9963.895335883404
1644148800000,9963.789835883405
1644152400000,9963.924535883403
1644156000000,9964.159355883403
1644159600000,9964.506075883402
1644163200000,9964.613813323404
1644166800000,9964.470533323403
1644170400000,9964.454953323404
1644174000000,9964.792713323402
1644177600000,9965.090533323404
1644181200000,9965.347753323404
1644184800000,9965.124293323403
1644188400000,9965.127073323403
1644192000000,9965.672901746133
1644195600000,9965.344981746133
1644199200000,9966.293021746133
1644202800000,9966.680821746133
1644206400000,9967.472741746134
1644210000000,9966.265081746134
1644213600000,9965.448501746134
1644217200000,9965.459601746134
1644220800000,9966.083728017922
1644224400000,9965.929528017923
1644228000000,9965.091808017924
1644231600000,9965.799948017922
1644235200000,9966.982348017922
1644238800000,9965.956808017922
1644242400000,9965.997028017924
1644246000000,9967.465688017923
1644249600000,9969.95608092072
1644253200000,9969.20016092072
1644256800000,9970.90646092072
1644260400000,9968.76674092072
1644264000000,9968.513479518833
1644267600000,9967.213459518833
1644271200000,9967.263919518833
1644274800000,9967.163479518833
1644278400000,9966.026944518833
1644282000000,9965.733964518833
1644285600000,9966.979384518832
1644289200000,9966.332404518833
1644292800000,9967.888924518833
1644296400000,9968.654824518833
1644300000000,9971.996764518834
1644303600000,9971.348824518833
1644307200000,9972.181897730514
1644310800000,9967.289797730515
1644314400000,9965.899417730514
1644318000000,9966.149857730514
1644321600000,9966.214897730515
1644325200000,9963.243997730515
1644328800000,9964.494277730515
1644332400000,9963.924997730515
1644336000000,9964.039829172332
1644339600000,9961.689509172333
1644343200000,9960.634109172332
1644346800000,9960.319469172333
1644350400000,9960.542669172333
1644354000000,9968.033789172332
1644357600000,9968.117969172332
1644361200000,9967.276229172332
1644364800000,9967.373628816227
1644368400000,9967.884228816227
1644372000000,9966.123468816228
1644375600000,9962.735988816228
1644379200000,9962.901708816227
1644382800000,9963.672108816229
1644386400000,9964.076388816227
1644390000000,9965.044968816228
1644393600000,9965.703693190031
1644397200000,9963.59823319003
1644400800000,9963.134193190032
1644404400000,9964.02939319003
1644408000000,9965.12673319003
1644411600000,9967.00779319003
1644415200000,9966.386853190032
1644418800000,9967.37445319003
1644422400000,9965.731797868175
1644426000000,9967.333317868175
1644429600000,9966.883797868175
1644433200000,9967.720197868175
1644436800000,9969.654297868175
1644440400000,9970.657077868176
1644444000000,9969.758757868176
1644447600000,9969.794937868175
1644451200000,9968.78972065267
1644454800000,9967.365980652672
1644458400000,9968.034260652672
1644462000000,9965.77394065267
1644465600000,9965.147660652672
1644469200000,9965.292620652672
1644472800000,9965.978600652672
1644476400000,9965.989760652672
1644480000000,9966.998677238043
1644483600000,9967.865137238045
1644487200000,9968.826997238044
1644490800000,9970.571557238045
1644494400000,9971.370097238045
1644498000000,9971.397457238045
1644501600000,9964.893757238044
1644505200000,9968.351077238045
1644508800000,9972.099253757362
1644512400000,9974.919553757361
1644516000000,9974.52679375736
1644519600000,9973.938193757362
1644523200000,9968.89561375736
1644526800000,9966.996433757362
1644530400000,9964.95925375736
1644534000000,9966.340933757361
1644537600000,9963.264834499607
1644541200000,9960.495174499607
1644544800000,9961.668474499607
1644548400000,9961.369134499608
1644552000000,9962.661234499608
1644555600000,9960.965694499608
1644559200000,9959.665674499607
1644562800000,9961.961874499608
1644566400000,9962.491190477116
1644570000000,9960.939470477117
1644573600000,9963.413150477116
1644577200000,9963.123230477117
1644580800000,9962.385890477115
1644584400000,9963.998810477116
1644588000000,9964.954070477115
1644591600000,9964.070330477116
1644595200000,9964.787969333023
1644598800000,9963.900509333022
1644602400000,9963.357269333022
1644606000000,9959.048789333023
1644609600000,9959.677769333022
1644613200000,9958.042109333022
1644616800000,9958.270109333022
1644620400000,9955.819469333022
1644624000000,9956.964288797022
1644627600000,9956.452968797023
1644631200000,9957.054408797023
1644634800000,9957.291048797022
1644638400000,9956.543928797022
1644642000000,9956.739588797023
1644645600000,9956.392548797023
1644649200000,9955.448088797022
1644652800000,9955.497113325493
1644656400000,9956.205833325494
1644660000000,9956.912633325494
1644663600000,9956.286953325493
1644667200000,9957.181673325493
1644670800000,9956.310413325493
1644674400000,9955.581353325493
1644678000000,9955.813373325493
1644681600000,9955.704822747493
1644685200000,9958.689282747493
1644688800000,9959.092842747492
1644692400000,9959.758602747492
1644696000000,9958.629342747492
1644699600000,9958.161582747493
1644703200000,9954.325182747492
1644706800000,9955.291542747493
1644710400000,9955.765149269204
1644714000000,9956.710209269204
1644717600000,9956.123649269204
1644721200000,9955.936929269204
1644724800000,9956.199789269205
1644728400000,9955.644789269205
1644732000000,9956.165169269205
1644735600000,9956.978169269205
1644739200000,9956.83192435115
1644742800000,9957.09988435115
1644746400000,9956.216984351151
1644750000000,9957.86008435115
1644753600000,9957.45274435115
1644757200000,9957.23446435115
1644760800000,9957.57868435115
1644764400000,9957.61090435115
1644768000000,9958.037868176443
1644771600000,9956.222988176443
1644775200000,9956.278188176442
1644778800000,9954.206531274906
1644782400000,9954.206531274906
1644786000000,9954.206531274906
1644789600000,9954.206531274906
1644793200000,9954.206531274906
1644796800000,9954.206531274906
1644800400000,9954.206531274906
1644804000000,9954.206531274906
1644807600000,9954.206531274906
1644811200000,9954.206531274906
1644814800000,9954.206531274906
1644818400000,9954.206531274906
1644822000000,9954.206531274906
1644825600000,9954.206531274906
1644829200000,9954.206531274906
1644832800000,9954.206531274906
1644836400000,9954.206531274906
1644840000000,9954.206531274906
1644843600000,9954.206531274906
1644847200000,9954.206531274906
1644850800000,9954.206531274906
1644854400000,9954.206531274906
1644858000000,9954.206531274906
1644861600000,9954.206531274906
1644865200000,9954.206531274906
1644868800000,9954.206531274906
1644872400000,9954.206531274906
1644876000000,9954.206531274906
1644879600000,9954.206531274906
1644883200000,9954.206531274906
1644886800000,9954.206531274906
1644890400000,9954.206531274906
1644894000000,9954.206531274906
1644897600000,9954.206531274906
1644901200000,9954.206531274906
1644904800000,9954.206531274906
1644908400000,9954.206531274906
1644912000000,9954.206531274906
1644915600000,9954.206531274906
1644919200000,9954.206531274906
1644922800000,9954.206531274906
1644926400000,9954.206531274906
1644930000000,9954.206531274906
1644933600000,9954.206531274906
1644937200000,9954.206531274906
1644940800000,9954.206531274906
1644944400000,9954.206531274906
1644948000000,9954.206531274906
1644951600000,9954.206531274906
1644955200000,9954.206531274906
1644958800000,9954.206531274906
1644962400000,9954.206531274906
1644966000000,9954.206531274906
1644969600000,9954.206531274906
1644973200000,9954.206531274906
1644976800000,9954.206531274906
1644980400000,9954.206531274906
1644984000000,9953.821626516286
1644987600000,9953.352826516286
1644991200000,9954.688026516285
1644994800000,9954.591226516286
1644998400000,9955.626289830128
1645002000000,9955.451089830129
1645005600000,9954.045489830129
1645009200000,9955.22868983013
1645012800000,9955.277489830129
1645016400000,9954.47668983013
1645020000000,9950.93988983013
1645023600000,9950.399089830129
1645027200000,9950.810618070129
1645030800000,9951.465018070128
1645034400000,9950.74421807013
1645038000000,9954.789018070129
1645041600000,9956.149818070127
1645045200000,9954.846618070129
1645048800000,9954.216218070129
1645052400000,9954.345018070127
1645056000000,9953.029130461435
1645059600000,9954.465130461434
1645063200000,9954.117930461434
1645066800000,9954.063530461433
1645070400000,9950.190730461434
1645074000000,9950.735530461434
1645077600000,9950.920330461435
1645081200000,9952.825930461435
1645084800000,9953.518808461435
1645088400000,9950.194008461434
1645092000000,9947.597208461435
1645095600000,9946.114808461434
1645099200000,9947.433208461434
1645102800000,9948.134808461435
1645106400000,9940.365208461435
1645110000000,9937.370808461435
1645113600000,9936.997278810157
1645117200000,9937.276478810156
1645120800000,9935.900478810156
1645124400000,9933.891679428649
1645128000000,9933.891679428649
1645131600000,9933.891679428649
1645135200000,9933.891679428649
1645138800000,9933.891679428649
1645142400000,9933.891679428649
1645146000000,9933.891679428649
1645149600000,9933.891679428649
1645153200000,9933.891679428649
1645156800000,9933.891679428649
1645160400000,9933.891679428649
1645164000000,9933.891679428649
1645167600000,9933.891679428649
1645171200000,9933.891679428649
1645174800000,9933.891679428649
1645178400000,9933.891679428649
1645182000000,9933.891679428649
1645185600000,9933.891679428649
1645189200000,9933.891679428649
1645192800000,9933.891679428649
1645196400000,9933.891679428649
1645200000000,9933.891679428649
1645203600000,9933.891679428649
1645207200000,9933.891679428649
1645210800000,9933.891679428649
1645214400000,9933.891679428649
1645218000000,9933.891679428649
1645221600000,9933.891679428649
1645225200000,9933.891679428649
1645228800000,9933.891679428649
1645232400000,9933.891679428649
1645236000000,9933.891679428649
1645239600000,9933.891679428649
1645243200000,9933.891679428649
1645246800000,9933.891679428649
1645250400000,9933.891679428649
1645254000000,9933.891679428649
1645257600000,9933.891679428649
1645261200000,9933.891679428649
1645264800000,9933.891679428649
1645268400000,9933.891679428649
1645272000000,9933.819074135228
1645275600000,9934.749234135228
1645279200000,9932.306794135227
1645282800000,9933.149174135227
1645286400000,9931.627963905019
1645290000000,9932.24935390502
1645293600000,9930.88414390502
1645297200000,9931.580223905019
1645300800000,9932.245503905018
1645304400000,9931.39542390502
1645308000000,9932.43107390502
1645311600000,9932.40566390502
1645315200000,9930.904741303233
1645318800000,9933.062281303233
1645322400000,9932.460911303233
1645326000000,9934.358961303233
1645329600000,9934.415941303232
1645333200000,9936.687441303233
1645336800000,9938.667111303233
1645340400000,9940.573631303232
1645344000000,9939.326508300355
1645347600000,9942.122378300355
1645351200000,9941.136778300355
1645354800000,9941.968378300355
1645358400000,9939.785428300354
1645362000000,9941.056698300355
1645365600000,9940.835708300356
1645369200000,9941.152178300355
1645372800000,9939.265411986142
1645376400000,9939.934541986142
1645380000000,9939.63578198614
1645383600000,9938.611681986142
1645387200000,9939.522591986142
1645390800000,9941.162691986141
1645394400000,9942.848221986142
1645398000000,9938.266721986141
1645401600000,9941.403220640568
1645405200000,9937.948230640568
1645408800000,9934.59334064057
1645412400000,9933.936530640569
1645416000000,9934.530970640568
1645419600000,9932.21712064057
1645423200000,9932.893180640569
1645426800000,9932.294120640569
1645430400000,9931.887980941176
1645434000000,9933.982380941176
1645437600000,9934.633800941176
1645441200000,9936.930710941175
1645444800000,9940.987070941175
1645448400000,9942.276050941175
1645452000000,9943.075310941174
1645455600000,9935.391480941174
1645459200000,9933.84383891928
1645462800000,9934.480628919278
1645466400000,9935.53860891928
1645470000000,9940.344948919279
1645473600000,9939.61729891928
1645477200000,9939.51180891928
1645480800000,9945.55245891928
1645484400000,9941.144208919279
1645488000000,9945.216139626153
1645491600000,9943.455919626154
1645495200000,9943.606069626154
1645498800000,9945.347809626153
1645502400000,9949.527369626154
1645506000000,9949.729879626153
1645509600000,9950.406709626153
1645513200000,9948.719639626153
1645516800000,9949.581172470604
1645520400000,9947.283492470602
1645524000000,9947.433642470603
1645527600000,9943.970952470603
1645531200000,9944.609282470603
1645534800000,9943.127802470603
1645538400000,9942.574172470602
1645542000000,9940.428952470604
1645545600000,9941.045447470586
1645549200000,9943.069777470586
1645552800000,9943.757387470587
1645556400000,9944.137767470585
1645560000000,9940.261587470586
1645563600000,9942.729437470585
1645567200000,9942.778717470586
1645570800000,9942.677077470586
1645574400000,9940.31104057056
1645578000000,9941.205780570559
1645581600000,9941.859510570559
1645585200000,9942.383880570558
1645588800000,9941.49530057056
1645592400000,9938.922730570559
1645596000000,9938.584700570558
1645599600000,9938.540040570559
1645603200000,9935.749885980305
1645606800000,9935.518885980304
1645610400000,9934.407005980305
1645614000000,9934.337705980304
1645617600000,9933.931915980305
1645621200000,9932.683745980305
1645624800000,9933.017155980304
1645628400000,9935.255545980304
1645632000000,9936.443044251864
1645635600000,9934.828354251864
1645639200000,9938.102394251864
1645642800000,9939.259704251865
1645646400000,9941.014534251864
1645650000000,9941.361034251864
1645653600000,9941.745264251864
1645657200000,9940.711924251864
1645660800000,9945.270425042916
1645664400000,9946.098175042916
1645668000000,9945.358205042916
1645671600000,9952.898815042916
1645675200000,9959.256705042917
1645678800000,9958.907895042916
1645682400000,9963.916745042916
1645686000000,9963.042795042917
1645689600000,9961.353852154356
1645693200000,9960.607722154356
1645696800000,9960.580002154356
1645700400000,9961.413912154356
1645704000000,9959.709902154356
1645707600000,9961.319972154355
1645711200000,9958.998422154356
1645714800000,9956.117852154355
1645718400000,9954.366053047383
1645722000000,9952.982363047382
1645725600000,9955.972273047382
1645729200000,9948.931393047382
1645732800000,9942.734433047382
1645736400000,9933.60260907799
1645740000000,9933.60260907799
1645743600000,9933.60260907799
1645747200000,9933.60260907799
1645750800000,9933.60260907799
1645754400000,9933.60260907799
1645758000000,9933.60260907799
1645761600000,9933.60260907799
1645765200000,9933.60260907799
1645768800000,9933.60260907799
1645772400000,9933.60260907799
1645776000000,9933.60260907799
1645779600000,9933.60260907799
1645783200000,9933.60260907799
1645786800000,9933.60260907799
1645790400000,9933.60260907799
1645794000000,9933.60260907799
1645797600000,9933.60260907799
1645801200000,9933.60260907799
1645804800000,9933.60260907799
1645808400000,9933.60260907799
1645812000000,9933.60260907799
1645815600000,9933.60260907799
1645819200000,9933.60260907799
1645822800000,9933.60260907799
1645826400000,9933.60260907799
1645830000000,9933.60260907799
1645833600000,9933.60260907799
1645837200000,9933.60260907799
1645840800000,9933.60260907799
1645844400000,9933.60260907799
1645848000000,9933.60260907799
1645851600000,9933.60260907799
1645855200000,9933.60260907799
1645858800000,9933.60260907799
1645862400000,9933.60260907799
1645866000000,9933.60260907799
1645869600000,9933.60260907799
1645873200000,9933.60260907799
1645876800000,9933.60260907799
1645880400000,9933.60260907799
1645884000000,9933.60260907799
1645887600000,9933.60260907799
1645891200000,9933.60260907799
1645894800000,9933.60260907799
1645898400000,9933.60260907799
1645902000000,9933.60260907799
1645905600000,9933.60260907799
1645909200000,9933.60260907799
1645912800000,9933.60260907799
1645916400000,9933.60260907799
1645920000000,9933.60260907799
1645923600000,9933.60260907799
1645927200000,9933.60260907799
1645930800000,9933.60260907799
1645934400000,9933.60260907799
1645938000000,9933.60260907799
1645941600000,9933.60260907799
1645945200000,9933.60260907799
1645948800000,9933.60260907799
1645952400000,9933.60260907799
1645956000000,9933.60260907799
1645959600000,9933.60260907799
1645963200000,9933.60260907799
1645966800000,9933.60260907799
1645970400000,9933.60260907799
1645974000000,9933.60260907799
1645977600000,9933.60260907799
1645981200000,9933.60260907799
1645984800000,9933.60260907799
1645988400000,9933.60260907799
1645992000000,9933.60260907799
1645995600000,9933.60260907799
1645999200000,9933.60260907799
1646002800000,9933.60260907799
1646006400000,9933.60260907799
1646010000000,9933.60260907799
1646013600000,9933.60260907799
1646017200000,9933.60260907799
1646020800000,9933.60260907799
1646024400000,9933.60260907799
1646028000000,9933.60260907799
1646031600000,9933.60260907799
1646035200000,9933.60260907799
1646038800000,9933.60260907799
1646042400000,9933.60260907799
1646046000000,9933.60260907799
1646049600000,9933.60260907799
1646053200000,9933.60260907799
1646056800000,9933.60260907799
1646060400000,9933.60260907799
1646064000000,9933.60260907799
1646067600000,9933.60260907799
1646071200000,9933.60260907799
1646074800000,9933.60260907799
1646078400000,9933.49892852607
1646082000000,9932.35772852607
1646085600000,9932.817928526072
1646089200000,9928.201528526071
1646092800000,9926.700317441404
1646096400000,9926.693117441404
1646100000000,9927.095717441405
1646103600000,9926.806317441404
1646107200000,9926.983517441404
1646110800000,9926.839917441404
1646114400000,9927.238317441404
1646118000000,9928.032317441404
1646121600000,9927.762057980812
1646125200000,9927.732257980811
1646128800000,9928.42705798081
1646132400000,9928.418257980811
1646136000000,9929.37385798081
1646139600000,9930.802657980812
1646143200000,9925.518457980812
1646146800000,9926.122657980812
1646150400000,9926.788335270918
1646154000000,9928.206135270917
1646157600000,9927.691935270917
1646161200000,9927.285935270917
1646164800000,9927.201135270918
1646168400000,9927.470335270917
1646172000000,9927.353535270917
1646175600000,9927.415335270916
1646179200000,9928.38348793855
1646182800000,9929.76968793855
1646186400000,9929.53648793855
1646190000000,9929.38028793855
1646193600000,9925.66408793855
1646197200000,9926.27968793855
1646200800000,9926.37448793855
1646204400000,9926.932887938548
1646208000000,9926.86291235855
1646211600000,9925.97511235855
1646215200000,9925.415312358551
1646218800000,9925.46411235855
1646222400000,9925.44571235855
1646226000000,9925.93451235855
1646229600000,9926.71711235855
1646233200000,9928.48671235855
1646236800000,9928.624573831848
1646240400000,9928.806973831848
1646244000000,9927.499773831849
1646247600000,9928.20337383185
1646251200000,9928.070173831848
1646254800000,9927.606173831848
1646258400000,9926.779373831849
1646262000000,9927.757973831847
1646265600000,9928.083303443555
1646269200000,9927.263303443555
1646272800000,9927.781503443553
1646276400000,9928.526703443555
1646280000000,9928.742703443555
1646283600000,9928.794103443555
1646287200000,9928.454103443555
1646290800000,9928.181903443554
1646294400000,9928.877560123556
1646298000000,9928.777160123554
1646301600000,9928.711160123556
1646305200000,9928.225360123555
1646308800000,9927.959960123555
1646312400000,9928.705960123554
1646316000000,9929.370960123555
1646319600000,9929.776760123556
1646323200000,9929.64010774662
1646326800000,9929.82630774662
1646330400000,9929.65350774662
1646334000000,9929.30910774662
1646337600000,9929.02650774662
1646341200000,9929.224907746619
1646344800000,9929.551507746619
1646348400000,9929.135107746619
1646352000000,9929.164325063182
1646355600000,9931.630325063183
1646359200000,9931.405725063181
1646362800000,9931.443725063182
1646366400000,9931.598125063181
1646370000000,9931.142525063182
1646373600000,9931.250725063182
1646377200000,9931.473125063181
1646380800000,9930.978546475439
1646384400000,9931.169346475439
1646388000000,9931.62454647544
1646391600000,9931.526746475438
1646395200000,9931.310146475438
1646398800000,9931.638746475439
1646402400000,9931.37774647544
1646406000000,9931.42874647544
1646409600000,9931.876495348875
1646413200000,9930.919674210603
1646416800000,9929.749674210603
1646420400000,9930.932874210604
1646424000000,9934.444674210603
1646427600000,9934.099674210604
1646431200000,9934.688274210605
1646434800000,9934.434474210604
1646438400000,9934.031636875709
1646442000000,9935.280236875707
1646445600000,9934.514636875709
1646449200000,9934.655636875708
1646452800000,9933.827636875709
1646456400000,9934.178636875708
1646460000000,9933.818036875708
1646463600000,9933.924836875709
1646467200000,9932.921641044157
1646470800000,9932.307241044156
1646474400000,9932.403841044157
1646478000000,9932.454841044157
1646481600000,9932.436241044157
1646485200000,9932.253241044156
1646488800000,9933.038641044157
1646492400000,9932.737441044157
1646496000000,9932.547297618972
1646499600000,9931.670097618973
1646503200000,9931.208697618973
1646506800000,9931.460697618973
1646510400000,9931.328697618974
1646514000000,9931.424697618973
1646517600000,9932.079897618973
1646521200000,9931.613697618974
1646524800000,9931.537713183705
1646528400000,9931.053513183706
1646532000000,9931.829913183705
1646535600000,9931.557513183705
1646539200000,9932.746113183706
1646542800000,9932.532513183705
1646546400000,9932.320713183706
1646550000000,9932.395113183706
1646553600000,9932.820506947839
1646557200000,9933.026906947838
1646560800000,9934.964906947838
1646564400000,9935.30270694784
1646568000000,9934.649306947838
1646571600000,9934.16150694784
1646575200000,9932.927306947839
1646578800000,9933.649106947838
1646582400000,9933.938122924097
1646586000000,9932.478922924098
1646589600000,9933.530722924097
1646593200000,9934.041322924097
1646596800000,9934.910722924098
1646600400000,9934.400122924097
1646604000000,9933.540922924098
1646607600000,9933.453322924097
1646611200000,9938.208901254882
1646614800000,9938.814901254882
1646618400000,9938.525101254882
1646622000000,9940.272301254881
1646625600000,9939.833701254882
1646629200000,9939.787501254881
1646632800000,9939.593701254882
1646636400000,9939.014701254882
1646640000000,9939.923389482883
1646643600000,9939.125389482882
1646647200000,9939.417589482882
1646650800000,9940.186189482882
1646654400000,9938.907589482882
1646658000000,9937.729189482883
1646661600000,9934.318189482883
1646665200000,9934.587589482882
1646668800000,9934.171708653963
1646672400000,9933.441108653964
1646676000000,9931.851708653963
1646679600000,9931.133308653963
1646683200000,9929.520908653963
1646686800000,9930.932108653964
1646690400000,9932.229108653963
1646694000000,9933.798108653964
1646697600000,9932.91605747604
1646701200000,9932.88585747604
1646704800000,9933.30165747604
1646708400000,9934.64885747604
1646712000000,9934.97825747604
1646715600000,9934.539257476039
1646719200000,9933.898257476041
1646722800000,9933.55105747604
1646726400000,9935.02564471604
1646730000000,9934.80804471604
1646733600000,9935.37584471604
1646737200000,9934.92004471604
1646740800000,9935.27944471604
1646744400000,9934.55724471604
1646748000000,9934.05724471604
1646751600000,9934.121844716039
1646755200000,9933.810682216039
1646758800000,9932.59068221604
1646762400000,9935.580482216039
1646766000000,9933.76188221604
1646769600000,9933.96368221604
1646773200000,9933.494082216039
1646776800000,9933.207482216038
1646780400000,9933.03528221604
1646784000000,9933.622917599034
1646787600000,9935.191717599035
1646791200000,9935.048717599035
1646794800000,9936.368117599035
1646798400000,9946.044916781955
1646802000000,9948.588916781955
1646805600000,9947.572916781955
1646809200000,9948.262516781955
1646812800000,9949.85149607849
1646816400000,9951.62909607849
1646820000000,9951.70829607849
1646823600000,9953.30269607849
1646827200000,9953.291496078491
1646830800000,9951.43229607849
1646834400000,9950.54189607849
1646838000000,9953.357096078491
1646841600000,9955.532688878491
1646845200000,9953.981488878491
1646848800000,9954.05828887849
1646852400000,9951.83508887849
1646856000000,9953.553488878491
1646859600000,9950.04308887849
1646863200000,9950.67428887849
1646866800000,9950.713488878491
1646870400000,9951.475933598489
1646874000000,9950.44073359849
1646877600000,9943.69673359849
1646881200000,9940.93033359849
1646884800000,9942.352733598489
1646888400000,9931.93673359849
1646892000000,9929.88233359849
1646895600000,9930.13753359849
1646899200000,9929.177922638417
1646902800000,9928.877122638418
1646906400000,9928.314722638417
1646910000000,9928.013922638416
1646913600000,9928.056322638417
1646917200000,9928.720322638415
1646920800000,9927.816322638417
1646924400000,9929.422722638417
1646928000000,9928.32485690544
1646931600000,9928.33925690544
1646935200000,9928.69925690544
1646938800000,9928.173656905441
1646942400000,9928.85765690544
1646946000000,9930.06725690544
1646949600000,9929.19045690544
1646953200000,9929.29285690544
1646956800000,9929.701077982838
1646960400000,9929.757077982838
1646964000000,9927.105877982838
1646967600000,9925.952568976174
1646971200000,9924.622168976173
1646974800000,9925.342968976174
1646978400000,9923.505368976173
1646982000000,9921.834168976173
1646985600000,9920.052238352173
1646989200000,9920.524238352173
1646992800000,9920.293038352173
1646996400000,9920.600238352174
1647000000000,9916.259438352174
1647003600000,9916.277838352173
1647007200000,9918.989838352174
1647010800000,9920.366638352174
1647014400000,9922.22437547747
1647018000000,9923.669975477469
1647021600000,9923.52917547747
1647025200000,9923.93477547747
1647028800000,9924.02117547747
1647032400000,9925.73877547747
1647036000000,9922.439575477469
1647039600000,9923.193975477468
1647043200000,9924.19362363747
1647046800000,9921.900823637468
1647050400000,9921.284023637469
1647054000000,9922.162423637468
1647057600000,9922.054423637468
1647061200000,9921.886423637468
1647064800000,9921.20242363747
1647068400000,9921.653623637469
1647072000000,9921.585626231668
1647075600000,9922.15442623167
1647079200000,9921.24722623167
1647082800000,9921.570426231669
1647086400000,9922.22002623167
1647090000000,9921.37202623167
1647093600000,9922.361626231668
1647097200000,9922.956026231668
1647100800000,9921.741756226247
1647104400000,9921.006556226248
1647108000000,9921.664956226246
1647111600000,9922.236956226247
1647115200000,9922.187416508832
1647118800000,9922.129916508833
1647122400000,9922.00831650883
1647126000000,9922.041916508831
1647129600000,9921.356363280458
1647133200000,9921.829363280458
1647136800000,9921.32456328046
1647140400000,9922.132363280458
1647144000000,9922.228463280459
1647147600000,9922.238663280457
1647151200000,9922.388063280458
1647154800000,9922.224563280459
1647158400000,9922.247830170678
1647162000000,9922.494430170678
1647165600000,9921.778730170678
1647169200000,9921.18253017068
1647172800000,9920.657230170678
1647176400000,9921.602930170677
1647180000000,9921.748530170678
1647183600000,9922.061730170677
1647187200000,9921.582603682373
1647190800000,9921.147903682371
1647194400000,9921.527903682372
1647198000000,9921.829303682372
1647201600000,9922.066103682371
1647205200000,9922.478403682371
1647208800000,9921.526903682372
1647212400000,9918.909603682372
1647216000000,9918.524044980557
1647219600000,9918.850244980556
1647223200000,9919.447744980556
1647226800000,9919.666244980555
1647230400000,9919.673044980556
1647234000000,9919.241644980557
1647237600000,9919.290244980557
1647241200000,9919.790644980556
1647244800000,9921.991850974082
1647248400000,9921.483350974082
1647252000000,9921.689450974081
1647255600000,9921.598950974081
1647259200000,9921.379750974082
1647262800000,9921.411150974081
1647266400000,9921.119750974081
1647270000000,9921.869850974083
1647273600000,9922.138348768518
1647277200000,9922.389348768516
1647280800000,9923.663648768517
1647284400000,9923.905848768518
1647288000000,9924.241048768517
1647291600000,9924.211548768519
1647295200000,9923.330048768517
1647298800000,9925.257648768518
1647302400000,9925.632667524007
1647306000000,9925.278667524008
1647309600000,9923.723367524008
1647313200000,9923.376167524008
1647316800000,9923.339367524008
1647320400000,9923.104167524009
1647324000000,9922.757367524007
1647327600000,9923.225267524007
1647331200000,9921.910676886882
1647334800000,9922.622076886882
1647338400000,9923.095576886884
1647342000000,9923.244376886883
1647345600000,9923.080776886884
1647349200000,9923.532876886882
1647352800000,9923.746176886883
1647356400000,9923.858276886882
1647360000000,9922.3535455031
1647363600000,9921.3952455031
1647367200000,9922.339645503102
1647370800000,9920.6184455031
1647374400000,9920.7369455031
1647378000000,9921.662745503101
1647381600000,9922.4239455031
1647385200000,9921.8328455031
1647388800000,9920.96119291556
1647392400000,9920.57969291556
1647396000000,9920.38519291556
1647399600000,9927.200060920966
1647403200000,9914.462160920966
1647406800000,9914.721160920966
1647410400000,9916.079860920967
1647414000000,9917.890060920967
1647417600000,9918.020102002536
1647421200000,9923.578102002535
1647424800000,9924.598702002535
1647428400000,9923.405202002536
1647432000000,9924.850002002535
1647435600000,9923.702002002536
1647439200000,9926.917802002536
1647442800000,9926.419402002535
1647446400000,9925.193275702537
1647450000000,9922.971475702536
1647453600000,9921.435675702536
1647457200000,9920.166575702537
1647460800000,9926.353875702536
1647464400000,9929.681675702537
1647468000000,9928.538575702536
1647471600000,9927.041975702536
1647475200000,9928.577700766382
1647478800000,9928.039400766382
1647482400000,9929.896500766383
1647486000000,9928.280900766382
1647489600000,9928.016300766381
1647493200000,9930.957000766382
1647496800000,9928.256400766382
1647500400000,9926.184400766382
1647504000000,9925.800300406381
1647507600000,9926.611600406382
1647511200000,9925.636500406383
1647514800000,9926.022900406382
1647518400000,9925.958500406381
1647522000000,9928.265000406382
1647525600000,9929.037100406382
1647529200000,9926.454100406381
1647532800000,9926.576751886381
1647536400000,9926.415051886383
1647540000000,9926.436051886381
1647543600000,9926.410151886383
1647547200000,9926.622251886381
1647550800000,9925.754251886381
1647554400000,9927.855651886382
1647558000000,9927.732451886382
1647561600000,9927.241823286382
1647565200000,9923.022923286382
1647568800000,9924.433423286382
1647572400000,9924.481723286382
1647576000000,9924.268223286383
1647579600000,9926.389223286382
1647583200000,9926.383623286383
1647586800000,9926.114123286383
1647590400000,9924.577804233499
1647594000000,9924.919404233498
1647597600000,9924.393004233498
1647601200000,9923.596404233498
1647604800000,9923.4375042335
1647608400000,9924.008704233498
1647612000000,9925.176304233499
1647615600000,9925.1847042335
1647619200000,9927.307868892101
1647622800000,9930.609068892101
1647626400000,9932.1497688921
1647630000000,9932.774168892101
1647633600000,9935.824068892101
1647637200000,9933.0499688921
1647640800000,9933.493768892102
1647644400000,9932.779768892102
1647648000000,9933.278342711632
1647651600000,9933.824342711632
1647655200000,9932.77644271163
1647658800000,9933.021442711632
1647662400000,9933.47294271163
1647666000000,9933.372842711631
1647669600000,9932.964042711632
1647673200000,9932.952842711631
1647676800000,9931.923419981631
1647680400000,9932.580019981631
1647684000000,9932.486919981631
1647687600000,9932.42601998163
1647691200000,9932.63461998163
1647694800000,9933.68041998163
1647698400000,9932.84251998163
1647702000000,9933.485119981631
1647705600000,9934.144578953665
1647709200000,9934.456078953664
1647712800000,9933.751178953664
1647716400000,9934.899178953665
1647720000000,9934.829878953664
1647723600000,9936.460878953665
1647727200000,9935.325478953664
1647730800000,9933.989178953665
1647734400000,9936.009942141973
1647738000000,9934.939642141973
1647741600000,9934.380342141973
1647745200000,9933.427642141973
1647748800000,9934.166142141974
1647752400000,9933.680342141974
1647756000000,9933.696442141973
1647759600000,9933.830142141973
1647763200000,9933.559349661973
1647766800000,9933.583849661974
1647770400000,9933.097349661974
1647774000000,9932.937049661974
1647777600000,9932.065549661973
1647781200000,9932.235649661974
1647784800000,9930.894449661973
1647788400000,9930.547249661973
1647792000000,9929.82111116406
1647795600000,9929.534111164061
1647799200000,9927.427111164061
1647802800000,9928.93211116406
1647806400000,9930.13821116406
1647810000000,9928.67731116406
1647813600000,9930.225711164061
1647817200000,9930.391611164061
1647820800000,9929.37083175406
1647824400000,9930.70993175406
1647828000000,9929.15243175406
1647831600000,9926.015031754061
1647835200000,9926.10883175406
1647838800000,9926.605831754061
1647842400000,9927.05453175406
1647846000000,9926.51623175406
1647849600000,9928.23397537697
1647853200000,9928.71767537697
1647856800000,9929.85097537697
1647860400000,9929.656375376971
1647864000000,9929.507975376971
1647867600000,9929.479975376971
1647871200000,9928.12617537697
1647874800000,9927.800675376971
1647878400000,9928.598943596717
1647882000000,9925.879443596717
1647885600000,9928.053643596717
1647889200000,9927.112843596717
1647892800000,9928.555543596718
1647896400000,9928.505143596718
1647900000000,9929.555843596718
1647903600000,9928.162843596718
1647907200000,9927.46775359522
1647910800000,9928.54365359522
1647914400000,9928.519853595219
1647918000000,9934.29905359522
1647921600000,9936.503353595219
1647925200000,9941.617553595219
1647928800000,9940.49685359522
1647932400000,9936.16175359522
1647936000000,9936.23791333909
1647939600000,9938.50451333909
1647943200000,9937.76601333909
1647946800000,9940.14741333909
1647950400000,9941.97021333909
1647954000000,9941.23871333909
1647957600000,9940.66401333909
1647961200000,9939.535613339089
1647964800000,9938.422214409089
1647968400000,9937.95251440909
1647972000000,9938.70781440909
1647975600000,9938.39141440909
1647979200000,9936.72331440909
1647982800000,9938.55871440909
1647986400000,9940.02521440909
1647990000000,9938.03091440909
1647993600000,9936.851869339089
1647997200000,9936.53126933909
1648000800000,9936.718869339089
1648004400000,9936.826669339089
1648008000000,9934.973769339089
1648011600000,9933.402269339089
1648015200000,9934.34656933909
1648018800000,9936.08886933909
1648022400000,9935.00164307479
1648026000000,9935.00164307479
1648029600000,9935.00164307479
1648033200000,9935.00164307479
1648036800000,9935.00164307479
1648040400000,9935.00164307479
1648044000000,9935.00164307479
1648047600000,9935.00164307479
1648051200000,9935.00164307479
1648054800000,9935.00164307479
1648058400000,9935.00164307479
1648062000000,9935.00164307479
1648065600000,9935.00164307479
1648069200000,9935.00164307479
1648072800000,9935.00164307479
1648076400000,9935.00164307479
1648080000000,9935.00164307479
1648083600000,9935.00164307479
1648087200000,9935.00164307479
1648090800000,9935.00164307479
1648094400000,9935.00164307479
1648098000000,9935.00164307479
1648101600000,9935.00164307479
1648105200000,9935.00164307479
1648108800000,9935.00164307479
1648112400000,9935.00164307479
1648116000000,9935.00164307479
1648119600000,9935.00164307479
1648123200000,9935.00164307479
1648126800000,9935.00164307479
1648130400000,9935.00164307479
1648134000000,9935.00164307479
1648137600000,9935.00164307479
1648141200000,9935.00164307479
1648144800000,9935.00164307479
1648148400000,9935.00164307479
1648152000000,9935.00164307479
1648155600000,9935.00164307479
1648159200000,9935.00164307479
1648162800000,9935.00164307479
1648166400000,9935.00164307479
1648170000000,9935.00164307479
1648173600000,9935.00164307479
1648177200000,9935.00164307479
1648180800000,9935.00164307479
1648184400000,9935.00164307479
1648188000000,9935.00164307479
1648191600000,9935.00164307479
1648195200000,9935.00164307479
1648198800000,9935.00164307479
1648202400000,9935.00164307479
1648206000000,9935.00164307479
1648209600000,9935.00164307479
1648213200000,9935.00164307479
1648216800000,9935.00164307479
1648220400000,9935.00164307479
1648224000000,9935.00164307479
1648227600000,9935.00164307479
1648231200000,9935.00164307479
1648234800000,9935.00164307479
1648238400000,9935.00164307479
1648242000000,9935.00164307479
1648245600000,9935.00164307479
1648249200000,9935.00164307479
1648252800000,9935.00164307479
1648256400000,9935.00164307479
1648260000000,9935.00164307479
1648263600000,9935.00164307479
1648267200000,9935.00164307479
1648270800000,9935.00164307479
1648274400000,9935.00164307479
1648278000000,9935.00164307479
1648281600000,9935.00164307479
1648285200000,9935.00164307479
1648288800000,9935.00164307479
1648292400000,9935.00164307479
1648296000000,9935.00164307479
1648299600000,9935.00164307479
1648303200000,9935.00164307479
1648306800000,9935.00164307479
1648310400000,9935.00164307479
1648314000000,9935.00164307479
1648317600000,9935.00164307479
1648321200000,9935.00164307479
1648324800000,9935.00164307479
1648328400000,9935.00164307479
1648332000000,9935.00164307479
1648335600000,9935.00164307479
1648339200000,9935.00164307479
1648342800000,9935.00164307479
1648346400000,9935.00164307479
1648350000000,9935.00164307479
1648353600000,9935.00164307479
1648357200000,9935.00164307479
1648360800000,9935.00164307479
1648364400000,9935.00164307479
1648368000000,9935.00164307479
1648371600000,9935.00164307479
1648375200000,9935.00164307479
1648378800000,9935.00164307479
1648382400000,9935.00164307479
1648386000000,9935.00164307479
1648389600000,9935.00164307479
1648393200000,9935.00164307479
1648396800000,9935.00164307479
1648400400000,9935.00164307479
1648404000000,9935.00164307479
1648407600000,9935.00164307479
1648411200000,9935.00164307479
1648414800000,9935.00164307479
1648418400000,9935.00164307479
1648422000000,9935.00164307479
1648425600000,9935.00164307479
1648429200000,9935.00164307479
1648432800000,9935.00164307479
1648436400000,9935.00164307479
1648440000000,9935.00164307479
1648443600000,9935.00164307479
1648447200000,9935.00164307479
1648450800000,9935.00164307479
1648454400000,9935.00164307479
1648458000000,9935.00164307479
1648461600000,9935.00164307479
1648465200000,9935.00164307479
1648468800000,9935.00164307479
1648472400000,9935.00164307479
1648476000000,9935.00164307479
1648479600000,9935.00164307479
1648483200000,9935.00164307479
1648486800000,9935.00164307479
1648490400000,9935.00164307479
1648494000000,9935.00164307479
1648497600000,9935.00164307479
1648501200000,9935.00164307479
1648504800000,9935.00164307479
1648508400000,9935.00164307479
1648512000000,9935.00164307479
1648515600000,9935.00164307479
1648519200000,9935.00164307479
1648522800000,9935.00164307479
1648526400000,9935.00164307479
1648530000000,9935.00164307479
1648533600000,9935.00164307479
1648537200000,9935.00164307479
1648540800000,9935.00164307479
1648544400000,9935.00164307479
1648548000000,9935.00164307479
1648551600000,9935.00164307479
1648555200000,9935.00164307479
1648558800000,9935.00164307479
1648562400000,9935.00164307479
1648566000000,9935.00164307479
1648569600000,9935.00164307479
1648573200000,9935.00164307479
1648576800000,9935.00164307479
1648580400000,9935.00164307479
1648584000000,9935.00164307479
1648587600000,9935.00164307479
1648591200000,9935.00164307479
1648594800000,9935.00164307479
1648598400000,9935.00164307479
1648602000000,9935.00164307479
1648605600000,9935.00164307479
1648609200000,9935.00164307479
1648612800000,9935.00164307479
1648616400000,9935.00164307479
1648620000000,9935.00164307479
1648623600000,9935.00164307479
1648627200000,9935.00164307479
1648630800000,9935.00164307479
1648634400000,9935.00164307479
1648638000000,9935.00164307479
1648641600000,9935.00164307479
1648645200000,9935.00164307479
1648648800000,9935.00164307479
1648652400000,9935.00164307479
1648656000000,9935.00164307479
1648659600000,9935.00164307479
1648663200000,9935.00164307479
1648666800000,9935.00164307479
1648670400000,9935.00164307479
1648674000000,9935.00164307479
1648677600000,9935.00164307479
1648681200000,9935.00164307479
1648684800000,9935.00164307479
1648688400000,9935.00164307479
1648692000000,9935.00164307479
1648695600000,9935.00164307479
1648699200000,9935.00164307479
1648702800000,9935.00164307479
1648706400000,9935.00164307479
1648710000000,9935.00164307479
1648713600000,9935.00164307479
1648717200000,9935.00164307479
1648720800000,9935.00164307479
1648724400000,9935.00164307479
1648728000000,9935.00164307479
1648731600000,9935.00164307479
1648735200000,9935.00164307479
1648738800000,9935.00164307479
1648742400000,9935.00164307479
1648746000000,9935.00164307479
1648749600000,9935.00164307479
1648753200000,9935.00164307479
1648756800000,9935.00164307479
1648760400000,9935.00164307479
1648764000000,9935.00164307479
1648767600000,9935.00164307479
1648771200000,9935.00164307479
1648774800000,9935.00164307479
1648778400000,9935.00164307479
1648782000000,9935.00164307479
1648785600000,9935.00164307479
1648789200000,9935.00164307479
1648792800000,9935.00164307479
1648796400000,9935.00164307479
1648800000000,9935.00164307479
1648803600000,9935.00164307479
1648807200000,9935.00164307479
1648810800000,9935.00164307479
1648814400000,9935.00164307479
1648818000000,9935.00164307479
1648821600000,9935.00164307479
1648825200000,9935.00164307479
1648828800000,9935.00164307479
1648832400000,9935.00164307479
1648836000000,9935.00164307479
1648839600000,9935.00164307479
1648843200000,9935.00164307479
1648846800000,9935.00164307479
1648850400000,9935.00164307479
1648854000000,9935.00164307479
1648857600000,9935.00164307479
1648861200000,9935.00164307479
1648864800000,9935.00164307479
1648868400000,9935.00164307479
1648872000000,9935.00164307479
1648875600000,9935.00164307479
1648879200000,9935.00164307479
1648882800000,9935.00164307479
1648886400000,9935.00164307479
1648890000000,9935.00164307479
1648893600000,9935.00164307479
1648897200000,9935.00164307479
1648900800000,9935.00164307479
1648904400000,9935.00164307479
1648908000000,9935.00164307479
1648911600000,9935.00164307479
1648915200000,9935.00164307479
1648918800000,9935.00164307479
1648922400000,9935.00164307479
1648926000000,9935.00164307479
1648929600000,9935.00164307479
1648933200000,9935.00164307479
1648936800000,9935.00164307479
1648940400000,9935.00164307479
1648944000000,9935.00164307479
1648947600000,9935.00164307479
1648951200000,9935.00164307479
1648954800000,9935.00164307479
1648958400000,9935.00164307479
1648962000000,9935.00164307479
1648965600000,9935.00164307479
1648969200000,9935.00164307479
1648972800000,9935.00164307479
1648976400000,9935.00164307479
1648980000000,9935.00164307479
1648983600000,9935.00164307479
1648987200000,9935.00164307479
1648990800000,9935.00164307479
1648994400000,9935.00164307479
1648998000000,9935.00164307479
1649001600000,9935.00164307479
1649005200000,9935.00164307479
1649008800000,9935.00164307479
1649012400000,9935.00164307479
1649016000000,9935.00164307479
1649019600000,9935.00164307479
1649023200000,9935.00164307479
1649026800000,9935.00164307479
1649030400000,9935.00164307479
1649034000000,9935.00164307479
1649037600000,9935.00164307479
1649041200000,9935.00164307479
1649044800000,9935.00164307479
1649048400000,9935.00164307479
1649052000000,9935.00164307479
1649055600000,9935.00164307479
1649059200000,9935.00164307479
1649062800000,9935.00164307479
1649066400000,9935.00164307479
1649070000000,9935.00164307479
1649073600000,9935.00164307479
1649077200000,9935.00164307479
1649080800000,9935.00164307479
1649084400000,9935.00164307479
1649088000000,9935.00164307479
1649091600000,9935.00164307479
1649095200000,9935.00164307479
1649098800000,9935.00164307479
1649102400000,9935.00164307479
1649106000000,9935.00164307479
1649109600000,9935.00164307479
1649113200000,9935.00164307479
1649116800000,9935.00164307479
1649120400000,9935.00164307479
1649124000000,9935.00164307479
1649127600000,9935.00164307479
1649131200000,9935.00164307479
1649134800000,9935.00164307479
1649138400000,9935.00164307479
1649142000000,9935.00164307479
1649145600000,9935.00164307479
1649149200000,9935.00164307479
1649152800000,9935.00164307479
1649156400000,9935.00164307479
1649160000000,9935.00164307479
1649163600000,9935.00164307479
1649167200000,9935.00164307479
1649170800000,9935.00164307479
1649174400000,9935.00164307479
1649178000000,9935.00164307479
1649181600000,9935.00164307479
1649185200000,9935.00164307479
1649188800000,9935.00164307479
1649192400000,9935.00164307479
1649196000000,9935.00164307479
1649199600000,9935.00164307479
1649203200000,9935.00164307479
1649206800000,9935.00164307479
1649210400000,9935.00164307479
1649214000000,9935.00164307479
1649217600000,9935.00164307479
1649221200000,9935.00164307479
1649224800000,9935.00164307479
1649228400000,9935.00164307479
1649232000000,9935.00164307479
1649235600000,9935.00164307479
1649239200000,9935.00164307479
1649242800000,9935.00164307479
1649246400000,9935.00164307479
1649250000000,9935.00164307479
1649253600000,9935.00164307479
1649257200000,9935.00164307479
1649260800000,9935.00164307479
1649264400000,9935.00164307479
1649268000000,9935.00164307479
1649271600000,9935.00164307479
1649275200000,9935.00164307479
1649278800000,9935.00164307479
1649282400000,9935.00164307479
1649286000000,9935.00164307479
1649289600000,9935.00164307479
1649293200000,9935.00164307479
1649296800000,9935.00164307479
1649300400000,9935.00164307479
1649304000000,9935.00164307479
1649307600000,9935.00164307479
1649311200000,9935.00164307479
1649314800000,9935.00164307479
1649318400000,9935.00164307479
1649322000000,9935.00164307479
1649325600000,9935.00164307479
1649329200000,9935.00164307479
1649332800000,9935.00164307479
1649336400000,9935.00164307479
1649340000000,9935.00164307479
1649343600000,9935.00164307479
1649347200000,9935.00164307479
1649350800000,9935.00164307479
1649354400000,9935.00164307479
1649358000000,9935.00164307479
1649361600000,9935.00164307479
1649365200000,9935.00164307479
1649368800000,9935.00164307479
1649372400000,9935.00164307479
1649376000000,9935.00164307479
1649379600000,9935.00164307479
1649383200000,9935.00164307479
1649386800000,9935.00164307479
1649390400000,9935.00164307479
1649394000000,9935.00164307479
1649397600000,9935.00164307479
1649401200000,9935.00164307479
1649404800000,9935.00164307479
1649408400000,9935.00164307479
1649412000000,9935.00164307479
1649415600000,9935.00164307479
1649419200000,9935.00164307479
1649422800000,9935.00164307479
1649426400000,9935.00164307479
1649430000000,9935.00164307479
1649433600000,9935.00164307479
1649437200000,9935.00164307479
1649440800000,9935.00164307479
1649444400000,9935.00164307479
1649448000000,9934.766317271577
1649451600000,9935.153717271576
1649455200000,9934.416917271577
1649458800000,9933.425167271576
1649462400000,9934.226656566423
1649466000000,9934.908456566423
1649469600000,9935.216156566423
1649473200000,9934.453106566423
1649476800000,9934.880106566423
1649480400000,9934.155506566423
1649484000000,9934.547506566423
1649487600000,9933.655606566424
1649491200000,9934.075113578594
1649494800000,9934.086413578594
1649498400000,9934.074113578594
1649502000000,9934.071313578595
1649505600000,9933.902113578595
1649509200000,9935.692913578594
1649512800000,9935.202713578594
1649516400000,9935.703213578596
1649520000000,9935.328096767253
1649523600000,9935.091696767253
1649527200000,9936.172196767253
1649530800000,9936.034296767253
1649534400000,9935.789446767252
1649538000000,9935.627596767254
1649541600000,9935.897896767252
1649545200000,9936.842346767253
1649548800000,9936.409045422797
1649552400000,9936.302795422796
1649556000000,9935.923945422797
1649559600000,9935.803545422796
1649563200000,9936.298495422796
1649566800000,9935.892145422797
1649570400000,9935.718045422796
1649574000000,9935.406245422797
1649577600000,9935.692177789517
1649581200000,9935.576877789517
1649584800000,9936.232327789518
1649588400000,9936.494327789518
1649592000000,9936.025727789518
1649595600000,9936.106627789517
1649599200000,9935.825877789519
1649602800000,9935.775677789517
1649606400000,9936.133394011913
1649610000000,9937.792744011915
1649613600000,9937.272144011913
1649617200000,9936.299644011913
1649620800000,9935.428144011914
1649624400000,9936.647494011913
1649628000000,9937.766544011914
1649631600000,9937.555544011913
1649635200000,9935.579041952753
1649638800000,9934.611391952752
1649642400000,9934.006641952754
1649646000000,9934.095541952753
1649649600000,9933.365841952753
1649653200000,9932.931341952753
1649656800000,9933.120091952753
1649660400000,9932.529991952753
1649664000000,9932.39923014693
1649667600000,9931.76853014693
1649671200000,9934.215876572103
1649674800000,9932.814476572104
1649678400000,9935.795076572103
1649682000000,9935.671876572103
1649685600000,9935.847576572103
1649689200000,9937.737576572104
1649692800000,9939.251381802103
1649696400000,9938.122981802104
1649700000000,9940.969881802102
1649703600000,9940.269881802104
1649707200000,9943.566881802102
1649710800000,9944.477581802103
1649714400000,9947.672381802104
1649718000000,9945.318281802103
1649721600000,9946.563690963463
1649725200000,9946.984390963464
1649728800000,9947.237090963463
1649732400000,9947.335790963463
1649736000000,9945.620090963463
1649739600000,9944.603690963464
1649743200000,9942.896390963464
1649746800000,9944.264190963464
1649750400000,9942.803148803347
1649754000000,9942.564448803347
1649757600000,9942.197648803347
1649761200000,9942.805248803348
1649764800000,9940.930648803347
1649768400000,9939.905148803347
1649772000000,9941.147648803348
1649775600000,9943.690048803348
1649779200000,9942.379567514576
1649782800000,9942.951467514577
1649786400000,9943.894367514577
1649790000000,9945.908267514576
1649793600000,9948.336567514576
1649797200000,9947.207467514576
1649800800000,9946.232367514576
1649804400000,9944.911467514576
1649808000000,9942.99292347144
1649811600000,9944.243823471441
1649815200000,9944.62952347144
1649818800000,9943.46542347144
1649822400000,9943.15882347144
1649826000000,9942.64852347144
1649829600000,9942.376223471441
1649833200000,9944.32082347144
1649836800000,9942.66323776969
1649840400000,9942.59813776969
1649844000000,9943.00063776969
1649847600000,9944.71143776969
1649851200000,9945.94973776969
1649854800000,9945.61373776969
1649858400000,9939.66233776969
1649862000000,9938.898637769691
1649865600000,9935.88576196994
1649869200000,9936.70546196994
1649872800000,9936.74396196994
1649876400000,9934.471761969939
1649880000000,9936.510861969939
1649883600000,9934.944961969939
1649887200000,9935.261361969939
1649890800000,9934.512361969939
1649894400000,9936.077309258613
1649898000000,9935.434009258612
1649901600000,9933.703609258613
1649905200000,9933.538409258612
1649908800000,9934.265009258612
1649912400000,9934.610809258613
1649916000000,9934.433009258613
1649919600000,9935.438909258613
1649923200000,9934.848510400416
1649926800000,9935.483410400417
1649930400000,9935.378410400417
1649934000000,9936.902310400417
1649937600000,9937.093410400417
1649941200000,9935.696910400417
1649944800000,9939.423010400416
1649948400000,9940.336510400417
1649952000000,9944.32487724522
1649955600000,9944.339577245222
1649959200000,9943.830677245222
1649962800000,9946.034977245221
1649966400000,9945.422477245222
1649970000000,9944.34517724522
1649973600000,9944.163177245222
1649977200000,9944.93107724522
1649980800000,9944.400600895273
1649984400000,9944.768800895272
1649988000000,9944.177300895271
1649991600000,9943.707600895272
1649995200000,9942.316000895273
1649998800000,9943.067800895273
1650002400000,9942.797600895272
1650006000000,9943.366000895272
1650009600000,9942.250639621252
1650013200000,9942.517339621252
1650016800000,9942.806439621252
1650020400000,9941.692039621252
1650024000000,9942.108539621253
1650027600000,9942.430539621253
1650031200000,9943.222239621253
1650034800000,9939.897939621253
1650038400000,9940.873104905368
1650042000000,9941.139104905367
1650045600000,9940.730304905366
1650049200000,9940.908104905368
1650052800000,9941.405104905367
1650056400000,9940.828304905366
1650060000000,9940.654004905367
1650063600000,9940.539204905366
1650067200000,9939.772637291255
1650070800000,9939.749537291254
1650074400000,9939.683037291254
1650078000000,9940.149237291254
1650081600000,9940.707837291255
1650085200000,9940.043537291254
1650088800000,9940.726037291255
1650092400000,9940.625237291255
1650096000000,9941.008832554682
1650099600000,9941.081632554682
1650103200000,9941.284632554682
1650106800000,9940.744232554682
1650110400000,9940.779932554682
1650114000000,9940.535632554682
1650117600000,9940.612632554681
1650121200000,9939.771932554682
1650124800000,9943.348813846063
1650128400000,9942.120313846064
1650132000000,9942.702013846063
1650135600000,9942.327513846063
1650139200000,9942.370913846064
1650142800000,9941.540013846065
1650146400000,9940.193213846063
1650150000000,9940.847013846063
1650153600000,9941.136048086471
1650157200000,9941.105248086471
1650160800000,9941.065348086471
1650164400000,9942.654348086471
1650168000000,9941.889948086471
1650171600000,9941.81924808647
1650175200000,9941.21304808647
1650178800000,9941.371948086471
1650182400000,9941.737788481994
1650186000000,9940.955888481994
1650189600000,9940.642288481993
1650193200000,9940.741688481994
1650196800000,9940.424588481994
1650200400000,9940.860688481995
1650204000000,9942.333488481994
1650207600000,9941.170088481995
1650211200000,9940.710489901994
1650214800000,9942.340789901993
1650218400000,9943.281589901993
1650222000000,9943.126189901994
1650225600000,9941.069589901994
1650229200000,9941.805989901994
1650232800000,9942.621489901994
1650236400000,9943.957089901993
1650240000000,9946.176922315435
1650243600000,9945.731722315435
1650247200000,9945.667322315436
1650250800000,9945.176622315435
1650254400000,9945.164022315435
1650258000000,9952.187122315436
1650261600000,9951.470322315436
1650265200000,9950.706622315434
1650268800000,9951.197401264522
1650272400000,9951.588701264522
1650276000000,9951.12250126452
1650279600000,9951.193901264522
1650283200000,9950.645801264522
1650286800000,9948.189501264522
1650290400000,9948.367301264521
1650294000000,9948.372201264521
1650297600000,9948.950167182416
1650301200000,9947.245667182417
1650304800000,9942.020867182417
1650308400000,9937.745435351568
1650312000000,9937.745435351568
1650315600000,9937.745435351568
1650319200000,9937.745435351568
1650322800000,9937.745435351568
1650326400000,9937.451081470304
1650330000000,9936.675281470305
1650333600000,9938.066681470305
1650337200000,9938.735381470306
1650340800000,9938.387981470305
1650344400000,9937.156781470305
1650348000000,9938.602181470305
1650351600000,9938.446481470304
1650355200000,9938.647561949345
1650358800000,9938.246161949344
1650362400000,9938.783461949344
1650366000000,9937.626061949346
1650369600000,9938.344261949345
1650373200000,9935.929561949346
1650376800000,9931.481761949344
1650380400000,9930.815761949345
1650384000000,9931.710509520546
1650387600000,9932.675309520546
1650391200000,9932.573609520545
1650394800000,9931.945409520546
1650398400000,9932.679809520545
1650402000000,9933.065909520546
1650405600000,9933.016409520545
1650409200000,9931.940009520546
1650412800000,9931.652182221997
1650416400000,9932.970682221996
1650420000000,9932.557582221996
1650423600000,9932.265082221997
1650427200000,9932.553982221996
1650430800000,9932.834782221997
1650434400000,9931.930282221996
1650438000000,9931.802482221996
1650441600000,9932.751475540068
1650445200000,9931.465375540069
1650448800000,9931.177375540068
1650452400000,9928.811275540067
1650456000000,9925.629775540068
1650459600000,9926.317375540068
1650463200000,9930.316075540068
1650466800000,9931.816375540067
1650470400000,9933.709363397382
1650474000000,9932.25946339738
1650477600000,9932.781463397381
1650481200000,9935.910763397382
1650484800000,9933.721963397382
1650488400000,9932.09746339738
1650492000000,9931.535863397381
1650495600000,9931.683463397381
1650499200000,9932.937821908534
1650502800000,9931.102721908534
1650506400000,9929.873321908533
1650510000000,9930.221621908535
1650513600000,9929.709521908535
1650517200000,9930.364721908534
1650520800000,9931.941521908535
1650524400000,9930.991121908533
1650528000000,9927.800678246887
1650531600000,9927.613478246887
1650535200000,9928.651178246888
1650538800000,9924.792878246886
1650542400000,9922.442978246887
1650546000000,9920.745578246888
1650549600000,9920.854478246887
1650553200000,9922.010978246886
1650556800000,9925.472906803558
1650560400000,9928.412306803559
1650564000000,9931.553306803558
1650567600000,9931.834106803559
1650571200000,9933.751106803558
1650574800000,9939.34280680356
1650578400000,9938.79110680356
1650582000000,9941.232806803559
1650585600000,9940.844223939619
1650589200000,9941.29962393962
1650592800000,9940.32762393962
1650596400000,9940.601223939619
1650600000000,9940.723623939619
1650603600000,9939.62292393962
1650607200000,9938.93982393962
1650610800000,9938.81832393962
1650614400000,9938.613031266043
1650618000000,9941.282431266043
1650621600000,9941.995231266043
1650625200000,9940.368931266043
1650628800000,9939.828931266044
1650632400000,9940.896331266043
1650636000000,9941.659531266043
1650639600000,9945.691531266042
1650643200000,9949.578058810655
1650646800000,9951.027958810655
1650650400000,9950.911858810656
1650654000000,9949.500658810655
1650657600000,9949.529458810655
1650661200000,9948.408958810654
1650664800000,9948.320758810656
1650668400000,9947.314558810654
1650672000000,9947.543337441091
1650675600000,9948.445137441091
1650679200000,9948.562137441091
1650682800000,9949.267737441092
1650686400000,9949.576437441092
1650690000000,9948.905937441092
1650693600000,9948.757437441092
1650697200000,9948.559437441092
1650700800000,9948.380400911707
1650704400000,9948.348900911707
1650708000000,9948.914100911707
1650711600000,9948.254400911708
1650715200000,9948.126600911708
1650718800000,9947.333700911708
1650722400000,9947.374200911707
1650726000000,9947.516400911707
1650729600000,9946.704378891454
1650733200000,9946.596378891454
1650736800000,9946.417278891455
1650740400000,9947.608878891455
1650744000000,9946.923078891456
1650747600000,9946.546878891455
1650751200000,9945.777378891455
1650754800000,9946.737678891455
1650758400000,9949.640153395652
1650762000000,9948.633053395652
1650765600000,9949.339553395652
1650769200000,9948.882353395651
1650772800000,9946.725953395651
1650776400000,9947.332553395652
1650780000000,9947.449553395652
1650783600000,9946.856453395652
1650787200000,9946.949439663944
1650790800000,9947.200539663943
1650794400000,9946.776639663944
1650798000000,9947.412039663943
1650801600000,9948.063639663944
1650805200000,9948.396639663943
1650808800000,9948.363339663943
1650812400000,9946.637139663942
1650816000000,9947.46560556093
1650819600000,9949.51580556093
1650823200000,9949.601305560931
1650826800000,9947.19200556093
1650830400000,9947.22800556093
1650834000000,9949.047805560931
1650837600000,9947.79320556093
1650841200000,9948.611305560931
1650844800000,9949.26098853015
1650848400000,9955.248688530151
1650852000000,9952.57478853015
1650855600000,9952.732288530151
1650859200000,9951.399388530152
1650862800000,9952.239988530151
1650866400000,9953.579188530151
1650870000000,9956.88308853015
1650873600000,9958.873754550106
1650877200000,9958.848554550106
1650880800000,9957.378854550107
1650884400000,9958.797254550107
1650888000000,9955.230554550108
1650891600000,9955.374554550106
1650895200000,9956.309654550107
1650898800000,9952.573754550107
1650902400000,9954.079586516462
1650906000000,9949.552586516462
1650909600000,9950.097086516462
1650913200000,9945.246986516462
1650916800000,9942.118586516463
1650920400000,9943.148186516462
1650924000000,9942.735086516463
1650927600000,9940.00993078833
1650931200000,9940.00993078833
1650934800000,9940.00993078833
1650938400000,9940.00993078833
1650942000000,9940.00993078833
1650945600000,9940.00993078833
1650949200000,9940.00993078833
1650952800000,9940.00993078833
1650956400000,9940.00993078833
1650960000000,9940.00993078833
1650963600000,9940.00993078833
1650967200000,9940.00993078833
1650970800000,9940.00993078833
1650974400000,9940.00993078833
1650978000000,9940.00993078833
1650981600000,9940.00993078833
1650985200000,9940.00993078833
1650988800000,9940.00993078833
1650992400000,9940.00993078833
1650996000000,9940.00993078833
1650999600000,9940.00993078833
1651003200000,9940.00993078833
1651006800000,9940.00993078833
1651010400000,9940.00993078833
1651014000000,9940.00993078833
1651017600000,9940.00993078833
1651021200000,9940.00993078833
1651024800000,9940.00993078833
1651028400000,9940.00993078833
1651032000000,9940.00993078833
1651035600000,9940.00993078833
1651039200000,9940.00993078833
1651042800000,9940.00993078833
1651046400000,9940.00993078833
1651050000000,9940.00993078833
1651053600000,9940.00993078833
1651057200000,9940.00993078833
1651060800000,9940.00993078833
1651064400000,9940.00993078833
1651068000000,9940.00993078833
1651071600000,9940.00993078833
1651075200000,9940.00993078833
1651078800000,9940.00993078833
1651082400000,9940.00993078833
1651086000000,9940.00993078833
1651089600000,9940.00993078833
1651093200000,9940.00993078833
1651096800000,9940.00993078833
1651100400000,9940.00993078833
1651104000000,9940.00993078833
1651107600000,9940.00993078833
1651111200000,9940.00993078833
1651114800000,9940.00993078833
1651118400000,9939.84073227381
1651122000000,9939.204732273809
1651125600000,9940.125532273809
1651129200000,9939.352732273808
1651132800000,9939.494468898749
1651136400000,9937.046468898749
1651140000000,9936.262468898749
1651143600000,9936.864068898749
1651147200000,9936.988068898749
1651150800000,9938.31046889875
1651154400000,9943.030468898749
1651158000000,9939.77446889875
1651161600000,9939.418042752144
1651165200000,9935.190042752145
1651168800000,9933.109242752145
1651172400000,9933.985242752145
1651176000000,9934.990042752144
1651179600000,9935.736442752144
1651183200000,9935.589242752145
1651186800000,9936.287642752144
1651190400000,9936.723433696021
1651194000000,9936.00023369602
1651197600000,9936.176233696022
1651201200000,9938.61543369602
1651204800000,9938.28423369602
1651208400000,9938.030633696022
1651212000000,9938.733833696022
1651215600000,9938.670633696021
1651219200000,9937.821507785246
1651222800000,9939.888707785247
1651226400000,9941.623107785246
1651230000000,9944.443107785246
1651233600000,9944.545507785246
1651237200000,9943.383107785246
1651240800000,9941.079907785246
1651244400000,9943.457507785246
1651248000000,9942.94090464339
1651251600000,9946.03050464339
1651255200000,9946.13690464339
1651258800000,9946.56570464339
1651262400000,9947.860104643389
1651266000000,9946.13610464339
1651269600000,9946.692104643389
1651273200000,9946.09290464339
1651276800000,9945.919185009527
1651280400000,9945.549585009527
1651284000000,9944.965585009526
1651287600000,9945.103985009526
1651291200000,9945.401585009526
1651294800000,9946.307985009526
1651298400000,9945.066385009526
1651302000000,9944.945585009526
1651305600000,9945.62360480575
1651309200000,9945.97480480575
1651312800000,9945.70760480575
1651316400000,9946.14680480575
1651320000000,9945.98120480575
1651323600000,9946.454804805751
1651327200000,9946.534004805751
1651330800000,9948.592404805751
1651334400000,9946.856230493697
1651338000000,9947.246630493697
1651341600000,9948.426630493697
1651345200000,9947.928230493697
1651348800000,9947.339430493697
1651352400000,9948.101030493697
1651356000000,9948.379430493698
1651359600000,9948.562630493698
1651363200000,9953.5194622512
1651366800000,9953.3962622512
1651370400000,9951.5370622512
1651374000000,9952.0930622512
1651377600000,9950.3674622512
1651381200000,9950.9770622512
1651384800000,9950.3098622512
1651388400000,9951.025062251201
1651392000000,9951.198150676119
1651395600000,9950.378950676119
1651399200000,9950.871750676119
1651402800000,9950.442950676117
1651406400000,9951.018150676118
1651410000000,9950.810150676118
1651413600000,9951.497350676118
1651417200000,9950.622950676117
1651420800000,9946.676935659552
1651424400000,9946.642535659554
1651428000000,9947.662535659552
1651431600000,9951.266535659553
1651435200000,9952.189735659553
1651438800000,9948.660935659553
1651442400000,9947.889735659553
1651446000000,9948.600935659553
1651449600000,9946.933292907202
1651453200000,9945.2804929072
1651456800000,9947.2004929072
1651460400000,9945.642092907201
1651464000000,9945.311692907202
1651467600000,9942.659692907202
1651471200000,9942.731692907202
1651474800000,9943.282892907202
1651478400000,9943.670876499202
1651482000000,9943.4460764992
1651485600000,9944.3636764992
1651489200000,9944.8516764992
1651492800000,9946.8948764992
1651496400000,9946.534076499202
1651500000000,9943.164476499202
1651503600000,9944.427676499201
1651507200000,9945.028228979201
1651510800000,9946.485028979201
1651514400000,9947.9306289792
1651518000000,9949.094628979201
1651521600000,9946.1338289792
1651525200000,9948.1850289792
1651528800000,9945.4730289792
1651532400000,9945.9210289792
1651536000000,9946.65344543362
1651539600000,9947.333445433618
1651543200000,9946.499045433618
1651546800000,9947.499045433618
1651550400000,9946.483845433619
1651554000000,9946.69024543362
1651557600000,9946.605445433619
1651561200000,9947.026245433619
1651564800000,9946.253090031134
1651568400000,9946.534690031134
1651572000000,9947.270690031135
1651575600000,9947.450690031133
1651579200000,9946.163490031135
1651582800000,9947.213890031135
1651586400000,9947.428290031134
1651590000000,9948.861890031134
1651593600000,9948.11815121245
1651597200000,9949.45095121245
1651600800000,9950.80535121245
1651604400000,9953.10135121245
1651608000000,9953.17815121245
1651611600000,9952.79495121245
1651615200000,9952.49495121245
1651618800000,9953.09255121245
1651622400000,9953.193122706767
1651626000000,9951.573922706768
1651629600000,9951.874722706767
1651633200000,9951.279522706767
1651636800000,9950.757922706767
1651640400000,9951.008322706768
1651644000000,9949.991522706769
1651647600000,9948.083522706767
1651651200000,9944.644069715723
1651654800000,9942.881669715722
1651658400000,9943.969669715721
1651662000000,9942.992869715723
1651665600000,9942.633669715722
1651669200000,9943.112069715722
1651672800000,9945.522469715723
1651676400000,9944.580069715723
1651680000000,9943.304846435722
1651683600000,9941.632046435723
1651687200000,9941.805646435723
1651690800000,9937.484292301544
1651694400000,9937.484292301544
1651698000000,9937.484292301544
1651701600000,9937.484292301544
1651705200000,9937.484292301544
1651708800000,9937.484292301544
1651712400000,9937.484292301544
1651716000000,9937.484292301544
1651719600000,9937.484292301544
1651723200000,9937.484292301544
1651726800000,9937.484292301544
1651730400000,9937.484292301544
1651734000000,9937.484292301544
1651737600000,9937.484292301544
1651741200000,9937.484292301544
1651744800000,9937.484292301544
1651748400000,9937.484292301544
1651752000000,9937.484292301544
1651755600000,9937.484292301544
1651759200000,9937.484292301544
1651762800000,9937.484292301544
1651766400000,9937.484292301544
1651770000000,9937.484292301544
1651773600000,9937.484292301544
1651777200000,9937.484292301544
1651780800000,9937.484292301544
1651784400000,9937.484292301544
1651788000000,9937.484292301544
1651791600000,9937.484292301544
1651795200000,9937.534688680564
1651798800000,9938.350688680564
1651802400000,9938.810288680565
1651806000000,9938.062088680565
1651809600000,9937.939688680564
1651813200000,9938.203088680564
1651816800000,9937.639088680564
1651820400000,9938.280488680564
1651824000000,9938.96397646285
1651827600000,9939.24837646285
1651831200000,9938.16597646285
1651834800000,9941.57397646285
1651838400000,9941.73057646285
1651842000000,9941.44437646285
1651845600000,9941.73297646285
1651849200000,9939.53517646285
1651852800000,9940.688439011374
1651856400000,9939.569439011375
1651860000000,9941.222439011375
1651863600000,9941.176839011374
1651867200000,9941.027439011374
1651870800000,9940.084239011374
1651874400000,9940.966839011375
1651878000000,9940.645239011375
1651881600000,9940.503650786723
1651885200000,9940.732250786723
1651888800000,9940.530050786723
1651892400000,9940.925450786723
1651896000000,9941.691050786723
1651899600000,9942.024650786723
1651903200000,9941.252450786724
1651906800000,9941.786450786723
1651910400000,9941.087170478724
1651914000000,9940.640170478724
1651917600000,9940.887970478723
1651921200000,9940.177570478723
1651924800000,9940.443970478724
1651928400000,9940.515370478724
1651932000000,9941.258770478724
1651935600000,9940.949170478723
1651939200000,9940.982508329293
1651942800000,9940.856508329292
1651946400000,9941.293908329293
1651950000000,9941.260908329292
1651953600000,9941.442708329292
1651957200000,9941.993508329293
1651960800000,9945.727908329292
1651964400000,9946.218108329293
1651968000000,9943.838250307008
1651971600000,9945.914850307008
1651975200000,9947.347650307009
1651978800000,9948.892650307009
1651982400000,9949.582650307007
1651986000000,9950.032050307007
1651989600000,9949.735050307008
1651993200000,9947.826450307008
1651996800000,9948.990806446647
1652000400000,9948.623006446647
1652004000000,9949.013606446648
1652007600000,9948.229406446648
1652011200000,9948.071006446648
1652014800000,9948.860606446648
1652018400000,9950.101406446647
1652022000000,9949.797806446648
1652025600000,9950.42021943533
1652029200000,9950.540219435328
1652032800000,9952.075619435329
1652036400000,9949.64141943533
1652040000000,9948.973619435328
1652043600000,9951.122219435329
1652047200000,9950.05781943533
1652050800000,9951.11621943533
1652054400000,9952.048637399732
1652058000000,9951.805037399732
1652061600000,9952.227437399732
1652065200000,9955.811837399731
1652068800000,9955.284437399732
1652072400000,9954.613037399731
1652076000000,9955.649237399732
1652079600000,9955.024037399731
1652083200000,9955.569746159732
1652086800000,9954.814946159731
1652090400000,9955.768346159732
1652094000000,9960.14114615973
1652097600000,9958.13654615973
1652101200000,9959.649746159732
1652104800000,9959.12834615973
1652108400000,9961.52414615973
1652112000000,9962.903754154624
1652115600000,9967.152354154623
1652119200000,9969.205554154623
1652122800000,9972.238554154625
1652126400000,9969.794754154624
1652130000000,9970.537554154624
1652133600000,9971.752554154624
1652137200000,9970.064154154623
1652140800000,9975.69279849561
1652144400000,9972.44739849561
1652148000000,9971.49519849561
1652151600000,9970.72779849561
1652155200000,9972.96459849561
1652158800000,9968.98899849561
1652162400000,9965.73459849561
1652166000000,9963.61659849561
1652169600000,9967.29737163561
1652173200000,9965.95337163561
1652176800000,9968.51417163561
1652180400000,9968.801571635611
1652184000000,9966.746571635611
1652187600000,9963.508371635611
1652191200000,9966.40817163561
1652194800000,9970.27037163561
1652198400000,9968.804156435612
1652202000000,9969.264356435611
1652205600000,9966.77315643561
1652209200000,9966.89075643561
1652212800000,9968.888756435612
1652216400000,9970.771556435611
1652220000000,9975.756356435611
1652223600000,9972.441356435611
1652227200000,9970.943456939693
1652230800000,9970.863656939693
1652234400000,9972.369656939693
1652238000000,9968.079056939694
1652241600000,9969.507056939694
1652245200000,9969.649256939694
1652248800000,9968.146256939694
1652252400000,9974.314856939693
1652256000000,9973.420990115717
1652259600000,9969.243790115717
1652263200000,9965.720590115716
1652266800000,9966.055390115716
1652270400000,9967.970590115716
1652274000000,9981.711790115716
1652277600000,9968.265790115716
1652281200000,9966.639790115716
1652284800000,9971.361264644118
1652288400000,9975.422064644117
1652292000000,9977.336664644117
1652295600000,9977.883864644118
1652299200000,9979.521264644118
1652302800000,9986.034264644117
1652306400000,9982.890864644118
1652310000000,9983.799264644118
1652313600000,9981.95388732403
1652317200000,9978.008887324031
1652320800000,9982.38108732403
1652324400000,9983.545087324032
1652328000000,9986.310008373615
1652331600000,9986.310008373615
1652335200000,9986.310008373615
1652338800000,9986.310008373615
1652342400000,9986.310008373615
1652346000000,9986.310008373615
1652349600000,9986.310008373615
1652353200000,9986.310008373615
1652356800000,9986.310008373615
1652360400000,9986.310008373615
1652364000000,9986.310008373615
1652367600000,9986.310008373615
1652371200000,9986.310008373615
1652374800000,9986.310008373615
1652378400000,9986.310008373615
1652382000000,9986.310008373615
1652385600000,9986.310008373615
1652389200000,9986.310008373615
1652392800000,9986.310008373615
1652396400000,9986.310008373615
1652400000000,9986.310008373615
1652403600000,9986.310008373615
1652407200000,9986.310008373615
1652410800000,9986.310008373615
1652414400000,9986.310008373615
1652418000000,9986.310008373615
1652421600000,9986.310008373615
1652425200000,9986.310008373615
1652428800000,9986.310008373615
1652432400000,9986.310008373615
1652436000000,9986.310008373615
1652439600000,9986.310008373615
1652443200000,9986.310008373615
1652446800000,9986.310008373615
1652450400000,9986.310008373615
1652454000000,9986.310008373615
1652457600000,9986.310008373615
1652461200000,9986.310008373615
1652464800000,9986.310008373615
1652468400000,9986.310008373615
1652472000000,9986.310008373615
1652475600000,9986.310008373615
1652479200000,9986.310008373615
1652482800000,9986.310008373615
1652486400000,9986.310008373615
1652490000000,9986.310008373615
1652493600000,9986.310008373615
1652497200000,9986.310008373615
1652500800000,9986.310008373615
1652504400000,9986.310008373615
1652508000000,9986.310008373615
1652511600000,9986.310008373615
1652515200000,9986.310008373615
1652518800000,9986.310008373615
1652522400000,9986.310008373615
1652526000000,9986.310008373615
1652529600000,9986.310008373615
1652533200000,9986.310008373615
1652536800000,9986.310008373615
1652540400000,9986.310008373615
1652544000000,9986.310008373615
1652547600000,9986.310008373615
1652551200000,9986.310008373615
1652554800000,9986.310008373615
1652558400000,9986.310008373615
1652562000000,9986.310008373615
1652565600000,9986.310008373615
1652569200000,9986.310008373615
1652572800000,9986.310008373615
1652576400000,9986.310008373615
1652580000000,9986.310008373615
1652583600000,9986.310008373615
1652587200000,9986.310008373615
1652590800000,9986.310008373615
1652594400000,9986.310008373615
1652598000000,9986.310008373615
1652601600000,9986.310008373615
1652605200000,9986.310008373615
1652608800000,9986.310008373615
1652612400000,9986.310008373615
1652616000000,9986.310008373615
1652619600000,9986.310008373615
1652623200000,9986.310008373615
1652626800000,9986.310008373615
1652630400000,9986.310008373615
1652634000000,9986.310008373615
1652637600000,9986.310008373615
1652641200000,9986.310008373615
1652644800000,9986.310008373615
1652648400000,9986.310008373615
1652652000000,9986.310008373615
1652655600000,9986.310008373615
1652659200000,9986.310008373615
1652662800000,9986.310008373615
1652666400000,9986.310008373615
1652670000000,9986.310008373615
1652673600000,9986.310008373615
1652677200000,9986.310008373615
1652680800000,9986.310008373615
1652684400000,9986.310008373615
1652688000000,9986.310008373615
1652691600000,9986.310008373615
1652695200000,9986.310008373615
1652698800000,9986.310008373615
1652702400000,9986.077611395018
1652706000000,9986.411581395017
1652709600000,9989.889601395018
1652713200000,9989.065141395018
1652716800000,9987.93976949997
1652720400000,9989.70152949997
1652724000000,9987.237249499969
1652727600000,9985.61107949997
1652731200000,9988.31013949997
1652734800000,9986.14433949997
1652738400000,9984.37165949997
1652742000000,9986.04150949997
1652745600000,9986.834095461136
1652749200000,9984.559095461136
1652752800000,9985.235225461136
1652756400000,9984.936745461137
1652760000000,9982.456085461135
1652763600000,9982.079345461136
1652767200000,9981.866405461136
1652770800000,9980.790785461137
1652774400000,9982.72064741137
1652778000000,9981.289217411371
1652781600000,9980.753227411371
1652785200000,9981.40660741137
1652788800000,9981.675967411371
1652792400000,9980.185387411371
1652796000000,9980.13078741137
1652799600000,9984.09201741137
1652803200000,9983.404736910117
1652806800000,9983.715956910117
1652810400000,9984.018076910117
1652814000000,9986.706216910117
1652817600000,9984.922616910117
1652821200000,9984.288346910116
1652824800000,9980.530046910117
1652828400000,9981.212546910117
1652832000000,9980.930313713416
1652835600000,9980.653673713416
1652839200000,9983.037873713416
1652842800000,9982.518263713417
1652846400000,9985.634103713417
1652850000000,9986.187383713417
1652853600000,9984.635833713417
1652857200000,9986.860783713417
1652860800000,9985.858754394472
1652864400000,9985.846014394472
1652868000000,9985.591214394473
1652871600000,9985.204464394472
1652875200000,9986.334684394473
1652878800000,9989.141124394473
1652882400000,9989.982874394473
1652886000000,9991.271434394472
1652889600000,9992.931174787984
1652893200000,9991.497924787984
1652896800000,9992.681834787983
1652900400000,9991.542514787983
1652904000000,9991.011984787983
1652907600000,9992.076684787984
1652911200000,9992.710044787984
1652914800000,9993.375254787985
1652918400000,9996.12319705459
1652922000000,9995.28781705459
1652925600000,9997.11145705459
1652929200000,9993.60431705459
1652932800000,9993.15386705459
1652936400000,9993.69804705459
1652940000000,9993.74991705459
1652943600000,9992.17106705459
1652947200000,9993.395887518778
1652950800000,9995.052997518778
1652954400000,9995.515277518778
1652958000000,9994.542487518778
1652961600000,9992.134627518779
1652965200000,9993.142907518779
1652968800000,9992.080027518778
1652972400000,9990.674987518778
1652976000000,9987.07375447143
1652979600000,9987.799024471431
1652983200000,9987.738964471431
1652986800000,9987.482344471431
1652990400000,9989.44521447143
1652994000000,9987.78355447143
1652997600000,9987.736234471431
1653001200000,9987.756254471431
1653004800000,9987.154006734432
1653008400000,9987.790096734432
1653012000000,9985.68071673443
1653015600000,9986.325906734432
1653019200000,9986.77726673443
1653022800000,9987.214066734432
1653026400000,9986.599816734431
1653030000000,9987.582616734431
1653033600000,9986.646456809473
1653037200000,9986.661016809472
1653040800000,9985.624526809472
1653044400000,9984.814626809472
1653048000000,9984.331416809471
1653051600000,9985.921186809472
1653055200000,9985.195006809472
1653058800000,9990.407486809472
1653062400000,9992.798081793795
1653066000000,9995.438901793796
1653069600000,9994.953871793794
1653073200000,9994.307771793794
1653076800000,9992.046421793795
1653080400000,9992.455921793795
1653084000000,9992.468661793795
1653087600000,9993.193021793795
1653091200000,9992.89506086549
1653094800000,9992.296280865492
1653098400000,9993.276350865492
1653102000000,9992.825900865491
1653105600000,9992.16069086549
1653109200000,9992.167060865491
1653112800000,9991.830360865491
1653116400000,9991.617420865492
1653120000000,9991.109387206277
1653123600000,9991.207667206278
1653127200000,9991.052967206277
1653130800000,9991.850127206277
1653134400000,9991.631727206277
1653138000000,9991.936577206277
1653141600000,9991.901087206277
1653145200000,9991.202207206277
1653148800000,9991.002268664799
1653152400000,9990.772948664799
1653156000000,9991.011368664798
1653159600000,9990.333418664799
1653163200000,9990.9048986648
1653166800000,9991.384468664799
1653170400000,9992.156148664799
1653174000000,9991.421778664799
1653177600000,9991.21293795394
1653181200000,9990.82345795394
1653184800000,9990.980887953941
1653188400000,9991.49776795394
1653192000000,9991.50686795394
1653195600000,9992.066517953941
1653199200000,9991.465917953941
1653202800000,9991.46500795394
1653206400000,9991.225186238134
1653210000000,9990.314276238134
1653213600000,9986.341216238136
1653217200000,9986.404916238134
1653220800000,9987.381346238135
1653224400000,9986.649706238135
1653228000000,9987.003696238135
1653231600000,9987.338576238135
1653235200000,9988.761848120097
1653238800000,9988.417868120097
1653242400000,9988.566198120097
1653246000000,9987.884608120097
1653249600000,9988.151238120097
1653253200000,9988.456998120097
1653256800000,9986.858128120097
1653260400000,9985.706068120096
1653264000000,9983.836257302637
1653267600000,9983.836257302637
1653271200000,9983.836257302637
1653274800000,9983.836257302637
1653278400000,9983.836257302637
1653282000000,9983.836257302637
1653285600000,9983.836257302637
1653289200000,9983.836257302637
1653292800000,9983.836257302637
1653296400000,9983.836257302637
1653300000000,9983.836257302637
1653303600000,9983.836257302637
1653307200000,9983.836257302637
1653310800000,9983.836257302637
1653314400000,9983.836257302637
1653318000000,9983.836257302637
1653321600000,9983.836257302637
1653325200000,9983.836257302637
1653328800000,9983.836257302637
1653332400000,9983.836257302637
1653336000000,9983.836257302637
1653339600000,9983.836257302637
1653343200000,9983.836257302637
1653346800000,9983.836257302637
1653350400000,9983.836257302637
1653354000000,9983.836257302637
1653357600000,9983.836257302637
1653361200000,9983.836257302637
1653364800000,9983.836257302637
1653368400000,9983.836257302637
1653372000000,9983.836257302637
1653375600000,9983.836257302637
1653379200000,9983.836257302637
1653382800000,9983.836257302637
1653386400000,9983.836257302637
1653390000000,9983.836257302637
1653393600000,9983.836257302637
1653397200000,9983.836257302637
1653400800000,9983.836257302637
1653404400000,9983.836257302637
1653408000000,9983.836257302637
1653411600000,9983.836257302637
1653415200000,9983.836257302637
1653418800000,9983.836257302637
1653422400000,9983.836257302637
1653426000000,9983.836257302637
1653429600000,9983.836257302637
1653433200000,9983.836257302637
1653436800000,9983.836257302637
1653440400000,9983.836257302637
1653444000000,9983.836257302637
1653447600000,9983.836257302637
1653451200000,9983.836257302637
1653454800000,9983.836257302637
1653458400000,9983.836257302637
1653462000000,9983.836257302637
1653465600000,9983.836257302637
1653469200000,9983.836257302637
1653472800000,9983.836257302637
1653476400000,9983.836257302637
1653480000000,9983.836257302637
1653483600000,9983.836257302637
1653487200000,9983.836257302637
1653490800000,9983.836257302637
1653494400000,9983.836257302637
1653498000000,9983.836257302637
1653501600000,9983.836257302637
1653505200000,9983.836257302637
1653508800000,9983.836257302637
1653512400000,9983.836257302637
1653516000000,9983.836257302637
1653519600000,9983.836257302637
1653523200000,9983.836257302637
1653526800000,9983.836257302637
1653530400000,9983.836257302637
1653534000000,9983.836257302637
1653537600000,9983.836257302637
1653541200000,9983.836257302637
1653544800000,9983.836257302637
1653548400000,9983.836257302637
1653552000000,9983.836257302637
1653555600000,9983.836257302637
1653559200000,9983.836257302637
1653562800000,9983.836257302637
1653566400000,9983.836257302637
1653570000000,9983.836257302637
1653573600000,9983.836257302637
1653577200000,9983.836257302637
1653580800000,9983.836257302637
1653584400000,9983.836257302637
1653588000000,9983.836257302637
1653591600000,9983.836257302637
1653595200000,9983.738448656566
1653598800000,9984.692448656566
1653602400000,9984.989448656566
1653606000000,9984.515148656566
1653609600000,9982.068754796564
1653613200000,9981.044554796565
1653616800000,9979.307554796565
1653620400000,9980.193154796565
1653624000000,9980.286754796565
1653627600000,9979.613554796566
1653631200000,9977.993554796565
1653634800000,9980.266054796566
1653638400000,9979.814270906565
1653642000000,9979.816970906566
1653645600000,9980.459570906565
1653649200000,9978.635270906565
1653652800000,9979.040270906566
1653656400000,9982.395470906566
1653660000000,9982.920170906566
1653663600000,9978.226670906566
1653667200000,9978.487817156565
1653670800000,9977.793917156565
1653674400000,9974.115617156565
1653678000000,9975.562817156566
1653681600000,9978.536417156565
1653685200000,9978.026117156565
1653688800000,9977.143217156565
1653692400000,9978.751517156565
1653696000000,9976.856456276564
1653699600000,9978.534956276564
1653703200000,9976.746656276566
1653706800000,9976.974356276565
1653710400000,9978.355199947404
1653714000000,9978.643169947403
1653717600000,9977.450399947404
1653721200000,9978.001979947403
1653724800000,9977.924768894596
1653728400000,9978.808688894596
1653732000000,9978.905258894596
1653735600000,9978.553778894597
1653739200000,9977.320118894595
1653742800000,9976.519718894597
1653746400000,9976.158668894595
1653750000000,9976.657178894597
1653753600000,9975.961717666281
1653757200000,9975.626767666281
1653760800000,9977.063137666282
1653764400000,9976.060897666282
1653768000000,9976.012177666282
1653771600000,9975.528457666282
1653775200000,9976.745587666283
1653778800000,9976.536787666282
1653782400000,9975.900745804282
1653786000000,9976.21220580428
1653789600000,9977.374525804282
1653793200000,9977.828665804282
1653796800000,9977.26577580428
1653800400000,9977.437165804282
1653804000000,9976.247875804282
1653807600000,9976.553245804282
1653811200000,9976.80480180109
1653814800000,9976.347181801091
1653818400000,9976.682131801092
1653822000000,9975.46761180109
1653825600000,9974.655810483799
1653829200000,9976.346620483799
1653832800000,9976.036160483798
1653836400000,9975.655480483798
1653840000000,9975.350780515528
1653843600000,9975.658460515528
1653847200000,9975.277840515528
1653850800000,9974.756940515526
1653854400000,9974.487480515527
1653858000000,9974.737240515527
1653861600000,9975.174550515527
1653865200000,9977.362730515528
1653868800000,9977.701817386605
1653872400000,9976.304487386606
1653876000000,9980.181637386606
1653879600000,9984.751117386606
1653883200000,9985.989877386606
1653886800000,9986.295017386607
1653890400000,9986.285817386606
1653894000000,9989.639167386607
1653897600000,9988.183564614246
1653901200000,9989.739434614246
1653904800000,9989.670444614247
1653908400000,9988.902994614245
1653912000000,9989.080874614247
1653915600000,9988.225884614247
1653919200000,9987.600314614247
1653922800000,9985.056650317025
1653926400000,9987.070058728219
1653930000000,9986.551658728218
1653933600000,9988.174058728218
1653937200000,9987.89405872822
1653940800000,9987.362858728218
1653944400000,9997.167658728218
1653948000000,10006.854058728219
1653951600000,10004.86525872822
1653955200000,10004.300894570475
1653958800000,10001.920094570474
1653962400000,10001.833694570474
1653966000000,10004.403294570475
1653969600000,10005.116894570474
1653973200000,10004.360094570475
1653976800000,10003.481694570475
1653980400000,10001.300894570475
1653984000000,10002.479181035582
1653987600000,10003.139981035582
1653991200000,10002.063181035583
1653994800000,10003.755981035581
1653998400000,10004.947981035582
1654002000000,10003.136781035582
1654005600000,9998.795981035582
1654009200000,10004.064781035582
1654012800000,10010.221503888399
1654016400000,10011.914303888398
1654020000000,10010.957503888398
1654023600000,10003.279103888399
1654027200000,10003.989503888399
1654030800000,10005.456703888398
1654034400000,10004.047103888399
1654038000000,10006.615103888398
1654041600000,10006.066627383243
1654045200000,10007.325827383243
1654048800000,10007.364227383243
1654052400000,10005.444227383245
1654056000000,10003.386627383245
1654059600000,10001.997827383244
1654063200000,10002.460227383244
1654066800000,10002.477827383243
1654070400000,10000.485069623244
1654074000000,10002.638669623244
1654077600000,10004.029069623244
1654081200000,10001.422669623244
1654084800000,10002.513869623244
1654088400000,10004.384269623244
1654092000000,10004.155469623245
1654095600000,9994.960269623245
1654099200000,9988.312683543245
1654102800000,9983.615083543245
1654106400000,9979.522283543245
1654110000000,9978.691883543244
1654113600000,9978.795883543246
1654117200000,9972.54354000673
1654120800000,9972.54354000673
1654124400000,9972.54354000673
1654128000000,9972.54354000673
1654131600000,9972.54354000673
1654135200000,9972.54354000673
1654138800000,9972.54354000673
1654142400000,9972.54354000673
1654146000000,9972.54354000673
1654149600000,9972.54354000673
1654153200000,9972.54354000673
1654156800000,9972.14648716344
1654160400000,9972.02248716344
1654164000000,9972.115487163439
1654167600000,9972.88648716344
1654171200000,9974.36348716344
1654174800000,9973.53148716344
1654178400000,9972.45148716344
1654182000000,9973.42348716344
1654185600000,9974.93412573011
1654189200000,9975.512125730109
1654192800000,9974.520125730109
1654196400000,9974.17612573011
1654200000000,9975.41612573011
1654203600000,9975.235125730109
1654207200000,9976.48712573011
1654210800000,9977.63212573011
1654214400000,9977.226407710004
1654218000000,9976.704407710005
1654221600000,9979.370407710005
1654225200000,9978.237407710005
1654228800000,9977.955407710006
1654232400000,9977.055407710006
1654236000000,9977.982407710006
1654239600000,9976.554407710006
1654243200000,9977.091838852033
1654246800000,9977.132838852032
1654250400000,9975.214838852033
1654254000000,9971.419838852033
1654257600000,9970.609838852033
1654261200000,9968.283838852032
1654264800000,9969.981838852033
1654268400000,9967.231838852033
1654272000000,9967.999383234006
1654275600000,9968.153383234006
1654279200000,9967.632383234006
1654282800000,9968.210383234005
1654286400000,9968.369383234007
1654290000000,9969.496383234005
1654293600000,9970.487383234005
1654297200000,9969.890383234006
1654300800000,9969.816581736086
1654304400000,9969.982581736087
1654308000000,9968.534581736087
1654311600000,9968.379581736086
1654315200000,9968.138581736086
1654318800000,9969.783581736086
1654322400000,9969.503581736086
1654326000000,9969.604581736086
1654329600000,9969.595345189287
1654333200000,9970.170345189286
1654336800000,9970.151345189286
1654340400000,9970.013345189287
1654344000000,9969.384345189286
1654347600000,9968.188345189286
1654351200000,9968.777345189286
1654354800000,9970.585345189287
1654358400000,9971.003915009987
1654362000000,9970.117915009987
1654365600000,9969.909915009986
1654369200000,9970.335915009988
1654372800000,9968.976915009987
1654376400000,9970.247915009988
1654380000000,9970.923915009987
1654383600000,9970.537915009987
1654387200000,9971.22290445023
1654390800000,9969.87690445023
1654394400000,9969.673904450228
1654398000000,9970.60190445023
1654401600000,9970.239904450229
1654405200000,9970.07090445023
1654408800000,9970.585904450229
1654412400000,9969.960904450229
1654416000000,9969.225524169253
1654419600000,9969.462524169252
1654423200000,9968.964524169252
1654426800000,9969.071524169252
1654430400000,9969.757524169252
1654434000000,9970.011524169253
1654437600000,9969.067524169252
1654441200000,9970.674524169252
1654444800000,9972.348285197832
1654448400000,9971.170285197832
1654452000000,9973.172285197832
1654455600000,9972.649285197833
1654459200000,9973.534285197833
1654462800000,9971.982285197832
1654466400000,9972.146285197832
1654470000000,9972.994285197832
1654473600000,9971.773231582192
1654477200000,9975.754231582192
1654480800000,9981.462231582193
1654484400000,9982.095231582192
1654488000000,9984.949231582192
1654491600000,9984.817231582192
1654495200000,9984.490231582191
1654498800000,9985.355231582193
1654502400000,9985.558029738513
1654506000000,9987.159029738512
1654509600000,9987.088029738512
1654513200000,9987.445029738512
1654516800000,9986.917029738512
1654520400000,9986.685029738512
1654524000000,9987.829029738512
1654527600000,9987.674029738511
1654531200000,9988.078497301163
1654534800000,9985.597497301163
1654538400000,9985.768497301162
1654542000000,9985.922497301162
1654545600000,9987.051497301163
1654549200000,9987.070497301163
1654552800000,9987.608497301162
1654556400000,9986.625497301162
1654560000000,9986.053132084611
1654563600000,9973.21113208461
1654567200000,9970.928333292117
1654570800000,9970.928333292117
1654574400000,9970.928333292117
1654578000000,9970.928333292117
1654581600000,9970.928333292117
1654585200000,9970.928333292117
1654588800000,9970.928333292117
1654592400000,9970.928333292117
1654596000000,9970.928333292117
1654599600000,9970.928333292117
1654603200000,9970.928333292117
1654606800000,9970.928333292117
1654610400000,9970.928333292117
1654614000000,9970.928333292117
1654617600000,9970.928333292117
1654621200000,9970.928333292117
1654624800000,9970.928333292117
1654628400000,9970.928333292117
1654632000000,9971.292281024758
1654635600000,9973.373081024758
1654639200000,9973.705081024758
1654642800000,9971.340281024757
1654646400000,9971.02978927221
1654650000000,9970.81618927221
1654653600000,9971.20498927221
1654657200000,9970.28818927221
1654660800000,9961.86818927221
1654664400000,9964.03138927221
1654668000000,9966.43938927221
1654671600000,9966.20898927221
1654675200000,9966.652549927949
1654678800000,9966.14134992795
1654682400000,9966.39734992795
1654686000000,9965.422149927948
1654689600000,9965.62774992795
1654693200000,9963.042949927949
1654696800000,9967.78774992795
1654700400000,9965.46054992795
1654704000000,9966.152978007949
1654707600000,9964.71057800795
1654711200000,9965.310578007948
1654714800000,9963.834578007949
1654718400000,9963.070578007948
1654722000000,9963.894578007948
1654725600000,9965.353778007948
1654729200000,9964.764178007948
1654732800000,9963.972024007948
1654736400000,9964.036024007948
1654740000000,9962.823224007947
1654743600000,9963.706424007947
1654747200000,9964.479224007948
1654750800000,9964.388824007947
1654754400000,9964.828824007947
1654758000000,9964.774424007948
1654761600000,9966.107423070012
1654765200000,9966.307423070011
1654768800000,9966.634623070011
1654772400000,9965.525823070011
1654776000000,9964.653023070012
1654779600000,9963.045023070012
1654783200000,9963.574623070012
1654786800000,9962.879423070011
1654790400000,9964.705590395208
1654794000000,9964.803190395207
1654797600000,9964.613590395207
1654801200000,9963.271990395207
1654804800000,9961.938390395208
1654808400000,9963.553590395208
1654812000000,9963.420790395206
1654815600000,9962.146390395206
1654819200000,9962.925513846894
1654822800000,9960.202313846894
1654826400000,9961.125513846895
1654830000000,9962.444713846895
1654833600000,9963.281513846894
1654837200000,9963.062313846895
1654840800000,9963.051913846895
1654844400000,9962.999113846894
1654848000000,9962.563986389581
1654851600000,9962.308786389582
1654855200000,9961.160786389582
1654858800000,9962.119186389582
1654862400000,9962.219186389582
1654866000000,9959.023186389582
1654869600000,9956.754386389583
1654873200000,9955.847073847423
1654876800000,9955.847073847423
1654880400000,9955.847073847423
1654884000000,9955.847073847423
1654887600000,9955.847073847423
1654891200000,9955.847073847423
1654894800000,9955.847073847423
1654898400000,9955.847073847423
1654902000000,9955.847073847423
1654905600000,9955.847073847423
1654909200000,9955.847073847423
1654912800000,9955.847073847423
1654916400000,9955.847073847423
1654920000000,9955.848493054866
1654923600000,9957.195293054865
1654927200000,9955.685993054865
1654930800000,9956.248893054864
1654934400000,9956.403448995508
1654938000000,9951.337348995508
1654941600000,9953.378348995508
1654945200000,9950.895348995507
1654948800000,9949.604448995507
1654952400000,9945.691448995509
1654956000000,9949.029848995508
1654959600000,9945.144148995509
1654963200000,9944.409965155663
1654966800000,9944.734965155663
1654970400000,9945.763265155663
1654974000000,9947.046365155662
1654977600000,9946.530265155663
1654981200000,9944.234465155663
1654984800000,9946.501665155663
1654988400000,9947.204965155663
1654992000000,9944.441934365663
1654995600000,9945.505334365662
1654999200000,9942.147434365663
1655002800000,9933.232921798728
1655006400000,9933.232921798728
1655010000000,9933.232921798728
1655013600000,9933.232921798728
1655017200000,9933.232921798728
1655020800000,9933.232921798728
1655024400000,9933.232921798728
1655028000000,9933.232921798728
1655031600000,9933.232921798728
1655035200000,9933.232921798728
1655038800000,9933.232921798728
1655042400000,9933.232921798728
1655046000000,9933.232921798728
1655049600000,9933.232921798728
1655053200000,9933.232921798728
1655056800000,9933.232921798728
1655060400000,9933.232921798728
1655064000000,9933.232921798728
1655067600000,9933.232921798728
1655071200000,9933.232921798728
1655074800000,9933.232921798728
1655078400000,9933.232921798728
1655082000000,9933.232921798728
1655085600000,9933.232921798728
1655089200000,9933.232921798728
1655092800000,9933.232921798728
1655096400000,9933.232921798728
1655100000000,9933.232921798728
1655103600000,9933.232921798728
1655107200000,9933.232921798728
1655110800000,9933.232921798728
1655114400000,9933.232921798728
1655118000000,9933.232921798728
1655121600000,9933.232921798728
1655125200000,9933.232921798728
1655128800000,9933.232921798728
1655132400000,9933.232921798728
1655136000000,9933.232921798728
1655139600000,9933.232921798728
1655143200000,9933.232921798728
1655146800000,9933.232921798728
1655150400000,9933.232921798728
1655154000000,9933.232921798728
1655157600000,9933.232921798728
1655161200000,9933.232921798728
1655164800000,9933.232921798728
1655168400000,9933.232921798728
1655172000000,9933.232921798728
1655175600000,9933.232921798728
1655179200000,9933.232921798728
1655182800000,9933.232921798728
1655186400000,9933.232921798728
1655190000000,9933.232921798728
1655193600000,9933.232921798728
1655197200000,9933.232921798728
1655200800000,9933.232921798728
1655204400000,9933.232921798728
1655208000000,9933.232921798728
1655211600000,9933.232921798728
1655215200000,9933.232921798728
1655218800000,9933.232921798728
1655222400000,9933.232921798728
1655226000000,9933.232921798728
1655229600000,9933.232921798728
1655233200000,9933.232921798728
1655236800000,9933.232921798728
1655240400000,9933.232921798728
1655244000000,9933.232921798728
1655247600000,9933.232921798728
1655251200000,9933.232921798728
1655254800000,9933.232921798728
1655258400000,9933.232921798728
1655262000000,9933.232921798728
1655265600000,9933.232921798728
1655269200000,9933.232921798728
1655272800000,9933.232921798728
1655276400000,9933.232921798728
1655280000000,9933.232921798728
1655283600000,9933.232921798728
1655287200000,9933.232921798728
1655290800000,9933.232921798728
1655294400000,9933.232921798728
1655298000000,9933.232921798728
1655301600000,9933.232921798728
1655305200000,9933.232921798728
1655308800000,9933.232921798728
1655312400000,9933.232921798728
1655316000000,9933.232921798728
1655319600000,9933.232921798728
1655323200000,9933.232921798728
1655326800000,9933.232921798728
1655330400000,9933.232921798728
1655334000000,9933.232921798728
1655337600000,9933.232921798728
1655341200000,9933.232921798728
1655344800000,9933.232921798728
1655348400000,9933.232921798728
1655352000000,9933.232921798728
1655355600000,9933.232921798728
1655359200000,9933.232921798728
1655362800000,9933.232921798728
1655366400000,9933.232921798728
1655370000000,9933.232921798728
1655373600000,9933.232921798728
1655377200000,9933.232921798728
1655380800000,9933.232921798728
1655384400000,9933.232921798728
1655388000000,9933.232921798728
1655391600000,9933.232921798728
1655395200000,9933.232921798728
1655398800000,9933.232921798728
1655402400000,9933.232921798728
1655406000000,9933.232921798728
1655409600000,9933.232921798728
1655413200000,9933.232921798728
1655416800000,9933.232921798728
1655420400000,9933.232921798728
1655424000000,9933.232921798728
1655427600000,9933.232921798728
1655431200000,9933.232921798728
1655434800000,9933.232921798728
1655438400000,9933.232921798728
1655442000000,9933.232921798728
1655445600000,9933.232921798728
1655449200000,9933.232921798728
1655452800000,9933.232921798728
1655456400000,9933.232921798728
1655460000000,9933.232921798728
1655463600000,9933.232921798728
1655467200000,9933.232921798728
1655470800000,9933.232921798728
1655474400000,9933.232921798728
1655478000000,9933.232921798728
1655481600000,9933.232921798728
1655485200000,9933.232921798728
1655488800000,9933.232921798728
1655492400000,9933.232921798728
1655496000000,9933.232921798728
1655499600000,9933.232921798728
1655503200000,9933.232921798728
1655506800000,9933.232921798728
1655510400000,9933.232921798728
1655514000000,9933.232921798728
1655517600000,9933.232921798728
1655521200000,9933.232921798728
1655524800000,9933.232921798728
1655528400000,9933.232921798728
1655532000000,9933.232921798728
1655535600000,9933.232921798728
1655539200000,9933.232921798728
1655542800000,9933.232921798728
1655546400000,9933.232921798728
1655550000000,9933.232921798728
1655553600000,9933.232921798728
1655557200000,9933.232921798728
1655560800000,9933.232921798728
1655564400000,9933.232921798728
1655568000000,9933.232921798728
1655571600000,9933.232921798728
1655575200000,9933.232921798728
1655578800000,9933.232921798728
1655582400000,9933.232921798728
1655586000000,9933.232921798728
1655589600000,9933.232921798728
1655593200000,9933.232921798728
1655596800000,9933.232921798728
1655600400000,9933.232921798728
1655604000000,9933.232921798728
1655607600000,9933.232921798728
1655611200000,9933.232921798728
1655614800000,9933.232921798728
1655618400000,9933.232921798728
1655622000000,9933.232921798728
1655625600000,9933.232921798728
1655629200000,9933.232921798728
1655632800000,9933.232921798728
1655636400000,9933.232921798728
1655640000000,9933.232921798728
1655643600000,9933.232921798728
1655647200000,9933.232921798728
1655650800000,9933.232921798728
1655654400000,9933.232921798728
1655658000000,9933.232921798728
1655661600000,9933.232921798728
1655665200000,9933.232921798728
1655668800000,9933.232921798728
1655672400000,9933.232921798728
1655676000000,9933.232921798728
1655679600000,9933.232921798728
1655683200000,9933.232921798728
1655686800000,9933.232921798728
1655690400000,9933.232921798728
1655694000000,9933.232921798728
1655697600000,9933.232921798728
1655701200000,9933.232921798728
1655704800000,9933.232921798728
1655708400000,9933.232921798728
1655712000000,9933.232921798728
1655715600000,9933.232921798728
1655719200000,9933.232921798728
1655722800000,9933.232921798728
1655726400000,9933.232921798728
1655730000000,9933.232921798728
1655733600000,9933.232921798728
1655737200000,9933.232921798728
1655740800000,9933.232921798728
1655744400000,9933.232921798728
1655748000000,9933.232921798728
1655751600000,9933.232921798728
1655755200000,9933.232921798728
1655758800000,9933.232921798728
1655762400000,9933.232921798728
1655766000000,9933.232921798728
1655769600000,9933.232921798728
1655773200000,9933.232921798728
1655776800000,9933.232921798728
1655780400000,9933.232921798728
1655784000000,9933.232921798728
1655787600000,9933.232921798728
1655791200000,9933.232921798728
1655794800000,9933.232921798728
1655798400000,9933.232921798728
1655802000000,9933.232921798728
1655805600000,9933.232921798728
1655809200000,9933.232921798728
1655812800000,9933.232921798728
1655816400000,9933.232921798728
1655820000000,9933.232921798728
1655823600000,9933.232921798728
1655827200000,9933.232921798728
1655830800000,9933.232921798728
1655834400000,9933.232921798728
1655838000000,9933.232921798728
1655841600000,9933.232921798728
1655845200000,9933.232921798728
1655848800000,9933.232921798728
1655852400000,9933.232921798728
1655856000000,9933.232921798728
1655859600000,9933.232921798728
1655863200000,9933.232921798728
1655866800000,9933.232921798728
1655870400000,9933.232921798728
1655874000000,9933.232921798728
1655877600000,9933.232921798728
1655881200000,9933.232921798728
1655884800000,9933.232921798728
1655888400000,9933.232921798728
1655892000000,9933.232921798728
1655895600000,9933.232921798728
1655899200000,9933.232921798728
1655902800000,9933.232921798728
1655906400000,9933.232921798728
1655910000000,9933.232921798728
1655913600000,9933.232921798728
1655917200000,9933.232921798728
1655920800000,9933.232921798728
1655924400000,9933.232921798728
1655928000000,9933.232921798728
1655931600000,9933.232921798728
1655935200000,9933.232921798728
1655938800000,9933.232921798728
1655942400000,9933.232921798728
1655946000000,9933.232921798728
1655949600000,9933.232921798728
1655953200000,9933.232921798728
1655956800000,9933.232921798728
1655960400000,9933.232921798728
1655964000000,9933.232921798728
1655967600000,9933.232921798728
1655971200000,9933.232921798728
1655974800000,9933.232921798728
1655978400000,9933.232921798728
1655982000000,9933.232921798728
1655985600000,9933.232921798728
1655989200000,9933.232921798728
1655992800000,9933.232921798728
1655996400000,9933.232921798728
1656000000000,9933.232921798728
1656003600000,9933.232921798728
1656007200000,9933.232921798728
1656010800000,9933.232921798728
1656014400000,9933.232921798728
1656018000000,9933.232921798728
1656021600000,9933.232921798728
1656025200000,9933.232921798728
1656028800000,9933.232921798728
1656032400000,9933.232921798728
1656036000000,9933.232921798728
1656039600000,9933.232921798728
1656043200000,9933.232921798728
1656046800000,9933.232921798728
1656050400000,9933.232921798728
1656054000000,9933.232921798728
1656057600000,9933.232921798728
1656061200000,9933.232921798728
1656064800000,9933.232921798728
1656068400000,9933.232921798728
1656072000000,9933.232921798728
1656075600000,9933.232921798728
1656079200000,9933.232921798728
1656082800000,9933.232921798728
1656086400000,9933.232921798728
1656090000000,9933.232921798728
1656093600000,9933.232921798728
1656097200000,9933.232921798728
1656100800000,9933.232921798728
1656104400000,9933.232921798728
1656108000000,9933.232921798728
1656111600000,9933.232921798728
1656115200000,9933.232921798728
1656118800000,9933.232921798728
1656122400000,9933.232921798728
1656126000000,9933.232921798728
1656129600000,9933.232921798728
1656133200000,9933.232921798728
1656136800000,9933.232921798728
1656140400000,9933.232921798728
1656144000000,9933.232921798728
1656147600000,9933.232921798728
1656151200000,9933.232921798728
1656154800000,9933.232921798728
1656158400000,9933.232921798728
1656162000000,9933.232921798728
1656165600000,9933.232921798728
1656169200000,9933.232921798728
1656172800000,9933.232921798728
1656176400000,9933.232921798728
1656180000000,9933.232921798728
1656183600000,9933.232921798728
1656187200000,9933.232921798728
1656190800000,9933.232921798728
1656194400000,9933.232921798728
1656198000000,9933.232921798728
1656201600000,9933.232921798728
1656205200000,9933.232921798728
1656208800000,9933.232921798728
1656212400000,9933.232921798728
1656216000000,9933.232921798728
1656219600000,9933.232921798728
1656223200000,9933.232921798728
1656226800000,9933.232921798728
1656230400000,9933.232921798728
1656234000000,9933.232921798728
1656237600000,9933.232921798728
1656241200000,9933.232921798728
1656244800000,9933.232921798728
1656248400000,9933.232921798728
1656252000000,9933.232921798728
1656255600000,9933.232921798728
1656259200000,9933.232921798728
1656262800000,9933.232921798728
1656266400000,9933.232921798728
1656270000000,9933.232921798728
1656273600000,9933.232921798728
1656277200000,9933.232921798728
1656280800000,9933.232921798728
1656284400000,9933.232921798728
1656288000000,9933.232921798728
1656291600000,9933.232921798728
1656295200000,9933.232921798728
1656298800000,9933.232921798728
1656302400000,9933.030449893906
1656306000000,9932.624529893907
1656309600000,9933.928289893905
1656313200000,9932.860169893906
1656316800000,9931.60576490032
1656320400000,9930.99344490032
1656324000000,9930.65460490032
1656327600000,9930.88680490032
1656331200000,9933.097004900319
1656334800000,9934.025804900319
1656338400000,9939.69836490032
1656342000000,9937.68252490032
1656345600000,9938.853364164384
1656349200000,9938.115484164384
1656352800000,9938.929044164384
1656356400000,9936.859884164383
1656360000000,9936.767004164383
1656363600000,9936.061804164383
1656367200000,9936.617364164384
1656370800000,9935.989564164383
1656374400000,9937.914373217118
1656378000000,9938.707293217118
1656381600000,9941.596893217118
1656385200000,9940.711093217118
1656388800000,9939.589653217117
1656392400000,9938.779533217119
1656396000000,9938.807053217119
1656399600000,9936.304453217119
1656403200000,9934.945190941728
1656406800000,9931.809630941729
1656410400000,9932.464950941729
1656414000000,9932.734990941728
1656417600000,9932.483870941727
1656421200000,9932.464950941729
1656424800000,9931.594630941729
1656428400000,9935.863670941728
1656432000000,9939.243187197144
1656435600000,9938.298907197142
1656439200000,9940.349147197143
1656442800000,9942.937747197144
1656446400000,9943.200907197142
1656450000000,9943.018587197143
1656453600000,9942.275547197143
1656457200000,9945.534947197144
1656460800000,9946.184466277535
1656464400000,9946.597266277533
1656468000000,9944.966706277533
1656471600000,9944.932306277533
1656475200000,9946.026226277534
1656478800000,9945.042386277533
1656482400000,9948.210626277534
1656486000000,9950.431146277533
1656489600000,9948.619904302459
1656493200000,9949.21674430246
1656496800000,9948.64054430246
1656500400000,9948.81254430246
1656504000000,9950.31754430246
1656507600000,9952.22674430246
1656511200000,9952.00142430246
1656514800000,9951.11046430246
1656518400000,9951.033541927849
1656522000000,9953.76834192785
1656525600000,9952.84642192785
1656529200000,9952.970261927849
1656532800000,9949.97574192785
1656536400000,9951.96750192785
1656540000000,9951.398181927849
1656543600000,9952.19970192785
1656547200000,9953.862615567798
1656550800000,9955.233455567799
1656554400000,9955.979935567799
1656558000000,9954.887735567798
1656561600000,9954.595335567798
1656565200000,9954.786255567798
1656568800000,9955.293655567799
1656572400000,9960.383135567798
1656576000000,9961.156870198127
1656579600000,9962.216390198128
1656583200000,9966.014150198127
1656586800000,9967.421110198127
1656590400000,9967.321350198126
1656594000000,9965.327870198127
1656597600000,9969.237430198127
1656601200000,9966.592070198127
1656604800000,9965.43730841659
1656608400000,9964.953988416592
1656612000000,9964.850788416592
1656615600000,9967.537428416592
1656619200000,9967.202028416592
1656622800000,9968.67090841659
1656626400000,9966.82534841659
1656630000000,9966.906188416591
1656633600000,9959.46156218534
1656637200000,9954.363482185341
1656640800000,9954.08656218534
1656644400000,9954.89152218534
1656648000000,9961.742282185342
1656651600000,9961.907402185341
1656655200000,9961.190162185341
1656658800000,9961.372482185341
1656662400000,9959.470842432187
1656666000000,9958.698562432186
1656669600000,9959.857842432186
1656673200000,9964.422722432186
1656676800000,9962.253802432188
1656680400000,9962.150602432186
1656684000000,9960.141642432187
1656687600000,9960.907042432187
1656691200000,9961.012740469734
1656694800000,9959.600620469733
1656698400000,9958.121420469733
1656702000000,9958.682140469733
1656705600000,9958.859300469734
1656709200000,9958.781900469734
1656712800000,9959.192980469734
1656716400000,9959.760580469734
1656720000000,9960.370360935314
1656723600000,9961.595000935315
1656727200000,9960.867440935313
1656730800000,9963.720920935313
1656734400000,9964.286800935313
1656738000000,9962.905640935314
1656741600000,9962.871240935314
1656745200000,9962.639040935313
1656748800000,9963.51700150536
1656752400000,9963.77156150536
1656756000000,9963.72856150536
1656759600000,9962.96660150536
1656763200000,9963.357041505362
1656766800000,9960.81144150536
1656770400000,9961.860641505362
1656774000000,9961.23628150536
1656777600000,9961.677187038527
1656781200000,9960.225507038527
1656784800000,9959.848827038528
1656788400000,9958.789307038527
1656792000000,9959.384427038527
1656795600000,9959.750787038527
1656799200000,9958.058307038527
1656802800000,9958.643107038528
1656806400000,9959.388969603351
1656810000000,9960.09932960335
1656813600000,9961.09348960335
1656817200000,9960.433009603352
1656820800000,9959.84304960335
1656824400000,9956.72812960335
1656828000000,9960.794209603351
1656831600000,9959.73468960335
1656835200000,9959.804336316118
1656838800000,9960.944696316117
1656842400000,9960.624776316117
1656846000000,9960.224016316119
1656849600000,9960.184456316118
1656853200000,9961.587976316117
1656856800000,9963.376776316118
1656860400000,9961.969816316117
1656864000000,9961.998172496062
1656867600000,9962.625432496063
1656871200000,9963.063732496063
1656874800000,9963.657812496062
1656878400000,9965.520432496061
1656882000000,9962.673152496061
1656885600000,9961.826612496063
1656889200000,9961.789212496062
1656892800000,9962.359815945187
1656896400000,9961.807375945187
1656900000000,9960.946155945188
1656903600000,9962.602195945188
1656907200000,9962.676875945186
1656910800000,9962.426855945187
1656914400000,9962.976795945187
1656918000000,9963.331595945188
1656921600000,9963.187437166036
1656925200000,9963.489057166038
1656928800000,9964.309257166036
1656932400000,9964.820697166037
1656936000000,9965.433597166037
1656939600000,9963.207697166037
1656943200000,9963.563457166036
1656946800000,9964.787837166035
1656950400000,9963.044863696821
1656954000000,9962.140463696822
1656957600000,9964.744863696822
1656961200000,9965.088263696822
1656964800000,9963.828563696821
1656968400000,9963.00916369682
1656972000000,9965.122263696821
1656975600000,9968.892863696821
1656979200000,9970.380871916072
1656982800000,9973.561571916072
1656986400000,9971.684771916072
1656990000000,9969.722971916071
1656993600000,9971.577671916073
1656997200000,9971.071071916072
1657000800000,9971.550471916073
1657004400000,9973.065171916072
1657008000000,9969.91471793103
1657011600000,9964.556317931028
1657015200000,9962.101517931029
1657018800000,9962.026717931029
1657022400000,9958.32082359789
1657026000000,9958.97043359789
1657029600000,9959.334263597888
1657033200000,9960.69558359789
1657036800000,9961.842702516395
1657040400000,9961.917692516394
1657044000000,9963.106572516395
1657047600000,9965.283952516394
1657051200000,9966.973172516395
1657054800000,9966.387252516395
1657058400000,9965.124522516395
1657062000000,9966.603852516395
1657065600000,9965.71730916904
1657069200000,9964.942689169042
1657072800000,9963.876459169041
1657076400000,9962.63946916904
1657080000000,9962.111469169042
1657083600000,9964.303779169042
1657087200000,9963.36327916904
1657090800000,9963.802869169042
1657094400000,9964.107802667359
1657098000000,9964.10518266736
1657101600000,9963.437222667359
1657105200000,9963.42899266736
1657108800000,9964.109902667358
1657112400000,9964.497262667359
1657116000000,9964.816422667358
1657119600000,9964.63079266736
1657123200000,9964.966059856155
1657126800000,9965.909269856154
1657130400000,9965.395919856153
1657134000000,9963.439519856154
1657137600000,9964.264999856154
1657141200000,9964.086549856154
1657144800000,9963.061829856155
1657148400000,9960.490309856154
1657152000000,9962.203479198271
1657155600000,9962.138039198273
1657159200000,9961.784769198273
1657162800000,9962.761739198273
1657166400000,9962.886959198273
1657170000000,9962.498109198272
1657173600000,9961.859009198271
1657177200000,9961.69291919827
1657180800000,9961.953957175341
1657184400000,9961.82777717534
1657188000000,9962.56038717534
1657191600000,9961.323617175341
1657195200000,9961.435167175341
1657198800000,9959.89899717534
1657202400000,9959.97531717534
1657206000000,9960.487700623076
1657209600000,9960.664699183078
1657213200000,9963.841999183078
1657216800000,9960.664699183078
1657220400000,9968.685299183078
1657224000000,9974.990599183078
1657227600000,9973.083199183078
1657231200000,9974.041999183079
1657234800000,9973.319499183079
1657238400000,9973.430920174631
1657242000000,9974.02082017463
1657245600000,9981.461720174631
1657249200000,9978.94232017463
1657252800000,9981.83912017463
1657256400000,9978.913420174631
1657260000000,9976.77482017463
1657263600000,9976.13732017463
1657267200000,9975.52567428463
1657270800000,9970.14347428463
1657274400000,9972.20217428463
1657278000000,9971.134574284632
1657281600000,9972.596574284631
1657285200000,9969.210174284632
1657288800000,9965.67077428463
1657292400000,9974.952774284631
1657296000000,9978.017959953793
1657299600000,9974.617959953794
1657303200000,9975.367659953794
1657306800000,9974.250759953793
1657310400000,9976.307759953794
1657314000000,9976.705559953794
1657317600000,9974.696159953794
1657321200000,9975.583559953793
1657324800000,9972.344042832721
1657328400000,9971.757542832722
1657332000000,9971.150642832721
1657335600000,9971.98874283272
1657339200000,9972.52934283272
1657342800000,9971.764342832721
1657346400000,9970.87864283272
1657350000000,9971.76264283272
1657353600000,9973.318746672721
1657357200000,9974.17724667272
1657360800000,9973.079046672721
1657364400000,9974.72124667272
1657368000000,9968.820546672721
1657371600000,9971.05944667272
1657375200000,9971.61874667272
1657378800000,9971.83464667272
1657382400000,9971.679548006785
1657386000000,9973.855548006784
1657389600000,9977.213048006784
1657393200000,9974.856848006784
1657396800000,9972.56592517731
1657400400000,9973.325315177311
1657404000000,9973.54002517731
1657407600000,9973.198155177311
1657411200000,9972.190533323037
1657414800000,9969.630503323036
1657418400000,9970.523003323036
1657422000000,9972.496023323036
1657425600000,9972.671293323037
1657429200000,9971.667273323037
1657432800000,9972.664493323036
1657436400000,9972.551953323036
1657440000000,9973.156213429456
1657443600000,9973.169303429457
1657447200000,9973.344913429457
1657450800000,9973.363103429456
1657454400000,9973.595323429456
1657458000000,9973.444193429457
1657461600000,9971.113663429456
1657465200000,9970.584283429456
1657468800000,9970.55684006013
1657472400000,9969.377720060129
1657476000000,9969.01630006013
1657479600000,9968.62649006013
1657483200000,9968.712850060128
1657486800000,9969.14261006013
1657490400000,9970.210550060128
1657494000000,9968.50613006013
1657497600000,9968.51096013371
1657501200000,9967.67252013371
1657504800000,9966.630337779483
1657508400000,9967.221257779483
1657512000000,9966.321787779483
1657515600000,9967.206297779483
1657519200000,9967.769167779483
1657522800000,9969.093127779483
1657526400000,9968.348501642982
1657530000000,9968.619651642983
1657533600000,9967.690261642982
1657537200000,9968.124101642983
1657540800000,9968.479401642982
1657544400000,9966.585091642983
1657548000000,9970.024021642983
1657551600000,9969.296591642982
1657555200000,9968.389123070889
1657558800000,9968.505063070888
1657562400000,9966.483593070889
1657566000000,9967.138093070887
1657569600000,9968.551813070888
1657573200000,9969.324123070888
1657576800000,9973.045423070887
1657580400000,9976.635823070888
1657584000000,9977.227287905393
1657587600000,9979.284287905391
1657591200000,9978.195947905391
1657594800000,9978.321237905391
1657598400000,9979.216967905391
1657602000000,9978.684017905392
1657605600000,9979.054277905392
1657609200000,9980.447427905392
1657612800000,9982.470095416287
1657616400000,9982.666445416287
1657620000000,9984.818815416287
1657623600000,9984.235375416287
1657627200000,9982.700105416287
1657630800000,9981.765105416287
1657634400000,9983.094675416287
1657638000000,9980.987185416287
1657641600000,9980.990130622904
1657645200000,9979.494130622905
1657648800000,9980.922810622904
1657652400000,9983.768950622904
1657656000000,9987.091940622904
1657659600000,9986.506630622904
1657663200000,9988.240120622904
1657666800000,9987.338780622904
1657670400000,9987.773372985932
1657674000000,9987.03285298593
1657677600000,9985.965082985931
1657681200000,9984.371842985931
1657684800000,9985.422782985932
1657688400000,9985.50506298593
1657692000000,9984.17549298593
1657695600000,9983.46489298593
1657699200000,9982.007968423684
1657702800000,9980.730758423684
1657706400000,9981.301108423684
1657710000000,9981.639578423685
1657713600000,9979.792018423685
1657717200000,9989.695538423684
1657720800000,9988.001318423683
1657724400000,9982.554008423684
1657728000000,9983.738751057645
1657731600000,9981.476051057645
1657735200000,9978.469091057645
1657738800000,9978.431691057645
1657742400000,9980.585931057645
1657746000000,9980.728051057646
1657749600000,9978.399901057644
1657753200000,9978.970251057644
1657756800000,9973.808304136783
1657760400000,9973.503494136783
1657764000000,9973.855054136782
1657767600000,9974.088804136783
1657771200000,9974.071974136783
1657774800000,9975.042504136783
1657778400000,9975.334224136783
1657782000000,9975.769934136782
1657785600000,9976.683217306474
1657789200000,9979.344227306474
1657792800000,9978.598097306474
1657796400000,9978.656067306474
1657800000000,9979.796767306474
1657803600000,9978.719647306474
1657807200000,9979.245117306473
1657810800000,9976.305477306474
1657814400000,9968.141129863023
1657818000000,9968.141129863023
1657821600000,9968.141129863023
1657825200000,9968.141129863023
1657828800000,9968.141129863023
1657832400000,9968.141129863023
1657836000000,9968.141129863023
1657839600000,9968.141129863023
1657843200000,9968.141129863023
1657846800000,9968.141129863023
1657850400000,9968.141129863023
1657854000000,9968.141129863023
1657857600000,9968.141129863023
1657861200000,9968.141129863023
1657864800000,9968.141129863023
1657868400000,9968.141129863023
1657872000000,9968.141129863023
1657875600000,9968.141129863023
1657879200000,9968.141129863023
1657882800000,9968.141129863023
1657886400000,9968.141129863023
1657890000000,9968.141129863023
1657893600000,9968.141129863023
1657897200000,9968.141129863023
1657900800000,9968.141129863023
1657904400000,9968.141129863023
1657908000000,9968.141129863023
1657911600000,9968.141129863023
1657915200000,9968.141129863023
1657918800000,9968.141129863023
1657922400000,9968.141129863023
1657926000000,9968.141129863023
1657929600000,9968.141129863023
1657933200000,9968.141129863023
1657936800000,9968.141129863023
1657940400000,9968.141129863023
1657944000000,9968.141129863023
1657947600000,9968.141129863023
1657951200000,9968.141129863023
1657954800000,9968.141129863023
1657958400000,9968.141129863023
1657962000000,9968.141129863023
1657965600000,9968.141129863023
1657969200000,9968.141129863023
1657972800000,9968.141129863023
1657976400000,9968.141129863023
1657980000000,9968.141129863023
1657983600000,9968.141129863023
1657987200000,9968.141129863023
1657990800000,9968.141129863023
1657994400000,9968.141129863023
1657998000000,9968.141129863023
1658001600000,9968.141129863023
1658005200000,9968.141129863023
1658008800000,9968.141129863023
1658012400000,9968.141129863023
1658016000000,9968.141129863023
1658019600000,9968.141129863023
1658023200000,9968.141129863023
1658026800000,9968.141129863023
1658030400000,9968.141129863023
1658034000000,9968.141129863023
1658037600000,9968.141129863023
1658041200000,9968.141129863023
1658044800000,9968.141129863023
1658048400000,9968.141129863023
1658052000000,9968.141129863023
1658055600000,9968.141129863023
1658059200000,9968.141129863023
1658062800000,9968.141129863023
1658066400000,9968.141129863023
1658070000000,9968.141129863023
1658073600000,9968.141129863023
1658077200000,9968.141129863023
1658080800000,9968.141129863023
1658084400000,9968.141129863023
1658088000000,9968.141129863023
1658091600000,9968.141129863023
1658095200000,9968.141129863023
1658098800000,9968.141129863023
1658102400000,9968.141129863023
1658106000000,9968.141129863023
1658109600000,9968.141129863023
1658113200000,9968.141129863023
1658116800000,9968.141129863023
1658120400000,9968.141129863023
1658124000000,9968.141129863023
1658127600000,9968.141129863023
1658131200000,9968.141129863023
1658134800000,9968.141129863023
1658138400000,9968.141129863023
1658142000000,9968.141129863023
1658145600000,9968.141129863023
1658149200000,9968.141129863023
1658152800000,9968.141129863023
1658156400000,9968.141129863023
1658160000000,9968.141129863023
1658163600000,9968.141129863023
1658167200000,9968.141129863023
1658170800000,9968.141129863023
1658174400000,9968.141129863023
1658178000000,9968.141129863023
1658181600000,9968.141129863023
1658185200000,9968.141129863023
1658188800000,9968.141129863023
1658192400000,9968.141129863023
1658196000000,9968.141129863023
1658199600000,9968.141129863023
1658203200000,9968.141129863023
1658206800000,9968.141129863023
1658210400000,9968.141129863023
1658214000000,9968.141129863023
1658217600000,9968.141129863023
1658221200000,9968.141129863023
1658224800000,9968.141129863023
1658228400000,9968.141129863023
1658232000000,9968.141129863023
1658235600000,9968.141129863023
1658239200000,9968.141129863023
1658242800000,9968.141129863023
1658246400000,9968.141129863023
1658250000000,9968.141129863023
1658253600000,9968.141129863023
1658257200000,9968.141129863023
1658260800000,9968.141129863023
1658264400000,9968.141129863023
1658268000000,9968.141129863023
1658271600000,9968.141129863023
1658275200000,9968.141129863023
1658278800000,9968.141129863023
1658282400000,9968.141129863023
1658286000000,9968.141129863023
1658289600000,9968.141129863023
1658293200000,9968.141129863023
1658296800000,9968.141129863023
1658300400000,9968.141129863023
1658304000000,9968.141129863023
1658307600000,9968.141129863023
1658311200000,9968.141129863023
1658314800000,9968.141129863023
1658318400000,9968.141129863023
1658322000000,9968.141129863023
1658325600000,9968.141129863023
1658329200000,9968.141129863023
1658332800000,9968.141129863023
1658336400000,9968.141129863023
1658340000000,9968.141129863023
1658343600000,9968.141129863023
1658347200000,9968.141129863023
1658350800000,9968.141129863023
1658354400000,9968.141129863023
1658358000000,9968.141129863023
1658361600000,9968.141129863023
1658365200000,9968.141129863023
1658368800000,9968.141129863023
1658372400000,9968.141129863023
1658376000000,9968.141129863023
1658379600000,9968.141129863023
1658383200000,9968.141129863023
1658386800000,9968.141129863023
1658390400000,9968.141129863023
1658394000000,9968.141129863023
1658397600000,9968.141129863023
1658401200000,9968.141129863023
1658404800000,9968.141129863023
1658408400000,9968.141129863023
1658412000000,9968.141129863023
1658415600000,9968.141129863023
1658419200000,9968.141129863023
1658422800000,9968.141129863023
1658426400000,9968.141129863023
1658430000000,9968.141129863023
1658433600000,9968.141129863023
1658437200000,9968.141129863023
1658440800000,9968.141129863023
1658444400000,9968.141129863023
1658448000000,9968.141129863023
1658451600000,9968.141129863023
1658455200000,9968.141129863023
1658458800000,9968.141129863023
1658462400000,9968.141129863023
1658466000000,9968.141129863023
1658469600000,9968.141129863023
1658473200000,9968.141129863023
1658476800000,9968.141129863023
1658480400000,9968.141129863023
1658484000000,9968.141129863023
1658487600000,9968.141129863023
1658491200000,9968.141129863023
1658494800000,9968.141129863023
1658498400000,9968.141129863023
1658502000000,9968.141129863023
1658505600000,9968.141129863023
1658509200000,9968.141129863023
1658512800000,9968.141129863023
1658516400000,9968.141129863023
1658520000000,9968.141129863023
1658523600000,9968.141129863023
1658527200000,9968.141129863023
1658530800000,9968.141129863023
1658534400000,9968.141129863023
1658538000000,9968.141129863023
1658541600000,9968.141129863023
1658545200000,9968.141129863023
1658548800000,9968.141129863023
1658552400000,9968.141129863023
1658556000000,9968.141129863023
1658559600000,9968.141129863023
1658563200000,9968.141129863023
1658566800000,9968.141129863023
1658570400000,9968.141129863023
1658574000000,9968.141129863023
1658577600000,9968.141129863023
1658581200000,9968.141129863023
1658584800000,9968.141129863023
1658588400000,9968.141129863023
1658592000000,9968.141129863023
1658595600000,9968.141129863023
1658599200000,9968.141129863023
1658602800000,9968.141129863023
1658606400000,9968.141129863023
1658610000000,9968.141129863023
1658613600000,9968.141129863023
1658617200000,9968.141129863023
1658620800000,9968.141129863023
1658624400000,9968.141129863023
1658628000000,9968.141129863023
1658631600000,9968.141129863023
1658635200000,9968.141129863023
1658638800000,9968.141129863023
1658642400000,9968.141129863023
1658646000000,9968.141129863023
1658649600000,9968.141129863023
1658653200000,9968.141129863023
1658656800000,9968.141129863023
1658660400000,9968.141129863023
1658664000000,9968.141129863023
1658667600000,9968.141129863023
1658671200000,9968.141129863023
1658674800000,9968.141129863023
1658678400000,9968.141129863023
1658682000000,9968.141129863023
1658685600000,9968.141129863023
1658689200000,9968.141129863023
1658692800000,9968.141129863023
1658696400000,9968.141129863023
1658700000000,9968.141129863023
1658703600000,9968.141129863023
1658707200000,9968.141129863023
1658710800000,9968.141129863023
1658714400000,9968.141129863023
1658718000000,9968.141129863023
1658721600000,9968.141129863023
1658725200000,9968.141129863023
1658728800000,9968.141129863023
1658732400000,9968.141129863023
1658736000000,9968.141129863023
1658739600000,9968.141129863023
1658743200000,9968.141129863023
1658746800000,9968.141129863023
1658750400000,9968.141129863023
1658754000000,9968.141129863023
1658757600000,9968.141129863023
1658761200000,9968.141129863023
1658764800000,9968.141129863023
1658768400000,9968.141129863023
1658772000000,9968.141129863023
1658775600000,9968.141129863023
1658779200000,9968.141129863023
1658782800000,9968.141129863023
1658786400000,9968.141129863023
1658790000000,9968.141129863023
1658793600000,9968.141129863023
1658797200000,9968.141129863023
1658800800000,9968.141129863023
1658804400000,9968.141129863023
1658808000000,9968.141129863023
1658811600000,9968.141129863023
1658815200000,9968.141129863023
1658818800000,9968.141129863023
1658822400000,9968.141129863023
1658826000000,9968.141129863023
1658829600000,9968.141129863023
1658833200000,9968.141129863023
1658836800000,9968.141129863023
1658840400000,9968.141129863023
1658844000000,9968.141129863023
1658847600000,9968.141129863023
1658851200000,9968.141129863023
1658854800000,9968.141129863023
1658858400000,9968.141129863023
1658862000000,9968.141129863023
1658865600000,9968.141129863023
1658869200000,9968.141129863023
1658872800000,9968.141129863023
1658876400000,9968.141129863023
1658880000000,9968.141129863023
1658883600000,9968.141129863023
1658887200000,9968.141129863023
1658890800000,9968.141129863023
1658894400000,9968.141129863023
1658898000000,9968.141129863023
1658901600000,9968.141129863023
1658905200000,9968.141129863023
1658908800000,9968.141129863023
1658912400000,9968.141129863023
1658916000000,9968.141129863023
1658919600000,9968.141129863023
1658923200000,9968.141129863023
1658926800000,9968.141129863023
1658930400000,9968.141129863023
1658934000000,9968.141129863023
1658937600000,9968.141129863023
1658941200000,9968.141129863023
1658944800000,9968.141129863023
1658948400000,9968.141129863023
1658952000000,9968.141129863023
1658955600000,9968.141129863023
1658959200000,9968.141129863023
1658962800000,9968.141129863023
1658966400000,9968.141129863023
1658970000000,9968.141129863023
1658973600000,9968.141129863023
1658977200000,9968.141129863023
1658980800000,9968.141129863023
1658984400000,9968.141129863023
1658988000000,9968.141129863023
1658991600000,9968.141129863023
1658995200000,9968.141129863023
1658998800000,9968.141129863023
1659002400000,9968.141129863023
1659006000000,9968.141129863023
1659009600000,9968.141129863023
1659013200000,9968.141129863023
1659016800000,9968.141129863023
1659020400000,9968.141129863023
1659024000000,9968.141129863023
1659027600000,9968.141129863023
1659031200000,9968.141129863023
1659034800000,9968.141129863023
1659038400000,9968.141129863023
1659042000000,9968.141129863023
1659045600000,9968.141129863023
1659049200000,9968.141129863023
1659052800000,9968.141129863023
1659056400000,9968.141129863023
1659060000000,9968.141129863023
1659063600000,9968.141129863023
1659067200000,9968.141129863023
1659070800000,9968.141129863023
1659074400000,9968.141129863023
1659078000000,9968.141129863023
1659081600000,9968.141129863023
1659085200000,9968.141129863023
1659088800000,9968.141129863023
1659092400000,9968.141129863023
1659096000000,9968.141129863023
1659099600000,9968.141129863023
1659103200000,9968.141129863023
1659106800000,9968.141129863023
1659110400000,9968.141129863023
1659114000000,9968.141129863023
1659117600000,9968.141129863023
1659121200000,9968.141129863023
1659124800000,9968.141129863023
1659128400000,9968.141129863023
1659132000000,9968.141129863023
1659135600000,9968.141129863023
1659139200000,9968.141129863023
1659142800000,9968.141129863023
1659146400000,9968.141129863023
1659150000000,9968.141129863023
1659153600000,9968.141129863023
1659157200000,9968.141129863023
1659160800000,9968.141129863023
1659164400000,9968.141129863023
1659168000000,9968.141129863023
1659171600000,9968.141129863023
1659175200000,9968.141129863023
1659178800000,9968.141129863023
1659182400000,9968.141129863023
1659186000000,9968.141129863023
1659189600000,9968.141129863023
1659193200000,9968.141129863023
1659196800000,9968.141129863023
1659200400000,9968.141129863023
1659204000000,9968.141129863023
1659207600000,9968.141129863023
1659211200000,9968.141129863023
1659214800000,9968.141129863023
1659218400000,9968.141129863023
1659222000000,9968.141129863023
1659225600000,9968.141129863023
1659229200000,9968.141129863023
1659232800000,9968.141129863023
1659236400000,9968.141129863023
1659240000000,9968.141129863023
1659243600000,9968.141129863023
1659247200000,9968.141129863023
1659250800000,9968.141129863023
1659254400000,9968.141129863023
1659258000000,9968.141129863023
1659261600000,9968.141129863023
1659265200000,9968.141129863023
1659268800000,9968.141129863023
1659272400000,9968.141129863023
1659276000000,9968.141129863023
1659279600000,9968.141129863023
1659283200000,9968.141129863023
1659286800000,9968.141129863023
1659290400000,9968.141129863023
1659294000000,9968.141129863023
1659297600000,9968.141129863023
1659301200000,9968.141129863023
1659304800000,9968.141129863023
1659308400000,9968.141129863023
1659312000000,9968.141129863023
1659315600000,9968.141129863023
1659319200000,9968.141129863023
1659322800000,9968.141129863023
1659326400000,9968.141129863023
1659330000000,9968.141129863023
1659333600000,9968.141129863023
1659337200000,9968.141129863023
1659340800000,9968.141129863023
1659344400000,9968.141129863023
1659348000000,9968.141129863023
1659351600000,9968.141129863023
1659355200000,9968.141129863023
1659358800000,9968.141129863023
1659362400000,9968.141129863023
1659366000000,9968.141129863023
1659369600000,9968.141129863023
1659373200000,9968.141129863023
1659376800000,9968.141129863023
1659380400000,9968.141129863023
1659384000000,9968.141129863023
1659387600000,9968.141129863023
1659391200000,9968.141129863023
1659394800000,9968.141129863023
1659398400000,9968.141129863023
1659402000000,9968.141129863023
1659405600000,9968.141129863023
1659409200000,9968.141129863023
1659412800000,9968.141129863023
1659416400000,9968.141129863023
1659420000000,9968.141129863023
1659423600000,9968.141129863023
1659427200000,9968.141129863023
1659430800000,9968.141129863023
1659434400000,9968.141129863023
1659438000000,9968.141129863023
1659441600000,9968.141129863023
1659445200000,9968.141129863023
1659448800000,9968.141129863023
1659452400000,9968.141129863023
1659456000000,9968.141129863023
1659459600000,9968.141129863023
1659463200000,9968.141129863023
1659466800000,9968.141129863023
1659470400000,9968.141129863023
1659474000000,9968.141129863023
1659477600000,9968.141129863023
1659481200000,9968.141129863023
1659484800000,9968.141129863023
1659488400000,9968.141129863023
1659492000000,9968.141129863023
1659495600000,9968.141129863023
1659499200000,9968.141129863023
1659502800000,9968.141129863023
1659506400000,9968.141129863023
1659510000000,9968.141129863023
1659513600000,9968.141129863023
1659517200000,9968.141129863023
1659520800000,9968.141129863023
1659524400000,9968.141129863023
1659528000000,9968.141129863023
1659531600000,9968.141129863023
1659535200000,9968.141129863023
1659538800000,9968.141129863023
1659542400000,9968.141129863023
1659546000000,9968.141129863023
1659549600000,9968.141129863023
1659553200000,9968.141129863023
1659556800000,9968.141129863023
1659560400000,9968.141129863023
1659564000000,9968.141129863023
1659567600000,9968.141129863023
1659571200000,9968.141129863023
1659574800000,9968.141129863023
1659578400000,9968.141129863023
1659582000000,9968.141129863023
1659585600000,9968.141129863023
1659589200000,9968.141129863023
1659592800000,9968.141129863023
1659596400000,9968.141129863023
1659600000000,9968.141129863023
1659603600000,9968.141129863023
1659607200000,9968.141129863023
1659610800000,9968.141129863023
1659614400000,9968.141129863023
1659618000000,9968.141129863023
1659621600000,9968.141129863023
1659625200000,9968.141129863023
1659628800000,9968.141129863023
1659632400000,9968.141129863023
1659636000000,9968.141129863023
1659639600000,9968.141129863023
1659643200000,9968.141129863023
1659646800000,9968.141129863023
1659650400000,9968.141129863023
1659654000000,9968.141129863023
1659657600000,9968.141129863023
1659661200000,9968.141129863023
1659664800000,9968.141129863023
1659668400000,9968.141129863023
1659672000000,9968.141129863023
1659675600000,9968.141129863023
1659679200000,9968.141129863023
1659682800000,9968.141129863023
1659686400000,9968.141129863023
1659690000000,9968.141129863023
1659693600000,9968.141129863023
1659697200000,9968.141129863023
1659700800000,9968.141129863023
1659704400000,9968.141129863023
1659708000000,9968.141129863023
1659711600000,9968.141129863023
1659715200000,9968.141129863023
1659718800000,9968.141129863023
1659722400000,9968.141129863023
1659726000000,9968.141129863023
1659729600000,9968.141129863023
1659733200000,9968.141129863023
1659736800000,9968.141129863023
1659740400000,9968.141129863023
1659744000000,9967.67463509529
1659747600000,9968.04318509529
1659751200000,9967.31418509529
1659754800000,9968.669585095291
1659758400000,9967.70028509529
1659762000000,9967.39788509529
1659765600000,9966.11268509529
1659769200000,9966.19368509529
1659772800000,9966.058407413402
1659776400000,9964.045557413403
1659780000000,9964.713807413402
1659783600000,9965.234907413402
1659787200000,9964.370334572497
1659790800000,9964.014034572498
1659794400000,9963.640934572499
1659798000000,9963.933884572498
1659801600000,9964.071156347982
1659805200000,9964.032356347981
1659808800000,9964.267056347982
1659812400000,9964.463506347984
1659816000000,9964.374306347983
1659819600000,9964.474406347983
1659823200000,9964.549106347982
1659826800000,9964.284656347982
1659830400000,9964.867946947983
1659834000000,9963.569446947984
1659837600000,9963.641246947984
1659841200000,9963.611546947983
1659844800000,9963.333546947984
1659848400000,9962.897446947984
1659852000000,9963.371946947984
1659855600000,9963.090696947984
1659859200000,9963.290347650778
1659862800000,9963.792147650778
1659866400000,9963.612997650778
1659870000000,9963.385447650777
1659873600000,9963.732597650778
1659877200000,9964.791597650777
1659880800000,9963.846197650777
1659884400000,9964.012497650778
1659888000000,9964.953469278762
1659891600000,9964.700169278762
1659895200000,9962.691969278763
1659898800000,9962.675119278761
1659902400000,9963.758469278762
1659906000000,9963.579969278762
1659909600000,9962.745969278763
1659913200000,9961.788269278763
1659916800000,9962.216105524727
1659920400000,9961.920205524728
1659924000000,9961.910955524727
1659927600000,9962.366155524727
1659931200000,9961.652455524727
1659934800000,9961.400705524728
1659938400000,9961.138905524727
1659942000000,9957.394555524726
1659945600000,9956.158235143088
1659949200000,9960.904180804617
1659952800000,9960.083380804615
1659956400000,9960.465430804616
1659960000000,9962.495830804615
1659963600000,9964.935280804617
1659967200000,9964.342630804616
1659970800000,9963.581230804615
1659974400000,9961.050317520612
1659978000000,9959.457317520611
1659981600000,9960.010817520611
1659985200000,9960.553517520611
1659988800000,9961.915667520612
1659992400000,9963.403367520612
1659996000000,9960.112067520613
1659999600000,9961.552517520611
1660003200000,9961.14394055633
1660006800000,9960.13009055633
1660010400000,9959.39974055633
1660014000000,9960.52834055633
1660017600000,9961.26814055633
1660021200000,9961.27759055633
1660024800000,9960.76729055633
1660028400000,9961.18444055633
1660032000000,9961.592912225755
1660035600000,9959.974262225756
1660039200000,9956.080862225755
1660042800000,9952.283312225756
1660046400000,9950.894162225755
1660050000000,9951.563762225756
1660053600000,9948.078062225755
1660057200000,9946.169406607867
1660060800000,9946.169406607867
1660064400000,9946.169406607867
1660068000000,9946.169406607867
1660071600000,9946.169406607867
1660075200000,9946.127508487276
1660078800000,9947.455858487276
1660082400000,9948.748558487276
1660086000000,9948.756308487276
1660089600000,9948.089279578839
1660093200000,9944.073229578838
1660096800000,9945.274479578839
1660100400000,9944.79242957884
1660104000000,9943.31527957884
1660107600000,9944.809479578838
1660111200000,9944.646729578839
1660114800000,9944.84357957884
1660118400000,9945.904487629874
1660122000000,9948.331787629875
1660125600000,9947.797037629874
1660129200000,9946.848437629875
1660132800000,9948.925437629874
1660136400000,9967.750187629874
1660140000000,9968.447687629874
1660143600000,9970.428587629875
1660147200000,9969.37865471072
1660150800000,9968.23630471072
1660154400000,9968.73850471072
1660158000000,9965.35330471072
1660161600000,9966.67080471072
1660165200000,9968.98805471072
1660168800000,9973.37300471072
1660172400000,9971.33630471072
1660176000000,9971.736925030438
1660179600000,9975.553025030438
1660183200000,9979.807775030438
1660186800000,9975.935875030438
1660190400000,9976.109475030438
1660194000000,9977.419225030439
1660197600000,9977.682725030438
1660201200000,9977.107675030438
1660204800000,9975.289140144276
1660208400000,9977.240590144274
1660212000000,9976.192790144274
1660215600000,9976.632990144275
1660219200000,9980.013540144275
1660222800000,9982.736890144275
1660226400000,9981.374440144275
1660230000000,9979.058740144275
1660233600000,9977.79801781615
1660237200000,9979.016317816151
1660240800000,9978.576117816152
1660244400000,9976.67271781615
1660248000000,9978.53426781615
1660251600000,9978.84581781615
1660255200000,9978.88456781615
1660258800000,9974.795667816152
1660262400000,9975.986342913562
1660266000000,9976.547442913561
1660269600000,9976.039042913562
1660273200000,9979.360692913562
1660276800000,9979.523442913562
1660280400000,9977.509992913561
1660284000000,9978.148592913562
1660287600000,9977.246492913562
1660291200000,9976.93983001286
1660294800000,9977.12273001286
1660298400000,9977.671430012859
1660302000000,9974.962030012859
1660305600000,9973.93903001286
1660309200000,9975.97728001286
1660312800000,9974.980630012858
1660316400000,9975.85018001286
1660320000000,9978.91172001686
1660323600000,9977.865470016859
1660327200000,9978.82182001686
1660330800000,9981.20417001686
1660334400000,9982.55422001686
1660338000000,9983.55242001686
1660341600000,9982.60847001686
1660345200000,9983.40052001686
1660348800000,9987.511202634272
1660352400000,9989.168152634273
1660356000000,9988.493902634273
1660359600000,9990.240752634272
1660363200000,9993.554652634271
1660366800000,9992.982702634272
1660370400000,9993.732902634272
1660374000000,9995.565002634272
1660377600000,9994.14031555474
1660381200000,9992.77166555474
1660384800000,9994.658015554738
1660388400000,9993.453665554738
1660392000000,9991.974965554738
1660395600000,9991.373565554739
1660399200000,9990.86051555474
1660402800000,9991.43711555474
1660406400000,9992.600489533088
1660410000000,9992.290489533087
1660413600000,9993.975339533086
1660417200000,9991.896789533088
1660420800000,9990.069339533087
1660424400000,9992.907389533088
1660428000000,9992.560189533087
1660431600000,9990.850539533087
1660435200000,9991.507376952128
1660438800000,9992.291676952127
1660442400000,9992.725676952126
1660446000000,9992.527276952127
1660449600000,9992.065376952127
1660453200000,9993.142626952127
1660456800000,9993.341026952126
1660460400000,9993.179826952128
1660464000000,9996.477119952537
1660467600000,9994.503969952537
1660471200000,9995.480469952538
1660474800000,9993.885519952537
1660478400000,9992.437819952536
1660482000000,9991.955769952538
1660485600000,9990.489469952538
1660489200000,9991.417919952537
1660492800000,9991.45349261163
1660496400000,9988.61069261163
1660500000000,9987.246242611629
1660503600000,9987.13014261163
1660507200000,9987.39024261163
1660510800000,9988.36299261163
1660514400000,9989.12439261163
1660518000000,9988.116642611629
1660521600000,9987.785350366903
1660525200000,9989.278300366903
1660528800000,9987.427200366903
1660532400000,9987.173750366903
1660536000000,9986.076050366904
1660539600000,9985.723850366903
1660543200000,9984.405250366903
1660546800000,9986.771200366904
1660550400000,9987.093247082643
1660554000000,9987.435647082642
1660557600000,9986.176897082643
1660561200000,9983.891897082643
1660564800000,9985.155047082644
1660568400000,9984.351747082643
1660572000000,9987.096097082644
1660575600000,9985.943897082643
1660579200000,9986.269506562237
1660582800000,9987.548606562235
1660586400000,9985.874806562237
1660590000000,9985.006156562236
1660593600000,9986.004206562237
1660597200000,9986.859756562237
1660600800000,9987.388056562237
1660604400000,9986.610706562238
1660608000000,9985.567378238296
1660611600000,9984.895128238297
1660615200000,9985.111628238297
1660618800000,9985.082328238297
1660622400000,9980.278616184683
1660626000000,9982.677316184683
1660629600000,9982.541316184683
1660633200000,9981.847716184684
1660636800000,9980.673653927035
1660640400000,9982.071053927035
1660644000000,9980.564853927035
1660647600000,9981.814353927035
1660651200000,9981.205753927035
1660654800000,9982.847953927036
1660658400000,9984.015853927036
1660662000000,9986.684853927036
1660665600000,9983.689210039958
1660669200000,9985.380710039959
1660672800000,9984.12781003996
1660676400000,9984.72961003996
1660680000000,9983.094210039959
1660683600000,9982.402310039959
1660687200000,9982.95311003996
1660690800000,9984.751710039958
1660694400000,9984.280999056704
1660698000000,9982.106699056703
1660701600000,9982.934599056704
1660705200000,9981.934999056704
1660708800000,9981.637499056704
1660712400000,9980.525699056703
1660716000000,9975.349199056704
1660719600000,9974.876599056704
1660723200000,9985.679458301482
1660726800000,9985.098058301483
1660730400000,9984.907658301481
1660734000000,9985.116758301481
1660737600000,9986.204758301481
1660741200000,9987.423658301483
1660744800000,9991.722958301481
1660748400000,9992.770158301482
1660752000000,9992.52178746439
1660755600000,9991.54938746439
1660759200000,9992.43678746439
1660762800000,9991.23998746439
1660766400000,9994.34418746439
1660770000000,9992.26508746439
1660773600000,9993.71688746439
1660777200000,9992.87708746439
1660780800000,9992.876368082763
1660784400000,9991.494268082763
1660788000000,9991.244368082762
1660791600000,9991.053968082762
1660795200000,9991.484068082762
1660798800000,9992.344268082763
1660802400000,9992.328968082762
1660806000000,9992.709768082763
1660809600000,9991.889352332762
1660813200000,9991.192352332762
1660816800000,9989.798352332764
1660820400000,9990.757152332762
1660824000000,9989.917352332763
1660827600000,9989.436252332764
1660831200000,9991.882552332763
1660834800000,9991.902952332763
1660838400000,9991.31102833634
1660842000000,9993.24222833634
1660845600000,9994.31832833634
1660849200000,9993.672328336339
1660852800000,9993.06882833634
1660856400000,9991.91622833634
1660860000000,9992.85292833634
1660863600000,9993.03822833634
1660867200000,9995.90985847634
1660870800000,10000.501558476339
1660874400000,10003.18075847634
1660878000000,10002.13185847634
1660881600000,10002.856058476338
1660885200000,10002.590858476338
1660888800000,10002.10635847634
1660892400000,10017.079958476339
1660896000000,10017.999002110893
1660899600000,10019.743202110893
1660903200000,10020.897502110893
1660906800000,10022.575402110893
1660910400000,10025.258002110893
1660914000000,10023.986402110893
1660917600000,10026.330702110892
1660921200000,10027.418702110894
1660924800000,10025.219822274239
1660928400000,10023.87512227424
1660932000000,10025.45102227424
1660935600000,10026.420022274238
1660939200000,10027.04052227424
1660942800000,10028.109822274238
1660946400000,10032.086122274239
1660950000000,10032.93272227424
1660953600000,10035.49161015984
1660957200000,10032.96201015984
1660960800000,10033.147310159839
1660964400000,10030.843810159839
1660968000000,10030.80301015984
1660971600000,10029.318910159838
1660975200000,10030.746910159838
1660978800000,10026.98821015984
1660982400000,10028.198075397264
1660986000000,10029.546175397265
1660989600000,10029.520675397263
1660993200000,10029.139875397264
1660996800000,10028.854275397265
1661000400000,10028.704675397265
1661004000000,10027.458575397264
1661007600000,10028.648575397265
1661011200000,10027.809242521458
1661014800000,10029.041742521458
1661018400000,10028.691542521457
1661022000000,10031.535642521458
1661025600000,10033.157442521459
1661029200000,10035.593542521457
1661032800000,10030.748542521458
1661036400000,10030.563242521457
1661040000000,10030.445713546946
1661043600000,10030.093813546944
1661047200000,10028.619913546945
1661050800000,10028.633513546945
1661054400000,10029.490313546945
1661058000000,10029.486913546945
1661061600000,10029.024513546945
1661065200000,10031.103613546946
1661068800000,10028.702153287511
1661072400000,10027.369353287511
1661076000000,10025.485753287512
1661079600000,10026.412253287512
1661083200000,10023.782353287512
1661086800000,10025.036953287512
1661090400000,10026.028053287511
1661094000000,10025.994053287512
1661097600000,10025.632083001108
1661101200000,10026.07918300111
1661104800000,10024.89938300111
1661108400000,10024.923183001109
1661112000000,10024.134383001108
1661115600000,10024.47608300111
1661119200000,10024.43358300111
1661122800000,10023.18408300111
1661126400000,10024.201699037525
1661130000000,10025.252299037526
1661133600000,10025.444399037526
1661137200000,10024.864699037525
1661140800000,10025.969699037525
1661144400000,10024.925899037526
1661148000000,10025.830299037525
1661151600000,10027.074699037525
1661155200000,10031.33187213406
1661158800000,10029.99907213406
1661162400000,10029.79507213406
1661166000000,10027.86047213406
1661169600000,10028.43337213406
1661173200000,10029.31737213406
1661176800000,10027.663272134061
1661180400000,10029.37517213406
1661184000000,10025.573295100636
1661187600000,10027.439895100635
1661191200000,10028.893395100635
1661194800000,10032.721795100635
1661198400000,10031.914295100636
1661202000000,10030.737895100636
1661205600000,10031.184995100635
1661209200000,10030.283995100635
1661212800000,10026.018431759017
1661216400000,10027.677631759017
1661220000000,10027.725231759017
1661223600000,10027.050331759017
1661227200000,10028.648331759017
1661230800000,10028.503831759017
1661234400000,10033.491631759018
1661238000000,10031.621631759017
1661241600000,10027.52873681003
1661245200000,10025.07903681003
1661248800000,10025.14703681003
1661252400000,10025.71653681003
1661256000000,10025.20483681003
1661259600000,10026.80793681003
1661263200000,10023.60513681003
1661266800000,10025.25073681003
1661270400000,10025.036223692938
1661274000000,10025.058323692938
1661277600000,10025.882823692937
1661281200000,10023.531723692937
1661284800000,10023.904023692938
1661288400000,10024.663923692937
1661292000000,10024.765923692938
1661295600000,10024.614623692938
1661299200000,10023.938699547522
1661302800000,10026.26599954752
1661306400000,10028.496399547521
1661310000000,10029.504499547522
1661313600000,10028.407999547522
1661317200000,10027.27239954752
1661320800000,10025.805299547521
1661324400000,10025.618299547521
1661328000000,10027.605133116464
1661331600000,10026.775533116464
1661335200000,10027.623833116464
1661338800000,10028.031833116464
1661342400000,10025.141833116464
1661346000000,10024.752533116463
1661349600000,10024.980333116464
1661353200000,10024.762733116464
1661356800000,10021.881843678852
1661360400000,10020.482743678851
1661364000000,10022.203143678851
1661367600000,10021.25114367885
1661371200000,10020.64764367885
1661374800000,10021.03354367885
1661378400000,10022.05864367885
1661382000000,10024.36214367885
1661385600000,10026.729008346243
1661389200000,10024.862408346242
1661392800000,10023.397008346243
1661396400000,10023.886608346242
1661400000000,10024.832727875046
1661403600000,10024.511777875045
1661407200000,10024.739777875046
1661410800000,10025.489027875044
1661414400000,10025.648585404375
1661418000000,10026.730435404374
1661421600000,10025.909035404375
1661425200000,10025.703735404375
1661428800000,10026.448485404375
1661432400000,10026.437385404375
1661436000000,10026.469635404374
1661439600000,10027.878635404373
1661443200000,10027.59336033009
1661446800000,10029.00211033009
1661450400000,10028.42276033009
1661454000000,10028.386860330089
1661457600000,10027.905660330089
1661461200000,10027.289810330089
1661464800000,10027.265110330089
1661468400000,10026.55591033009
1661472000000,10027.250821457179
1661475600000,10025.35612145718
1661479200000,10025.312971457179
1661482800000,10025.447621457179
1661486400000,10025.646133863715
1661490000000,10026.173133863715
1661493600000,10028.531033863714
1661497200000,10027.767733863715
1661500800000,10027.464922090101
1661504400000,10027.9783220901
1661508000000,10027.5771220901
1661511600000,10028.0106220901
1661515200000,10031.6571220901
1661518800000,10023.3577220901
1661522400000,10022.6828220901
1661526000000,10034.550522090101
1661529600000,10038.96439713188
1661533200000,10040.29549713188
1661536800000,10040.87179713188
1661540400000,10040.18329713188
1661544000000,10040.90919713188
1661547600000,10040.75789713188
1661551200000,10041.235597131881
1661554800000,10041.63339713188
1661558400000,10048.212937450478
1661562000000,10046.648937450478
1661565600000,10047.436037450478
1661569200000,10048.486637450478
1661572800000,10048.697437450479
1661576400000,10049.618837450478
1661580000000,10049.744637450478
1661583600000,10049.537237450479
1661587200000,10047.535079232426
1661590800000,10048.816879232425
1661594400000,10049.527479232425
1661598000000,10048.998779232426
1661601600000,10048.446279232425
1661605200000,10048.801579232426
1661608800000,10049.122879232425
1661612400000,10050.555979232426
1661616000000,10051.928257942376
1661619600000,10051.642657942377
1661623200000,10052.246157942376
1661626800000,10052.655857942376
1661630400000,10051.642657942377
1661634000000,10051.911257942376
1661637600000,10053.937657942377
1661641200000,10051.850057942376
1661644800000,10051.734805846698
1661648400000,10052.222705846698
1661652000000,10051.694005846697
1661655600000,10052.102005846697
1661659200000,10052.105405846698
1661662800000,10052.190405846697
1661666400000,10051.563105846697
1661670000000,10051.365905846696
1661673600000,10050.963761499112
1661677200000,10051.574061499112
1661680800000,10051.778061499112
1661684400000,10052.174161499112
1661688000000,10051.509461499112
1661691600000,10053.333561499112
1661695200000,10052.821861499111
1661698800000,10053.566461499111
1661702400000,10051.259752298249
1661706000000,10052.021352298249
1661709600000,10052.16245229825
1661713200000,10051.985652298248
1661716800000,10052.54155229825
1661720400000,10052.24915229825
1661724000000,10052.816952298248
1661727600000,10053.94745229825
1661731200000,10058.94948575298
1661734800000,10058.118185752981
1661738400000,10057.87678575298
1661742000000,10055.89968575298
1661745600000,10054.29828575298
1661749200000,10055.14488575298
1661752800000,10055.84868575298
1661756400000,10054.40708575298
1661760000000,10053.407491434926
1661763600000,10055.330191434925
1661767200000,10054.524391434925
1661770800000,10054.701191434924
1661774400000,10054.816791434925
1661778000000,10053.494191434926
1661781600000,10050.396791434925
1661785200000,10048.848091434926
1661788800000,10047.412374453887
1661792400000,10046.638874453887
1661796000000,10047.424274453888
1661799600000,10048.928774453887
1661803200000,10050.123874453888
1661806800000,10049.023974453887
1661810400000,10048.553074453888
1661814000000,10048.536074453887
1661817600000,10047.02864632836
1661821200000,10047.72734632836
1661824800000,10049.19444632836
1661828400000,10048.73884632836
1661832000000,10047.44684632836
1661835600000,10044.15054632836
1661839200000,10044.69284632836
1661842800000,10045.190946328361
1661846400000,10044.550293944934
1661850000000,10045.019493944934
1661853600000,10044.876693944934
1661857200000,10045.119793944934
1661860800000,10045.033093944934
1661864400000,10045.803193944934
1661868000000,10046.892893944934
1661871600000,10054.945793944935
1661875200000,10055.65697736038
1661878800000,10058.17807736038
1661882400000,10057.20567736038
1661886000000,10055.75047736038
1661889600000,10052.48987736038
1661893200000,10052.51197736038
1661896800000,10053.64077736038
1661900400000,10053.46227736038
1661904000000,10054.70984518266
1661907600000,10052.40294518266
1661911200000,10047.56984518266
1661914800000,10046.14354518266
1661918400000,10045.09634518266
1661922000000,10046.01604518266
1661925600000,10045.62164518266
1661929200000,10047.53924518266
1661932800000,10047.355139263978
1661936400000,10048.38023926398
1661940000000,10048.91233926398
1661943600000,10046.311339263979
1661947200000,10046.348739263978
1661950800000,10046.74313926398
1661954400000,10047.20553926398
1661958000000,10050.653139263979
1661961600000,10049.185982525092
1661965200000,10051.227682525092
1661968800000,10052.018182525091
1661972400000,10051.950182525092
1661976000000,10048.233982525091
1661979600000,10048.529782525091
1661983200000,10048.014682525092
1661986800000,10049.486882525092
1661990400000,10051.470475253444
1661994000000,10050.594975253443
1661997600000,10049.597075253445
1662001200000,10050.039075253444
1662004800000,10051.477275253445
1662008400000,10051.150875253445
1662012000000,10051.060775253443
1662015600000,10052.672375253444
1662019200000,10053.730635584276
1662022800000,10053.055735584276
1662026400000,10052.894235584276
1662030000000,10051.751835584277
1662033600000,10050.743735584276
1662037200000,10052.059535584276
1662040800000,10052.918035584276
1662044400000,10056.894335584277
1662048000000,10055.471739230456
1662051600000,10058.028539230456
1662055200000,10056.592039230456
1662058800000,10055.220139230456
1662062400000,10054.213739230456
1662066000000,10050.686239230456
1662069600000,10049.866839230455
1662073200000,10050.407439230456
1662076800000,10050.104884451306
1662080400000,10050.524784451305
1662084000000,10051.347584451305
1662087600000,10050.628484451305
1662091200000,10049.293984451306
1662094800000,10049.242984451304
1662098400000,10050.142284451305
1662102000000,10050.227284451305
1662105600000,10050.131845169844
1662109200000,10050.356245169845
1662112800000,10049.863245169845
1662116400000,10050.672445169845
1662120000000,10050.216845169845
1662123600000,10047.423745169845
1662127200000,10047.923545169844
1662130800000,10045.847845169845
1662134400000,10045.706812917035
1662138000000,10050.070712917035
1662141600000,10055.548112917035
1662145200000,10052.683612917035
1662148800000,10053.737612917035
1662152400000,10052.161712917035
1662156000000,10052.656412917035
1662159600000,10052.119212917034
1662163200000,10052.92093821716
1662166800000,10051.99783821716
1662170400000,10052.801938217159
1662174000000,10053.30853821716
1662177600000,10053.78963821716
1662181200000,10053.22353821716
1662184800000,10052.89203821716
1662188400000,10053.83723821716
1662192000000,10055.082835226596
1662195600000,10055.614935226597
1662199200000,10055.325935226596
1662202800000,10054.572835226596
1662206400000,10055.407535226595
1662210000000,10054.499735226596
1662213600000,10054.424935226596
1662217200000,10055.371835226597
1662220800000,10055.671381511751
1662224400000,10055.75128151175
1662228000000,10055.22258151175
1662231600000,10056.24768151175
1662235200000,10057.05858151175
1662238800000,10056.35648151175
1662242400000,10056.11848151175
1662246000000,10055.384081511751
1662249600000,10054.823362836569
1662253200000,10055.222862836568
1662256800000,10055.73456283657
1662260400000,10055.49486283657
1662264000000,10055.795762836568
1662267600000,10055.34696283657
1662271200000,10055.87396283657
1662274800000,10057.15406283657
1662278400000,10058.522092276511
1662282000000,10056.64869227651
1662285600000,10055.79529227651
1662289200000,10056.23049227651
1662292800000,10053.90659227651
1662296400000,10054.30099227651
1662300000000,10056.78129227651
1662303600000,10056.22029227651
1662307200000,10055.833018346371
1662310800000,10053.563518346371
1662314400000,10054.91671834637
1662318000000,10054.55971834637
1662321600000,10053.971733721557
1662325200000,10054.416453721557
1662328800000,10054.871713721555
1662332400000,10054.786373721556
1662336000000,10054.150500132173
1662339600000,10055.426010132172
1662343200000,10055.675740132174
1662346800000,10055.999420132173
1662350400000,10055.325710132172
1662354000000,10055.665540132173
1662357600000,10055.584960132173
1662361200000,10055.575270132173
1662364800000,10055.306187650101
1662368400000,10055.5598276501
1662372000000,10055.589577650102
1662375600000,10056.165027650102
1662379200000,10056.871887650103
1662382800000,10057.671567650103
1662386400000,10057.681767650101
1662390000000,10059.089367650102
1662393600000,10060.488755759536
1662397200000,10060.378595759534
1662400800000,10059.882875759535
1662404400000,10059.857885759535
1662408000000,10060.385905759535
1662411600000,10062.022835759535
1662415200000,10061.511305759535
1662418800000,10062.666285759535
1662422400000,10065.050841200331
1662426000000,10068.283051200331
1662429600000,10069.55754120033
1662433200000,10069.424431200332
1662436800000,10069.50603120033
1662440400000,10069.572501200331
1662444000000,10071.779611200329
1662447600000,10072.986101200331
1662451200000,10070.9612781604
1662454800000,10069.972388160399
1662458400000,10070.240308160399
1662462000000,10071.5001781604
1662465600000,10072.4841381604
1662469200000,10073.076418160399
1662472800000,10071.2098181604
1662476400000,10073.061458160399
1662480000000,10074.277806036083
1662483600000,10074.001896036083
1662487200000,10071.191456036084
1662490800000,10070.881206036083
1662494400000,10073.295886036083
1662498000000,10071.999466036083
1662501600000,10072.636116036083
1662505200000,10072.987846036081
1662508800000,10071.202146173522
1662512400000,10066.808250920954
1662516000000,10067.037750920956
1662519600000,10070.138550920956
1662523200000,10068.275350920954
1662526800000,10068.482750920955
1662530400000,10067.841850920955
1662534000000,10067.265550920954
1662537600000,10067.21816886155
1662541200000,10067.095768861549
1662544800000,10067.25896886155
1662548400000,10068.01546886155
1662552000000,10068.30276886155
1662555600000,10067.23686886155
1662559200000,10066.61806886155
1662562800000,10065.47226886155
1662566400000,10065.69910927411
1662570000000,10065.255409274108
1662573600000,10063.87840927411
1662577200000,10062.603409274108
1662580800000,10063.596209274108
1662584400000,10056.84040927411
1662588000000,10057.574809274109
1662591600000,10057.92160927411
1662595200000,10058.887542123908
1662598800000,10058.658042123909
1662602400000,10060.41924212391
1662606000000,10059.511442123909
1662609600000,10060.097682219544
1662613200000,10059.270062219544
1662616800000,10059.156282219545
1662620400000,10059.219952219544
1662624000000,10058.637131836602
1662627600000,10059.158021836602
1662631200000,10059.127911836602
1662634800000,10059.359791836601
1662638400000,10059.122891836601
1662642000000,10059.7046418366
1662645600000,10060.714631836601
1662649200000,10060.194031836601
1662652800000,10059.518429379978
1662656400000,10060.598649379977
1662660000000,10060.47053937998
1662663600000,10060.30190937998
1662667200000,10059.860729379978
1662670800000,10059.18893937998
1662674400000,10059.250829379978
1662678000000,10058.874899379978
1662681600000,10058.842019149773
1662685200000,10058.660319149774
1662688800000,10058.412979149774
1662692400000,10058.271219149774
1662696000000,10052.190749149773
1662699600000,10053.536579424903
1662703200000,10054.733269424902
1662706800000,10055.570589424902
1662710400000,10054.7520720407
1662714000000,10054.8694420407
1662717600000,10053.5408620407
1662721200000,10054.8646020407
1662724800000,10053.9183820407
1662728400000,10056.8320620407
1662732000000,10056.5767520407
1662735600000,10057.3705120407
1662739200000,10056.13923837912
1662742800000,10055.616518379122
1662746400000,10054.26373837912
1662750000000,10055.159138379122
1662753600000,10056.292908379122
1662757200000,10056.403018379122
1662760800000,10055.840368379122
1662764400000,10056.372768379122
1662768000000,10056.066904913696
1662771600000,10056.277444913694
1662775200000,10057.045794913694
1662778800000,10058.796664913694
1662782400000,10058.250954913696
1662786000000,10057.878274913695
1662789600000,10057.912154913694
1662793200000,10058.310244913695
1662796800000,10055.257347334615
1662800400000,10056.164847334616
1662804000000,10056.813407334615
1662807600000,10057.180037334614
1662811200000,10057.014267334614
1662814800000,10057.339757334616
1662818400000,10056.103137334614
1662822000000,10056.324567334615
1662825600000,10056.174773149069
1662829200000,10057.130673149068
1662832800000,10056.996363149068
1662836400000,10058.310423149069
1662840000000,10059.101763149069
1662843600000,10058.554843149068
1662847200000,10061.009933149067
1662850800000,10064.349533149069
1662854400000,10063.455938843788
1662858000000,10062.867878843788
1662861600000,10061.219858843788
1662865200000,10061.931338843788
1662868800000,10061.62157884379
1662872400000,10061.425558843788
1662876000000,10062.087428843788
1662879600000,10060.596708843788
1662883200000,10061.540792827085
1662886800000,10061.987282827085
1662890400000,10061.488762827086
1662894000000,10061.787632827085
1662897600000,10062.689082827086
1662901200000,10062.994002827085
1662904800000,10062.326082827085
1662908400000,10061.618232827086
1662912000000,10062.488236818555
1662915600000,10063.168256818555
1662919200000,10062.794366818556
1662922800000,10061.700526818555
1662926400000,10061.918326818555
1662930000000,10061.644866818555
1662933600000,10058.495236818555
1662937200000,10059.688296818556
1662940800000,10061.905972875855
1662944400000,10058.926952875856
1662948000000,10062.129822875855
1662951600000,10059.058842875855
1662955200000,10057.579012875854
1662958800000,10057.677022875854
1662962400000,10057.583852875856
1662966000000,10058.815632875854
1662969600000,10061.222944894718
1662973200000,10060.939804894719
1662976800000,10060.411034894718
1662980400000,10059.617274894717
1662984000000,10060.143624894718
1662987600000,10059.821764894717
1662991200000,10060.642144894719
1662994800000,10058.334674894719
1662998400000,10055.50249835974
1663002000000,10056.02884835974
1663005600000,10057.47600835974
1663009200000,10057.92370835974
1663012800000,10057.24247835974
1663016400000,10057.17592835974
1663020000000,10056.28415835974
1663023600000,10055.068108359741
1663027200000,10056.632281832655
1663030800000,10053.066411832655
1663034400000,10053.858961832655
1663038000000,10055.462211832655
1663041600000,10056.222091832657
1663045200000,10056.078101832656
1663048800000,10056.823461832655
1663052400000,10055.757451832656
1663056000000,10056.595084939636
1663059600000,10056.509174939636
1663063200000,10057.190404939636
1663066800000,10058.727104939637
1663070400000,10059.328474939637
1663074000000,10047.753963948498
1663077600000,10047.753963948498
1663081200000,10047.753963948498
1663084800000,10047.753963948498
1663088400000,10047.753963948498
1663092000000,10047.753963948498
1663095600000,10047.753963948498
1663099200000,10047.753963948498
1663102800000,10047.753963948498
1663106400000,10047.753963948498
1663110000000,10047.753963948498
1663113600000,10047.753963948498
1663117200000,10047.753963948498
1663120800000,10047.753963948498
1663124400000,10047.753963948498
1663128000000,10047.753963948498
1663131600000,10047.753963948498
1663135200000,10047.753963948498
1663138800000,10047.753963948498
1663142400000,10047.398735425764
1663146000000,10045.131815425764
1663149600000,10045.581275425762
1663153200000,10045.471655425765
1663156800000,10045.704755425764
1663160400000,10045.984475425765
1663164000000,10045.995815425764
1663167600000,10045.956035425765
1663171200000,10046.365872644925
1663174800000,10045.494132644926
1663178400000,10046.200452644925
1663182000000,10047.998652644927
1663185600000,10048.666992644925
1663189200000,10048.972812644926
1663192800000,10048.802172644924
1663196400000,10050.150912644925
1663200000000,10050.498263438723
1663203600000,10050.145643438724
1663207200000,10049.312243438722
1663210800000,10049.042063438723
1663214400000,10048.528163438723
1663218000000,10048.430603438723
1663221600000,10049.030003438724
1663225200000,10049.411603438723
1663228800000,10051.361398730078
1663232400000,10049.268718730078
1663236000000,10047.347758730079
1663239600000,10046.620558730077
1663243200000,10047.581758730077
1663246800000,10047.465838730079
1663250400000,10047.405538730078
1663254000000,10040.631058730078
1663257600000,10040.148309032713
1663261200000,10041.030849032712
1663264800000,10041.309669032713
1663268400000,10040.860569032713
1663272000000,10040.831589032712
1663275600000,10040.828349032712
1663279200000,10039.314729032712
1663282800000,10038.92178903271
1663286400000,10038.915697858294
1663290000000,10038.613477858293
1663293600000,10038.465877858294
1663297200000,10037.674777858294
1663300800000,10038.483877858294
1663304400000,10037.429437858294
1663308000000,10038.203797858294
1663311600000,10038.238717858294
1663315200000,10038.161854021357
1663318800000,10036.783594021357
1663322400000,10037.304874021358
1663326000000,10037.632834021357
1663329600000,10037.829574021356
1663333200000,10037.126134021357
1663336800000,10035.177866517173
1663340400000,10034.229266517174
1663344000000,10034.604329661886
1663347600000,10035.662729661886
1663351200000,10036.202729661887
1663354800000,10035.215429661886
1663358400000,10034.620529661886
1663362000000,10033.690829661886
1663365600000,10033.797029661886
1663369200000,10033.758329661887
1663372800000,10033.260616816544
1663376400000,10031.616316816544
1663380000000,10031.294116816543
1663383600000,10032.132916816543
1663387200000,10032.378616816544
1663390800000,10032.104116816543
1663394400000,10032.582916816544
1663398000000,10032.660316816544
1663401600000,10032.554657436662
1663405200000,10032.424157436662
1663408800000,10032.401657436661
1663412400000,10032.522257436662
1663416000000,10032.992957436662
1663419600000,10032.640157436661
1663423200000,10032.193757436662
1663426800000,10032.183857436661
1663430400000,10031.85709164641
1663434000000,10030.14709164641
1663437600000,10030.69069164641
1663441200000,10030.65919164641
1663444800000,10031.21089164641
1663448400000,10030.59889164641
1663452000000,10031.00209164641
1663455600000,10030.24429164641
1663459200000,10030.340522425324
1663462800000,10031.439422425325
1663466400000,10031.285522425324
1663470000000,10031.070422425324
1663473600000,10031.381822425325
1663477200000,10031.323322425324
1663480800000,10030.723922425324
1663484400000,10030.896722425323
1663488000000,10030.825327421884
1663491600000,10030.918027421883
1663495200000,10032.861127421884
1663498800000,10032.191527421885
1663502400000,10031.935927421884
1663506000000,10031.449927421885
1663509600000,10031.811727421884
1663513200000,10033.314727421885
1663516800000,10033.091579553593
1663520400000,10033.520879553593
1663524000000,10034.507279553593
1663527600000,10034.752979553592
1663531200000,10033.793579553592
1663534800000,10033.985279553592
1663538400000,10036.296479553592
1663542000000,10036.478279553592
1663545600000,10036.561034439965
1663549200000,10036.192034439966
1663552800000,10036.197434439966
1663556400000,10042.500134439966
1663560000000,10042.204934439966
1663563600000,10042.039334439965
1663567200000,10045.170434439966
1663570800000,10045.006634439966
1663574400000,10045.275602113372
1663578000000,10045.598702113371
1663581600000,10045.218002113372
1663585200000,10042.39740211337
1663588800000,10043.220002113372
1663592400000,10041.87270211337
1663596000000,10039.867502113371
1663599600000,10037.509502113371
1663603200000,10039.337532076699
1663606800000,10038.5338320767
1663610400000,10040.7532320767
1663614000000,10038.8056320767
1663617600000,10035.3784320767
1663621200000,10035.5332320767
1663624800000,10035.3973320767
1663628400000,10034.8159320767
1663632000000,10035.403864002363
1663635600000,10035.880864002364
1663639200000,10036.171564002363
1663642800000,10036.201264002362
1663646400000,10037.346964002363
1663650000000,10037.420764002363
1663653600000,10037.351464002362
1663657200000,10036.758364002362
1663660800000,10037.168160432167
1663664400000,10037.545260432167
1663668000000,10038.414660432167
1663671600000,10037.637060432167
1663675200000,10038.457860432167
1663678800000,10039.250760432167
1663682400000,10041.073260432167
1663686000000,10039.381260432167
1663689600000,10038.225939056476
1663693200000,10039.449039056475
1663696800000,10042.162539056477
1663700400000,10040.439039056477
1663704000000,10040.305839056477
1663707600000,10040.565039056475
1663711200000,10041.134739056475
1663714800000,10040.802639056476
1663718400000,10041.568343902007
1663722000000,10041.018443902007
1663725600000,10041.326243902007
1663729200000,10040.297543902007
1663732800000,10040.223743902006
1663736400000,10040.336243902007
1663740000000,10041.193043902007
1663743600000,10041.500843902008
1663747200000,10041.071363141184
1663750800000,10041.531263141183
1663754400000,10040.342363141184
1663758000000,10039.428863141184
1663761600000,10039.014863141183
1663765200000,10037.880863141183
1663768800000,10037.678363141184
1663772400000,10038.109463141183
1663776000000,10038.760379758873
1663779600000,10038.157379758872
1663783200000,10033.325952826182
1663786800000,10033.325952826182
1663790400000,10033.325952826182
1663794000000,10033.325952826182
1663797600000,10033.325952826182
1663801200000,10033.325952826182
1663804800000,10033.325952826182
1663808400000,10033.325952826182
1663812000000,10033.325952826182
1663815600000,10033.325952826182
1663819200000,10033.325952826182
1663822800000,10033.325952826182
1663826400000,10033.325952826182
1663830000000,10033.325952826182
1663833600000,10033.325952826182
1663837200000,10033.325952826182
1663840800000,10033.325952826182
1663844400000,10033.325952826182
1663848000000,10033.325952826182
1663851600000,10033.325952826182
1663855200000,10033.325952826182
1663858800000,10033.325952826182
1663862400000,10033.325952826182
1663866000000,10033.325952826182
1663869600000,10033.325952826182
1663873200000,10033.325952826182
1663876800000,10033.325952826182
1663880400000,10033.325952826182
1663884000000,10033.325952826182
1663887600000,10033.325952826182
1663891200000,10033.325952826182
1663894800000,10033.325952826182
1663898400000,10033.325952826182
1663902000000,10033.325952826182
1663905600000,10033.325952826182
1663909200000,10033.325952826182
1663912800000,10033.325952826182
1663916400000,10033.325952826182
1663920000000,10033.325952826182
1663923600000,10033.325952826182
1663927200000,10033.325952826182
1663930800000,10033.325952826182
1663934400000,10033.325952826182
1663938000000,10033.325952826182
1663941600000,10033.325952826182
1663945200000,10033.325952826182
1663948800000,10033.325952826182
1663952400000,10033.325952826182
1663956000000,10033.325952826182
1663959600000,10033.325952826182
1663963200000,10033.325952826182
1663966800000,10033.325952826182
1663970400000,10033.325952826182
1663974000000,10033.325952826182
1663977600000,10033.325952826182
1663981200000,10033.325952826182
1663984800000,10033.325952826182
1663988400000,10033.325952826182
1663992000000,10033.325952826182
1663995600000,10033.325952826182
1663999200000,10033.325952826182
1664002800000,10033.325952826182
1664006400000,10033.325952826182
1664010000000,10033.325952826182
1664013600000,10033.325952826182
1664017200000,10033.325952826182
1664020800000,10033.325952826182
1664024400000,10033.325952826182
1664028000000,10033.325952826182
1664031600000,10033.325952826182
1664035200000,10033.325952826182
1664038800000,10033.325952826182
1664042400000,10033.325952826182
1664046000000,10033.325952826182
1664049600000,10033.325952826182
1664053200000,10033.325952826182
1664056800000,10033.325952826182
1664060400000,10033.325952826182
1664064000000,10033.325952826182
1664067600000,10033.325952826182
1664071200000,10033.325952826182
1664074800000,10033.325952826182
1664078400000,10033.325952826182
1664082000000,10033.325952826182
1664085600000,10033.325952826182
1664089200000,10033.325952826182
1664092800000,10033.325952826182
1664096400000,10033.325952826182
1664100000000,10033.325952826182
1664103600000,10033.325952826182
1664107200000,10033.325952826182
1664110800000,10033.325952826182
1664114400000,10033.325952826182
1664118000000,10033.325952826182
1664121600000,10033.325952826182
1664125200000,10033.325952826182
1664128800000,10033.325952826182
1664132400000,10033.325952826182
1664136000000,10033.325952826182
1664139600000,10033.325952826182
1664143200000,10033.325952826182
1664146800000,10033.325952826182
1664150400000,10033.325952826182
1664154000000,10033.325952826182
1664157600000,10033.325952826182
1664161200000,10033.325952826182
1664164800000,10033.325952826182
1664168400000,10033.325952826182
1664172000000,10033.325952826182
1664175600000,10033.325952826182
1664179200000,10033.325952826182
1664182800000,10033.325952826182
1664186400000,10033.325952826182
1664190000000,10033.325952826182
1664193600000,10033.325952826182
1664197200000,10033.325952826182
1664200800000,10033.325952826182
1664204400000,10033.325952826182
1664208000000,10033.325952826182
1664211600000,10033.325952826182
1664215200000,10033.325952826182
1664218800000,10033.325952826182
1664222400000,10033.325952826182
1664226000000,10033.325952826182
1664229600000,10033.325952826182
1664233200000,10033.325952826182
1664236800000,10033.325952826182
1664240400000,10033.325952826182
1664244000000,10033.325952826182
1664247600000,10033.325952826182
1664251200000,10033.325952826182
1664254800000,10033.325952826182
1664258400000,10033.325952826182
1664262000000,10033.325952826182
1664265600000,10033.325952826182
1664269200000,10033.325952826182
1664272800000,10033.325952826182
1664276400000,10033.325952826182
1664280000000,10033.325952826182
1664283600000,10033.325952826182
1664287200000,10033.325952826182
1664290800000,10033.325952826182
1664294400000,10033.325952826182
1664298000000,10033.325952826182
1664301600000,10033.325952826182
1664305200000,10033.325952826182
1664308800000,10033.325952826182
1664312400000,10033.325952826182
1664316000000,10033.325952826182
1664319600000,10033.325952826182
1664323200000,10033.325952826182
1664326800000,10033.325952826182
1664330400000,10033.325952826182
1664334000000,10033.325952826182
1664337600000,10033.325952826182
1664341200000,10033.325952826182
1664344800000,10033.325952826182
1664348400000,10033.325952826182
1664352000000,10033.325952826182
1664355600000,10033.325952826182
1664359200000,10033.325952826182
1664362800000,10033.325952826182
1664366400000,10033.325952826182
1664370000000,10033.325952826182
1664373600000,10033.325952826182
1664377200000,10033.325952826182
1664380800000,10033.325952826182
1664384400000,10033.325952826182
1664388000000,10033.325952826182
1664391600000,10033.325952826182
1664395200000,10033.325952826182
1664398800000,10033.325952826182
1664402400000,10033.325952826182
1664406000000,10033.325952826182
1664409600000,10033.325952826182
1664413200000,10033.325952826182
1664416800000,10033.325952826182
1664420400000,10033.325952826182
1664424000000,10033.325952826182
1664427600000,10033.325952826182
1664431200000,10033.325952826182
1664434800000,10033.325952826182
1664438400000,10033.325952826182
1664442000000,10033.325952826182
1664445600000,10033.325952826182
1664449200000,10033.325952826182
1664452800000,10033.325952826182
1664456400000,10033.325952826182
1664460000000,10033.325952826182
1664463600000,10033.325952826182
1664467200000,10033.325952826182
1664470800000,10033.325952826182
1664474400000,10033.325952826182
1664478000000,10033.325952826182
1664481600000,10033.325952826182
1664485200000,10033.325952826182
1664488800000,10033.325952826182
1664492400000,10033.325952826182
1664496000000,10033.325952826182
1664499600000,10033.325952826182
1664503200000,10033.325952826182
1664506800000,10033.325952826182
1664510400000,10033.325952826182
1664514000000,10033.325952826182
1664517600000,10033.325952826182
1664521200000,10033.325952826182
1664524800000,10033.325952826182
1664528400000,10033.325952826182
1664532000000,10033.325952826182
1664535600000,10033.325952826182
1664539200000,10033.325952826182
1664542800000,10033.325952826182
1664546400000,10033.325952826182
1664550000000,10033.325952826182
1664553600000,10033.325952826182
1664557200000,10033.325952826182
1664560800000,10033.325952826182
1664564400000,10033.325952826182
1664568000000,10033.325952826182
1664571600000,10033.325952826182
1664575200000,10033.325952826182
1664578800000,10033.325952826182
1664582400000,10033.325952826182
1664586000000,10033.325952826182
1664589600000,10033.325952826182
1664593200000,10033.325952826182
1664596800000,10033.325952826182
1664600400000,10033.325952826182
1664604000000,10033.325952826182
1664607600000,10033.325952826182
1664611200000,10033.325952826182
1664614800000,10033.325952826182
1664618400000,10033.325952826182
1664622000000,10033.325952826182
1664625600000,10033.325952826182
1664629200000,10033.325952826182
1664632800000,10033.325952826182
1664636400000,10033.325952826182
1664640000000,10033.325952826182
1664643600000,10033.325952826182
1664647200000,10033.325952826182
1664650800000,10033.325952826182
1664654400000,10033.325952826182
1664658000000,10033.325952826182
1664661600000,10033.325952826182
1664665200000,10033.325952826182
1664668800000,10033.325952826182
1664672400000,10033.325952826182
1664676000000,10033.325952826182
1664679600000,10033.325952826182
1664683200000,10033.325952826182
1664686800000,10033.325952826182
1664690400000,10033.325952826182
1664694000000,10033.325952826182
1664697600000,10033.325952826182
1664701200000,10033.325952826182
1664704800000,10033.325952826182
1664708400000,10033.325952826182
1664712000000,10033.325952826182
1664715600000,10033.325952826182
1664719200000,10033.325952826182
1664722800000,10033.325952826182
1664726400000,10033.325952826182
1664730000000,10033.325952826182
1664733600000,10033.325952826182
1664737200000,10033.325952826182
1664740800000,10033.325952826182
1664744400000,10033.325952826182
1664748000000,10033.325952826182
1664751600000,10033.325952826182
1664755200000,10033.325952826182
1664758800000,10033.325952826182
1664762400000,10033.325952826182
1664766000000,10033.325952826182
1664769600000,10033.325952826182
1664773200000,10033.325952826182
1664776800000,10033.325952826182
1664780400000,10033.325952826182
1664784000000,10033.325952826182
1664787600000,10033.325952826182
1664791200000,10033.325952826182
1664794800000,10033.325952826182
1664798400000,10033.325952826182
1664802000000,10033.325952826182
1664805600000,10033.325952826182
1664809200000,10033.325952826182
1664812800000,10033.325952826182
1664816400000,10033.325952826182
1664820000000,10033.325952826182
1664823600000,10033.325952826182
1664827200000,10033.325952826182
1664830800000,10033.325952826182
1664834400000,10033.325952826182
1664838000000,10033.325952826182
1664841600000,10033.325952826182
1664845200000,10033.325952826182
1664848800000,10033.325952826182
1664852400000,10033.325952826182
1664856000000,10033.325952826182
1664859600000,10033.325952826182
1664863200000,10033.325952826182
1664866800000,10033.325952826182
1664870400000,10033.325952826182
1664874000000,10033.325952826182
1664877600000,10033.325952826182
1664881200000,10033.325952826182
1664884800000,10033.325952826182
1664888400000,10033.325952826182
1664892000000,10033.325952826182
1664895600000,10033.325952826182
1664899200000,10033.325952826182
1664902800000,10033.325952826182
1664906400000,10033.325952826182
1664910000000,10033.325952826182
1664913600000,10033.325952826182
1664917200000,10033.325952826182
1664920800000,10033.325952826182
1664924400000,10033.325952826182
1664928000000,10033.325952826182
1664931600000,10033.325952826182
1664935200000,10033.325952826182
1664938800000,10033.325952826182
1664942400000,10033.325952826182
1664946000000,10033.325952826182
1664949600000,10033.325952826182
1664953200000,10033.325952826182
1664956800000,10033.325952826182
1664960400000,10033.325952826182
1664964000000,10033.325952826182
1664967600000,10033.325952826182
1664971200000,10033.325952826182
1664974800000,10033.325952826182
1664978400000,10033.325952826182
1664982000000,10033.325952826182
1664985600000,10033.325952826182
1664989200000,10033.325952826182
1664992800000,10033.325952826182
1664996400000,10033.325952826182
1665000000000,10033.325952826182
1665003600000,10033.325952826182
1665007200000,10033.325952826182
1665010800000,10033.325952826182
1665014400000,10033.325952826182
1665018000000,10033.325952826182
1665021600000,10033.325952826182
1665025200000,10033.325952826182
1665028800000,10033.325952826182
1665032400000,10033.325952826182
1665036000000,10033.325952826182
1665039600000,10033.325952826182
1665043200000,10033.325952826182
1665046800000,10033.325952826182
1665050400000,10033.325952826182
1665054000000,10033.325952826182
1665057600000,10033.325952826182
1665061200000,10033.325952826182
1665064800000,10033.325952826182
1665068400000,10033.325952826182
1665072000000,10033.325952826182
1665075600000,10033.325952826182
1665079200000,10033.325952826182
1665082800000,10033.325952826182
1665086400000,10033.325952826182
1665090000000,10033.325952826182
1665093600000,10033.325952826182
1665097200000,10033.325952826182
1665100800000,10033.325952826182
1665104400000,10033.325952826182
1665108000000,10033.325952826182
1665111600000,10033.325952826182
1665115200000,10033.325952826182
1665118800000,10033.325952826182
1665122400000,10033.325952826182
1665126000000,10033.325952826182
1665129600000,10033.325952826182
1665133200000,10033.325952826182
1665136800000,10033.325952826182
1665140400000,10033.325952826182
1665144000000,10033.325952826182
1665147600000,10033.325952826182
1665151200000,10033.325952826182
1665154800000,10033.325952826182
1665158400000,10033.325952826182
1665162000000,10033.325952826182
1665165600000,10033.325952826182
1665169200000,10033.325952826182
1665172800000,10033.325952826182
1665176400000,10033.325952826182
1665180000000,10033.325952826182
1665183600000,10033.325952826182
1665187200000,10033.325952826182
1665190800000,10033.325952826182
1665194400000,10033.325952826182
1665198000000,10033.325952826182
1665201600000,10033.325952826182
1665205200000,10033.325952826182
1665208800000,10033.325952826182
1665212400000,10033.325952826182
1665216000000,10033.325952826182
1665219600000,10033.325952826182
1665223200000,10033.325952826182
1665226800000,10033.325952826182
1665230400000,10033.325952826182
1665234000000,10033.325952826182
1665237600000,10033.325952826182
1665241200000,10033.325952826182
1665244800000,10033.325952826182
1665248400000,10033.325952826182
1665252000000,10033.325952826182
1665255600000,10033.325952826182
1665259200000,10033.325952826182
1665262800000,10033.325952826182
1665266400000,10033.325952826182
1665270000000,10033.325952826182
1665273600000,10033.325952826182
1665277200000,10033.325952826182
1665280800000,10033.325952826182
1665284400000,10033.325952826182
1665288000000,10033.325952826182
1665291600000,10033.325952826182
1665295200000,10033.325952826182
1665298800000,10033.325952826182
1665302400000,10033.325952826182
1665306000000,10033.325952826182
1665309600000,10033.325952826182
1665313200000,10033.325952826182
1665316800000,10033.325952826182
1665320400000,10033.325952826182
1665324000000,10033.325952826182
1665327600000,10033.325952826182
1665331200000,10033.325952826182
1665334800000,10033.325952826182
1665338400000,10033.325952826182
1665342000000,10033.325952826182
1665345600000,10033.325952826182
1665349200000,10033.325952826182
1665352800000,10033.325952826182
1665356400000,10033.325952826182
1665360000000,10033.325952826182
1665363600000,10033.325952826182
1665367200000,10033.325952826182
1665370800000,10033.325952826182
1665374400000,10033.325952826182
1665378000000,10033.325952826182
1665381600000,10033.325952826182
1665385200000,10033.325952826182
1665388800000,10033.325952826182
1665392400000,10033.325952826182
1665396000000,10033.325952826182
1665399600000,10033.325952826182
1665403200000,10033.325952826182
1665406800000,10033.325952826182
1665410400000,10033.325952826182
1665414000000,10033.325952826182
1665417600000,10033.325952826182
1665421200000,10033.325952826182
1665424800000,10033.325952826182
1665428400000,10033.325952826182
1665432000000,10033.325952826182
1665435600000,10033.325952826182
1665439200000,10033.325952826182
1665442800000,10033.325952826182
1665446400000,10033.325952826182
1665450000000,10033.325952826182
1665453600000,10033.325952826182
1665457200000,10033.325952826182
1665460800000,10033.325952826182
1665464400000,10033.325952826182
1665468000000,10033.325952826182
1665471600000,10033.325952826182
1665475200000,10033.325952826182
1665478800000,10033.325952826182
1665482400000,10033.325952826182
1665486000000,10033.325952826182
1665489600000,10033.325952826182
1665493200000,10033.325952826182
1665496800000,10033.325952826182
1665500400000,10033.325952826182
1665504000000,10033.325952826182
1665507600000,10033.325952826182
1665511200000,10033.325952826182
1665514800000,10033.325952826182
1665518400000,10033.325952826182
1665522000000,10033.325952826182
1665525600000,10033.325952826182
1665529200000,10033.325952826182
1665532800000,10033.325952826182
1665536400000,10033.325952826182
1665540000000,10033.325952826182
1665543600000,10033.325952826182
1665547200000,10033.325952826182
1665550800000,10033.325952826182
1665554400000,10033.325952826182
1665558000000,10033.325952826182
1665561600000,10033.325952826182
1665565200000,10033.325952826182
1665568800000,10033.325952826182
1665572400000,10033.325952826182
1665576000000,10033.325952826182
1665579600000,10033.325952826182
1665583200000,10033.325952826182
1665586800000,10033.325952826182
1665590400000,10033.325952826182
1665594000000,10033.325952826182
1665597600000,10033.325952826182
1665601200000,10033.325952826182
1665604800000,10033.325952826182
1665608400000,10033.325952826182
1665612000000,10033.325952826182
1665615600000,10033.325952826182
1665619200000,10033.325952826182
1665622800000,10033.325952826182
1665626400000,10033.325952826182
1665630000000,10033.325952826182
1665633600000,10033.325952826182
1665637200000,10033.325952826182
1665640800000,10033.325952826182
1665644400000,10033.325952826182
1665648000000,10033.325952826182
1665651600000,10033.325952826182
1665655200000,10033.325952826182
1665658800000,10033.325952826182
1665662400000,10033.325952826182
1665666000000,10033.325952826182
1665669600000,10033.325952826182
1665673200000,10033.325952826182
1665676800000,10033.325952826182
1665680400000,10033.325952826182
1665684000000,10033.325952826182
1665687600000,10033.325952826182
1665691200000,10033.325952826182
1665694800000,10033.325952826182
1665698400000,10033.325952826182
1665702000000,10033.325952826182
1665705600000,10033.325952826182
1665709200000,10033.325952826182
1665712800000,10033.325952826182
1665716400000,10033.325952826182
1665720000000,10033.325952826182
1665723600000,10033.325952826182
1665727200000,10033.325952826182
1665730800000,10033.325952826182
1665734400000,10033.325952826182
1665738000000,10033.325952826182
1665741600000,10033.325952826182
1665745200000,10033.325952826182
1665748800000,10033.325952826182
1665752400000,10033.325952826182
1665756000000,10033.325952826182
1665759600000,10033.325952826182
1665763200000,10033.325952826182
1665766800000,10033.325952826182
1665770400000,10033.325952826182
1665774000000,10033.325952826182
1665777600000,10033.325952826182
1665781200000,10033.325952826182
1665784800000,10033.325952826182
1665788400000,10033.325952826182
1665792000000,10033.325952826182
1665795600000,10033.325952826182
1665799200000,10033.325952826182
1665802800000,10033.325952826182
1665806400000,10033.325952826182
1665810000000,10033.325952826182
1665813600000,10033.325952826182
1665817200000,10033.325952826182
1665820800000,10033.325952826182
1665824400000,10033.325952826182
1665828000000,10033.325952826182
1665831600000,10033.325952826182
1665835200000,10033.325952826182
1665838800000,10033.325952826182
1665842400000,10033.325952826182
1665846000000,10033.325952826182
1665849600000,10033.325952826182
1665853200000,10033.325952826182
1665856800000,10033.325952826182
1665860400000,10033.325952826182
1665864000000,10033.325952826182
1665867600000,10033.325952826182
1665871200000,10033.325952826182
1665874800000,10033.325952826182
1665878400000,10033.325952826182
1665882000000,10033.325952826182
1665885600000,10033.325952826182
1665889200000,10033.325952826182
1665892800000,10033.325952826182
1665896400000,10033.325952826182
1665900000000,10033.325952826182
1665903600000,10033.325952826182
1665907200000,10033.325952826182
1665910800000,10033.325952826182
1665914400000,10033.325952826182
1665918000000,10033.325952826182
1665921600000,10033.325952826182
1665925200000,10033.325952826182
1665928800000,10033.325952826182
1665932400000,10033.325952826182
1665936000000,10033.325952826182
1665939600000,10033.325952826182
1665943200000,10033.325952826182
1665946800000,10033.325952826182
1665950400000,10031.671752545804
1665954000000,10029.594762545805
1665957600000,10029.076872545806
1665961200000,10029.390892545805
1665964800000,10028.979551763809
1665968400000,10028.47790176381
1665972000000,10029.21292176381
1665975600000,10028.930081763809
1665979200000,10027.711681763809
1665982800000,10028.256471763809
1665986400000,10028.252571763807
1665990000000,10027.938211763809
1665993600000,10027.743999682287
1665997200000,10027.733059682287
1666000800000,10027.731699682286
1666004400000,10029.058419682287
1666008000000,10032.278959682288
1666011600000,10034.098239682287
1666015200000,10031.325719682289
1666018800000,10029.327129682288
1666022400000,10030.861794763885
1666026000000,10032.358424763886
1666029600000,10032.961754763886
1666033200000,10033.117044763885
1666036800000,10031.462324763885
1666040400000,10029.835494763885
1666044000000,10029.541704763886
1666047600000,10029.353864763885
1666051200000,10030.089567157798
1666054800000,10029.136827157798
1666058400000,10028.972307157797
1666062000000,10029.366787157798
1666065600000,10029.383067157798
1666069200000,10029.947987157799
1666072800000,10030.055187157797
1666076400000,10031.873847157798
1666080000000,10032.130825525684
1666083600000,10033.208615525684
1666087200000,10031.905335525684
1666090800000,10031.777295525684
1666094400000,10032.800155525683
1666098000000,10033.420335525685
1666101600000,10033.640805525683
1666105200000,10034.015905525685
1666108800000,10032.098483907133
1666112400000,10033.037723907133
1666116000000,10033.182573907136
1666119600000,10031.366813907134
1666123200000,10029.268183907134
1666126800000,10029.491593907134
1666130400000,10028.216483907134
1666134000000,10028.631523907134
1666137600000,10029.349326157824
1666141200000,10029.887746157825
1666144800000,10030.783886157826
1666148400000,10029.871596157824
1666152000000,10030.148186157825
1666155600000,10030.169966157824
1666159200000,10030.242496157825
1666162800000,10030.723746157824
1666166400000,10029.491468900005
1666170000000,10028.838688900007
1666173600000,10028.829638900006
1666177200000,10029.036908900005
1666180800000,10028.412948900006
1666184400000,10027.488168900005
1666188000000,10028.704708900006
1666191600000,10028.133258900007
1666195200000,10029.33165160368
1666198800000,10028.608661603677
1666202400000,10029.670101603679
1666206000000,10029.620341603679
1666209600000,10031.141151603679
1666213200000,10030.35632160368
1666216800000,10030.37426160368
1666220400000,10031.757971603678
1666224000000,10031.45351212789
1666227600000,10029.101310288104
1666231200000,10027.460240288105
1666234800000,10026.618860288105
1666238400000,10027.145670288104
1666242000000,10023.162380288104
1666245600000,10022.700000288105
1666249200000,10022.756850288104
1666252800000,10022.642365415697
1666256400000,10022.919035415696
1666260000000,10021.133945415697
1666263600000,10019.667215415697
1666267200000,10019.663425415696
1666270800000,10022.547615415697
1666274400000,10020.068955415696
1666278000000,10016.980105415696
1666281600000,10020.172240195838
1666285200000,10023.253510195838
1666288800000,10025.773860195837
1666292400000,10024.034250195838
1666296000000,10025.622260195838
1666299600000,10026.520490195839
1666303200000,10025.447920195838
1666306800000,10026.202130195838
1666310400000,10026.402330734074
1666314000000,10025.678440734073
1666317600000,10024.856010734073
1666321200000,10023.449920734074
1666324800000,10024.461850734073
1666328400000,10024.003260734073
1666332000000,10024.389840734073
1666335600000,10025.515470734073
1666339200000,10025.771257938075
1666342800000,10027.833017938075
1666346400000,10027.260727938075
1666350000000,10026.965107938075
1666353600000,10029.178467938074
1666357200000,10030.648987938075
1666360800000,10024.789647938076
1666364400000,10027.688997938076
1666368000000,10020.90249141342
1666371600000,10020.13312141342
1666375200000,10020.01563141342
1666378800000,10021.36866141342
1666382400000,10017.71889141342
1666386000000,10018.98475141342
1666389600000,10019.90193141342
1666393200000,10019.13635141342
1666396800000,10019.554526292311
1666400400000,10018.830636292312
1666404000000,10020.032066292313
1666407600000,10021.449526292312
1666411200000,10019.910786292312
1666414800000,10020.729426292311
1666418400000,10021.138746292312
1666422000000,10020.479286292313
1666425600000,10019.247406622078
1666429200000,10019.224666622078
1666432800000,10019.721156622078
1666436400000,10017.924696622078
1666440000000,10017.359986622077
1666443600000,10017.306926622077
1666447200000,10015.643116622077
1666450800000,10013.213726622078
1666454400000,10012.903318182838
1666458000000,10014.059268182838
1666461600000,10015.556318182838
1666465200000,10015.480518182838
1666468800000,10014.286668182838
1666472400000,10013.627208182837
1666476000000,10013.562778182839
1666479600000,10014.093378182837
1666483200000,10014.295559558845
1666486800000,10015.231689558845
1666490400000,10016.338369558844
1666494000000,10014.913329558844
1666497600000,10014.750359558844
1666501200000,10016.073069558845
1666504800000,10016.546819558844
1666508400000,10016.160239558843
1666512000000,10016.126426930734
1666515600000,10015.254726930732
1666519200000,10016.008936930733
1666522800000,10016.149166930732
1666526400000,10018.063116930733
1666530000000,10017.017076930733
1666533600000,10016.494056930733
1666537200000,10015.254726930732
1666540800000,10014.394897968734
1666544400000,10015.096047968733
1666548000000,10008.743563026099
1666551600000,10008.743563026099
1666555200000,10008.338586085996
1666558800000,10008.411686085996
1666562400000,10012.943886085997
1666566000000,10012.715986085997
1666569600000,10010.712082802542
1666573200000,10010.712082802542
1666576800000,10010.712082802542
1666580400000,10010.712082802542
1666584000000,10010.712082802542
1666587600000,10010.712082802542
1666591200000,10010.712082802542
1666594800000,10010.712082802542
1666598400000,10010.712082802542
1666602000000,10010.712082802542
1666605600000,10010.712082802542
1666609200000,10010.712082802542
1666612800000,10010.712082802542
1666616400000,10010.712082802542
1666620000000,10010.712082802542
1666623600000,10010.712082802542
1666627200000,10010.712082802542
1666630800000,10010.712082802542
1666634400000,10010.712082802542
1666638000000,10010.712082802542
1666641600000,10010.712082802542
1666645200000,10010.712082802542
1666648800000,10010.712082802542
1666652400000,10010.712082802542
1666656000000,10010.712082802542
1666659600000,10010.712082802542
1666663200000,10010.712082802542
1666666800000,10010.712082802542
1666670400000,10010.712082802542
1666674000000,10010.712082802542
1666677600000,10010.712082802542
1666681200000,10010.712082802542
1666684800000,10010.712082802542
1666688400000,10010.712082802542
1666692000000,10010.712082802542
1666695600000,10010.712082802542
1666699200000,10010.712082802542
1666702800000,10010.712082802542
1666706400000,10010.712082802542
1666710000000,10010.712082802542
1666713600000,10010.712082802542
1666717200000,10010.712082802542
1666720800000,10010.712082802542
1666724400000,10010.712082802542
1666728000000,10010.712082802542
1666731600000,10010.712082802542
1666735200000,10010.712082802542
1666738800000,10010.712082802542
1666742400000,10010.712082802542
1666746000000,10010.712082802542
1666749600000,10010.712082802542
1666753200000,10010.712082802542
1666756800000,10010.712082802542
1666760400000,10010.712082802542
1666764000000,10010.712082802542
1666767600000,10010.712082802542
1666771200000,10010.606719564392
1666774800000,10014.245289564393
1666778400000,10013.013279564391
1666782000000,10014.679619564393
1666785600000,10012.900049564392
1666789200000,10012.168279564392
1666792800000,10014.645819564392
1666796400000,10020.870089564392
1666800000000,10019.18572165939
1666803600000,10015.389981659391
1666807200000,10018.606051659392
1666810800000,10016.34314165939
1666814400000,10018.68379165939
1666818000000,10016.660861659391
1666821600000,10016.682831659391
1666825200000,10019.60315165939
1666828800000,10018.871393368381
1666832400000,10018.08385336838
1666836000000,10018.322143368381
1666839600000,10016.250203368381
1666843200000,10017.277723368381
1666846800000,10018.26975336838
1666850400000,10018.699013368381
1666854000000,10016.93803336838
1666857600000,10017.46397939806
1666861200000,10016.798119398061
1666864800000,10016.21168939806
1666868400000,10015.27711939806
1666872000000,10016.26914939806
1666875600000,10019.365229398061
1666879200000,10015.505269398062
1666882800000,10016.16436939806
1666886400000,10015.874031175717
1666890000000,10016.124151175718
1666893600000,10016.891411175717
1666897200000,10017.611351175718
1666900800000,10018.431001175717
1666904400000,10012.553181175717
1666908000000,10011.992101175718
1666911600000,10010.947681175718
1666915200000,10010.047859474467
1666918800000,10010.769489474467
1666922400000,10012.124869474466
1666926000000,10008.055349474467
1666929600000,10009.174129474466
1666933200000,10009.091319474466
1666936800000,10010.899619474467
1666940400000,10009.649019474467
1666944000000,10007.157900138229
1666947600000,10008.376390138228
1666951200000,10008.93071013823
1666954800000,10008.136410138228
1666958400000,10007.377600138228
1666962000000,10009.628680138228
1666965600000,10015.381440138228
1666969200000,10013.508920138229
1666972800000,10014.14288347732
1666976400000,10019.10134347732
1666980000000,10017.06489347732
1666983600000,10017.362333477318
1666987200000,10017.749343477319
1666990800000,10017.994393477318
1666994400000,10017.612453477319
1666998000000,10017.73413347732
1667001600000,10017.004653202745
1667005200000,10016.937053202744
1667008800000,10016.871143202745
1667012400000,10020.342403202745
1667016000000,10022.819943202745
1667019600000,10021.670743202745
1667023200000,10021.669053202744
1667026800000,10021.981703202746
1667030400000,10023.507658692199
1667034000000,10029.593348692199
1667037600000,10029.931348692198
1667041200000,10028.221068692199
1667044800000,10027.146228692198
1667048400000,10029.292528692198
1667052000000,10028.579348692198
1667055600000,10028.045308692199
1667059200000,10030.164026878198
1667062800000,10030.086286878199
1667066400000,10028.267846878198
1667070000000,10029.565766878199
1667073600000,10028.741046878198
1667077200000,10029.151716878197
1667080800000,10028.872866878199
1667084400000,10026.554186878198
1667088000000,10028.15542450841
1667091600000,10025.99053450841
1667095200000,10027.06706450841
1667098800000,10027.87150450841
1667102400000,10028.45286450841
1667106000000,10028.07261450841
1667109600000,10028.82804450841
1667113200000,10030.46903450841
1667116800000,10029.569721603964
1667120400000,10027.506231603964
1667124000000,10023.999481603963
1667127600000,10024.163411603964
1667131200000,10025.400491603965
1667134800000,10024.653511603965
1667138400000,10022.037391603964
1667142000000,10024.464231603964
1667145600000,10022.375614983266
1667149200000,10022.079864983265
1667152800000,10022.319844983265
1667156400000,10022.962044983266
1667160000000,10022.698404983264
1667163600000,10023.786764983266
1667167200000,10023.516364983265
1667170800000,10022.377304983265
1667174400000,10023.046495075223
1667178000000,10022.046015075222
1667181600000,10020.494595075223
1667185200000,10020.339115075223
1667188800000,10021.790825075223
1667192400000,10022.574985075224
1667196000000,10022.835245075223
1667199600000,10022.493865075223
1667203200000,10023.051723428223
1667206800000,10021.527343428224
1667210400000,10027.866533428223
1667214000000,10028.838283428224
1667217600000,10028.133553428224
1667221200000,10027.489663428223
1667224800000,10019.864383428223
1667228400000,10017.768783428224
1667232000000,10018.908606790137
1667235600000,10018.203876790138
1667239200000,10018.322176790138
1667242800000,10019.557566790138
1667246400000,10018.474276790137
1667250000000,10018.773406790137
1667253600000,10017.926716790136
1667257200000,10019.128306790137
1667260800000,10019.710934490058
1667264400000,10019.682204490058
1667268000000,10021.311364490059
1667271600000,10024.167464490058
1667275200000,10022.343954490058
1667278800000,10022.911794490057
1667282400000,10022.835744490058
1667286000000,10023.758484490058
1667289600000,10022.991339104296
1667293200000,10022.584049104296
1667296800000,10023.797469104296
1667300400000,10025.402969104296
1667304000000,10023.376659104297
1667307600000,10024.034069104297
1667311200000,10020.363389104295
1667314800000,10019.449099104297
1667318400000,10020.400436303607
1667322000000,10019.780206303607
1667325600000,10021.098406303607
1667329200000,10021.843696303607
1667332800000,10020.495076303607
1667336400000,10020.484936303606
1667340000000,10020.415646303607
1667343600000,10020.888846303607
1667347200000,10021.003570005663
1667350800000,10022.380920005664
1667354400000,10022.139250005665
1667358000000,10022.783140005664
1667361600000,10022.962280005664
1667365200000,10023.183670005665
1667368800000,10022.146010005665
1667372400000,10022.455280005664
1667376000000,10018.361161295461
1667379600000,10020.40606129546
1667383200000,10017.18323129546
1667386800000,10016.10501129546
1667390400000,10017.08014129546
1667394000000,10016.48864129546
1667397600000,10016.77256129546
1667401200000,10017.74938129546
1667404800000,10017.646196697493
1667408400000,10019.704616697492
1667412000000,10019.748556697492
1667415600000,10018.996506697493
1667419200000,10013.353596697492
1667422800000,10007.938890332865
1667426400000,10007.938890332865
1667430000000,10007.938890332865
1667433600000,10007.938890332865
1667437200000,10007.938890332865
1667440800000,10007.938890332865
1667444400000,10007.938890332865
1667448000000,10007.938890332865
1667451600000,10007.938890332865
1667455200000,10007.938890332865
1667458800000,10007.938890332865
1667462400000,10007.938890332865
1667466000000,10007.938890332865
1667469600000,10007.938890332865
1667473200000,10007.938890332865
1667476800000,10007.938890332865
1667480400000,10007.938890332865
1667484000000,10007.938890332865
1667487600000,10007.938890332865
1667491200000,10007.938890332865
1667494800000,10007.938890332865
1667498400000,10007.938890332865
1667502000000,10007.938890332865
1667505600000,10007.938890332865
1667509200000,10007.938890332865
1667512800000,10007.938890332865
1667516400000,10007.938890332865
1667520000000,10007.938890332865
1667523600000,10007.938890332865
1667527200000,10007.938890332865
1667530800000,10007.938890332865
1667534400000,10007.938890332865
1667538000000,10007.938890332865
1667541600000,10007.938890332865
1667545200000,10007.938890332865
1667548800000,10007.938890332865
1667552400000,10007.938890332865
1667556000000,10007.938890332865
1667559600000,10007.938890332865
1667563200000,10007.938890332865
1667566800000,10007.938890332865
1667570400000,10007.938890332865
1667574000000,10007.938890332865
1667577600000,10007.938890332865
1667581200000,10007.938890332865
1667584800000,10007.938890332865
1667588400000,10007.938890332865
1667592000000,10007.938890332865
1667595600000,10007.938890332865
1667599200000,10007.938890332865
1667602800000,10007.938890332865
1667606400000,10007.938890332865
1667610000000,10007.938890332865
1667613600000,10007.938890332865
1667617200000,10007.938890332865
1667620800000,10007.938890332865
1667624400000,10007.938890332865
1667628000000,10007.938890332865
1667631600000,10007.938890332865
1667635200000,10007.938890332865
1667638800000,10007.938890332865
1667642400000,10007.938890332865
1667646000000,10007.938890332865
1667649600000,10007.938890332865
1667653200000,10007.938890332865
1667656800000,10007.938890332865
1667660400000,10007.938890332865
1667664000000,10007.938890332865
1667667600000,10007.938890332865
1667671200000,10007.938890332865
1667674800000,10007.938890332865
1667678400000,10007.938890332865
1667682000000,10007.938890332865
1667685600000,10007.938890332865
1667689200000,10007.938890332865
1667692800000,10007.938890332865
1667696400000,10007.938890332865
1667700000000,10007.938890332865
1667703600000,10007.938890332865
1667707200000,10007.938890332865
1667710800000,10007.938890332865
1667714400000,10007.938890332865
1667718000000,10007.938890332865
1667721600000,10007.938890332865
1667725200000,10007.938890332865
1667728800000,10007.938890332865
1667732400000,10007.938890332865
1667736000000,10007.938890332865
1667739600000,10007.938890332865
1667743200000,10007.938890332865
1667746800000,10007.938890332865
1667750400000,10007.938890332865
1667754000000,10007.938890332865
1667757600000,10007.938890332865
1667761200000,10007.938890332865
1667764800000,10007.938890332865
1667768400000,10007.938890332865
1667772000000,10007.938890332865
1667775600000,10007.938890332865
1667779200000,10007.938890332865
1667782800000,10007.938890332865
1667786400000,10007.938890332865
1667790000000,10007.938890332865
1667793600000,10007.938890332865
1667797200000,10007.938890332865
1667800800000,10007.938890332865
1667804400000,10007.938890332865
1667808000000,10007.938890332865
1667811600000,10007.938890332865
1667815200000,10007.938890332865
1667818800000,10007.938890332865
1667822400000,10007.938890332865
1667826000000,10007.938890332865
1667829600000,10007.938890332865
1667833200000,10007.938890332865
1667836800000,10007.938890332865
1667840400000,10007.938890332865
1667844000000,10007.938890332865
1667847600000,10007.938890332865
1667851200000,10007.938890332865
1667854800000,10007.938890332865
1667858400000,10007.938890332865
1667862000000,10007.938890332865
1667865600000,10007.938890332865
1667869200000,10007.938890332865
1667872800000,10007.938890332865
1667876400000,10007.938890332865
1667880000000,10007.938890332865
1667883600000,10007.938890332865
1667887200000,10007.938890332865
1667890800000,10007.938890332865
1667894400000,10007.938890332865
1667898000000,10007.938890332865
1667901600000,10007.938890332865
1667905200000,10007.938890332865
1667908800000,10007.938890332865
1667912400000,10007.938890332865
1667916000000,10007.938890332865
1667919600000,10007.938890332865
1667923200000,10007.938890332865
1667926800000,10007.938890332865
1667930400000,10007.938890332865
1667934000000,10007.938890332865
1667937600000,10007.938890332865
1667941200000,10007.938890332865
1667944800000,10007.938890332865
1667948400000,10007.938890332865
1667952000000,10007.938890332865
1667955600000,10007.938890332865
1667959200000,10007.938890332865
1667962800000,10007.938890332865
1667966400000,10007.938890332865
1667970000000,10007.938890332865
1667973600000,10007.938890332865
1667977200000,10007.938890332865
1667980800000,10007.938890332865
1667984400000,10007.938890332865
1667988000000,10007.938890332865
1667991600000,10007.938890332865
1667995200000,10007.938890332865
1667998800000,10007.938890332865
1668002400000,10007.938890332865
1668006000000,10007.938890332865
1668009600000,10007.938890332865
1668013200000,10007.938890332865
1668016800000,10007.938890332865
1668020400000,10007.938890332865
1668024000000,10007.938890332865
1668027600000,10007.938890332865
1668031200000,10007.938890332865
1668034800000,10007.938890332865
1668038400000,10007.938890332865
1668042000000,10007.938890332865
1668045600000,10007.938890332865
1668049200000,10007.938890332865
1668052800000,10007.938890332865
1668056400000,10007.938890332865
1668060000000,10007.938890332865
1668063600000,10007.938890332865
1668067200000,10007.938890332865
1668070800000,10007.938890332865
1668074400000,10007.938890332865
1668078000000,10007.938890332865
1668081600000,10007.938890332865
1668085200000,10007.938890332865
1668088800000,10007.938890332865
1668092400000,10007.938890332865
1668096000000,10007.938890332865
1668099600000,10007.938890332865
1668103200000,10007.938890332865
1668106800000,10007.938890332865
1668110400000,10007.938890332865
1668114000000,10007.938890332865
1668117600000,10007.938890332865
1668121200000,10007.938890332865
1668124800000,10007.938890332865
1668128400000,10007.938890332865
1668132000000,10007.938890332865
1668135600000,10007.938890332865
1668139200000,10007.938890332865
1668142800000,10007.938890332865
1668146400000,10007.938890332865
1668150000000,10007.938890332865
1668153600000,10007.938890332865
1668157200000,10007.938890332865
1668160800000,10007.938890332865
1668164400000,10007.938890332865
1668168000000,10007.938890332865
1668171600000,10007.938890332865
1668175200000,10007.938890332865
1668178800000,10007.938890332865
1668182400000,10007.938890332865
1668186000000,10007.938890332865
1668189600000,10007.938890332865
1668193200000,10007.938890332865
1668196800000,10007.938890332865
1668200400000,10007.938890332865
1668204000000,10007.938890332865
1668207600000,10007.938890332865
1668211200000,10007.938890332865
1668214800000,10007.938890332865
1668218400000,10007.938890332865
1668222000000,10007.938890332865
1668225600000,10007.938890332865
1668229200000,10007.938890332865
1668232800000,10007.938890332865
1668236400000,10007.938890332865
1668240000000,10007.938890332865
1668243600000,10007.938890332865
1668247200000,10007.938890332865
1668250800000,10007.938890332865
1668254400000,10007.938890332865
1668258000000,10007.938890332865
1668261600000,10007.938890332865
1668265200000,10007.938890332865
1668268800000,10007.938890332865
1668272400000,10007.938890332865
1668276000000,10007.938890332865
1668279600000,10007.938890332865
1668283200000,10007.938890332865
1668286800000,10007.938890332865
1668290400000,10007.938890332865
1668294000000,10007.938890332865
1668297600000,10007.938890332865
1668301200000,10007.938890332865
1668304800000,10007.938890332865
1668308400000,10007.938890332865
1668312000000,10007.938890332865
1668315600000,10007.938890332865
1668319200000,10007.938890332865
1668322800000,10007.938890332865
1668326400000,10007.938890332865
1668330000000,10007.938890332865
1668333600000,10007.938890332865
1668337200000,10007.938890332865
1668340800000,10007.938890332865
1668344400000,10007.938890332865
1668348000000,10007.938890332865
1668351600000,10007.938890332865
1668355200000,10007.938890332865
1668358800000,10007.938890332865
1668362400000,10007.938890332865
1668366000000,10007.938890332865
1668369600000,10007.938890332865
1668373200000,10007.938890332865
1668376800000,10007.938890332865
1668380400000,10007.938890332865
1668384000000,10007.938890332865
1668387600000,10007.938890332865
1668391200000,10007.938890332865
1668394800000,10007.938890332865
1668398400000,10007.938890332865
1668402000000,10007.938890332865
1668405600000,10007.938890332865
1668409200000,10007.938890332865
1668412800000,10007.938890332865
1668416400000,10007.938890332865
1668420000000,10007.938890332865
1668423600000,10007.938890332865
1668427200000,10007.938890332865
1668430800000,10007.938890332865
1668434400000,10007.938890332865
1668438000000,10007.938890332865
1668441600000,10007.938890332865
1668445200000,10007.938890332865
1668448800000,10007.938890332865
1668452400000,10007.938890332865
1668456000000,10007.938890332865
1668459600000,10007.938890332865
1668463200000,10007.938890332865
1668466800000,10007.938890332865
1668470400000,10007.938890332865
1668474000000,10007.938890332865
1668477600000,10007.938890332865
1668481200000,10007.938890332865
1668484800000,10007.938890332865
1668488400000,10007.938890332865
1668492000000,10007.938890332865
1668495600000,10007.938890332865
1668499200000,10007.938890332865
1668502800000,10007.938890332865
1668506400000,10007.938890332865
1668510000000,10007.938890332865
1668513600000,10007.938890332865
1668517200000,10007.938890332865
1668520800000,10007.938890332865
1668524400000,10007.938890332865
1668528000000,10007.938890332865
1668531600000,10007.938890332865
1668535200000,10007.938890332865
1668538800000,10007.938890332865
1668542400000,10007.938890332865
1668546000000,10007.938890332865
1668549600000,10007.938890332865
1668553200000,10007.938890332865
1668556800000,10007.938890332865
1668560400000,10007.938890332865
1668564000000,10007.938890332865
1668567600000,10007.938890332865
1668571200000,10007.938890332865
1668574800000,10007.938890332865
1668578400000,10007.938890332865
1668582000000,10007.938890332865
1668585600000,10007.938890332865
1668589200000,10007.938890332865
1668592800000,10007.938890332865
1668596400000,10007.938890332865
1668600000000,10007.938890332865
1668603600000,10007.938890332865
1668607200000,10007.938890332865
1668610800000,10007.938890332865
1668614400000,10007.938890332865
1668618000000,10007.938890332865
1668621600000,10007.938890332865
1668625200000,10007.938890332865
1668628800000,10007.938890332865
1668632400000,10007.938890332865
1668636000000,10007.938890332865
1668639600000,10007.938890332865
1668643200000,10007.938890332865
1668646800000,10007.938890332865
1668650400000,10007.938890332865
1668654000000,10007.938890332865
1668657600000,10007.938890332865
1668661200000,10007.938890332865
1668664800000,10007.938890332865
1668668400000,10007.938890332865
1668672000000,10007.938890332865
1668675600000,10007.938890332865
1668679200000,10007.938890332865
1668682800000,10007.938890332865
1668686400000,10007.938890332865
1668690000000,10007.938890332865
1668693600000,10007.938890332865
1668697200000,10007.938890332865
1668700800000,10007.938890332865
1668704400000,10007.938890332865
1668708000000,10007.938890332865
1668711600000,10007.938890332865
1668715200000,10007.938890332865
1668718800000,10007.938890332865
1668722400000,10007.938890332865
1668726000000,10007.938890332865
1668729600000,10007.938890332865
1668733200000,10007.938890332865
1668736800000,10007.938890332865
1668740400000,10007.938890332865
1668744000000,10007.938890332865
1668747600000,10007.938890332865
1668751200000,10007.938890332865
1668754800000,10007.938890332865
1668758400000,10007.938890332865
1668762000000,10007.938890332865
1668765600000,10007.938890332865
1668769200000,10007.938890332865
1668772800000,10007.938890332865
1668776400000,10007.938890332865
1668780000000,10007.938890332865
1668783600000,10007.938890332865
1668787200000,10007.938890332865
1668790800000,10007.938890332865
1668794400000,10007.938890332865
1668798000000,10007.938890332865
1668801600000,10007.938890332865
1668805200000,10007.938890332865
1668808800000,10007.938890332865
1668812400000,10007.938890332865
1668816000000,10007.938890332865
1668819600000,10007.938890332865
1668823200000,10007.938890332865
1668826800000,10007.938890332865
1668830400000,10007.938890332865
1668834000000,10007.938890332865
1668837600000,10007.938890332865
1668841200000,10007.938890332865
1668844800000,10007.938890332865
1668848400000,10007.938890332865
1668852000000,10007.938890332865
1668855600000,10007.938890332865
1668859200000,10007.938890332865
1668862800000,10007.938890332865
1668866400000,10007.938890332865
1668870000000,10007.938890332865
1668873600000,10007.938890332865
1668877200000,10007.938890332865
1668880800000,10007.938890332865
1668884400000,10007.938890332865
1668888000000,10007.938890332865
1668891600000,10007.938890332865
1668895200000,10007.938890332865
1668898800000,10007.938890332865
1668902400000,10007.938890332865
1668906000000,10007.938890332865
1668909600000,10007.938890332865
1668913200000,10007.938890332865
1668916800000,10007.938890332865
1668920400000,10007.938890332865
1668924000000,10007.938890332865
1668927600000,10007.938890332865
1668931200000,10007.938890332865
1668934800000,10007.938890332865
1668938400000,10007.938890332865
1668942000000,10007.938890332865
1668945600000,10007.938890332865
1668949200000,10007.938890332865
1668952800000,10007.938890332865
1668956400000,10007.938890332865
1668960000000,10007.938890332865
1668963600000,10007.938890332865
1668967200000,10007.938890332865
1668970800000,10007.938890332865
1668974400000,10007.938890332865
1668978000000,10007.938890332865
1668981600000,10007.938890332865
1668985200000,10007.938890332865
1668988800000,10007.938890332865
1668992400000,10007.938890332865
1668996000000,10007.938890332865
1668999600000,10007.938890332865
1669003200000,10007.938890332865
1669006800000,10007.938890332865
1669010400000,10007.938890332865
1669014000000,10007.938890332865
1669017600000,10007.938890332865
1669021200000,10007.938890332865
1669024800000,10007.938890332865
1669028400000,10007.938890332865
1669032000000,10007.938890332865
1669035600000,10007.938890332865
1669039200000,10007.938890332865
1669042800000,10007.938890332865
1669046400000,10007.938890332865
1669050000000,10007.938890332865
1669053600000,10007.938890332865
1669057200000,10007.938890332865
1669060800000,10007.938890332865
1669064400000,10007.938890332865
1669068000000,10007.938890332865
1669071600000,10007.938890332865
1669075200000,10007.938890332865
1669078800000,10007.938890332865
1669082400000,10007.938890332865
1669086000000,10007.938890332865
1669089600000,10007.938890332865
1669093200000,10007.938890332865
1669096800000,10007.938890332865
1669100400000,10007.938890332865
1669104000000,10007.938890332865
1669107600000,10007.938890332865
1669111200000,10007.938890332865
1669114800000,10007.938890332865
1669118400000,10007.938890332865
1669122000000,10007.938890332865
1669125600000,10007.938890332865
1669129200000,10007.938890332865
1669132800000,10007.938890332865
1669136400000,10007.938890332865
1669140000000,10007.938890332865
1669143600000,10007.938890332865
1669147200000,10007.938890332865
1669150800000,10007.938890332865
1669154400000,10007.938890332865
1669158000000,10007.938890332865
1669161600000,10007.938890332865
1669165200000,10007.938890332865
1669168800000,10007.938890332865
1669172400000,10007.938890332865
1669176000000,10007.938890332865
1669179600000,10007.938890332865
1669183200000,10007.938890332865
1669186800000,10007.938890332865
1669190400000,10007.938890332865
1669194000000,10007.938890332865
1669197600000,10007.938890332865
1669201200000,10007.938890332865
1669204800000,10007.938890332865
1669208400000,10007.938890332865
1669212000000,10007.938890332865
1669215600000,10007.938890332865
1669219200000,10007.938890332865
1669222800000,10007.938890332865
1669226400000,10007.938890332865
1669230000000,10007.938890332865
1669233600000,10007.938890332865
1669237200000,10007.938890332865
1669240800000,10007.938890332865
1669244400000,10007.938890332865
1669248000000,10007.938890332865
1669251600000,10007.938890332865
1669255200000,10007.938890332865
1669258800000,10007.938890332865
1669262400000,10007.938890332865
1669266000000,10007.938890332865
1669269600000,10007.938890332865
1669273200000,10007.938890332865
1669276800000,10007.938890332865
1669280400000,10007.938890332865
1669284000000,10007.938890332865
1669287600000,10007.938890332865
1669291200000,10007.938890332865
1669294800000,10007.938890332865
1669298400000,10007.938890332865
1669302000000,10007.938890332865
1669305600000,10007.938890332865
1669309200000,10007.938890332865
1669312800000,10007.938890332865
1669316400000,10007.938890332865
1669320000000,10007.938890332865
1669323600000,10007.938890332865
1669327200000,10007.938890332865
1669330800000,10007.938890332865
1669334400000,10007.938890332865
1669338000000,10007.938890332865
1669341600000,10007.938890332865
1669345200000,10007.938890332865
1669348800000,10007.938890332865
1669352400000,10007.938890332865
1669356000000,10007.938890332865
1669359600000,10007.938890332865
1669363200000,10007.938890332865
1669366800000,10007.938890332865
1669370400000,10007.938890332865
1669374000000,10007.938890332865
1669377600000,10007.938890332865
1669381200000,10007.938890332865
1669384800000,10007.938890332865
1669388400000,10007.938890332865
1669392000000,10007.938890332865
1669395600000,10007.938890332865
1669399200000,10007.938890332865
1669402800000,10007.938890332865
1669406400000,10007.938890332865
1669410000000,10007.938890332865
1669413600000,10007.938890332865
1669417200000,10007.938890332865
1669420800000,10007.938890332865
1669424400000,10007.938890332865
1669428000000,10007.938890332865
1669431600000,10007.938890332865
1669435200000,10007.938890332865
1669438800000,10007.938890332865
1669442400000,10007.938890332865
1669446000000,10007.938890332865
1669449600000,10007.938890332865
1669453200000,10007.938890332865
1669456800000,10007.938890332865
1669460400000,10007.938890332865
1669464000000,10007.938890332865
1669467600000,10007.938890332865
1669471200000,10007.938890332865
1669474800000,10007.938890332865
1669478400000,10007.938890332865
1669482000000,10007.938890332865
1669485600000,10007.938890332865
1669489200000,10007.938890332865
1669492800000,10007.938890332865
1669496400000,10007.938890332865
1669500000000,10007.938890332865
1669503600000,10007.938890332865
1669507200000,10007.938890332865
1669510800000,10007.938890332865
1669514400000,10007.938890332865
1669518000000,10007.938890332865
1669521600000,10007.938890332865
1669525200000,10007.938890332865
1669528800000,10007.938890332865
1669532400000,10007.938890332865
1669536000000,10007.938890332865
1669539600000,10007.938890332865
1669543200000,10007.938890332865
1669546800000,10007.938890332865
1669550400000,10007.938890332865
1669554000000,10007.938890332865
1669557600000,10007.938890332865
1669561200000,10007.938890332865
1669564800000,10007.938890332865
1669568400000,10007.938890332865
1669572000000,10007.938890332865
1669575600000,10007.938890332865
1669579200000,10007.938890332865
1669582800000,10007.938890332865
1669586400000,10007.938890332865
1669590000000,10007.938890332865
1669593600000,10007.938890332865
1669597200000,10007.938890332865
1669600800000,10007.938890332865
1669604400000,10007.938890332865
1669608000000,10007.938890332865
1669611600000,10007.938890332865
1669615200000,10007.938890332865
1669618800000,10007.938890332865
1669622400000,10007.938890332865
1669626000000,10007.938890332865
1669629600000,10007.938890332865
1669633200000,10007.938890332865
1669636800000,10007.938890332865
1669640400000,10007.938890332865
1669644000000,10007.938890332865
1669647600000,10007.938890332865
1669651200000,10007.938890332865
1669654800000,10007.938890332865
1669658400000,10007.938890332865
1669662000000,10007.938890332865
1669665600000,10007.938890332865
1669669200000,10007.938890332865
1669672800000,10007.938890332865
1669676400000,10007.938890332865
1669680000000,10007.938890332865
1669683600000,10007.938890332865
1669687200000,10007.938890332865
1669690800000,10007.938890332865
1669694400000,10007.938890332865
1669698000000,10007.938890332865
1669701600000,10007.938890332865
1669705200000,10007.938890332865
1669708800000,10007.938890332865
1669712400000,10007.938890332865
1669716000000,10007.938890332865
1669719600000,10007.938890332865
1669723200000,10007.938890332865
1669726800000,10007.938890332865
1669730400000,10007.938890332865
1669734000000,10007.938890332865
1669737600000,10007.938890332865
1669741200000,10007.938890332865
1669744800000,10007.938890332865
1669748400000,10007.938890332865
1669752000000,10007.938890332865
1669755600000,10007.938890332865
1669759200000,10007.938890332865
1669762800000,10007.938890332865
1669766400000,10007.938890332865
1669770000000,10007.938890332865
1669773600000,10007.938890332865
1669777200000,10007.938890332865
1669780800000,10007.938890332865
1669784400000,10007.938890332865
1669788000000,10007.938890332865
1669791600000,10007.938890332865
1669795200000,10007.938890332865
1669798800000,10007.938890332865
1669802400000,10007.938890332865
1669806000000,10007.938890332865
1669809600000,10007.938890332865
1669813200000,10007.938890332865
1669816800000,10007.938890332865
1669820400000,10007.938890332865
1669824000000,10007.938890332865
1669827600000,10007.938890332865
1669831200000,10007.938890332865
1669834800000,10007.938890332865
1669838400000,10007.938890332865
1669842000000,10007.938890332865
1669845600000,10007.938890332865
1669849200000,10007.938890332865
1669852800000,10007.938890332865
1669856400000,10007.938890332865
1669860000000,10007.938890332865
1669863600000,10007.938890332865
1669867200000,10007.938890332865
1669870800000,10007.938890332865
1669874400000,10007.938890332865
1669878000000,10007.938890332865
1669881600000,10007.938890332865
1669885200000,10007.938890332865
1669888800000,10007.938890332865
1669892400000,10007.938890332865
1669896000000,10007.938890332865
1669899600000,10007.938890332865
1669903200000,10007.938890332865
1669906800000,10007.938890332865
1669910400000,10007.938890332865
1669914000000,10007.938890332865
1669917600000,10007.938890332865
1669921200000,10007.938890332865
1669924800000,10007.938890332865
1669928400000,10007.938890332865
1669932000000,10007.938890332865
1669935600000,10007.938890332865
1669939200000,10007.938890332865
1669942800000,10007.938890332865
1669946400000,10007.938890332865
1669950000000,10007.938890332865
1669953600000,10007.938890332865
1669957200000,10007.938890332865
1669960800000,10007.938890332865
1669964400000,10007.938890332865
1669968000000,10007.938890332865
1669971600000,10007.938890332865
1669975200000,10007.938890332865
1669978800000,10007.938890332865
1669982400000,10007.938890332865
1669986000000,10007.938890332865
1669989600000,10007.938890332865
1669993200000,10007.938890332865
1669996800000,10007.938890332865
1670000400000,10007.938890332865
1670004000000,10007.938890332865
1670007600000,10007.938890332865
1670011200000,10007.938890332865
1670014800000,10007.938890332865
1670018400000,10007.938890332865
1670022000000,10007.938890332865
1670025600000,10007.938890332865
1670029200000,10007.938890332865
1670032800000,10007.938890332865
1670036400000,10007.938890332865
1670040000000,10007.938890332865
1670043600000,10007.938890332865
1670047200000,10007.938890332865
1670050800000,10007.938890332865
1670054400000,10007.938890332865
1670058000000,10007.938890332865
1670061600000,10007.938890332865
1670065200000,10007.938890332865
1670068800000,10007.938890332865
1670072400000,10007.938890332865
1670076000000,10007.938890332865
1670079600000,10007.938890332865
1670083200000,10007.938890332865
1670086800000,10007.938890332865
1670090400000,10007.938890332865
1670094000000,10007.938890332865
1670097600000,10007.938890332865
1670101200000,10007.938890332865
1670104800000,10007.938890332865
1670108400000,10007.938890332865
1670112000000,10007.938890332865
1670115600000,10007.938890332865
1670119200000,10007.938890332865
1670122800000,10007.938890332865
1670126400000,10007.938890332865
1670130000000,10007.938890332865
1670133600000,10007.938890332865
1670137200000,10007.938890332865
1670140800000,10007.938890332865
1670144400000,10007.938890332865
1670148000000,10007.938890332865
1670151600000,10007.938890332865
1670155200000,10007.938890332865
1670158800000,10007.938890332865
1670162400000,10007.938890332865
1670166000000,10007.938890332865
1670169600000,10007.938890332865
1670173200000,10007.938890332865
1670176800000,10007.938890332865
1670180400000,10007.938890332865
1670184000000,10007.938890332865
1670187600000,10007.938890332865
1670191200000,10007.938890332865
1670194800000,10007.938890332865
1670198400000,10007.938890332865
1670202000000,10007.938890332865
1670205600000,10007.938890332865
1670209200000,10007.938890332865
1670212800000,10007.938890332865
1670216400000,10007.938890332865
1670220000000,10007.938890332865
1670223600000,10007.938890332865
1670227200000,10007.938890332865
1670230800000,10007.938890332865
1670234400000,10007.938890332865
1670238000000,10007.938890332865
1670241600000,10007.938890332865
1670245200000,10007.938890332865
1670248800000,10007.938890332865
1670252400000,10007.938890332865
1670256000000,10007.938890332865
1670259600000,10007.938890332865
1670263200000,10007.938890332865
1670266800000,10007.938890332865
1670270400000,10007.938890332865
1670274000000,10007.938890332865
1670277600000,10007.938890332865
1670281200000,10007.938890332865
1670284800000,10007.938890332865
1670288400000,10007.938890332865
1670292000000,10007.938890332865
1670295600000,10007.938890332865
1670299200000,10007.938890332865
1670302800000,10007.938890332865
1670306400000,10007.938890332865
1670310000000,10007.938890332865
1670313600000,10007.938890332865
1670317200000,10007.938890332865
1670320800000,10007.938890332865
1670324400000,10007.938890332865
1670328000000,10007.938890332865
1670331600000,10007.938890332865
1670335200000,10007.938890332865
1670338800000,10007.938890332865
1670342400000,10007.938890332865
1670346000000,10007.938890332865
1670349600000,10007.938890332865
1670353200000,10007.938890332865
1670356800000,10007.938890332865
1670360400000,10007.938890332865
1670364000000,10007.938890332865
1670367600000,10007.938890332865
1670371200000,10007.938890332865
1670374800000,10007.938890332865
1670378400000,10007.938890332865
1670382000000,10007.938890332865
1670385600000,10007.938890332865
1670389200000,10007.938890332865
1670392800000,10007.938890332865
1670396400000,10007.938890332865
1670400000000,10007.938890332865
1670403600000,10007.938890332865
1670407200000,10007.938890332865
1670410800000,10007.938890332865
1670414400000,10007.938890332865
1670418000000,10007.938890332865
1670421600000,10007.938890332865
1670425200000,10007.938890332865
1670428800000,10007.938890332865
1670432400000,10007.938890332865
1670436000000,10007.938890332865
1670439600000,10007.938890332865
1670443200000,10007.938890332865
1670446800000,10007.938890332865
1670450400000,10007.938890332865
1670454000000,10007.938890332865
1670457600000,10007.938890332865
1670461200000,10007.938890332865
1670464800000,10007.938890332865
1670468400000,10007.938890332865
1670472000000,10007.938890332865
1670475600000,10007.938890332865
1670479200000,10007.938890332865
1670482800000,10007.938890332865
1670486400000,10007.938890332865
1670490000000,10007.938890332865
1670493600000,10007.938890332865
1670497200000,10007.938890332865
1670500800000,10007.938890332865
1670504400000,10007.938890332865
1670508000000,10007.938890332865
1670511600000,10007.938890332865
1670515200000,10007.938890332865
1670518800000,10007.938890332865
1670522400000,10007.938890332865
1670526000000,10007.938890332865
1670529600000,10007.938890332865
1670533200000,10007.938890332865
1670536800000,10007.938890332865
1670540400000,10007.938890332865
1670544000000,10007.938890332865
1670547600000,10007.938890332865
1670551200000,10007.938890332865
1670554800000,10007.938890332865
1670558400000,10007.938890332865
1670562000000,10007.938890332865
1670565600000,10007.938890332865
1670569200000,10007.938890332865
1670572800000,10007.938890332865
1670576400000,10007.938890332865
1670580000000,10007.938890332865
1670583600000,10007.938890332865
1670587200000,10007.938890332865
1670590800000,10007.938890332865
1670594400000,10007.938890332865
1670598000000,10007.938890332865
1670601600000,10007.938890332865
1670605200000,10007.938890332865
1670608800000,10007.938890332865
1670612400000,10007.938890332865
1670616000000,10007.938890332865
1670619600000,10007.938890332865
1670623200000,10007.938890332865
1670626800000,10007.938890332865
1670630400000,10007.938890332865
1670634000000,10007.938890332865
1670637600000,10007.938890332865
1670641200000,10007.938890332865
1670644800000,10007.938890332865
1670648400000,10007.938890332865
1670652000000,10007.938890332865
1670655600000,10007.938890332865
1670659200000,10007.938890332865
1670662800000,10007.938890332865
1670666400000,10007.938890332865
1670670000000,10007.938890332865
1670673600000,10007.938890332865
1670677200000,10007.938890332865
1670680800000,10007.938890332865
1670684400000,10007.938890332865
1670688000000,10007.938890332865
1670691600000,10007.938890332865
1670695200000,10007.938890332865
1670698800000,10007.938890332865
1670702400000,10007.938890332865
1670706000000,10007.938890332865
1670709600000,10007.938890332865
1670713200000,10007.938890332865
1670716800000,10007.938890332865
1670720400000,10007.938890332865
1670724000000,10007.938890332865
1670727600000,10007.938890332865
1670731200000,10007.938890332865
1670734800000,10007.938890332865
1670738400000,10007.938890332865
1670742000000,10007.938890332865
1670745600000,10007.938890332865
1670749200000,10007.938890332865
1670752800000,10007.938890332865
1670756400000,10007.938890332865
1670760000000,10007.938890332865
1670763600000,10007.938890332865
1670767200000,10007.938890332865
1670770800000,10007.938890332865
1670774400000,10007.938890332865
1670778000000,10007.938890332865
1670781600000,10007.938890332865
1670785200000,10007.938890332865
1670788800000,10007.938890332865
1670792400000,10007.938890332865
1670796000000,10007.938890332865
1670799600000,10007.938890332865
1670803200000,10007.938890332865
1670806800000,10007.938890332865
1670810400000,10007.938890332865
1670814000000,10007.938890332865
1670817600000,10007.938890332865
1670821200000,10007.938890332865
1670824800000,10007.938890332865
1670828400000,10007.938890332865
1670832000000,10007.938890332865
1670835600000,10007.938890332865
1670839200000,10007.938890332865
1670842800000,10007.938890332865
1670846400000,10007.938890332865
1670850000000,10007.938890332865
1670853600000,10007.938890332865
1670857200000,10007.938890332865
1670860800000,10007.938890332865
1670864400000,10007.938890332865
1670868000000,10007.938890332865
1670871600000,10007.938890332865
1670875200000,10007.938890332865
1670878800000,10007.938890332865
1670882400000,10007.938890332865
1670886000000,10007.938890332865
1670889600000,10007.938890332865
1670893200000,10007.938890332865
1670896800000,10007.938890332865
1670900400000,10007.938890332865
1670904000000,10007.938890332865
1670907600000,10007.938890332865
1670911200000,10007.938890332865
1670914800000,10007.938890332865
1670918400000,10007.938890332865
1670922000000,10007.938890332865
1670925600000,10007.938890332865
1670929200000,10007.938890332865
1670932800000,10007.938890332865
1670936400000,10007.938890332865
1670940000000,10007.938890332865
1670943600000,10007.938890332865
1670947200000,10007.938890332865
1670950800000,10007.938890332865
1670954400000,10007.938890332865
1670958000000,10007.938890332865
1670961600000,10007.938890332865
1670965200000,10007.938890332865
1670968800000,10007.938890332865
1670972400000,10007.938890332865
1670976000000,10007.938890332865
1670979600000,10007.938890332865
1670983200000,10007.938890332865
1670986800000,10007.938890332865
1670990400000,10007.938890332865
1670994000000,10007.938890332865
1670997600000,10007.938890332865
1671001200000,10007.938890332865
1671004800000,10007.938890332865
1671008400000,10007.938890332865
1671012000000,10007.938890332865
1671015600000,10007.938890332865
1671019200000,10007.938890332865
1671022800000,10007.938890332865
1671026400000,10007.938890332865
1671030000000,10007.938890332865
1671033600000,10007.938890332865
1671037200000,10007.938890332865
1671040800000,10007.938890332865
1671044400000,10007.938890332865
1671048000000,10007.938890332865
1671051600000,10007.938890332865
1671055200000,10007.938890332865
1671058800000,10007.938890332865
1671062400000,10007.938890332865
1671066000000,10007.938890332865
1671069600000,10007.938890332865
1671073200000,10007.938890332865
1671076800000,10007.938890332865
1671080400000,10007.938890332865
1671084000000,10007.938890332865
1671087600000,10007.938890332865
1671091200000,10007.938890332865
1671094800000,10007.938890332865
1671098400000,10007.938890332865
1671102000000,10007.938890332865
1671105600000,10007.938890332865
1671109200000,10007.938890332865
1671112800000,10007.938890332865
1671116400000,10007.938890332865
1671120000000,10007.938890332865
1671123600000,10007.938890332865
1671127200000,10007.938890332865
1671130800000,10007.938890332865
1671134400000,10007.938890332865
1671138000000,10007.938890332865
1671141600000,10007.938890332865
1671145200000,10007.938890332865
1671148800000,10007.938890332865
1671152400000,10007.938890332865
1671156000000,10007.938890332865
1671159600000,10007.938890332865
1671163200000,10007.938890332865
1671166800000,10007.938890332865
1671170400000,10007.938890332865
1671174000000,10007.938890332865
1671177600000,10007.938890332865
1671181200000,10007.938890332865
1671184800000,10007.938890332865
1671188400000,10007.938890332865
1671192000000,10007.938890332865
1671195600000,10007.938890332865
1671199200000,10007.938890332865
1671202800000,10007.938890332865
1671206400000,10007.938890332865
1671210000000,10007.938890332865
1671213600000,10007.938890332865
1671217200000,10007.938890332865
1671220800000,10007.938890332865
1671224400000,10007.938890332865
1671228000000,10007.938890332865
1671231600000,10007.938890332865
1671235200000,10007.938890332865
1671238800000,10007.938890332865
1671242400000,10007.938890332865
1671246000000,10007.938890332865
1671249600000,10007.938890332865
1671253200000,10007.938890332865
1671256800000,10007.938890332865
1671260400000,10007.938890332865
1671264000000,10007.938890332865
1671267600000,10007.938890332865
1671271200000,10007.938890332865
1671274800000,10007.938890332865
1671278400000,10007.938890332865
1671282000000,10007.938890332865
1671285600000,10007.938890332865
1671289200000,10007.938890332865
1671292800000,10007.938890332865
1671296400000,10007.938890332865
1671300000000,10007.938890332865
1671303600000,10007.938890332865
1671307200000,10007.938890332865
1671310800000,10007.938890332865
1671314400000,10007.938890332865
1671318000000,10007.938890332865
1671321600000,10007.938890332865
1671325200000,10007.938890332865
1671328800000,10007.938890332865
1671332400000,10007.938890332865
1671336000000,10007.938890332865
1671339600000,10007.938890332865
1671343200000,10007.938890332865
1671346800000,10007.938890332865
1671350400000,10007.938890332865
1671354000000,10007.938890332865
1671357600000,10007.938890332865
1671361200000,10007.938890332865
1671364800000,10007.938890332865
1671368400000,10007.938890332865
1671372000000,10007.938890332865
1671375600000,10007.938890332865
1671379200000,10007.938890332865
1671382800000,10007.938890332865
1671386400000,10007.938890332865
1671390000000,10007.938890332865
1671393600000,10007.938890332865
1671397200000,10007.938890332865
1671400800000,10007.938890332865
1671404400000,10007.938890332865
1671408000000,10007.938890332865
1671411600000,10007.938890332865
1671415200000,10007.938890332865
1671418800000,10007.938890332865
1671422400000,10007.938890332865
1671426000000,10007.938890332865
1671429600000,10007.938890332865
1671433200000,10007.938890332865
1671436800000,10007.938890332865
1671440400000,10007.938890332865
1671444000000,10007.938890332865
1671447600000,10007.938890332865
1671451200000,10007.938890332865
1671454800000,10007.938890332865
1671458400000,10007.938890332865
1671462000000,10007.938890332865
1671465600000,10007.938890332865
1671469200000,10007.938890332865
1671472800000,10007.938890332865
1671476400000,10007.938890332865
1671480000000,10007.938890332865
1671483600000,10007.938890332865
1671487200000,10007.938890332865
1671490800000,10007.938890332865
1671494400000,10007.938890332865
1671498000000,10007.938890332865
1671501600000,10007.938890332865
1671505200000,10007.938890332865
1671508800000,10007.938890332865
1671512400000,10007.938890332865
1671516000000,10007.938890332865
1671519600000,10007.938890332865
1671523200000,10007.938890332865
1671526800000,10007.938890332865
1671530400000,10007.938890332865
1671534000000,10007.938890332865
1671537600000,10007.38525307321
1671541200000,10007.263153073209
1671544800000,10008.188153073208
1671548400000,10003.655653073209
1671552000000,10003.95813336183
1671555600000,10006.42233336183
1671559200000,10007.67663336183
1671562800000,10006.69983336183
1671566400000,10004.46873336183
1671570000000,10005.37153336183
1671573600000,10005.660133361831
1671577200000,10004.90903336183
1671580800000,10004.792042195002
1671584400000,10006.886242195002
1671588000000,10005.624542195
1671591600000,10006.283142195001
1671595200000,10006.834442195
1671598800000,10008.443942195001
1671602400000,10006.790042195002
1671606000000,10006.708642195
1671609600000,10007.763192820768
1671613200000,10005.93539282077
1671616800000,10005.602392820769
1671620400000,10005.890992820769
1671624000000,10005.076992820768
1671627600000,10006.65319282077
1671631200000,10006.534792820768
1671634800000,10008.614192820769
1671638400000,10005.808773740595
1671642000000,10008.520873740594
1671645600000,10007.629173740594
1671649200000,10008.568973740594
1671652800000,10010.348673740595
1671656400000,10009.098073740593
1671660000000,10008.613373740594
1671663600000,10009.142473740594
1671667200000,10007.521535006948
1671670800000,10006.385635006949
1671674400000,10007.65843500695
1671678000000,10006.27833500695
1671681600000,10006.293135006948
1671685200000,10006.859235006948
1671688800000,10007.51783500695
1671692400000,10007.972935006948
1671696000000,10007.235662957188
1671699600000,10006.869362957188
1671703200000,10006.606662957189
1671706800000,10007.424362957188
1671710400000,10006.821262957188
1671714000000,10007.698162957187
1671717600000,10009.056062957188
1671721200000,10012.904062957188
1671724800000,10014.272957624877
1671728400000,10013.751257624877
1671732000000,10016.744557624877
1671735600000,10014.842757624876
1671739200000,10013.725357624877
1671742800000,10008.545357624876
1671746400000,10008.330757624877
1671750000000,10008.264157624877
1671753600000,10007.368075664961
1671757200000,10009.04047566496
1671760800000,10008.23387566496
1671764400000,10005.52177566496
1671768000000,10007.19787566496
1671771600000,10006.935175664961
1671775200000,10007.549375664961
1671778800000,10006.801975664961
1671782400000,10006.44619143496
1671786000000,10006.96049143496
1671789600000,10006.86059143496
1671793200000,10006.20939143496
1671796800000,10006.73479143496
1671800400000,10005.63959143496
1671804000000,10006.81619143496
1671807600000,10008.347991434961
1671811200000,10007.385917800408
1671814800000,10007.363717800408
1671818400000,10006.856817800408
1671822000000,10007.134317800408
1671825600000,10006.875317800408
1671829200000,10008.211017800408
1671832800000,10008.085217800408
1671836400000,10008.821517800408
1671840000000,10009.24619048041
1671843600000,10008.31379048041
1671847200000,10008.328590480409
1671850800000,10007.562690480408
1671854400000,10006.996590480408
1671858000000,10007.61449048041
1671861600000,10007.76989048041
1671865200000,10007.984490480409
1671868800000,10006.881874845836
1671872400000,10007.484974845836
1671876000000,10007.466474845836
1671879600000,10007.699574845838
1671883200000,10007.740274845837
1671886800000,10007.721774845837
1671890400000,10007.973374845837
1671894000000,10007.447974845836
1671897600000,10007.253621185366
1671901200000,10007.283221185366
1671904800000,10006.942821185366
1671908400000,10007.101921185365
1671912000000,10007.087121185366
1671915600000,10007.146321185366
1671919200000,10007.923321185366
1671922800000,10007.656921185366
1671926400000,10006.980371683472
1671930000000,10006.980371683472
1671933600000,10006.980371683472
1671937200000,10006.980371683472
1671940800000,10006.980371683472
1671944400000,10006.980371683472
1671948000000,10006.980371683472
1671951600000,10006.980371683472
1671955200000,10006.980371683472
1671958800000,10006.980371683472
1671962400000,10006.980371683472
1671966000000,10006.980371683472
1671969600000,10006.980371683472
1671973200000,10006.980371683472
1671976800000,10006.980371683472
1671980400000,10006.980371683472
1671984000000,10006.980371683472
1671987600000,10006.980371683472
1671991200000,10006.980371683472
1671994800000,10006.980371683472
1671998400000,10006.980371683472
1672002000000,10006.980371683472
1672005600000,10006.980371683472
1672009200000,10006.980371683472
1672012800000,10006.980371683472
1672016400000,10006.980371683472
1672020000000,10006.980371683472
1672023600000,10006.980371683472
1672027200000,10006.980371683472
1672030800000,10006.980371683472
1672034400000,10006.980371683472
1672038000000,10006.980371683472
1672041600000,10006.980371683472
1672045200000,10006.980371683472
1672048800000,10006.980371683472
1672052400000,10006.980371683472
1672056000000,10006.980371683472
1672059600000,10006.980371683472
1672063200000,10006.980371683472
1672066800000,10006.980371683472
1672070400000,10006.980371683472
1672074000000,10006.980371683472
1672077600000,10006.980371683472
1672081200000,10006.980371683472
1672084800000,10006.980371683472
1672088400000,10006.980371683472
1672092000000,10006.980371683472
1672095600000,10006.980371683472
1672099200000,10006.980371683472
1672102800000,10006.980371683472
1672106400000,10006.980371683472
1672110000000,10006.980371683472
1672113600000,10006.980371683472
1672117200000,10006.980371683472
1672120800000,10006.980371683472
1672124400000,10006.980371683472
1672128000000,10006.980371683472
1672131600000,10006.980371683472
1672135200000,10006.980371683472
1672138800000,10006.980371683472
1672142400000,10006.980371683472
1672146000000,10006.980371683472
1672149600000,10006.980371683472
1672153200000,10006.980371683472
1672156800000,10006.980371683472
1672160400000,10006.980371683472
1672164000000,10006.980371683472
1672167600000,10006.980371683472
1672171200000,10006.980371683472
1672174800000,10006.980371683472
1672178400000,10006.980371683472
1672182000000,10006.980371683472
1672185600000,10006.980371683472
1672189200000,10006.980371683472
1672192800000,10006.980371683472
1672196400000,10006.980371683472
1672200000000,10006.980371683472
1672203600000,10006.980371683472
1672207200000,10006.980371683472
1672210800000,10006.980371683472
1672214400000,10006.980371683472
1672218000000,10006.980371683472
1672221600000,10006.980371683472
1672225200000,10006.980371683472
1672228800000,10006.980371683472
1672232400000,10006.980371683472
1672236000000,10006.980371683472
1672239600000,10006.980371683472
1672243200000,10006.980371683472
1672246800000,10006.980371683472
1672250400000,10006.980371683472
1672254000000,10006.980371683472
1672257600000,10006.980371683472
1672261200000,10006.980371683472
1672264800000,10006.980371683472
1672268400000,10006.980371683472
1672272000000,10006.980371683472
1672275600000,10006.980371683472
1672279200000,10006.980371683472
1672282800000,10006.980371683472
1672286400000,10006.980371683472
1672290000000,10006.980371683472
1672293600000,10006.980371683472
1672297200000,10006.980371683472
1672300800000,10006.980371683472
1672304400000,10006.980371683472
1672308000000,10006.980371683472
1672311600000,10006.980371683472
1672315200000,10006.980371683472
1672318800000,10006.980371683472
1672322400000,10006.980371683472
1672326000000,10006.980371683472
1672329600000,10006.980371683472
1672333200000,10006.980371683472
1672336800000,10006.980371683472
1672340400000,10006.980371683472
1672344000000,10006.980371683472
1672347600000,10006.980371683472
1672351200000,10006.980371683472
1672354800000,10006.980371683472
1672358400000,10006.980371683472
1672362000000,10006.980371683472
1672365600000,10006.980371683472
1672369200000,10006.980371683472
1672372800000,10006.980371683472
1672376400000,10006.980371683472
1672380000000,10006.980371683472
1672383600000,10006.980371683472
1672387200000,10006.980371683472
1672390800000,10006.980371683472
1672394400000,10006.980371683472
1672398000000,10006.980371683472
1672401600000,10006.980371683472
1672405200000,10006.980371683472
1672408800000,10006.980371683472
1672412400000,10006.980371683472
1672416000000,10006.980371683472
1672419600000,10006.980371683472
1672423200000,10006.980371683472
1672426800000,10006.980371683472
1672430400000,10006.980371683472
1672434000000,10006.980371683472
1672437600000,10006.980371683472
1672441200000,10006.980371683472
1672444800000,10006.980371683472
1672448400000,10006.980371683472
1672452000000,10006.980371683472
1672455600000,10006.980371683472
1672459200000,10006.980371683472
1672462800000,10006.980371683472
1672466400000,10006.980371683472
1672470000000,10006.980371683472
1672473600000,10006.980371683472
1672477200000,10006.980371683472
1672480800000,10006.980371683472
1672484400000,10006.980371683472
1672488000000,10006.980371683472
1672491600000,10006.980371683472
1672495200000,10006.980371683472
1672498800000,10006.980371683472
1672502400000,10006.980371683472
1672506000000,10006.980371683472
1672509600000,10006.980371683472
1672513200000,10006.980371683472
1672516800000,10006.980371683472
1672520400000,10006.980371683472
1672524000000,10006.980371683472
1672527600000,10006.980371683472
1672531200000,10006.980371683472
1672534800000,10006.980371683472
1672538400000,10006.980371683472
1672542000000,10006.980371683472
1672545600000,10006.980371683472
1672549200000,10006.980371683472
1672552800000,10006.980371683472
1672556400000,10006.980371683472
1672560000000,10006.980371683472
1672563600000,10006.980371683472
1672567200000,10006.980371683472
1672570800000,10006.980371683472
1672574400000,10006.980371683472
1672578000000,10006.980371683472
1672581600000,10006.980371683472
1672585200000,10006.980371683472
1672588800000,10006.980371683472
1672592400000,10006.980371683472
1672596000000,10006.980371683472
1672599600000,10006.980371683472
1672603200000,10006.980371683472
1672606800000,10006.980371683472
1672610400000,10006.980371683472
1672614000000,10006.980371683472
1672617600000,10006.980371683472
1672621200000,10006.980371683472
1672624800000,10006.980371683472
1672628400000,10006.980371683472
1672632000000,10006.980371683472
1672635600000,10006.980371683472
1672639200000,10006.980371683472
1672642800000,10006.980371683472
1672646400000,10006.980371683472
1672650000000,10006.980371683472
1672653600000,10006.980371683472
1672657200000,10006.980371683472
1672660800000,10006.980371683472
1672664400000,10006.980371683472
1672668000000,10006.980371683472
1672671600000,10006.980371683472
1672675200000,10006.980371683472
1672678800000,10006.980371683472
1672682400000,10006.980371683472
1672686000000,10006.980371683472
1672689600000,10006.980371683472
1672693200000,10006.980371683472
1672696800000,10006.980371683472
1672700400000,10006.980371683472
1672704000000,10006.980371683472
1672707600000,10006.980371683472
1672711200000,10006.980371683472
1672714800000,10006.980371683472
1672718400000,10006.980371683472
1672722000000,10006.980371683472
1672725600000,10006.980371683472
1672729200000,10006.980371683472
1672732800000,10006.980371683472
1672736400000,10006.980371683472
1672740000000,10006.980371683472
1672743600000,10006.980371683472
1672747200000,10006.980371683472
1672750800000,10006.980371683472
1672754400000,10006.980371683472
1672758000000,10006.980371683472
1672761600000,10006.980371683472
1672765200000,10006.980371683472
1672768800000,10006.980371683472
1672772400000,10006.980371683472
1672776000000,10006.980371683472
1672779600000,10006.980371683472
1672783200000,10006.980371683472
1672786800000,10006.980371683472
1672790400000,10006.980371683472
1672794000000,10006.980371683472
1672797600000,10006.980371683472
1672801200000,10006.980371683472
1672804800000,10006.980371683472
1672808400000,10006.980371683472
1672812000000,10006.980371683472
1672815600000,10006.980371683472
1672819200000,10006.980371683472
1672822800000,10006.980371683472
1672826400000,10006.980371683472
1672830000000,10006.980371683472
1672833600000,10006.980371683472
1672837200000,10006.980371683472
1672840800000,10006.980371683472
1672844400000,10006.980371683472
1672848000000,10006.980371683472
1672851600000,10006.980371683472
1672855200000,10006.980371683472
1672858800000,10006.980371683472
1672862400000,10006.980371683472
1672866000000,10006.980371683472
1672869600000,10006.980371683472
1672873200000,10006.980371683472
1672876800000,10006.980371683472
1672880400000,10006.980371683472
1672884000000,10006.980371683472
1672887600000,10006.980371683472
1672891200000,10006.980371683472
1672894800000,10006.980371683472
1672898400000,10006.980371683472
1672902000000,10006.980371683472
1672905600000,10006.980371683472
1672909200000,10006.980371683472
1672912800000,10006.980371683472
1672916400000,10006.980371683472
1672920000000,10006.980371683472
1672923600000,10006.980371683472
1672927200000,10006.980371683472
1672930800000,10006.980371683472
1672934400000,10006.980371683472
1672938000000,10006.980371683472
1672941600000,10006.980371683472
1672945200000,10006.980371683472
1672948800000,10006.980371683472
1672952400000,10006.980371683472
1672956000000,10006.980371683472
1672959600000,10006.980371683472
1672963200000,10006.980371683472
1672966800000,10006.980371683472
1672970400000,10006.980371683472
1672974000000,10006.980371683472
1672977600000,10006.980371683472
1672981200000,10006.980371683472
1672984800000,10006.980371683472
1672988400000,10006.980371683472
1672992000000,10006.980371683472
1672995600000,10006.980371683472
1672999200000,10006.980371683472
1673002800000,10006.980371683472
1673006400000,10006.980371683472
1673010000000,10006.980371683472
1673013600000,10006.980371683472
1673017200000,10006.980371683472
1673020800000,10006.980371683472
1673024400000,10006.980371683472
1673028000000,10006.980371683472
1673031600000,10006.980371683472
1673035200000,10006.980371683472
1673038800000,10006.980371683472
1673042400000,10006.980371683472
1673046000000,10006.980371683472
1673049600000,10006.980371683472
1673053200000,10006.980371683472
1673056800000,10006.980371683472
1673060400000,10006.980371683472
1673064000000,10006.980371683472
1673067600000,10006.980371683472
1673071200000,10006.980371683472
1673074800000,10006.980371683472
1673078400000,10006.980371683472
1673082000000,10006.980371683472
1673085600000,10006.980371683472
1673089200000,10006.980371683472
1673092800000,10006.980371683472
1673096400000,10006.980371683472
1673100000000,10006.980371683472
1673103600000,10006.980371683472
1673107200000,10006.980371683472
1673110800000,10006.980371683472
1673114400000,10006.980371683472
1673118000000,10006.980371683472
1673121600000,10006.56461788679
1673125200000,10005.979827886791
1673128800000,10006.176687886791
1673132400000,10004.87393788679
1673136000000,10005.941076353902
1673139600000,10004.053536353902
1673143200000,10004.736756353903
1673146800000,10004.429886353902
1673150400000,10005.223116353902
1673154000000,10004.742546353902
1673157600000,10005.784746353902
1673161200000,10006.039506353902
1673164800000,10005.436498365027
1673168400000,10005.193318365027
1673172000000,10005.361228365025
1673175600000,10005.060148365026
1673179200000,10004.023738365026
1673182800000,10004.550628365027
1673186400000,10005.424918365026
1673190000000,10007.167708365027
1673193600000,10012.575397868415
1673197200000,10005.992167868415
1673200800000,10005.401587868415
1673204400000,10006.385887868415
1673208000000,10006.067437868414
1673211600000,10009.570387868414
1673215200000,10009.095607868416
1673218800000,10009.506697868415
1673222400000,10020.30757907662
1673226000000,10023.578929076619
1673229600000,10022.82622907662
1673233200000,10030.02898907662
1673236800000,10032.39709907662
1673240400000,10032.808189076619
1673244000000,10031.29699907662
1673247600000,10031.81809907662
1673251200000,10033.184602206573
1673254800000,10032.825622206572
1673258400000,10037.006002206574
1673262000000,10039.848892206574
1673265600000,10037.527102206574
1673269200000,10038.111892206573
1673272800000,10038.007672206573
1673276400000,10041.163222206573
1673280000000,10048.022299541
1673283600000,10048.913959541
1673287200000,10050.257239541
1673290800000,10046.951149541
1673294400000,10044.467239541
1673298000000,10038.926209541001
1673301600000,10037.374489541
1673305200000,10038.590389541001
1673308800000,10038.450242416484
1673312400000,10042.485872416484
1673316000000,10040.853092416484
1673319600000,10039.104512416485
1673323200000,10041.223652416484
1673326800000,10042.752212416484
1673330400000,10042.485872416484
1673334000000,10041.206282416484
1673337600000,10039.716912145122
1673341200000,10042.258722145121
1673344800000,10043.978352145123
1673348400000,10045.663242145121
1673352000000,10043.225652145122
1673355600000,10041.980802145123
1673359200000,10044.846852145121
1673362800000,10044.487872145122
1673366400000,10046.037637398385
1673370000000,10043.113687398387
1673373600000,10044.671197398386
1673377200000,10049.297407398386
1673380800000,10049.285827398386
1673384400000,10050.466987398386
1673388000000,10048.660507398386
1673391600000,10046.929297398387
1673395200000,10046.776717002385
1673398800000,10047.818917002385
1673402400000,10048.189477002386
1673406000000,10044.026467002386
1673409600000,10043.945407002386
1673413200000,10043.835397002385
1673416800000,10043.123227002387
1673420400000,10045.468177002385
1673424000000,10046.635733397387
1673427600000,10045.917773397387
1673431200000,10046.375183397386
1673434800000,10046.068313397387
1673438400000,10045.871453397387
1673442000000,10044.974003397387
1673445600000,10044.950843397386
1673449200000,10044.510803397387
1673452800000,10038.97166132659
1673456400000,10040.726031326589
1673460000000,10041.797181326589
1673463600000,10048.02143132659
1673467200000,10051.61123132659
1673470800000,10051.04960132659
1673474400000,10051.56491132659
1673478000000,10055.849511326589
1673481600000,10077.14575606759
1673485200000,10089.449506067589
1673488800000,10084.58011606759
1673492400000,10083.98374606759
1673496000000,10084.528006067589
1673499600000,10086.49081606759
1673503200000,10082.316226067589
1673506800000,10083.77530606759
1673510400000,10082.686866548589
1673514000000,10084.377546548589
1673517600000,10083.41061654859
1673521200000,10083.80433654859
1673524800000,10082.73897654859
1673528400000,10083.56694654859
1673532000000,10086.58353654859
1673535600000,10074.163986548589
1673539200000,10075.09119451741
1673542800000,10075.942324517411
1673546400000,10102.00311451741
1673550000000,10096.76895451741
1673553600000,10099.07916451741
1673557200000,10102.309984517411
1673560800000,10098.85914451741
1673564400000,10096.46208451741
1673568000000,10093.004530859971
1673571600000,10088.059870859972
1673575200000,10088.135140859971
1673578800000,10088.64466085997
1673582400000,10092.495010859971
1673586000000,10090.289020859971
1673589600000,10087.712470859971
1673593200000,10090.144270859972
1673596800000,10088.273632301956
1673600400000,10088.870002301956
1673604000000,10089.663232301955
1673607600000,10091.985022301955
1673611200000,10088.169412301955
1673614800000,10087.642522301956
1673618400000,10086.119752301955
1673622000000,10089.072652301955
1673625600000,10095.53705245669
1673629200000,10095.53705245669
1673632800000,10095.53705245669
1673636400000,10095.53705245669
1673640000000,10095.53705245669
1673643600000,10095.53705245669
1673647200000,10095.53705245669
1673650800000,10095.53705245669
1673654400000,10095.53705245669
1673658000000,10095.53705245669
1673661600000,10095.53705245669
1673665200000,10095.53705245669
1673668800000,10095.53705245669
1673672400000,10095.53705245669
1673676000000,10095.53705245669
1673679600000,10095.53705245669
1673683200000,10095.53705245669
1673686800000,10095.53705245669
1673690400000,10095.53705245669
1673694000000,10095.53705245669
1673697600000,10095.53705245669
1673701200000,10095.53705245669
1673704800000,10095.53705245669
1673708400000,10095.53705245669
1673712000000,10095.53705245669
1673715600000,10095.53705245669
1673719200000,10095.53705245669
1673722800000,10095.53705245669
1673726400000,10095.53705245669
1673730000000,10095.53705245669
1673733600000,10095.53705245669
1673737200000,10095.53705245669
1673740800000,10095.53705245669
1673744400000,10095.53705245669
1673748000000,10095.53705245669
1673751600000,10095.53705245669
1673755200000,10095.53705245669
1673758800000,10095.53705245669
1673762400000,10095.53705245669
1673766000000,10095.53705245669
1673769600000,10095.53705245669
1673773200000,10095.53705245669
1673776800000,10095.53705245669
1673780400000,10095.53705245669
1673784000000,10095.333495035416
1673787600000,10095.171315035417
1673791200000,10095.064785035416
1673794800000,10096.567335035417
1673798400000,10099.120232650841
1673802000000,10097.32830265084
1673805600000,10097.837102650841
1673809200000,10097.61609265084
1673812800000,10098.10422265084
1673816400000,10098.43335265084
1673820000000,10098.21552265084
1673823600000,10099.67832265084
1673827200000,10098.341081297513
1673830800000,10099.074071297513
1673834400000,10100.649761297513
1673838000000,10101.338231297514
1673841600000,10100.913701297513
1673845200000,10101.419321297513
1673848800000,10102.061681297513
1673852400000,10101.056801297513
1673856000000,10100.379992363787
1673859600000,10096.055192363787
1673863200000,10097.063252363787
1673866800000,10097.568872363787
1673870400000,10096.678472363787
1673874000000,10096.432022363786
1673877600000,10097.015552363786
1673881200000,10096.649852363787
1673884800000,10097.873356295793
1673888400000,10097.936956295793
1673892000000,10099.418836295792
1673895600000,10101.374536295792
1673899200000,10104.497296295793
1673902800000,10103.583046295793
1673906400000,10102.524106295792
1673910000000,10102.411216295794
1673913600000,10101.804200405793
1673917200000,10100.309600405793
1673920800000,10098.986720405794
1673924400000,10099.730840405793
1673928000000,10099.862810405793
1673931600000,10100.649860405792
1673935200000,10100.942420405792
1673938800000,10099.225220405793
1673942400000,10099.822048688793
1673946000000,10100.669518688794
1673949600000,10100.046238688792
1673953200000,10099.464298688792
1673956800000,10100.793538688793
1673960400000,10101.008188688793
1673964000000,10100.949358688793
1673967600000,10102.636348688793
1673971200000,10100.809889926544
1673974800000,10101.506309926544
1673978400000,10102.337879926545
1673982000000,10104.880289926545
1673985600000,10103.921519926544
1673989200000,10103.384099926545
1673992800000,10102.655879926544
1673996400000,10101.496769926543
1674000000000,10100.454282221326
1674003600000,10101.382842221326
1674007200000,10102.492662221326
1674010800000,10102.937862221326
1674014400000,10102.638942221327
1674018000000,10103.329002221326
1674021600000,10103.569092221325
1674025200000,10102.731162221326
1674028800000,10103.008089736359
1674032400000,10101.834669736358
1674036000000,10102.001619736358
1674039600000,10101.292479736358
1674043200000,10101.823539736359
1674046800000,10102.432509736358
1674050400000,10104.811149736359
1674054000000,10104.59490973636
1674057600000,10097.038438640682
1674061200000,10095.857068640682
1674064800000,10096.014478640682
1674068400000,10096.206868640682
1674072000000,10096.132138640682
1674075600000,10093.58018864068
1674079200000,10094.088988640682
1674082800000,10094.500798640682
1674086400000,10091.950247436615
1674090000000,10092.494027436614
1674093600000,10092.516287436614
1674097200000,10093.624517436614
1674100800000,10093.708787436613
1674104400000,10094.174657436613
1674108000000,10094.152397436614
1674111600000,10094.468807436613
1674115200000,10094.31889327883
1674118800000,10093.95796327883
1674122400000,10094.136043278831
1674126000000,10093.60498327883
1674129600000,10092.724123278831
1674133200000,10092.819523278831
1674136800000,10093.62883327883
1674140400000,10094.71162327883
1674144000000,10094.978215664218
1674147600000,10095.362995664218
1674151200000,10094.070325664217
1674154800000,10095.663505664217
1674158400000,10098.207505664219
1674162000000,10098.663835664218
1674165600000,10096.735165664219
1674169200000,10097.800465664219
1674172800000,10097.6772200111
1674176400000,10097.206580011101
1674180000000,10098.713900011102
1674183600000,10098.186020011102
1674187200000,10098.154220011102
1674190800000,10097.080970011102
1674194400000,10096.890170011102
1674198000000,10096.584890011101
1674201600000,10097.418843262101
1674205200000,10097.752743262103
1674208800000,10097.867223262103
1674212400000,10097.860863262102
1674216000000,10097.286873262103
1674219600000,10098.832353262102
1674223200000,10098.058023262101
1674226800000,10099.053363262103
1674230400000,10099.604086633102
1674234000000,10103.472556633104
1674237600000,10104.499696633104
1674241200000,10104.037006633103
1674244800000,10105.738306633102
1674248400000,10111.802566633103
1674252000000,10111.535446633103
1674255600000,10113.448216633104
1674259200000,10114.844888533104
1674262800000,10114.469648533104
1674266400000,10114.024448533104
1674270000000,10113.278738533103
1674273600000,10113.312128533104
1674277200000,10113.520418533104
1674280800000,10112.758808533103
1674284400000,10113.902018533103
1674288000000,10113.670641733104
1674291600000,10112.791371733103
1674295200000,10114.910841733104
1674298800000,10112.085411733104
1674302400000,10112.694381733103
1674306000000,10114.618281733105
1674309600000,10113.583191733103
1674313200000,10113.629301733105
1674316800000,10113.159495803715
1674320400000,10113.956085803715
1674324000000,10114.234335803714
1674327600000,10115.517465803714
1674331200000,10115.905425803714
1674334800000,10114.289985803714
1674338400000,10115.282145803714
1674342000000,10111.451835803715
1674345600000,10109.48139231688
1674349200000,10109.88048231688
1674352800000,10109.42097231688
1674356400000,10108.24596231688
1674360000000,10108.80564231688
1674363600000,10109.54181231688
1674367200000,10109.77395231688
1674370800000,10109.85663231688
1674374400000,10109.67016633888
1674378000000,10110.334786338879
1674381600000,10109.218606338878
1674385200000,10109.506396338878
1674388800000,10109.286976338879
1674392400000,10110.673456338878
1674396000000,10110.539896338878
1674399600000,10111.97884633888
1674403200000,10111.210306681272
1674406800000,10111.763626681273
1674410400000,10114.557256681273
1674414000000,10112.723986681272
1674417600000,10110.806446681274
1674421200000,10107.108106681273
1674424800000,10110.059146681273
1674428400000,10109.939896681273
1674432000000,10109.660281877646
1674435600000,10111.177141877646
1674439200000,10111.178731877646
1674442800000,10111.757491877646
1674446400000,10110.05678608536
1674450000000,10110.05678608536
1674453600000,10110.05678608536
1674457200000,10110.05678608536
1674460800000,10110.05678608536
1674464400000,10110.05678608536
1674468000000,10110.05678608536
1674471600000,10110.05678608536
1674475200000,10110.05678608536
1674478800000,10110.05678608536
1674482400000,10110.05678608536
1674486000000,10110.05678608536
1674489600000,10110.299280099694
1674493200000,10110.479280099693
1674496800000,10112.795280099694
1674500400000,10111.412280099694
1674504000000,10108.854780099693
1674507600000,10111.995780099694
1674511200000,10111.859280099694
1674514800000,10110.648780099693
1674518400000,10110.669910599694
1674522000000,10111.910410599694
1674525600000,10113.284410599694
1674529200000,10112.796910599694
1674532800000,10113.338410599694
1674536400000,10113.095410599693
1674540000000,10113.788410599695
1674543600000,10113.614410599694
1674547200000,10112.864332149695
1674550800000,10112.634832149693
1674554400000,10109.696332149693
1674558000000,10110.509332149693
1674561600000,10110.755332149694
1674565200000,10111.428832149693
1674568800000,10109.768332149693
1674572400000,10109.429332149693
1674576000000,10110.774948181257
1674579600000,10109.763948181257
1674583200000,10110.627948181256
1674586800000,10111.787448181256
1674590400000,10112.133948181256
1674594000000,10112.156448181257
1674597600000,10109.979948181257
1674601200000,10108.499448181257
1674604800000,10105.945506931257
1674608400000,10106.631006931257
1674612000000,10104.306006931256
1674615600000,10105.038006931256
1674619200000,10106.437506931257
1674622800000,10106.241006931257
1674626400000,10106.893506931257
1674630000000,10107.597006931257
1674633600000,10107.664947958769
1674637200000,10106.78444795877
1674640800000,10105.99094795877
1674644400000,10106.130447958769
1674648000000,10105.78694795877
1674651600000,10107.262947958769
1674655200000,10105.94744795877
1674658800000,10103.469447958769
1674662400000,10105.411083916611
1674666000000,10106.498583916611
1674669600000,10105.32708391661
1674673200000,10107.47958391661
1674676800000,10108.279083916612
1674680400000,10110.69408391661
1674684000000,10122.12258391661
1674687600000,10110.22908391661
1674691200000,10112.83749826661
1674694800000,10115.05449826661
1674698400000,10113.887498266611
1674702000000,10114.62549826661
1674705600000,10113.90099826661
1674709200000,10114.39299826661
1674712800000,10114.085498266611
1674716400000,10112.82099826661
1674720000000,10111.495053364832
1674723600000,10111.871553364832
1674727200000,10111.40055336483
1674730800000,10110.728553364832
1674734400000,10111.550553364832
1674738000000,10113.680553364831
1674741600000,10113.74055336483
1674745200000,10112.041053364832
1674748800000,10111.21912951335
1674752400000,10111.873129513351
1674756000000,10111.50562951335
1674759600000,10112.00512951335
1674763200000,10112.614129513351
1674766800000,10113.124129513351
1674770400000,10112.828629513351
1674774000000,10111.84012951335
1674777600000,10112.050125832602
1674781200000,10110.322125832603
1674784800000,10105.807125832602
1674788400000,10108.618125832601
1674792000000,10108.255125832602
1674795600000,10108.832625832601
1674799200000,10112.027625832603
1674802800000,10111.705125832603
1674806400000,10112.540611921286
1674810000000,10111.081111921287
1674813600000,10110.827611921286
1674817200000,10110.776611921287
1674820800000,10111.066111921285
1674824400000,10110.626611921287
1674828000000,10110.115111921286
1674831600000,10110.952111921286
1674835200000,10111.036178191413
1674838800000,10113.376178191413
1674842400000,10115.092178191413
1674846000000,10114.271678191413
1674849600000,10115.342678191413
1674853200000,10113.551678191412
1674856800000,10113.049178191413
1674860400000,10111.822178191413
1674864000000,10112.476076041412
1674867600000,10113.760076041412
1674871200000,10112.755076041412
1674874800000,10112.815076041412
1674878400000,10113.395576041412
1674882000000,10112.824076041412
1674885600000,10112.476076041412
1674889200000,10112.042576041411
1674892800000,10111.336099441412
1674896400000,10111.240099441411
1674900000000,10111.343599441412
1674903600000,10111.106599441411
1674907200000,10111.217599441412
1674910800000,10110.773599441412
1674914400000,10111.052599441411
1674918000000,10110.772099441412
1674921600000,10111.742591341412
1674925200000,10111.774091341413
1674928800000,10111.891091341413
1674932400000,10111.388591341412
1674936000000,10112.077091341413
1674939600000,10110.925091341413
1674943200000,10111.307591341412
1674946800000,10111.103591341413
1674950400000,10111.853563106239
1674954000000,10113.592063106238
1674957600000,10115.52706310624
1674961200000,10113.769063106238
1674964800000,10114.459063106238
1674968400000,10115.072563106238
1674972000000,10115.432563106238
1674975600000,10114.538563106238
1674979200000,10114.542762506238
1674982800000,10114.004262506238
1674986400000,10116.165762506238
1674990000000,10118.178762506239
1674993600000,10118.126262506239
1674997200000,10118.736762506238
1675000800000,10119.393762506239
1675004400000,10119.525762506239
1675008000000,10119.430476067047
1675011600000,10119.964476067047
1675015200000,10120.108476067047
1675018800000,10121.573976067046
1675022400000,10124.951976067046
1675026000000,10122.214476067047
1675029600000,10123.421976067046
1675033200000,10123.081476067047
1675036800000,10122.469864915145
1675040400000,10122.552364915146
1675044000000,10121.478364915145
1675047600000,10121.245864915145
1675051200000,10121.995864915145
1675054800000,10122.024364915145
1675058400000,10122.448864915144
1675062000000,10121.998864915146
1675065600000,10120.97789109353
1675069200000,10119.521391093529
1675072800000,10113.98189109353
1675076400000,10114.83089109353
1675080000000,10112.00189109353
1675083600000,10112.25539109353
1675087200000,10112.100891093529
1675090800000,10115.33189109353
1675094400000,10113.818125601785
1675098000000,10113.960625601785
1675101600000,10112.655625601785
1675105200000,10113.309625601785
1675108800000,10109.395403209746
1675112400000,10109.395403209746
1675116000000,10109.395403209746
1675119600000,10109.395403209746
1675123200000,10109.395403209746
1675126800000,10109.395403209746
1675130400000,10109.395403209746
1675134000000,10109.395403209746
1675137600000,10109.180531876558
1675141200000,10108.565301876559
1675144800000,10110.278221876559
1675148400000,10109.715351876559
1675152000000,10107.02030600656
1675155600000,10108.67151600656
1675159200000,10108.68086600656
1675162800000,10109.698146006558
1675166400000,10108.48825600656
1675170000000,10107.887986006559
1675173600000,10105.701956006558
1675177200000,10106.75476600656
1675180800000,10105.383838525559
1675184400000,10104.555428525558
1675188000000,10105.052848525558
1675191600000,10104.422658525558
1675195200000,10103.788728525558
1675198800000,10105.701738525559
1675202400000,10107.955088525558
1675206000000,10105.841988525559
1675209600000,10106.139040483002
1675213200000,10106.587840483002
1675216800000,10105.693980483002
1675220400000,10106.174570483003
1675224000000,10106.389620483003
1675227600000,10106.694430483003
1675231200000,10106.786060483002
1675234800000,10108.798180483003
1675238400000,10108.67803570422
1675242000000,10109.22220570422
1675245600000,10108.40127570422
1675249200000,10108.247935704221
1675252800000,10107.243745704222
1675256400000,10107.51863570422
1675260000000,10106.983815704221
1675263600000,10106.56119570422
1675267200000,10108.292351247715
1675270800000,10108.208201247717
1675274400000,10109.064661247716
1675278000000,10107.333041247717
1675281600000,10099.176101247716
1675285200000,10096.905921247717
1675288800000,10096.410371247717
1675292400000,10096.324351247717
1675296000000,10095.43501003455
1675299600000,10088.533005891848
1675303200000,10088.533005891848
1675306800000,10088.533005891848
1675310400000,10088.533005891848
1675314000000,10088.533005891848
1675317600000,10088.533005891848
1675321200000,10088.533005891848
1675324800000,10088.533005891848
1675328400000,10088.533005891848
1675332000000,10088.533005891848
1675335600000,10088.533005891848
1675339200000,10088.533005891848
1675342800000,10088.533005891848
1675346400000,10088.533005891848
1675350000000,10088.533005891848
1675353600000,10088.533005891848
1675357200000,10088.533005891848
1675360800000,10088.533005891848
1675364400000,10088.533005891848
1675368000000,10088.533005891848
1675371600000,10088.533005891848
1675375200000,10088.533005891848
1675378800000,10088.533005891848
1675382400000,10088.533005891848
1675386000000,10088.533005891848
1675389600000,10088.533005891848
1675393200000,10088.533005891848
1675396800000,10088.533005891848
1675400400000,10088.533005891848
1675404000000,10088.533005891848
1675407600000,10088.533005891848
1675411200000,10088.533005891848
1675414800000,10088.533005891848
1675418400000,10088.533005891848
1675422000000,10088.533005891848
1675425600000,10088.533005891848
1675429200000,10088.533005891848
1675432800000,10088.533005891848
1675436400000,10088.533005891848
1675440000000,10088.533005891848
1675443600000,10088.533005891848
1675447200000,10088.533005891848
1675450800000,10088.533005891848
1675454400000,10088.533005891848
1675458000000,10088.533005891848
1675461600000,10088.533005891848
1675465200000,10088.533005891848
1675468800000,10088.533005891848
1675472400000,10088.533005891848
1675476000000,10088.533005891848
1675479600000,10088.533005891848
1675483200000,10088.533005891848
1675486800000,10088.533005891848
1675490400000,10088.533005891848
1675494000000,10088.533005891848
1675497600000,10088.533005891848
1675501200000,10088.533005891848
1675504800000,10088.533005891848
1675508400000,10088.533005891848
1675512000000,10088.533005891848
1675515600000,10088.533005891848
1675519200000,10088.533005891848
1675522800000,10088.533005891848
1675526400000,10088.533005891848
1675530000000,10088.533005891848
1675533600000,10088.533005891848
1675537200000,10088.533005891848
1675540800000,10088.533005891848
1675544400000,10088.533005891848
1675548000000,10088.533005891848
1675551600000,10088.533005891848
1675555200000,10088.533005891848
1675558800000,10088.533005891848
1675562400000,10088.533005891848
1675566000000,10088.533005891848
1675569600000,10088.533005891848
1675573200000,10088.533005891848
1675576800000,10088.533005891848
1675580400000,10088.533005891848
1675584000000,10088.533005891848
1675587600000,10088.533005891848
1675591200000,10088.533005891848
1675594800000,10088.533005891848
1675598400000,10088.533005891848
1675602000000,10088.533005891848
1675605600000,10088.533005891848
1675609200000,10088.533005891848
1675612800000,10088.63929617
1675616400000,10089.813796170001
1675620000000,10094.97376617
1675623600000,10095.790696170001
1675627200000,10094.989426170001
1675630800000,10095.273916170001
1675634400000,10094.28472617
1675638000000,10090.88389617
1675641600000,10091.976937658255
1675645200000,10092.894787658255
1675648800000,10092.887537658255
1675652400000,10092.059007658256
1675656000000,10091.694187658255
1675659600000,10091.446527658256
1675663200000,10089.388397658255
1675666800000,10088.727197658256
1675670400000,10088.980774883614
1675674000000,10089.171884883614
1675677600000,10088.892904883614
1675681200000,10088.914074883613
1675684800000,10089.447964883613
1675688400000,10089.586294883615
1675692000000,10089.120264883613
1675695600000,10089.396634883615
1675699200000,10089.745492046493
1675702800000,10089.626302046492
1675706400000,10090.162512046494
1675710000000,10090.018382046494
1675713600000,10089.741432046492
1675717200000,10089.465932046493
1675720800000,10089.300922046492
1675724400000,10089.666612046492
1675728000000,10090.934107245492
1675731600000,10090.249127245492
1675735200000,10090.272037245491
1675738800000,10090.58233724549
1675742400000,10089.28545724549
1675746000000,10089.45481724549
1675749600000,10090.535937245491
1675753200000,10090.601767245491
1675756800000,10090.561687661973
1675760400000,10090.064337661974
1675764000000,10090.829937661974
1675767600000,10089.897877661973
1675771200000,10090.263277661972
1675774800000,10090.666377661972
1675778400000,10090.845307661973
1675782000000,10090.988277661974
1675785600000,10090.800284521052
1675789200000,10090.778534521052
1675792800000,10091.09579452105
1675796400000,10089.525154521052
1675800000000,10089.057964521051
1675803600000,10090.180264521052
1675807200000,10089.519354521051
1675810800000,10091.13610452105
1675814400000,10089.974944424954
1675818000000,10088.275254424952
1675821600000,10088.641814424953
1675825200000,10088.602954424952
1675828800000,10087.936534424953
1675832400000,10087.899704424954
1675836000000,10088.063844424953
1675839600000,10087.931894424953
1675843200000,10087.98110781732
1675846800000,10088.15220781732
1675850400000,10088.07274781732
1675854000000,10087.21550781732
1675857600000,10086.55981781732
1675861200000,10085.48130781732
1675864800000,10084.83315781732
1675868400000,10084.04058781732
1675872000000,10083.562147261877
1675875600000,10086.010327261876
1675879200000,10086.401247261878
1675882800000,10085.960447261878
1675886400000,10085.086677261877
1675890000000,10085.722357261877
1675893600000,10086.244357261878
1675897200000,10086.055857261877
1675900800000,10087.232086647879
1675904400000,10086.40616664788
1675908000000,10086.27798664788
1675911600000,10087.192936647878
1675915200000,10082.155056647878
1675918800000,10082.421566647878
1675922400000,10082.534086647878
1675926000000,10084.218696647878
1675929600000,10083.993658802372
1675933200000,10084.712278802372
1675936800000,10084.301348802372
1675940400000,10083.924348802373
1675944000000,10083.301718802371
1675947600000,10083.293018802373
1675951200000,10083.444688802372
1675954800000,10082.517848802372
1675958400000,10081.489755414734
1675962000000,10081.110725414734
1675965600000,10081.636205414734
1675969200000,10081.492365414733
1675972800000,10085.812295748367
1675976400000,10086.177695748367
1675980000000,10095.448415748368
1675983600000,10095.691145748367
1675987200000,10094.113261896367
1675990800000,10094.019301896367
1675994400000,10092.972691896368
1675998000000,10093.395511896368
1676001600000,10094.726611896369
1676005200000,10096.057711896368
1676008800000,10095.065911896369
1676012400000,10094.087161896368
1676016000000,10092.175567035356
1676019600000,10092.300847035356
1676023200000,10093.921657035356
1676026800000,10094.414947035355
1676030400000,10095.730387035355
1676034000000,10097.043217035356
1676037600000,10096.108837035355
1676041200000,10095.610327035356
1676044800000,10100.131410012356
1676048400000,10100.645580012357
1676052000000,10099.570260012357
1676055600000,10098.526260012357
1676059200000,10097.028120012357
1676062800000,10098.588900012357
1676066400000,10103.931570012357
1676070000000,10104.362220012357
1676073600000,10102.42765547744
1676077200000,10101.98134547744
1676080800000,10102.67560547744
1676084400000,10101.68119547744
1676088000000,10100.79640547744
1676091600000,10100.95300547744
1676095200000,10101.41236547744
1676098800000,10101.18529547744
1676102400000,10100.49386675759
1676106000000,10099.94576675759
1676109600000,10100.22242675759
1676113200000,10101.070676757588
1676116800000,10100.74442675759
1676120400000,10100.70266675759
1676124000000,10100.13368675759
1676127600000,10099.49423675759
1676131200000,10100.199482317803
1676134800000,10101.316562317803
1676138400000,10101.256532317802
1676142000000,10102.008212317802
1676145600000,10101.081662317802
1676149200000,10100.734532317803
1676152800000,10097.250182317803
1676156400000,10096.412372317802
1676160000000,10096.210458327469
1676163600000,10097.570268327469
1676167200000,10097.358858327469
1676170800000,10096.920378327468
1676174400000,10097.844318327468
1676178000000,10097.685108327469
1676181600000,10097.207478327467
1676185200000,10097.510238327468
1676188800000,10097.844148077655
1676192400000,10098.005968077654
1676196000000,10096.403428077654
1676199600000,10096.768828077655
1676203200000,10097.371738077654
1676206800000,10099.590238077653
1676210400000,10099.277038077655
1676214000000,10097.290828077654
1676217600000,10096.612308406236
1676221200000,10094.965398406237
1676224800000,10095.745788406237
1676228400000,10095.751008406236
1676232000000,10095.604848406236
1676235600000,10096.267788406236
1676239200000,10103.387868406237
1676242800000,10102.897188406236
1676246400000,10102.434877991898
1676250000000,10101.054187991898
1676253600000,10104.220117991897
1676257200000,10103.071717991897
1676260800000,10101.941587991898
1676264400000,10101.333457991897
1676268000000,10101.179467991897
1676271600000,10101.182077991898
1676275200000,10100.378515192731
1676278800000,10103.930725192731
1676282400000,10110.085105192731
1676286000000,10110.596665192732
1676289600000,10109.745805192731
1676293200000,10109.320375192732
1676296800000,10111.627615192732
1676300400000,10109.333425192732
1676304000000,10112.3003475792
1676307600000,10112.2272675792
1676311200000,10112.8588875792
1676314800000,10109.288407579199
1676318400000,10108.808167579198
1676322000000,10109.035237579199
1676325600000,10110.0009375792
1676329200000,10108.6124175792
1676332800000,10104.570354457788
1676336400000,10105.841424457789
1676340000000,10106.41562445779
1676343600000,10106.71055445779
1676347200000,10106.645304457788
1676350800000,10106.55395445779
1676354400000,10105.75529445779
1676358000000,10105.222854457788
1676361600000,10104.791242795565
1676365200000,10106.532112795565
1676368800000,10102.927702795565
1676372400000,10103.702872795566
1676376000000,10104.078712795565
1676379600000,10103.084302795565
1676383200000,10101.959392795565
1676386800000,10090.093768956178
1676390400000,10090.093768956178
1676394000000,10090.093768956178
1676397600000,10090.093768956178
1676401200000,10090.093768956178
1676404800000,10090.093768956178
1676408400000,10090.093768956178
1676412000000,10090.093768956178
1676415600000,10090.093768956178
1676419200000,10089.80471011526
1676422800000,10091.20368011526
1676426400000,10091.13005011526
1676430000000,10092.180770115261
1676433600000,10091.052440115262
1676437200000,10091.50815011526
1676440800000,10091.07035011526
1676444400000,10091.002690115261
1676448000000,10091.44714925053
1676451600000,10091.789429250532
1676455200000,10090.883979250531
1676458800000,10089.76360925053
1676462400000,10086.299019250531
1676466000000,10084.243349250532
1676469600000,10085.526899250532
1676473200000,10086.23732925053
1676476800000,10085.188643387024
1676480400000,10085.944843387024
1676484000000,10084.969743387024
1676487600000,10082.989693387024
1676491200000,10075.293631144388
1676494800000,10084.426110101698
1676498400000,10086.128110101698
1676502000000,10086.716110101697
1676505600000,10089.245441883868
1676509200000,10094.639441883868
1676512800000,10095.215441883869
1676516400000,10096.577441883868
1676520000000,10097.587441883868
1676523600000,10095.567441883868
1676527200000,10096.213441883869
1676530800000,10094.87744188387
1676534400000,10094.510191673115
1676538000000,10093.968191673115
1676541600000,10095.406191673115
1676545200000,10094.940191673115
1676548800000,10093.948191673115
1676552400000,10094.298191673115
1676556000000,10090.824191673115
1676559600000,10090.792191673116
1676563200000,10103.781903592468
1676566800000,10100.747903592468
1676570400000,10100.117903592467
1676574000000,10102.085903592468
1676577600000,10099.681903592467
1676581200000,10092.963903592467
1676584800000,10093.035903592467
1676588400000,10083.487903592468
1676592000000,10071.924163788184
1676595600000,10073.652043788185
1676599200000,10074.670563788184
1676602800000,10074.357243788185
1676606400000,10074.768923788184
1676610000000,10074.818483788185
1676613600000,10073.446003788185
1676617200000,10072.334963788186
1676620800000,10072.579373064335
1676624400000,10073.927013064334
1676628000000,10072.816213064334
1676631600000,10073.011653064334
1676635200000,10073.484933064334
1676638800000,10075.141413064335
1676642400000,10074.243853064334
1676646000000,10076.434413064333
1676649600000,10078.872107768333
1676653200000,10078.144467768332
1676656800000,10079.902867768335
1676660400000,10080.089547768333
1676664000000,10082.059707768334
1676667600000,10086.418267768333
1676671200000,10082.287707768333
1676674800000,10086.232387768334
1676678400000,10084.125002929992
1676682000000,10085.41164292999
1676685600000,10084.84288292999
1676689200000,10083.839002929992
1676692800000,10084.372002929991
1676696400000,10084.523922929991
1676700000000,10085.09124292999
1676703600000,10085.10228292999
1676707200000,10083.633687799927
1676710800000,10084.55088779993
1676714400000,10084.142167799928
1676718000000,10083.134287799929
1676721600000,10083.911767799927
1676725200000,10084.748047799929
1676728800000,10084.412727799929
1676732400000,10086.104367799928
1676736000000,10086.025333360774
1676739600000,10085.947573360774
1676743200000,10086.483533360773
1676746800000,10087.145813360774
1676750400000,10086.275933360774
1676754000000,10086.686773360774
1676757600000,10086.333213360773
1676761200000,10086.239133360774
1676764800000,10085.781562820774
1676768400000,10086.969682820774
1676772000000,10086.954562820774
1676775600000,10086.426962820775
1676779200000,10086.339202820775
1676782800000,10086.977442820775
1676786400000,10086.724442820774
1676790000000,10084.956122820775
1676793600000,10084.337414306076
1676797200000,10084.210814306074
1676800800000,10084.950654306076
1676804400000,10085.601374306076
1676808000000,10085.814054306076
1676811600000,10086.354814306076
1676815200000,10085.903214306076
1676818800000,10086.195414306076
1676822400000,10088.938223937577
1676826000000,10086.950183937577
1676829600000,10081.905143937576
1676833200000,10083.231223937577
1676836800000,10084.764063937577
1676840400000,10084.319063937575
1676844000000,10084.645623937577
1676847600000,10083.738663937578
1676851200000,10081.058033393578
1676854800000,10079.543353393577
1676858400000,10081.152033393577
1676862000000,10082.060873393577
1676865600000,10082.441073393578
1676869200000,10083.015953393577
1676872800000,10083.231393393578
1676876400000,10082.776993393576
1676880000000,10082.439924792772
1676883600000,10082.323644792772
1676887200000,10087.412004792772
1676890800000,10088.128044792773
1676894400000,10086.963564792772
1676898000000,10087.294484792772
1676901600000,10088.011164792772
1676905200000,10089.984284792772
1676908800000,10089.435955107923
1676912400000,10089.503715107923
1676916000000,10088.529315107922
1676919600000,10088.654475107924
1676923200000,10087.646195107924
1676926800000,10087.152155107922
1676930400000,10086.975835107924
1676934000000,10087.121475107924
1676937600000,10087.899355892177
1676941200000,10087.952675892177
1676944800000,10088.218955892176
1676948400000,10088.849155892178
1676952000000,10089.851355892177
1676955600000,10090.200995892177
1676959200000,10090.957115892177
1676962800000,10090.721075892177
1676966400000,10091.038259772835
1676970000000,10089.501179772835
1676973600000,10090.182499772834
1676977200000,10089.072699772836
1676980800000,10088.534819772834
1676984400000,10088.086299772836
1676988000000,10088.032019772834
1676991600000,10089.668219772835
1676995200000,10087.353766014689
1676998800000,10085.97296601469
1677002400000,10088.10560601469
1677006000000,10088.63480601469
1677009600000,10088.339726014688
1677013200000,10086.145006014689
1677016800000,10084.96596601469
1677020400000,10086.868366014689
1677024000000,10087.096209750689
1677027600000,10086.56356975069
1677031200000,10082.565089750691
1677034800000,10083.62120975069
1677038400000,10083.996832717849
1677042000000,10082.668832717849
1677045600000,10081.704832717849
1677049200000,10078.560832717849
1677052800000,10080.96271211785
1677056400000,10078.89271211785
1677060000000,10081.674712117849
1677063600000,10083.17871211785
1677067200000,10082.630712117849
1677070800000,10082.424712117849
1677074400000,10081.628712117848
1677078000000,10078.654712117848
1677081600000,10073.972543169779
1677085200000,10073.29946316978
1677088800000,10074.82826316978
1677092400000,10074.64318316978
1677096000000,10074.61711316978
1677099600000,10074.69293316978
1677103200000,10074.182023169778
1677106800000,10077.29070316978
1677110400000,10076.854250316868
1677114000000,10076.747200316868
1677117600000,10076.950470316868
1677121200000,10077.470700316868
1677124800000,10077.010670316868
1677128400000,10077.387510316868
1677132000000,10076.40642031687
1677135600000,10076.138740316868
1677139200000,10075.80687826374
1677142800000,10076.13672826374
1677146400000,10074.45637826374
1677150000000,10073.41303826374
1677153600000,10069.71567826374
1677157200000,10070.597308263741
1677160800000,10071.05959826374
1677164400000,10069.65108826374
1677168000000,10069.58769106514
1677171600000,10067.46024106514
1677175200000,10069.37299106514
1677178800000,10069.79008106514
1677182400000,10070.752541065141
1677186000000,10070.08074106514
1677189600000,10070.51088106514
1677193200000,10069.723111065141
1677196800000,10070.482192783731
1677200400000,10070.651402783731
1677204000000,10071.11024278373
1677207600000,10070.86615278373
1677211200000,10070.85153278373
1677214800000,10071.090962783732
1677218400000,10070.459142783731
1677222000000,10069.226842783732
1677225600000,10067.987722966373
1677229200000,10068.897652966372
1677232800000,10068.786092966373
1677236400000,10069.149582966373
1677240000000,10070.106092966373
1677243600000,10070.480612966372
1677247200000,10070.470072966371
1677250800000,10070.794862966372
1677254400000,10068.964753549028
1677258000000,10067.124713549027
1677261600000,10064.815273549028
1677265200000,10064.551543549027
1677268800000,10056.305473173019
1677272400000,10056.723473173019
1677276000000,10057.62844317302
1677279600000,10057.758023173019
1677283200000,10056.670128643183
1677286800000,10057.155958643185
1677290400000,10057.147558643184
1677294000000,10057.275588643184
1677297600000,10057.069478643185
1677301200000,10057.302708643183
1677304800000,10057.256168643184
1677308400000,10056.976978643184
1677312000000,10056.760399091972
1677315600000,10056.63849909197
1677319200000,10056.23093909197
1677322800000,10055.631749091972
1677326400000,10055.551619091972
1677330000000,10055.620229091972
1677333600000,10056.005589091972
1677337200000,10056.403929091972
1677340800000,10056.640247113866
1677344400000,10056.820067113867
1677348000000,10056.934377113867
1677351600000,10058.300177113866
1677355200000,10058.750767113866
1677358800000,10060.826957113868
1677362400000,10060.360617113867
1677366000000,10059.574287113866
1677369600000,10059.29320383003
1677373200000,10059.12594383003
1677376800000,10059.064563830028
1677380400000,10058.406953830028
1677384000000,10058.27809383003
1677387600000,10058.268503830028
1677391200000,10057.96528383003
1677394800000,10058.24063383003
1677398400000,10058.048105488446
1677402000000,10057.969665488445
1677405600000,10058.756375488445
1677409200000,10058.647675488444
1677412800000,10058.597635488444
1677416400000,10058.661945488444
1677420000000,10058.517385488443
1677423600000,10058.005855488444
1677427200000,10058.207706091076
1677430800000,10058.129706091077
1677434400000,10057.744876091077
1677438000000,10056.291606091077
1677441600000,10055.695556091077
1677445200000,10056.041726091076
1677448800000,10054.687416091077
1677452400000,10055.339186091076
1677456000000,10055.074237732186
1677459600000,10054.860627732187
1677463200000,10054.490877732187
1677466800000,10055.185857732185
1677470400000,10055.135067732186
1677474000000,10055.274547732186
1677477600000,10054.112787732185
1677481200000,10054.023797732187
1677484800000,10054.043299873854
1677488400000,10053.703699873855
1677492000000,10053.413499873854
1677495600000,10053.455879873854
1677499200000,10053.208549873854
1677502800000,10053.243159873855
1677506400000,10053.366223512692
1677510000000,10053.909423512692
1677513600000,10050.69072459348
1677517200000,10048.48852459348
1677520800000,10047.53652459348
1677524400000,10046.85752459348
1677528000000,10046.53272459348
1677531600000,10047.67932459348
1677535200000,10048.20012459348
1677538800000,10049.84512459348
1677542400000,10049.580502248182
1677546000000,10048.872102248182
1677549600000,10049.063902248183
1677553200000,10049.143702248182
1677556800000,10049.408302248183
1677560400000,10048.685902248182
1677564000000,10048.354102248182
1677567600000,10048.372302248183
1677571200000,10045.938248287463
1677574800000,10046.734848287462
1677578400000,10046.603248287463
1677582000000,10048.050848287463
1677585600000,10048.412048287462
1677589200000,10049.620248287463
1677592800000,10048.857248287462
1677596400000,10049.588048287464
1677600000000,10050.400063457862
1677603600000,10049.254863457862
1677607200000,10050.339863457863
1677610800000,10049.672063457861
1677614400000,10046.628463457862
1677618000000,10046.590663457862
1677621600000,10044.331063457863
1677625200000,10044.906463457863
1677628800000,10044.880664665403
1677632400000,10043.941264665402
1677636000000,10046.466864665403
1677639600000,10047.330664665402
1677643200000,10049.202464665403
1677646800000,10054.096864665402
1677650400000,10052.772464665402
1677654000000,10053.548064665403
1677657600000,10053.118671225402
1677661200000,10055.117871225402
1677664800000,10053.614271225402
1677668400000,10053.878871225403
1677672000000,10053.335671225403
1677675600000,10053.121471225402
1677679200000,10052.649671225403
1677682800000,10052.380871225403
1677686400000,10052.675285910946
1677690000000,10052.568885910947
1677693600000,10052.788685910946
1677697200000,10052.496085910947
1677700800000,10047.384685910945
1677704400000,10048.455685910945
1677708000000,10050.649485910946
1677711600000,10050.200085910947
1677715200000,10051.650005622434
1677718800000,10051.421805622433
1677722400000,10049.965805622434
1677726000000,10049.713805622434
1677729600000,10049.751605622434
1677733200000,10050.317205622434
1677736800000,10048.990005622434
1677740400000,10048.880805622433
1677744000000,10048.205516769676
1677747600000,10048.877516769677
1677751200000,10048.251716769677
1677754800000,10048.128516769677
1677758400000,10048.594716769678
1677762000000,10047.561516769676
1677765600000,10046.900716769676
1677769200000,10047.135916769677
1677772800000,10047.828068276904
1677776400000,10046.702468276902
1677780000000,10046.528868276902
1677783600000,10049.222468276903
1677787200000,10049.431068276903
1677790800000,10049.097868276904
1677794400000,10048.540668276903
1677798000000,10049.200068276903
1677801600000,10049.305828336903
1677805200000,10048.552628336902
1677808800000,10037.112586181593
1677812400000,10037.112586181593
1677816000000,10037.112586181593
1677819600000,10037.112586181593
1677823200000,10037.112586181593
1677826800000,10037.112586181593
1677830400000,10037.112586181593
1677834000000,10037.112586181593
1677837600000,10037.112586181593
1677841200000,10037.112586181593
1677844800000,10037.112586181593
1677848400000,10037.112586181593
1677852000000,10037.112586181593
1677855600000,10037.112586181593
1677859200000,10037.112586181593
1677862800000,10037.112586181593
1677866400000,10037.112586181593
1677870000000,10037.112586181593
1677873600000,10037.112586181593
1677877200000,10037.112586181593
1677880800000,10037.112586181593
1677884400000,10037.112586181593
1677888000000,10037.112586181593
1677891600000,10037.112586181593
1677895200000,10037.112586181593
1677898800000,10037.112586181593
1677902400000,10037.112586181593
1677906000000,10037.112586181593
1677909600000,10037.112586181593
1677913200000,10037.112586181593
1677916800000,10037.112586181593
1677920400000,10037.112586181593
1677924000000,10037.112586181593
1677927600000,10037.112586181593
1677931200000,10037.112586181593
1677934800000,10037.112586181593
1677938400000,10037.112586181593
1677942000000,10037.112586181593
1677945600000,10036.763481980903
1677949200000,10036.157181980903
1677952800000,10036.827981980903
1677956400000,10036.477101980903
1677960000000,10037.351721980902
1677963600000,10038.231501980903
1677967200000,10038.174741980902
1677970800000,10036.995681980903
1677974400000,10035.745447076253
1677978000000,10034.519947076253
1677981600000,10031.532307076253
1677985200000,10035.657727076254
1677988800000,10035.459067076254
1677992400000,10034.388367076253
1677996000000,10034.746987076252
1677999600000,10034.478667076253
1678003200000,10035.20770806514
1678006800000,10035.84496806514
1678010400000,10035.10192806514
1678014000000,10034.64010806514
1678017600000,10035.11224806514
1678021200000,10034.76394806514
1678024800000,10034.10346806514
1678028400000,10035.22060806514
1678032000000,10035.080238377486
1678035600000,10034.724198377486
1678039200000,10035.418218377486
1678042800000,10035.263418377486
1678046400000,10035.983238377486
1678050000000,10035.038958377485
1678053600000,10034.494578377486
1678057200000,10036.499238377486
1678060800000,10036.386152160136
1678064400000,10035.480572160137
1678068000000,10037.185952160136
1678071600000,10036.752512160136
1678075200000,10036.974392160137
1678078800000,10037.621972160137
1678082400000,10037.363972160136
1678086000000,10036.788632160136
1678089600000,10037.152704670092
1678093200000,10036.525764670092
1678096800000,10036.092324670093
1678100400000,10035.540204670093
1678104000000,10036.525764670092
1678107600000,10036.280664670092
1678111200000,10034.768784670092
1678114800000,10034.629464670092
1678118400000,10032.554330861409
1678122000000,10033.253510861408
1678125600000,10033.86239086141
1678129200000,10033.864970861408
1678132800000,10035.79481086141
1678136400000,10037.577590861409
1678140000000,10035.727730861408
1678143600000,10035.198830861409
1678147200000,10035.950356843434
1678150800000,10036.097416843435
1678154400000,10033.811536843434
1678158000000,10032.939496843434
1678161600000,10033.545796843435
1678165200000,10033.416796843434
1678168800000,10033.837336843435
1678172400000,10034.141776843435
1678176000000,10034.72195414112
1678179600000,10034.789034141118
1678183200000,10036.089354141119
1678186800000,10036.65953414112
1678190400000,10036.76789414112
1678194000000,10035.859734141119
1678197600000,10036.729194141119
1678201200000,10041.858234141118
1678204800000,10037.52532352965
1678208400000,10039.10944352965
1678212000000,10037.26474352965
1678215600000,10038.81532352965
1678219200000,10039.45774352965
1678222800000,10040.30656352965
1678226400000,10040.16724352965
1678230000000,10039.537723529651
1678233600000,10037.050126405917
1678237200000,10035.486646405916
1678240800000,10036.665706405916
1678244400000,10037.300386405916
1678248000000,10036.980466405916
1678251600000,10036.861786405916
1678255200000,10040.022286405916
1678258800000,10039.096066405917
1678262400000,10039.87092868268
1678266000000,10039.329128682679
1678269600000,10038.684128682678
1678273200000,10037.935928682678
1678276800000,10038.23778868268
1678280400000,10039.130468682679
1678284000000,10039.997348682678
1678287600000,10040.092808682679
1678291200000,10037.421742733477
1678294800000,10037.604922733477
1678298400000,10038.974902733478
1678302000000,10039.462522733478
1678305600000,10039.356742733478
1678309200000,10037.860342733478
1678312800000,10039.379962733477
1678316400000,10041.616822733478
1678320000000,10044.40558358015
1678323600000,10044.10114358015
1678327200000,10043.254903580151
1678330800000,10042.127443580152
1678334400000,10042.40866358015
1678338000000,10043.17234358015
1678341600000,10043.376163580151
1678345200000,10042.676983580152
1678348800000,10043.922285347438
1678352400000,10044.825285347439
1678356000000,10044.882045347438
1678359600000,10044.489885347439
1678363200000,10044.095145347439
1678366800000,10045.085865347439
1678370400000,10043.127645347438
1678374000000,10042.949625347439
1678377600000,10044.383035187255
1678381200000,10046.243215187254
1678384800000,10045.691095187254
1678388400000,10052.270095187254
1678392000000,10056.421315187254
1678395600000,10072.654675187254
1678399200000,10070.061775187254
1678402800000,10070.892535187255
1678406400000,10069.752349602732
1678410000000,10072.502629602732
1678413600000,10071.604789602732
1678417200000,10072.381369602732
1678420800000,10072.133689602731
1678424400000,10074.945889602732
1678428000000,10073.470129602732
1678431600000,10076.922169602733
1678435200000,10076.00333638815
1678438800000,10077.10757638815
1678442400000,10079.47859638815
1678446000000,10083.58595638815
1678449600000,10082.682956388151
1678453200000,10079.54567638815
1678456800000,10073.38205638815
1678460400000,10076.67671638815
1678464000000,10075.015904852024
1678467600000,10075.371944852022
1678471200000,10076.532944852022
1678474800000,10077.154724852022
1678478400000,10073.238284852023
1678482000000,10074.414764852023
1678485600000,10073.663984852023
1678489200000,10072.709384852024
1678492800000,10072.28881157418
1678496400000,10069.24183157418
1678500000000,10062.18553157418
1678503600000,10062.34549157418
1678507200000,10064.045711574181
1678510800000,10063.63549157418
1678514400000,10062.86665157418
1678518000000,10064.19277157418
1678521600000,10073.939582029769
1678525200000,10069.999922029769
1678528800000,10069.85286202977
1678532400000,10072.13358202977
1678536000000,10072.17744202977
1678539600000,10071.97362202977
1678543200000,10071.375062029769
1678546800000,10070.105702029769
1678550400000,10071.660607910357
1678554000000,10070.819527910357
1678557600000,10065.744667910356
1678561200000,10066.503187910355
1678564800000,10065.796267910357
1678568400000,10062.264247910356
1678572000000,10062.385507910356
1678575600000,10063.386547910357
1678579200000,10060.794762050904
1678582800000,10062.458862050904
1678586400000,10062.502722050904
1678590000000,10061.878362050904
1678593600000,10061.677122050904
1678597200000,10062.084762050905
1678600800000,10062.546582050903
1678604400000,10063.769502050904
1678608000000,10063.915657838304
1678611600000,10062.305737838304
1678615200000,10063.440937838304
1678618800000,10062.723697838304
1678622400000,10062.455377838303
1678626000000,10064.132377838305
1678629600000,10063.835677838304
1678633200000,10064.318137838303
1678636800000,10064.830947334365
1678640400000,10062.808227334364
1678644000000,10051.783927322107
1678647600000,10051.783927322107
1678651200000,10051.783927322107
1678654800000,10051.783927322107
1678658400000,10051.783927322107
1678662000000,10051.783927322107
1678665600000,10051.783927322107
1678669200000,10051.783927322107
1678672800000,10051.783927322107
1678676400000,10051.783927322107
1678680000000,10051.783927322107
1678683600000,10051.783927322107
1678687200000,10051.783927322107
1678690800000,10051.783927322107
1678694400000,10051.783927322107
1678698000000,10051.783927322107
1678701600000,10051.783927322107
1678705200000,10051.783927322107
1678708800000,10051.783927322107
1678712400000,10051.783927322107
1678716000000,10051.783927322107
1678719600000,10051.783927322107
1678723200000,10052.108370016755
1678726800000,10051.290270016756
1678730400000,10053.179370016755
1678734000000,10054.369170016755
1678737600000,10054.300770016755
1678741200000,10053.061470016755
1678744800000,10052.584470016756
1678748400000,10053.478170016755
1678752000000,10052.837119458976
1678755600000,10053.001819458976
1678759200000,10055.561419458976
1678762800000,10053.899119458976
1678766400000,10054.916119458976
1678770000000,10055.247319458977
1678773600000,10054.341019458976
1678777200000,10054.819819458975
1678780800000,10053.894394638975
1678784400000,10053.514594638977
1678788000000,10054.049194638976
1678791600000,10057.299994638975
1678795200000,10058.499694638977
1678798800000,10071.360694638975
1678802400000,10068.045994638976
1678806000000,10068.222394638977
1678809600000,10068.481363343333
1678813200000,10068.460663343332
1678816800000,10066.125163343333
1678820400000,10061.152663343333
1678824000000,10060.377763343333
1678827600000,10056.978463343332
1678831200000,10055.875063343332
1678834800000,10058.030563343333
1678838400000,10057.749146393333
1678842000000,10057.638446393334
1678845600000,10059.572546393334
1678849200000,10059.061346393333
1678852800000,10058.170346393334
1678856400000,10058.751746393333
1678860000000,10057.904846393334
1678863600000,10058.462846393333
1678867200000,10059.207092552058
1678870800000,10058.183792552058
1678874400000,10056.482792552059
1678878000000,10056.574592552059
1678881600000,10058.022692552058
1678885200000,10058.632892552057
1678888800000,10059.109892552058
1678892400000,10057.651892552058
1678896000000,10055.624808881808
1678899600000,10054.219788881808
1678903200000,10054.132738881808
1678906800000,10053.596378881808
1678910400000,10053.092688881808
1678914000000,10052.619368881808
1678917600000,10052.835398881809
1678921200000,10053.122268881809
1678924800000,10051.853202041608
1678928400000,10052.430682041608
1678932000000,10052.997932041608
1678935600000,10052.785412041607
1678939200000,10052.363582041608
1678942800000,10052.872042041607
1678946400000,10053.273692041606
1678950000000,10054.386962041606
1678953600000,10054.49331823428
1678957200000,10054.29168823428
1678960800000,10055.088158234279
1678964400000,10056.077788234279
1678968000000,10055.805488234279
1678971600000,10055.982238234279
1678975200000,10056.138518234278
1678978800000,10056.22580823428
1678982400000,10056.04042809003
1678986000000,10055.197788090029
1678989600000,10054.776778090029
1678993200000,10055.25604809003
1678996800000,10054.433658090029
1679000400000,10055.04251809003
1679004000000,10055.112808090029
1679007600000,10055.70144809003
1679011200000,10055.67085302076
1679014800000,10055.983013020761
1679018400000,10059.18876302076
1679022000000,10057.70146302076
1679025600000,10058.64872302076
1679029200000,10058.81582302076
1679032800000,10059.360253020759
1679036400000,10060.18565302076
1679040000000,10060.578734135524
1679043600000,10060.465634135522
1679047200000,10061.712774135523
1679050800000,10062.612874135524
1679054400000,10063.006024135524
1679058000000,10063.382484135524
1679061600000,10062.067534135524
1679065200000,10063.029634135524
1679068800000,10063.516073430525
1679072400000,10063.778563430524
1679076000000,10063.170343430524
1679079600000,10063.624893430524
1679083200000,10064.051703430525
1679086800000,10063.910043430526
1679090400000,10065.282003430524
1679094000000,10067.328933430525
1679097600000,10063.945332774754
1679101200000,10065.646332774755
1679104800000,10063.528632774754
1679108400000,10063.020132774755
1679112000000,10063.176732774755
1679115600000,10063.507932774755
1679119200000,10065.572532774755
1679122800000,10064.929932774756
1679126400000,10063.581414345766
1679130000000,10062.321414345766
1679133600000,10064.191614345767
1679137200000,10064.674014345766
1679140800000,10064.601114345767
1679144400000,10064.949414345767
1679148000000,10064.339214345768
1679151600000,10065.296814345767
1679155200000,10062.319417245768
1679158800000,10063.569517245767
1679162400000,10063.090717245768
1679166000000,10063.255417245768
1679169600000,10063.488517245767
1679173200000,10063.401217245768
1679176800000,10062.479617245768
1679180400000,10059.695017245767
1679184000000,10059.76710321799
1679187600000,10061.423103217989
1679191200000,10061.396103217989
1679194800000,10061.471703217989
1679198400000,10062.59220321799
1679202000000,10061.701203217988
1679205600000,10060.907403217989
1679209200000,10059.978603217989
1679212800000,10060.13073615799
1679216400000,10060.32693615799
1679220000000,10060.800336157989
1679223600000,10060.88223615799
1679227200000,10062.031536157989
1679230800000,10062.758736157988
1679234400000,10062.151236157988
1679238000000,10063.582236157989
1679241600000,10065.147742540072
1679245200000,10067.890942540073
1679248800000,10068.618142540072
1679252400000,10071.778042540072
1679256000000,10071.757342540071
1679259600000,10068.740542540072
1679263200000,10068.647842540073
1679266800000,10070.128342540072
1679270400000,10069.081687540072
1679274000000,10067.925187540073
1679277600000,10066.528387540073
1679281200000,10064.084887540073
1679284800000,10062.689887540073
1679288400000,10064.312587540073
1679292000000,10065.107287540073
1679295600000,10066.264687540073
1679299200000,10071.59846857201
1679302800000,10071.87476857201
1679306400000,10070.68586857201
1679310000000,10070.260168572011
1679313600000,10071.06386857201
1679317200000,10071.25646857201
1679320800000,10068.019168572011
1679324400000,10070.07296857201
1679328000000,10066.697356662009
1679331600000,10065.521956662009
1679335200000,10065.68575666201
1679338800000,10069.398256662009
1679342400000,10067.50555666201
1679346000000,10069.62775666201
1679349600000,10069.14625666201
1679353200000,10068.878956662009
1679356800000,10066.734711946134
1679360400000,10067.974911946134
1679364000000,10068.123411946135
1679367600000,10067.375511946135
1679371200000,10067.415111946135
1679374800000,10068.200811946135
1679378400000,10067.352111946135
1679382000000,10066.153311946135
1679385600000,10064.68230930059
1679389200000,10065.974709300588
1679392800000,10068.93210930059
1679396400000,10069.140009300589
1679400000000,10069.56120930059
1679403600000,10071.033609300588
1679407200000,10070.092209300588
1679410800000,10068.076209300589
1679414400000,10069.582972730004
1679418000000,10072.924672730005
1679421600000,10068.845872730004
1679425200000,10070.410972730006
1679428800000,10070.412772730006
1679432400000,10070.022172730005
1679436000000,10069.548772730004
1679439600000,10069.401172730004
1679443200000,10070.151095078385
1679446800000,10069.340195078385
1679450400000,10070.025995078384
1679454000000,10069.785695078384
1679457600000,10070.539895078384
1679461200000,10071.267995078384
1679464800000,10070.825195078385
1679468400000,10071.003395078385
1679472000000,10070.03587991081
1679475600000,10069.73887991081
1679479200000,10070.18437991081
1679482800000,10070.70007991081
1679486400000,10070.444479910811
1679490000000,10071.13657991081
1679493600000,10071.849379910811
1679497200000,10074.71497991081
1679500800000,10074.671556243567
1679504400000,10075.117056243567
1679508000000,10075.570656243566
1679511600000,10068.989856243566
1679515200000,10058.032356243568
1679518800000,10062.746556243566
1679522400000,10061.168856243567
1679526000000,10061.936556243567
1679529600000,10062.500248326885
1679533200000,10062.979948326885
1679536800000,10061.593948326885
1679540400000,10063.509148326886
1679544000000,10063.510048326885
1679547600000,10062.799948326885
1679551200000,10065.805948326886
1679554800000,10066.116448326886
1679558400000,10065.949057683634
1679562000000,10066.025557683635
1679565600000,10065.923857683636
1679569200000,10065.645757683635
1679572800000,10065.386557683634
1679576400000,10064.674657683636
1679580000000,10063.667557683635
1679583600000,10071.312157683635
1679587200000,10074.985437663636
1679590800000,10073.577837663635
1679594400000,10072.140537663636
1679598000000,10069.284837663636
1679601600000,10071.786837663636
1679605200000,10071.543837663636
1679608800000,10070.669937663635
1679612400000,10070.944437663637
1679616000000,10071.969280533636
1679619600000,10071.035080533637
1679623200000,10071.518380533636
1679626800000,10070.972080533636
1679630400000,10071.155680533637
1679634000000,10070.499580533637
1679637600000,10071.831580533637
1679641200000,10071.682180533637
1679644800000,10071.794437623636
1679648400000,10069.386937623636
1679652000000,10069.507537623636
1679655600000,10069.422937623636
1679659200000,10065.660037623637
1679662800000,10068.936037623636
1679666400000,10068.333037623635
1679670000000,10069.350937623636
1679673600000,10069.351836190228
1679677200000,10067.98743619023
1679680800000,10066.027236190228
1679684400000,10066.686036190229
1679688000000,10067.427636190228
1679691600000,10065.427836190229
1679695200000,10062.78813619023
1679698800000,10063.028436190229
1679702400000,10064.201901769078
1679706000000,10065.11810176908
1679709600000,10064.594301769079
1679713200000,10065.55280176908
1679716800000,10065.388101769078
1679720400000,10064.95610176908
1679724000000,10064.30360176908
1679727600000,10064.709501769079
1679731200000,10064.55455100333
1679734800000,10064.09555100333
1679738400000,10064.45195100333
1679742000000,10064.487051003329
1679745600000,10064.335851003329
1679749200000,10064.050551003329
1679752800000,10065.320451003328
1679756400000,10064.99645100333
1679760000000,10066.10272480809
1679763600000,10065.900224808089
1679767200000,10064.324324808089
1679770800000,10063.83652480809
1679774400000,10062.092324808089
1679778000000,10063.31182480809
1679781600000,10063.731224808089
1679785200000,10064.03992480809
1679788800000,10064.229674121148
1679792400000,10064.995574121149
1679796000000,10065.612974121148
1679799600000,10065.445574121148
1679803200000,10064.847974121149
1679806800000,10064.811074121148
1679810400000,10065.305174121148
1679814000000,10064.568974121148
1679817600000,10064.732003726098
1679821200000,10066.037003726098
1679824800000,10066.307903726098
1679828400000,10066.298003726099
1679832000000,10068.377903726097
1679835600000,10068.539003726099
1679839200000,10070.411903726097
1679842800000,10067.100803726098
1679846400000,10067.51831209349
1679850000000,10066.54631209349
1679853600000,10067.604712093489
1679857200000,10067.38511209349
1679860800000,10067.48591209349
1679864400000,10067.07731209349
1679868000000,10067.525512093489
1679871600000,10069.33271209349
1679875200000,10068.789002561616
1679878800000,10069.079702561618
1679882400000,10067.699102561617
1679886000000,10068.037502561618
1679889600000,10068.136502561616
1679893200000,10068.233702561616
1679896800000,10066.393202561616
1679900400000,10067.226602561617
1679904000000,10067.389776414391
1679907600000,10067.793876414391
1679911200000,10068.54627641439
1679914800000,10068.26727641439
1679918400000,10068.10797641439
1679922000000,10066.79037641439
1679925600000,10066.36827641439
1679929200000,10059.013083763835
1679932800000,10059.013083763835
1679936400000,10059.013083763835
1679940000000,10059.013083763835
1679943600000,10059.013083763835
1679947200000,10059.013083763835
1679950800000,10059.013083763835
1679954400000,10059.013083763835
1679958000000,10059.013083763835
1679961600000,10059.013083763835
1679965200000,10059.013083763835
1679968800000,10059.013083763835
1679972400000,10059.013083763835
1679976000000,10059.013083763835
1679979600000,10059.013083763835
1679983200000,10059.013083763835
1679986800000,10059.013083763835
1679990400000,10059.013083763835
1679994000000,10059.013083763835
1679997600000,10059.013083763835
1680001200000,10059.013083763835
1680004800000,10059.013083763835
1680008400000,10059.013083763835
1680012000000,10059.013083763835
1680015600000,10059.013083763835
1680019200000,10059.013083763835
1680022800000,10059.013083763835
1680026400000,10059.013083763835
1680030000000,10059.013083763835
1680033600000,10059.013083763835
1680037200000,10059.013083763835
1680040800000,10059.013083763835
1680044400000,10059.013083763835
1680048000000,10059.013083763835
1680051600000,10059.013083763835
1680055200000,10059.013083763835
1680058800000,10059.013083763835
1680062400000,10059.013083763835
1680066000000,10059.013083763835
1680069600000,10059.013083763835
1680073200000,10059.013083763835
1680076800000,10059.013083763835
1680080400000,10059.013083763835
1680084000000,10059.013083763835
1680087600000,10059.013083763835
1680091200000,10059.013083763835
1680094800000,10059.013083763835
1680098400000,10059.013083763835
1680102000000,10059.013083763835
1680105600000,10059.013083763835
1680109200000,10059.013083763835
1680112800000,10059.013083763835
1680116400000,10059.013083763835
1680120000000,10059.013083763835
1680123600000,10059.013083763835
1680127200000,10059.013083763835
1680130800000,10059.013083763835
1680134400000,10059.013083763835
1680138000000,10059.013083763835
1680141600000,10059.013083763835
1680145200000,10059.013083763835
1680148800000,10059.013083763835
1680152400000,10059.013083763835
1680156000000,10059.013083763835
1680159600000,10059.013083763835
1680163200000,10059.013083763835
1680166800000,10059.013083763835
1680170400000,10059.013083763835
1680174000000,10059.013083763835
1680177600000,10059.013083763835
1680181200000,10059.013083763835
1680184800000,10059.013083763835
1680188400000,10059.013083763835
1680192000000,10059.013083763835
1680195600000,10059.013083763835
1680199200000,10059.013083763835
1680202800000,10059.013083763835
1680206400000,10059.013083763835
1680210000000,10059.013083763835
1680213600000,10059.013083763835
1680217200000,10059.013083763835
1680220800000,10059.013083763835
1680224400000,10059.013083763835
1680228000000,10059.013083763835
1680231600000,10059.013083763835
1680235200000,10059.013083763835
1680238800000,10059.013083763835
1680242400000,10059.013083763835
1680246000000,10059.013083763835
1680249600000,10059.013083763835
1680253200000,10059.013083763835
1680256800000,10059.013083763835
1680260400000,10059.013083763835
1680264000000,10059.013083763835
1680267600000,10059.013083763835
1680271200000,10059.013083763835
1680274800000,10059.013083763835
1680278400000,10059.013083763835
1680282000000,10059.013083763835
1680285600000,10059.013083763835
1680289200000,10059.013083763835
1680292800000,10059.013083763835
1680296400000,10059.013083763835
1680300000000,10059.013083763835
1680303600000,10059.013083763835
1680307200000,10059.013083763835
1680310800000,10059.013083763835
1680314400000,10059.013083763835
1680318000000,10059.013083763835
1680321600000,10059.013083763835
1680325200000,10059.013083763835
1680328800000,10059.013083763835
1680332400000,10059.013083763835
1680336000000,10059.013083763835
1680339600000,10059.013083763835
1680343200000,10059.013083763835
1680346800000,10059.013083763835
1680350400000,10059.013083763835
1680354000000,10059.013083763835
1680357600000,10059.013083763835
1680361200000,10059.013083763835
1680364800000,10059.013083763835
1680368400000,10059.013083763835
1680372000000,10059.013083763835
1680375600000,10059.013083763835
1680379200000,10059.013083763835
1680382800000,10059.013083763835
1680386400000,10059.013083763835
1680390000000,10059.013083763835
1680393600000,10059.013083763835
1680397200000,10059.013083763835
1680400800000,10059.013083763835
1680404400000,10059.013083763835
1680408000000,10059.013083763835
1680411600000,10059.013083763835
1680415200000,10059.013083763835
1680418800000,10059.013083763835
1680422400000,10059.013083763835
1680426000000,10059.013083763835
1680429600000,10059.013083763835
1680433200000,10059.013083763835
1680436800000,10059.013083763835
1680440400000,10059.013083763835
1680444000000,10059.013083763835
1680447600000,10059.013083763835
1680451200000,10059.013083763835
1680454800000,10059.013083763835
1680458400000,10059.013083763835
1680462000000,10059.013083763835
1680465600000,10059.429693452448
1680469200000,10056.758313452447
1680472800000,10057.596753452448
1680476400000,10054.500033452447
1680480000000,10054.875589284798
1680483600000,10055.4080292848
1680487200000,10062.341989284798
1680490800000,10060.5029292848
1680494400000,10059.557389284799
1680498000000,10060.0102692848
1680501600000,10059.581869284799
1680505200000,10057.280749284799
1680508800000,10054.399709770327
1680512400000,10048.864169770326
1680516000000,10049.864789770327
1680519600000,10051.835429770326
1680523200000,10050.743009770325
1680526800000,10051.948649770326
1680530400000,10049.742389770327
1680534000000,10056.101069770326
1680537600000,10054.07582104535
1680541200000,10055.35184104535
1680544800000,10052.85488104535
1680548400000,10041.52370104535
1680552000000,10047.16022104535
1680555600000,10061.89106104535
1680559200000,10054.32062104535
1680562800000,10050.85364104535
1680566400000,10049.710763427494
1680570000000,10051.705883427494
1680573600000,10050.726683427494
1680577200000,10050.509423427495
1680580800000,10050.35059549478
1680584400000,10050.912755494779
1680588000000,10050.46471549478
1680591600000,10051.437535494779
1680595200000,10051.697404187315
1680598800000,10049.330924187314
1680602400000,10049.139184187316
1680606000000,10048.409224187313
1680609600000,10043.905006791569
1680613200000,10043.357806791568
1680616800000,10041.765806791567
1680620400000,10041.057006791569
1680624000000,10039.286726366612
1680627600000,10040.406726366613
1680631200000,10042.582726366612
1680634800000,10040.873926366612
1680638400000,10041.907526366613
1680642000000,10042.885126366613
1680645600000,10042.569926366612
1680649200000,10042.347526366613
1680652800000,10041.704692191253
1680656400000,10050.042292191252
1680660000000,10048.427892191254
1680663600000,10048.157492191252
1680667200000,10047.898292191254
1680670800000,10047.299892191253
1680674400000,10048.535092191252
1680678000000,10047.616692191254
1680681600000,10047.43863477554
1680685200000,10047.60503477554
1680688800000,10047.237034775542
1680692400000,10047.080234775542
1680696000000,10048.080234775542
1680699600000,10047.777834775541
1680703200000,10045.921834775541
1680706800000,10039.425834775542
1680710400000,10038.941434760645
1680714000000,10037.858234760646
1680717600000,10039.520634760645
1680721200000,10039.587834760645
1680724800000,10043.079034760645
1680728400000,10041.640634760646
1680732000000,10041.631034760645
1680735600000,10041.583034760646
1680739200000,10041.861338327424
1680742800000,10038.624538327424
1680746400000,10040.090138327425
1680750000000,10039.494938327423
1680753600000,10040.936538327423
1680757200000,10040.064538327424
1680760800000,10039.611738327425
1680764400000,10039.981338327425
1680768000000,10036.930077648392
1680771600000,10038.298077648391
1680775200000,10037.419677648391
1680778800000,10036.757277648392
1680782400000,10038.258077648392
1680786000000,10037.622877648391
1680789600000,10037.544477648391
1680793200000,10038.322077648392
1680796800000,10040.780242823992
1680800400000,10039.865042823993
1680804000000,10039.679442823992
1680807600000,10038.589842823993
1680811200000,10039.069842823992
1680814800000,10038.401042823993
1680818400000,10038.980242823993
1680822000000,10039.377042823991
1680825600000,10039.551741225336
1680829200000,10040.655741225337
1680832800000,10039.871741225335
1680836400000,10039.199741225337
1680840000000,10039.596541225335
1680843600000,10039.308541225337
1680847200000,10038.790141225336
1680850800000,10038.332541225336
1680854400000,10036.099098337865
1680858000000,10036.174298337864
1680861600000,10036.892698337864
1680865200000,10037.867098337865
1680868800000,10036.249498337866
1680872400000,10037.398298337865
1680876000000,10037.273498337865
1680879600000,10037.547098337865
1680883200000,10038.148783207918
1680886800000,10037.36958320792
1680890400000,10037.662383207919
1680894000000,10037.305583207919
1680897600000,10037.327983207919
1680901200000,10036.76158320792
1680904800000,10037.243183207918
1680908400000,10038.18718320792
1680912000000,10037.433987254703
1680915600000,10037.313987254702
1680919200000,10037.494787254702
1680922800000,10038.233987254702
1680926400000,10039.405187254702
1680930000000,10038.693187254703
1680933600000,10041.534787254703
1680937200000,10040.909187254701
1680940800000,10040.295893785735
1680944400000,10039.267093785735
1680948000000,10039.503893785735
1680951600000,10039.212693785736
1680955200000,10039.238293785735
1680958800000,10038.852693785735
1680962400000,10039.294293785735
1680966000000,10039.254293785734
1680969600000,10039.230391378567
1680973200000,10039.023991378568
1680976800000,10037.822391378568
1680980400000,10037.081591378568
1680984000000,10037.756791378568
1680987600000,10037.598391378568
1680991200000,10037.785591378568
1680994800000,10037.855991378567
1680998400000,10037.96214672961
1681002000000,10039.509346729608
1681005600000,10040.28854672961
1681009200000,10039.547746729608
1681012800000,10039.437346729608
1681016400000,10039.539746729608
1681020000000,10038.75894672961
1681023600000,10036.379663887636
1681027200000,10036.379663887636
1681030800000,10036.379663887636
1681034400000,10036.379663887636
1681038000000,10036.379663887636
1681041600000,10036.379663887636
1681045200000,10036.379663887636
1681048800000,10036.379663887636
1681052400000,10036.379663887636
1681056000000,10036.379663887636
1681059600000,10036.379663887636
1681063200000,10036.379663887636
1681066800000,10036.379663887636
1681070400000,10036.379663887636
1681074000000,10036.379663887636
1681077600000,10036.379663887636
1681081200000,10036.379663887636
1681084800000,10036.379663887636
1681088400000,10036.379663887636
1681092000000,10036.379663887636
1681095600000,10036.379663887636
1681099200000,10036.379663887636
1681102800000,10036.379663887636
1681106400000,10036.379663887636
1681110000000,10036.379663887636
1681113600000,10036.379663887636
1681117200000,10036.379663887636
1681120800000,10036.379663887636
1681124400000,10036.379663887636
1681128000000,10036.379663887636
1681131600000,10036.379663887636
1681135200000,10036.379663887636
1681138800000,10036.379663887636
1681142400000,10036.379663887636
1681146000000,10036.379663887636
1681149600000,10036.379663887636
1681153200000,10036.379663887636
1681156800000,10036.379663887636
1681160400000,10036.379663887636
1681164000000,10036.379663887636
1681167600000,10036.379663887636
1681171200000,10036.379663887636
1681174800000,10036.379663887636
1681178400000,10036.379663887636
1681182000000,10036.379663887636
1681185600000,10036.379663887636
1681189200000,10036.379663887636
1681192800000,10036.379663887636
1681196400000,10036.379663887636
1681200000000,10036.379663887636
1681203600000,10036.379663887636
1681207200000,10036.379663887636
1681210800000,10036.379663887636
1681214400000,10036.379663887636
1681218000000,10036.379663887636
1681221600000,10036.379663887636
1681225200000,10036.379663887636
1681228800000,10036.379663887636
1681232400000,10036.379663887636
1681236000000,10036.379663887636
1681239600000,10036.379663887636
1681243200000,10036.379663887636
1681246800000,10036.379663887636
1681250400000,10036.379663887636
1681254000000,10036.379663887636
1681257600000,10036.379663887636
1681261200000,10036.379663887636
1681264800000,10036.379663887636
1681268400000,10036.379663887636
1681272000000,10036.379663887636
1681275600000,10036.379663887636
1681279200000,10036.379663887636
1681282800000,10036.379663887636
1681286400000,10036.379663887636
1681290000000,10036.379663887636
1681293600000,10036.379663887636
1681297200000,10036.379663887636
1681300800000,10036.379663887636
1681304400000,10036.379663887636
1681308000000,10036.379663887636
1681311600000,10036.379663887636
1681315200000,10036.379663887636
1681318800000,10036.379663887636
1681322400000,10036.379663887636
1681326000000,10036.379663887636
1681329600000,10036.379663887636
1681333200000,10036.379663887636
1681336800000,10036.379663887636
1681340400000,10036.379663887636
1681344000000,10036.379663887636
1681347600000,10036.379663887636
1681351200000,10036.379663887636
1681354800000,10036.379663887636
1681358400000,10036.379663887636
1681362000000,10036.379663887636
1681365600000,10036.379663887636
1681369200000,10036.379663887636
1681372800000,10036.379663887636
1681376400000,10036.379663887636
1681380000000,10036.379663887636
1681383600000,10036.379663887636
1681387200000,10036.379663887636
1681390800000,10036.379663887636
1681394400000,10036.379663887636
1681398000000,10036.379663887636
1681401600000,10036.379663887636
1681405200000,10036.379663887636
1681408800000,10036.379663887636
1681412400000,10036.379663887636
1681416000000,10036.379663887636
1681419600000,10036.379663887636
1681423200000,10036.379663887636
1681426800000,10036.379663887636
1681430400000,10036.379663887636
1681434000000,10036.379663887636
1681437600000,10036.379663887636
1681441200000,10036.379663887636
1681444800000,10036.379663887636
1681448400000,10036.379663887636
1681452000000,10036.379663887636
1681455600000,10036.379663887636
1681459200000,10036.379663887636
1681462800000,10036.379663887636
1681466400000,10036.379663887636
1681470000000,10036.379663887636
1681473600000,10036.379663887636
1681477200000,10036.379663887636
1681480800000,10036.379663887636
1681484400000,10036.379663887636
1681488000000,10036.379663887636
1681491600000,10036.379663887636
1681495200000,10036.379663887636
1681498800000,10036.379663887636
1681502400000,10036.379663887636
1681506000000,10036.379663887636
1681509600000,10036.379663887636
1681513200000,10036.379663887636
1681516800000,10036.379663887636
1681520400000,10036.379663887636
1681524000000,10036.379663887636
1681527600000,10036.379663887636
1681531200000,10036.379663887636
1681534800000,10036.379663887636
1681538400000,10036.379663887636
1681542000000,10036.379663887636
1681545600000,10036.379663887636
1681549200000,10036.379663887636
1681552800000,10036.379663887636
1681556400000,10036.379663887636
1681560000000,10036.379663887636
1681563600000,10036.379663887636
1681567200000,10036.379663887636
1681570800000,10036.379663887636
1681574400000,10036.379663887636
1681578000000,10036.379663887636
1681581600000,10036.379663887636
1681585200000,10036.379663887636
1681588800000,10036.379663887636
1681592400000,10036.379663887636
1681596000000,10036.379663887636
1681599600000,10036.379663887636
1681603200000,10036.379663887636
1681606800000,10036.379663887636
1681610400000,10036.379663887636
1681614000000,10036.379663887636
1681617600000,10036.379663887636
1681621200000,10036.379663887636
1681624800000,10036.379663887636
1681628400000,10036.379663887636
1681632000000,10036.379663887636
1681635600000,10036.379663887636
1681639200000,10036.379663887636
1681642800000,10036.379663887636
1681646400000,10036.379663887636
1681650000000,10036.379663887636
1681653600000,10036.379663887636
1681657200000,10036.379663887636
1681660800000,10036.379663887636
1681664400000,10036.379663887636
1681668000000,10036.379663887636
1681671600000,10036.379663887636
1681675200000,10036.379663887636
1681678800000,10036.379663887636
1681682400000,10036.379663887636
1681686000000,10036.379663887636
1681689600000,10036.379663887636
1681693200000,10036.379663887636
1681696800000,10036.379663887636
1681700400000,10036.379663887636
1681704000000,10036.379663887636
1681707600000,10036.379663887636
1681711200000,10036.379663887636
1681714800000,10036.379663887636
1681718400000,10036.379663887636
1681722000000,10036.379663887636
1681725600000,10036.379663887636
1681729200000,10036.379663887636
1681732800000,10036.379663887636
1681736400000,10036.379663887636
1681740000000,10036.379663887636
1681743600000,10036.379663887636
1681747200000,10036.379663887636
1681750800000,10036.379663887636
1681754400000,10036.379663887636
1681758000000,10036.379663887636
1681761600000,10036.379663887636
1681765200000,10036.379663887636
1681768800000,10036.379663887636
1681772400000,10036.379663887636
1681776000000,10036.379663887636
1681779600000,10036.379663887636
1681783200000,10036.379663887636
1681786800000,10036.379663887636
1681790400000,10036.379663887636
1681794000000,10036.379663887636
1681797600000,10036.379663887636
1681801200000,10036.379663887636
1681804800000,10036.379663887636
1681808400000,10036.379663887636
1681812000000,10036.379663887636
1681815600000,10036.379663887636
1681819200000,10036.379663887636
1681822800000,10036.379663887636
1681826400000,10036.379663887636
1681830000000,10036.379663887636
1681833600000,10036.379663887636
1681837200000,10036.379663887636
1681840800000,10036.379663887636
1681844400000,10036.379663887636
1681848000000,10036.379663887636
1681851600000,10036.379663887636
1681855200000,10036.379663887636
1681858800000,10036.379663887636
1681862400000,10036.379663887636
1681866000000,10036.379663887636
1681869600000,10036.379663887636
1681873200000,10036.379663887636
1681876800000,10036.379663887636
1681880400000,10036.379663887636
1681884000000,10036.379663887636
1681887600000,10036.379663887636
1681891200000,10036.379663887636
1681894800000,10036.379663887636
1681898400000,10036.379663887636
1681902000000,10036.379663887636
1681905600000,10036.379663887636
1681909200000,10036.379663887636
1681912800000,10036.379663887636
1681916400000,10036.379663887636
1681920000000,10036.379663887636
1681923600000,10036.379663887636
1681927200000,10036.379663887636
1681930800000,10036.379663887636
1681934400000,10036.379663887636
1681938000000,10036.379663887636
1681941600000,10036.379663887636
1681945200000,10036.379663887636
1681948800000,10036.379663887636
1681952400000,10036.379663887636
1681956000000,10036.379663887636
1681959600000,10036.379663887636
1681963200000,10036.379663887636
1681966800000,10036.379663887636
1681970400000,10036.379663887636
1681974000000,10036.379663887636
1681977600000,10036.379663887636
1681981200000,10036.379663887636
1681984800000,10036.379663887636
1681988400000,10036.379663887636
1681992000000,10036.379663887636
1681995600000,10036.379663887636
1681999200000,10036.379663887636
1682002800000,10036.379663887636
1682006400000,10036.379663887636
1682010000000,10036.379663887636
1682013600000,10036.379663887636
1682017200000,10036.379663887636
1682020800000,10036.379663887636
1682024400000,10036.379663887636
1682028000000,10036.379663887636
1682031600000,10036.379663887636
1682035200000,10036.379663887636
1682038800000,10036.379663887636
1682042400000,10036.379663887636
1682046000000,10036.379663887636
1682049600000,10036.379663887636
1682053200000,10036.379663887636
1682056800000,10036.379663887636
1682060400000,10036.379663887636
1682064000000,10036.379663887636
1682067600000,10036.379663887636
1682071200000,10036.379663887636
1682074800000,10036.379663887636
1682078400000,10036.379663887636
1682082000000,10036.379663887636
1682085600000,10036.379663887636
1682089200000,10036.379663887636
1682092800000,10036.379663887636
1682096400000,10036.379663887636
1682100000000,10036.379663887636
1682103600000,10036.379663887636
1682107200000,10036.379663887636
1682110800000,10036.379663887636
1682114400000,10036.379663887636
1682118000000,10036.379663887636
1682121600000,10036.379663887636
1682125200000,10036.379663887636
1682128800000,10036.379663887636
1682132400000,10036.379663887636
1682136000000,10036.379663887636
1682139600000,10036.379663887636
1682143200000,10036.379663887636
1682146800000,10036.379663887636
1682150400000,10036.379663887636
1682154000000,10036.379663887636
1682157600000,10036.379663887636
1682161200000,10036.379663887636
1682164800000,10036.379663887636
1682168400000,10036.379663887636
1682172000000,10036.379663887636
1682175600000,10036.379663887636
1682179200000,10036.379663887636
1682182800000,10036.379663887636
1682186400000,10036.379663887636
1682190000000,10036.379663887636
1682193600000,10036.379663887636
1682197200000,10036.379663887636
1682200800000,10036.379663887636
1682204400000,10036.379663887636
1682208000000,10036.379663887636
1682211600000,10036.379663887636
1682215200000,10036.379663887636
1682218800000,10036.379663887636
1682222400000,10036.379663887636
1682226000000,10036.379663887636
1682229600000,10036.379663887636
1682233200000,10036.379663887636
1682236800000,10036.379663887636
1682240400000,10036.379663887636
1682244000000,10036.379663887636
1682247600000,10036.379663887636
1682251200000,10036.379663887636
1682254800000,10036.379663887636
1682258400000,10036.379663887636
1682262000000,10036.379663887636
1682265600000,10036.379663887636
1682269200000,10036.379663887636
1682272800000,10036.379663887636
1682276400000,10036.379663887636
1682280000000,10036.379663887636
1682283600000,10036.379663887636
1682287200000,10036.379663887636
1682290800000,10036.379663887636
1682294400000,10036.379663887636
1682298000000,10036.379663887636
1682301600000,10036.379663887636
1682305200000,10036.379663887636
1682308800000,10036.379663887636
1682312400000,10036.379663887636
1682316000000,10036.379663887636
1682319600000,10036.379663887636
1682323200000,10036.379663887636
1682326800000,10036.379663887636
1682330400000,10036.379663887636
1682334000000,10036.379663887636
1682337600000,10036.379663887636
1682341200000,10036.379663887636
1682344800000,10036.379663887636
1682348400000,10036.379663887636
1682352000000,10036.379663887636
1682355600000,10036.379663887636
1682359200000,10036.379663887636
1682362800000,10036.379663887636
1682366400000,10036.379663887636
1682370000000,10036.379663887636
1682373600000,10036.379663887636
1682377200000,10036.379663887636
1682380800000,10036.379663887636
1682384400000,10036.379663887636
1682388000000,10036.379663887636
1682391600000,10036.379663887636
1682395200000,10036.379663887636
1682398800000,10036.379663887636
1682402400000,10036.379663887636
1682406000000,10036.379663887636
1682409600000,10036.379663887636
1682413200000,10036.379663887636
1682416800000,10036.379663887636
1682420400000,10036.379663887636
1682424000000,10036.379663887636
1682427600000,10036.379663887636
1682431200000,10036.379663887636
1682434800000,10036.379663887636
1682438400000,10036.379663887636
1682442000000,10036.379663887636
1682445600000,10036.379663887636
1682449200000,10036.379663887636
1682452800000,10036.379663887636
1682456400000,10036.379663887636
1682460000000,10036.379663887636
1682463600000,10036.379663887636
1682467200000,10036.379663887636
1682470800000,10036.379663887636
1682474400000,10036.379663887636
1682478000000,10036.379663887636
1682481600000,10036.379663887636
1682485200000,10036.379663887636
1682488800000,10036.379663887636
1682492400000,10036.379663887636
1682496000000,10036.379663887636
1682499600000,10036.379663887636
1682503200000,10036.379663887636
1682506800000,10036.379663887636
1682510400000,10036.379663887636
1682514000000,10036.379663887636
1682517600000,10036.379663887636
1682521200000,10036.379663887636
1682524800000,10036.379663887636
1682528400000,10036.379663887636
1682532000000,10036.379663887636
1682535600000,10036.379663887636
1682539200000,10036.379663887636
1682542800000,10036.379663887636
1682546400000,10036.379663887636
1682550000000,10036.379663887636
1682553600000,10036.379663887636
1682557200000,10036.379663887636
1682560800000,10036.379663887636
1682564400000,10036.379663887636
1682568000000,10036.379663887636
1682571600000,10036.379663887636
1682575200000,10036.379663887636
1682578800000,10036.379663887636
1682582400000,10036.379663887636
1682586000000,10036.379663887636
1682589600000,10036.379663887636
1682593200000,10036.379663887636
1682596800000,10036.379663887636
1682600400000,10036.379663887636
1682604000000,10036.379663887636
1682607600000,10036.379663887636
1682611200000,10036.379663887636
1682614800000,10036.379663887636
1682618400000,10036.379663887636
1682622000000,10036.379663887636
1682625600000,10036.379663887636
1682629200000,10036.379663887636
1682632800000,10036.379663887636
1682636400000,10036.379663887636
1682640000000,10036.190769799365
1682643600000,10035.699219799366
1682647200000,10035.991889799365
1682650800000,10036.503779799365
1682654400000,10036.619039799365
1682658000000,10035.735379799366
1682661600000,10035.605429799365
1682665200000,10035.385079799365
1682668800000,10035.14373179876
1682672400000,10036.20932179876
1682676000000,10036.42854179876
1682679600000,10036.19802179876
1682683200000,10037.42068179876
1682686800000,10037.33141179876
1682690400000,10038.60605179876
1682694000000,10038.824141798761
1682697600000,10038.782288642991
1682701200000,10038.056828642992
1682704800000,10038.21954864299
1682708400000,10037.77432864299
1682712000000,10038.13592864299
1682715600000,10037.62629864299
1682719200000,10037.83986864299
1682722800000,10037.850038642991
1682726400000,10038.251507924106
1682730000000,10038.702377924106
1682733600000,10038.260547924107
1682737200000,10037.594977924105
1682740800000,10037.545257924106
1682744400000,10037.053707924106
1682748000000,10037.178007924107
1682751600000,10037.224337924106
1682755200000,10036.942455721457
1682758800000,10037.195575721456
1682762400000,10037.256595721456
1682766000000,10037.682605721457
1682769600000,10037.490505721456
1682773200000,10037.505195721456
1682776800000,10035.640695721457
1682780400000,10036.059925721456
1682784000000,10036.58493311768
1682787600000,10036.627873117679
1682791200000,10037.88895311768
1682794800000,10037.570293117678
1682798400000,10037.003033117679
1682802000000,10036.840313117678
1682805600000,10036.925063117678
1682809200000,10036.96009311768
1682812800000,10036.456136537568
1682816400000,10037.425676537569
1682820000000,10037.981636537568
1682823600000,10037.496866537569
1682827200000,10037.914966537568
1682830800000,10037.712696537568
1682834400000,10036.87423653757
1682838000000,10036.92960653757
1682841600000,10036.92462873695
1682845200000,10036.91332873695
1682848800000,10036.679418736949
1682852400000,10036.67489873695
1682856000000,10037.21955873695
1682859600000,10037.30543873695
1682863200000,10036.92801873695
1682866800000,10036.26018873695
1682870400000,10034.709730134622
1682874000000,10034.200100134622
1682877600000,10034.963980134622
1682881200000,10035.377560134622
1682884800000,10037.019450134621
1682888400000,10038.253410134621
1682892000000,10038.285050134622
1682895600000,10038.465850134622
1682899200000,10040.681881954277
1682902800000,10039.079541954277
1682906400000,10044.728411954276
1682910000000,10043.663951954277
1682913600000,10043.421001954277
1682917200000,10043.296701954278
1682920800000,10043.365631954277
1682924400000,10043.066181954277
1682928000000,10043.12417580282
1682931600000,10043.117395802821
1682935200000,10043.26542580282
1682938800000,10043.49142580282
1682942400000,10043.611205802821
1682946000000,10043.24169580282
1682949600000,10044.09710580282
1682953200000,10043.77279580282
1682956800000,10044.731658200199
1682960400000,10044.1915182002
1682964000000,10044.1847382002
1682967600000,10044.926018200198
1682971200000,10046.9566282002
1682974800000,10047.4131482002
1682978400000,10045.9870882002
1682982000000,10045.598368200199
1682985600000,10045.256145228312
1682989200000,10044.890025228313
1682992800000,10045.739785228312
1682996400000,10045.416605228313
1683000000000,10045.052745228313
1683003600000,10045.796285228313
1683007200000,10045.352195228312
1683010800000,10045.461805228313
1683014400000,10044.645592921846
1683018000000,10044.911142921846
1683021600000,10045.447892921848
1683025200000,10045.250142921846
1683028800000,10044.804922921847
1683032400000,10044.845602921847
1683036000000,10045.441112921848
1683039600000,10042.999182921847
1683043200000,10042.11341503829
1683046800000,10042.532645038289
1683050400000,10041.88628503829
1683054000000,10040.52915503829
1683057600000,10040.87267503829
1683061200000,10040.77323503829
1683064800000,10040.52124503829
1683068400000,10040.173205038289
1683072000000,10040.824442446892
1683075600000,10041.788332446893
1683079200000,10041.457242446893
1683082800000,10041.817712446893
1683086400000,10041.593972446894
1683090000000,10041.619962446894
1683093600000,10041.858392446893
1683097200000,10041.215422446892
1683100800000,10041.33485929092
1683104400000,10041.002639290922
1683108000000,10040.99585929092
1683111600000,10041.279489290922
1683115200000,10041.907769290921
1683118800000,10043.192579290922
1683122400000,10042.252419290922
1683126000000,10043.372249290922
1683129600000,10042.737782745144
1683133200000,10041.403252745144
1683136800000,10037.450143775804
1683140400000,10037.450143775804
1683144000000,10037.450143775804
1683147600000,10037.450143775804
1683151200000,10037.450143775804
1683154800000,10037.450143775804
1683158400000,10037.450143775804
1683162000000,10037.450143775804
1683165600000,10037.450143775804
1683169200000,10037.450143775804
1683172800000,10037.450143775804
1683176400000,10037.450143775804
1683180000000,10037.450143775804
1683183600000,10037.450143775804
1683187200000,10037.450143775804
1683190800000,10037.450143775804
1683194400000,10037.450143775804
1683198000000,10037.450143775804
1683201600000,10037.078032805519
1683205200000,10038.42743280552
1683208800000,10042.145432805519
1683212400000,10041.44083280552
1683216000000,10042.87775733872
1683219600000,10043.005157338719
1683223200000,10043.343157338719
1683226800000,10045.81575733872
1683230400000,10045.087757338719
1683234000000,10044.104957338719
1683237600000,10044.518357338718
1683241200000,10045.878157338719
1683244800000,10044.327822052708
1683248400000,10045.073922052708
1683252000000,10045.906922052709
1683255600000,10044.661322052709
1683259200000,10044.473122052708
1683262800000,10044.722622052708
1683266400000,10043.953722052709
1683270000000,10042.77092205271
1683273600000,10042.861504788372
1683277200000,10042.398504788374
1683280800000,10042.030704788373
1683284400000,10040.913504788374
1683288000000,10039.586304788374
1683291600000,10038.375104788372
1683295200000,10034.775104788372
1683298800000,10032.064104788375
1683302400000,10032.224654405649
1683306000000,10031.342103651132
1683309600000,10028.642103651131
1683313200000,10028.615103651131
1683316800000,10030.668603651131
1683320400000,10029.99660365113
1683324000000,10029.65760365113
1683327600000,10031.33760365113
1683331200000,10029.464860992131
1683334800000,10032.359860992132
1683338400000,10030.516360992131
1683342000000,10029.205360992131
1683345600000,10027.742860992132
1683349200000,10027.703860992131
1683352800000,10027.556860992132
1683356400000,10027.828360992131
1683360000000,10027.694335362552
1683363600000,10027.338835362552
1683367200000,10026.395335362553
1683370800000,10025.826835362554
1683374400000,10026.360835362553
1683378000000,10023.476335362553
1683381600000,10021.154335362553
1683385200000,10015.029835362553
1683388800000,10015.51812551883
1683392400000,10016.57581551883
1683396000000,10017.75597551883
1683399600000,10016.70490551883
1683403200000,10016.181275518831
1683406800000,10015.81522551883
1683410400000,10015.92835551883
1683414000000,10016.26827551883
1683417600000,10016.34058532502
1683421200000,10016.219655325021
1683424800000,10016.31883532502
1683428400000,10016.719875325021
1683432000000,10016.267025325022
1683435600000,10016.527675325022
1683439200000,10016.356185325021
1683442800000,10016.278935325021
1683446400000,10015.10678074705
1683450000000,10015.275590747051
1683453600000,10014.590020747051
1683457200000,10014.69959074705
1683460800000,10015.24331074705
1683464400000,10014.66743074705
1683468000000,10014.443000747051
1683471600000,10013.706890747051
1683475200000,10014.09071144273
1683478800000,10014.77896144273
1683482400000,10014.52823144273
1683486000000,10014.14413144273
1683489600000,10014.27070144273
1683493200000,10013.69105144273
1683496800000,10013.373071442731
1683500400000,10012.657931442729
1683504000000,10014.858957547385
1683507600000,10015.207567547384
1683511200000,10013.08817979811
1683514800000,10011.41872979811
1683518400000,10010.07797979811
1683522000000,10011.29762979811
1683525600000,10009.92227979811
1683529200000,10010.51566979811
1683532800000,10012.669680913685
1683536400000,10014.645340913685
1683540000000,10011.778730913686
1683543600000,10011.661090913685
1683547200000,10010.699210913685
1683550800000,10011.944810913685
1683554400000,10011.152470913685
1683558000000,10008.906930913685
1683561600000,10010.2374540633
1683565200000,10011.4242340633
1683568800000,10017.091714063301
1683572400000,10016.5969340633
1683576000000,10016.034684063301
1683579600000,10014.706044063301
1683583200000,10014.626464063302
1683586800000,10013.7337840633
1683590400000,10013.437567484958
1683594000000,10014.235097484958
1683597600000,10012.996417484957
1683601200000,10013.577697484958
1683604800000,10013.944457484959
1683608400000,10014.534387484959
1683612000000,10014.645107484957
1683615600000,10014.804267484958
1683619200000,10013.329411081671
1683622800000,10014.498891081672
1683626400000,10014.625181081672
1683630000000,10014.106181081672
1683633600000,10013.082021081671
1683637200000,10013.341521081671
1683640800000,10014.260151081671
1683644400000,10013.964321081672
1683648000000,10014.787100367246
1683651600000,10012.022560367246
1683655200000,10013.456730367247
1683658800000,10013.638380367245
1683662400000,10012.107330367246
1683666000000,10013.252590367247
1683669600000,10014.200630367246
1683673200000,10013.825220367245
1683676800000,10013.512192288812
1683680400000,10012.481112288813
1683684000000,10013.131592288813
1683687600000,10013.885872288813
1683691200000,10014.005242288813
1683694800000,10013.536412288813
1683698400000,10014.230142288812
1683702000000,10014.750872288812
1683705600000,10014.821299302661
1683709200000,10015.11539930266
1683712800000,10014.75901930266
1683716400000,10013.951109302661
1683720000000,10013.11032930266
1683723600000,10007.555299302661
1683727200000,10008.13830930266
1683730800000,10009.23166930266
1683734400000,10008.953334371794
1683738000000,10008.821854371794
1683741600000,10016.847324371793
1683745200000,10015.489274371794
1683748800000,10013.357914371793
1683752400000,10012.332024371794
1683756000000,10014.809384371792
1683759600000,10013.776574371794
1683763200000,10014.67663424846
1683766800000,10016.159244248462
1683770400000,10016.245744248461
1683774000000,10016.761284248461
1683777600000,10016.908334248461
1683781200000,10016.506974248461
1683784800000,10015.962024248462
1683788400000,10016.295914248461
1683792000000,10017.221498034376
1683795600000,10018.311398034377
1683799200000,10018.121098034377
1683802800000,10017.676488034376
1683806400000,10018.126288034377
1683810000000,10018.520728034377
1683813600000,10020.086378034375
1683817200000,10021.243748034376
1683820800000,10020.279809036972
1683824400000,10021.137889036972
1683828000000,10024.950809036973
1683831600000,10023.527019036972
1683835200000,10024.400669036973
1683838800000,10022.390409036972
1683842400000,10022.366189036973
1683846000000,10023.359209036973
1683849600000,10022.425496470683
1683853200000,10021.890926470682
1683856800000,10023.695316470683
1683860400000,10026.805856470683
1683864000000,10028.750376470682
1683867600000,10026.978856470683
1683871200000,10030.990726470682
1683874800000,10029.191526470682
1683878400000,10028.495717616044
1683882000000,10028.267357616043
1683885600000,10027.483667616043
1683889200000,10027.545947616043
1683892800000,10027.796797616043
1683896400000,10026.443937616043
1683900000000,10026.324567616044
1683903600000,10027.284717616043
1683907200000,10027.617537983131
1683910800000,10026.788867983132
1683914400000,10026.577807983133
1683918000000,10027.008577983132
1683921600000,10023.571067983132
1683925200000,10022.943077983131
1683928800000,10020.515887983132
1683932400000,10021.219997983131
1683936000000,10020.401990282335
1683939600000,10019.865690282335
1683943200000,10019.926240282335
1683946800000,10020.613050282334
1683950400000,10020.547310282334
1683954000000,10021.322350282335
1683957600000,10022.140640282334
1683961200000,10022.047220282335
1683964800000,10021.154997140602
1683968400000,10020.838407140602
1683972000000,10020.155057140602
1683975600000,10020.601397140603
1683979200000,10020.995837140603
1683982800000,10020.978537140601
1683986400000,10021.277827140602
1683990000000,10023.331337140602
1683993600000,10022.770018775269
1683997200000,10022.875548775268
1684000800000,10023.062388775268
1684004400000,10023.437798775269
1684008000000,10022.685248775268
1684011600000,10021.149008775268
1684015200000,10021.624758775268
1684018800000,10021.232048775268
1684022400000,10022.560928672292
1684026000000,10021.647488672294
1684029600000,10022.683758672292
1684033200000,10021.761668672292
1684036800000,10021.100808672292
1684040400000,10021.066208672293
1684044000000,10020.829198672292
1684047600000,10020.318848672292
1684051200000,10020.886116351492
1684054800000,10021.20097635149
1684058400000,10021.06084635149
1684062000000,10021.226926351492
1684065600000,10021.282286351492
1684069200000,10020.038416351492
1684072800000,10020.045336351492
1684076400000,10020.00900635149
1684080000000,10018.367069593147
1684083600000,10020.809829593147
1684087200000,10020.790799593147
1684090800000,10021.707699593147
1684094400000,10022.496579593148
1684098000000,10022.572699593147
1684101600000,10022.520799593147
1684105200000,10021.719809593147
1684108800000,10021.842076619314
1684112400000,10023.392156619315
1684116000000,10016.818156619314
1684119600000,10017.342346619314
1684123200000,10016.735116619315
1684126800000,10017.062086619315
1684130400000,10017.131286619315
1684134000000,10016.155566619314
1684137600000,10016.61308370972
1684141200000,10016.009313709721
1684144800000,10016.68574370972
1684148400000,10016.734183709721
1684152000000,10017.386393709721
1684155600000,10017.22031370972
1684159200000,10017.60264370972
1684162800000,10015.336101248457
1684166400000,10015.336101248457
1684170000000,10015.336101248457
1684173600000,10015.336101248457
1684177200000,10015.336101248457
1684180800000,10015.336101248457
1684184400000,10015.336101248457
1684188000000,10015.336101248457
1684191600000,10015.336101248457
1684195200000,10015.336101248457
1684198800000,10015.336101248457
1684202400000,10015.336101248457
1684206000000,10015.336101248457
1684209600000,10015.336101248457
1684213200000,10015.336101248457
1684216800000,10015.336101248457
1684220400000,10015.336101248457
1684224000000,10015.336101248457
1684227600000,10015.336101248457
1684231200000,10015.336101248457
1684234800000,10015.336101248457
1684238400000,10015.336101248457
1684242000000,10015.336101248457
1684245600000,10015.336101248457
1684249200000,10015.336101248457
1684252800000,10015.336101248457
1684256400000,10015.336101248457
1684260000000,10015.336101248457
1684263600000,10015.336101248457
1684267200000,10015.336101248457
1684270800000,10015.336101248457
1684274400000,10015.336101248457
1684278000000,10015.336101248457
1684281600000,10015.336101248457
1684285200000,10015.336101248457
1684288800000,10015.336101248457
1684292400000,10015.336101248457
1684296000000,10015.336101248457
1684299600000,10015.336101248457
1684303200000,10015.336101248457
1684306800000,10015.336101248457
1684310400000,10015.336101248457
1684314000000,10015.336101248457
1684317600000,10015.336101248457
1684321200000,10015.336101248457
1684324800000,10015.336101248457
1684328400000,10015.336101248457
1684332000000,10015.336101248457
1684335600000,10015.336101248457
1684339200000,10015.336101248457
1684342800000,10015.336101248457
1684346400000,10015.336101248457
1684350000000,10015.336101248457
1684353600000,10015.336101248457
1684357200000,10015.336101248457
1684360800000,10015.336101248457
1684364400000,10015.336101248457
1684368000000,10015.336101248457
1684371600000,10015.336101248457
1684375200000,10015.336101248457
1684378800000,10015.336101248457
1684382400000,10015.336101248457
1684386000000,10015.336101248457
1684389600000,10015.336101248457
1684393200000,10015.336101248457
1684396800000,10015.336101248457
1684400400000,10015.336101248457
1684404000000,10015.336101248457
1684407600000,10015.336101248457
1684411200000,10015.336101248457
1684414800000,10015.336101248457
1684418400000,10015.336101248457
1684422000000,10015.336101248457
1684425600000,10015.336101248457
1684429200000,10015.336101248457
1684432800000,10015.336101248457
1684436400000,10015.336101248457
1684440000000,10015.336101248457
1684443600000,10015.336101248457
1684447200000,10015.336101248457
1684450800000,10015.336101248457
1684454400000,10015.336101248457
1684458000000,10015.336101248457
1684461600000,10015.336101248457
1684465200000,10015.336101248457
1684468800000,10015.336101248457
1684472400000,10015.336101248457
1684476000000,10015.336101248457
1684479600000,10015.336101248457
1684483200000,10015.336101248457
1684486800000,10015.336101248457
1684490400000,10015.336101248457
1684494000000,10015.336101248457
1684497600000,10015.336101248457
1684501200000,10015.336101248457
1684504800000,10015.336101248457
1684508400000,10015.336101248457
1684512000000,10015.336101248457
1684515600000,10015.336101248457
1684519200000,10015.336101248457
1684522800000,10015.336101248457
1684526400000,10015.336101248457
1684530000000,10015.336101248457
1684533600000,10015.336101248457
1684537200000,10015.336101248457
1684540800000,10015.336101248457
1684544400000,10015.336101248457
1684548000000,10015.336101248457
1684551600000,10015.336101248457
1684555200000,10015.336101248457
1684558800000,10015.336101248457
1684562400000,10015.336101248457
1684566000000,10015.336101248457
1684569600000,10015.336101248457
1684573200000,10015.336101248457
1684576800000,10015.336101248457
1684580400000,10015.336101248457
1684584000000,10015.336101248457
1684587600000,10015.336101248457
1684591200000,10015.336101248457
1684594800000,10015.336101248457
1684598400000,10015.336101248457
1684602000000,10015.336101248457
1684605600000,10015.336101248457
1684609200000,10015.336101248457
1684612800000,10015.336101248457
1684616400000,10015.336101248457
1684620000000,10015.336101248457
1684623600000,10015.336101248457
1684627200000,10015.336101248457
1684630800000,10015.336101248457
1684634400000,10015.336101248457
1684638000000,10015.336101248457
1684641600000,10015.336101248457
1684645200000,10015.336101248457
1684648800000,10015.336101248457
1684652400000,10015.336101248457
1684656000000,10015.336101248457
1684659600000,10015.336101248457
1684663200000,10015.336101248457
1684666800000,10015.336101248457
1684670400000,10015.336101248457
1684674000000,10015.336101248457
1684677600000,10015.336101248457
1684681200000,10015.336101248457
1684684800000,10015.336101248457
1684688400000,10015.336101248457
1684692000000,10015.336101248457
1684695600000,10015.336101248457
1684699200000,10015.336101248457
1684702800000,10015.336101248457
1684706400000,10015.336101248457
1684710000000,10015.336101248457
1684713600000,10015.336101248457
1684717200000,10015.336101248457
1684720800000,10015.336101248457
1684724400000,10015.336101248457
1684728000000,10015.336101248457
1684731600000,10015.336101248457
1684735200000,10015.336101248457
1684738800000,10015.336101248457
1684742400000,10015.336101248457
1684746000000,10015.336101248457
1684749600000,10015.336101248457
1684753200000,10015.336101248457
1684756800000,10015.336101248457
1684760400000,10015.336101248457
1684764000000,10015.336101248457
1684767600000,10015.336101248457
1684771200000,10015.336101248457
1684774800000,10015.336101248457
1684778400000,10015.336101248457
1684782000000,10015.336101248457
1684785600000,10015.336101248457
1684789200000,10015.336101248457
1684792800000,10015.336101248457
1684796400000,10015.336101248457
1684800000000,10015.336101248457
1684803600000,10015.336101248457
1684807200000,10015.336101248457
1684810800000,10015.336101248457
1684814400000,10014.228887385812
1684818000000,10014.263887385812
1684821600000,10013.806387385814
1684825200000,10016.321387385813
1684828800000,10016.559624885813
1684832400000,10015.722124885813
1684836000000,10017.167124885813
1684839600000,10015.579624885813
1684843200000,10015.439624885812
1684846800000,10016.887124885812
1684850400000,10018.267124885813
1684854000000,10015.964624885813
1684857600000,10016.09539795255
1684861200000,10018.267897952548
1684864800000,10019.232897952548
1684868400000,10020.955397952548
1684872000000,10019.372464256741
1684875600000,10019.089424256741
1684879200000,10018.00648425674
1684882800000,10019.482124256741
1684886400000,10019.00075012617
1684890000000,10019.40563012617
1684893600000,10018.80001012617
1684897200000,10017.87169012617
1684900800000,10019.24117012617
1684904400000,10020.35927012617
1684908000000,10020.871230126171
1684911600000,10020.628590126169
1684915200000,10019.304554267099
1684918800000,10018.8665742671
1684922400000,10018.3759342671
1684926000000,10018.492514267098
1684929600000,10018.0702942671
1684933200000,10019.591394267098
1684936800000,10020.6351742671
1684940400000,10018.853467575755
1684944000000,10017.079655141155
1684947600000,10019.769655141154
1684951200000,10017.564655141154
1684954800000,10019.834655141154
1684958400000,10018.409655141155
1684962000000,10014.482155141153
1684965600000,10015.949655141154
1684969200000,10016.322155141153
1684972800000,10016.792946061401
1684976400000,10018.327946061401
1684980000000,10022.185446061401
1684983600000,10021.6029460614
1684987200000,10020.600446061402
1684990800000,10019.482946061402
1684994400000,10018.205446061402
1684998000000,10018.490446061402
1685001600000,10021.263240921739
1685005200000,10019.520740921738
1685008800000,10018.358240921738
1685012400000,10018.900740921737
1685016000000,10017.265740921737
1685019600000,10014.663240921738
1685023200000,10015.213240921737
1685026800000,10016.070740921738
1685030400000,10019.943779251387
1685034000000,10017.791279251387
1685037600000,10015.163779251387
1685041200000,10015.871279251387
1685044800000,10012.763779251387
1685048400000,10013.068779251387
1685052000000,10013.353779251387
1685055600000,10013.638779251387
1685059200000,10013.072437669944
1685062800000,10013.704937669943
1685066400000,10014.534937669943
1685070000000,10014.984937669942
1685073600000,10014.374937669943
1685077200000,10014.367437669944
1685080800000,10016.602437669942
1685084400000,10014.497437669943
1685088000000,10012.515904201919
1685091600000,10013.240904201919
1685095200000,10014.195904201919
1685098800000,10013.685904201919
1685102400000,10013.50340420192
1685106000000,10014.088404201919
1685109600000,10010.98340420192
1685113200000,10005.00340420192
1685116800000,10006.671511911292
1685120400000,10005.279011911292
1685124000000,10007.359011911292
1685127600000,10006.894011911292
1685131200000,10005.941511911293
1685134800000,10006.401511911294
1685138400000,10007.021511911293
1685142000000,10007.844011911293
1685145600000,10007.421702835529
1685149200000,10008.776702835528
1685152800000,10007.244202835529
1685156400000,10006.686702835528
1685160000000,10006.401702835528
1685163600000,10006.224202835529
1685167200000,10006.999202835528
1685170800000,10006.716702835529
1685174400000,10007.221400292829
1685178000000,10008.168900292827
1685181600000,10007.923900292828
1685185200000,10008.498900292827
1685188800000,10007.916400292828
1685192400000,10007.651400292827
1685196000000,10009.551400292828
1685199600000,10008.561400292827
1685203200000,10008.200508881928
1685206800000,10008.658008881928
1685210400000,10006.365508881929
1685214000000,10007.638008881928
1685217600000,10006.853008881928
1685221200000,10006.238008881928
1685224800000,10005.94050888193
1685228400000,10005.16300888193
1685232000000,10003.841812521548
1685235600000,10000.174302891897
1685239200000,10000.174302891897
1685242800000,10000.174302891897
1685246400000,10000.174302891897
1685250000000,10000.174302891897
1685253600000,10000.174302891897
1685257200000,10000.174302891897
1685260800000,10000.174302891897
1685264400000,10000.174302891897
1685268000000,10000.174302891897
1685271600000,10000.174302891897
1685275200000,10000.174302891897
1685278800000,10000.174302891897
1685282400000,10000.174302891897
1685286000000,10000.174302891897
1685289600000,10000.174302891897
1685293200000,10000.174302891897
1685296800000,10000.174302891897
1685300400000,10000.174302891897
1685304000000,10000.174302891897
1685307600000,10000.174302891897
1685311200000,10000.174302891897
1685314800000,10000.174302891897
1685318400000,10000.174302891897
1685322000000,10000.174302891897
1685325600000,10000.174302891897
1685329200000,10000.174302891897
1685332800000,10000.174302891897
1685336400000,10000.174302891897
1685340000000,10000.174302891897
1685343600000,10000.174302891897
1685347200000,10000.174302891897
1685350800000,10000.174302891897
1685354400000,10000.174302891897
1685358000000,10000.174302891897
1685361600000,10000.174302891897
1685365200000,10000.174302891897
1685368800000,10000.174302891897
1685372400000,10000.174302891897
1685376000000,10000.174302891897
1685379600000,10000.174302891897
1685383200000,10000.174302891897
1685386800000,10000.174302891897
1685390400000,10000.174302891897
1685394000000,10000.174302891897
1685397600000,10000.174302891897
1685401200000,10000.174302891897
1685404800000,10000.174302891897
1685408400000,10000.174302891897
1685412000000,10000.174302891897
1685415600000,10000.174302891897
1685419200000,10000.174302891897
1685422800000,10000.174302891897
1685426400000,10000.174302891897
1685430000000,10000.174302891897
1685433600000,10000.174302891897
1685437200000,10000.174302891897
1685440800000,10000.174302891897
1685444400000,10000.174302891897
1685448000000,10000.174302891897
1685451600000,10000.174302891897
1685455200000,10000.174302891897
1685458800000,10000.174302891897
1685462400000,10000.174302891897
1685466000000,10000.174302891897
1685469600000,10000.174302891897
1685473200000,10000.174302891897
1685476800000,10000.174302891897
1685480400000,10000.174302891897
1685484000000,10000.174302891897
1685487600000,10000.174302891897
1685491200000,10000.174302891897
1685494800000,10000.174302891897
1685498400000,10000.174302891897
1685502000000,10000.174302891897
1685505600000,10000.174302891897
1685509200000,10000.174302891897
1685512800000,10000.174302891897
1685516400000,10000.174302891897
1685520000000,10000.174302891897
1685523600000,10000.174302891897
1685527200000,10000.174302891897
1685530800000,10000.174302891897
1685534400000,10000.174302891897
1685538000000,10000.174302891897
1685541600000,10000.174302891897
1685545200000,10000.174302891897
1685548800000,10000.174302891897
1685552400000,10000.174302891897
1685556000000,10000.174302891897
1685559600000,10000.174302891897
1685563200000,10000.174302891897
1685566800000,10000.174302891897
1685570400000,10000.174302891897
1685574000000,10000.174302891897
1685577600000,10000.174302891897
1685581200000,10000.174302891897
1685584800000,10000.174302891897
1685588400000,10000.174302891897
1685592000000,10000.174302891897
1685595600000,10000.174302891897
1685599200000,10000.174302891897
1685602800000,10000.174302891897
1685606400000,10000.174302891897
1685610000000,10000.174302891897
1685613600000,10000.174302891897
1685617200000,10000.174302891897
1685620800000,10000.174302891897
1685624400000,10000.174302891897
1685628000000,10000.174302891897
1685631600000,10000.174302891897
1685635200000,10000.174302891897
1685638800000,10000.174302891897
1685642400000,10000.174302891897
1685646000000,10000.174302891897
1685649600000,10000.174302891897
1685653200000,10000.174302891897
1685656800000,10000.174302891897
1685660400000,10000.174302891897
1685664000000,10000.174302891897
1685667600000,10000.174302891897
1685671200000,10000.174302891897
1685674800000,10000.174302891897
1685678400000,10000.174302891897
1685682000000,10000.174302891897
1685685600000,10000.174302891897
1685689200000,10000.174302891897
1685692800000,10000.174302891897
1685696400000,10000.174302891897
1685700000000,10000.174302891897
1685703600000,10000.174302891897
1685707200000,10000.174302891897
1685710800000,10000.174302891897
1685714400000,10000.174302891897
1685718000000,10000.174302891897
1685721600000,10000.174302891897
1685725200000,10000.174302891897
1685728800000,10000.174302891897
1685732400000,10000.174302891897
1685736000000,10000.174302891897
1685739600000,10000.174302891897
1685743200000,10000.174302891897
1685746800000,10000.174302891897
1685750400000,10000.174302891897
1685754000000,10000.174302891897
1685757600000,10000.174302891897
1685761200000,10000.174302891897
1685764800000,10000.174302891897
1685768400000,10000.174302891897
1685772000000,10000.174302891897
1685775600000,10000.174302891897
1685779200000,10000.174302891897
1685782800000,10000.174302891897
1685786400000,10000.174302891897
1685790000000,10000.174302891897
1685793600000,9999.949068794245
1685797200000,9999.963348794245
1685800800000,9999.138678794245
1685804400000,9998.710278794246
1685808000000,9999.585615967699
1685811600000,9997.518585967699
1685815200000,9994.669725967698
1685818800000,9995.3551659677
1685822400000,9993.430935967699
1685826000000,9994.252035967698
1685829600000,9994.8874959677
1685833200000,9995.137395967698
1685836800000,9995.425328499461
1685840400000,9994.161548499462
1685844000000,9995.12544849946
1685847600000,9996.36780849946
1685851200000,9996.235718499462
1685854800000,9996.524888499462
1685858400000,9995.350358499461
1685862000000,9998.04927849946
1685865600000,9998.716448965637
1685869200000,9998.420138965637
1685872800000,10000.472888965638
1685876400000,9999.937388965638
1685880000000,9999.248378965638
1685883600000,9999.955238965638
1685887200000,10000.412198965638
1685890800000,10000.297958965637
1685894400000,9998.907962544352
1685898000000,9997.426412544351
1685901600000,9997.976192544353
1685905200000,9999.214982544352
1685908800000,9999.839732544353
1685912400000,9999.714782544352
1685916000000,9998.797292544352
1685919600000,9999.311372544353
1685923200000,9994.075769948766
1685926800000,9991.355429948766
1685930400000,9992.469269948766
1685934000000,9988.770749948766
1685937600000,9987.050009948767
1685941200000,9987.460559948766
1685944800000,9988.110299948767
1685948400000,9987.431999948767
1685952000000,9988.569682082149
1685955600000,9987.413002082149
1685959200000,9987.19523208215
1685962800000,9986.127802082148
1685966400000,9987.37373208215
1685970000000,9985.788652082148
1685973600000,9986.945332082149
1685977200000,9986.956042082149
1685980800000,9979.517595482983
1685984400000,9984.375095482983
1685988000000,9985.457595482983
1685991600000,9990.102595482984
1685995200000,9987.892595482983
1685998800000,9988.032595482982
1686002400000,9987.292595482983
1686006000000,9986.175095482984
1686009600000,9985.136844019435
1686013200000,9986.272734019434
1686016800000,9985.909954019435
1686020400000,9985.325664019436
1686024000000,9985.322754019435
1686027600000,9985.813674019435
1686031200000,9985.883304019435
1686034800000,9985.216354019434
1686038400000,9986.240045549222
1686042000000,9987.495235549222
1686045600000,9986.600595549224
1686049200000,9987.136175549223
1686052800000,9987.068325549222
1686056400000,9988.345855549223
1686060000000,9986.685185549222
1686063600000,9986.205025549223
1686067200000,9986.116675063733
1686070800000,9984.744055063733
1686074400000,9977.958240850185
1686078000000,9977.603710850184
1686081600000,9983.457850850185
1686085200000,9978.714180850184
1686088800000,9978.922210850185
1686092400000,9980.272940850185
1686096000000,9980.144511039185
1686099600000,9980.745161039185
1686103200000,9978.802571039185
1686106800000,9978.368931039186
1686110400000,9978.228291039186
1686114000000,9978.817221039186
1686117600000,9979.206911039186
1686121200000,9978.090581039185
1686124800000,9977.698711412186
1686128400000,9977.083411412184
1686132000000,9969.415601412185
1686135600000,9972.389551412185
1686139200000,9975.803001412185
1686142800000,9974.317491412185
1686146400000,9974.106531412186
1686150000000,9966.854781412185
1686153600000,9966.257394919963
1686157200000,9967.464554919963
1686160800000,9969.934544919963
1686164400000,9969.984354919963
1686168000000,9970.037094919962
1686171600000,9967.704814919962
1686175200000,9962.653494919963
1686178800000,9964.385124919962
1686182400000,9965.038255374555
1686186000000,9965.887955374556
1686189600000,9966.684915374555
1686193200000,9966.327455374556
1686196800000,9965.606675374556
1686200400000,9966.860715374556
1686204000000,9966.107705374556
1686207600000,9967.241615374556
1686211200000,9967.769034171959
1686214800000,9967.499474171958
1686218400000,9967.03946417196
1686222000000,9969.137344171959
1686225600000,9968.539624171959
1686229200000,9968.970334171958
1686232800000,9968.776954171959
1686236400000,9971.932564171959
1686240000000,9971.567400190523
1686243600000,9968.646190190522
1686247200000,9968.086560190523
1686250800000,9968.813200190521
1686254400000,9969.167730190522
1686258000000,9970.729420190522
1686261600000,9970.410050190521
1686265200000,9969.838700190521
1686268800000,9968.838269042628
1686272400000,9968.187809042627
1686276000000,9967.622319042626
1686279600000,9965.647499042627
1686283200000,9966.318469042628
1686286800000,9966.585099042628
1686290400000,9966.678859042628
1686294000000,9966.283309042627
1686297600000,9965.876672015163
1686301200000,9967.661042015163
1686304800000,9968.361312015162
1686308400000,9968.232392015163
1686312000000,9968.425772015162
1686315600000,9971.203412015162
1686319200000,9969.609492015163
1686322800000,9968.677752015163
1686326400000,9967.011787420235
1686330000000,9966.844777420234
1686333600000,9967.337017420235
1686337200000,9966.551777420234
1686340800000,9964.442177420235
1686344400000,9966.220687420235
1686348000000,9966.062467420235
1686351600000,9966.452157420235
1686355200000,9967.008692436957
1686358800000,9965.602292436957
1686362400000,9966.044722436956
1686366000000,9962.407509973938
1686369600000,9962.407509973938
1686373200000,9962.407509973938
1686376800000,9962.407509973938
1686380400000,9962.407509973938
1686384000000,9962.407509973938
1686387600000,9962.407509973938
1686391200000,9962.407509973938
1686394800000,9962.407509973938
1686398400000,9962.407509973938
1686402000000,9962.407509973938
1686405600000,9962.407509973938
1686409200000,9962.407509973938
1686412800000,9962.407509973938
1686416400000,9962.407509973938
1686420000000,9962.407509973938
1686423600000,9962.407509973938
1686427200000,9962.407509973938
1686430800000,9962.407509973938
1686434400000,9962.407509973938
1686438000000,9962.407509973938
1686441600000,9962.407509973938
1686445200000,9962.407509973938
1686448800000,9962.407509973938
1686452400000,9962.407509973938
1686456000000,9962.407509973938
1686459600000,9962.407509973938
1686463200000,9962.407509973938
1686466800000,9962.407509973938
1686470400000,9962.407509973938
1686474000000,9962.407509973938
1686477600000,9962.407509973938
1686481200000,9962.407509973938
1686484800000,9962.407509973938
1686488400000,9962.407509973938
1686492000000,9962.407509973938
1686495600000,9962.407509973938
1686499200000,9962.407509973938
1686502800000,9962.407509973938
1686506400000,9962.407509973938
1686510000000,9962.407509973938
1686513600000,9962.407509973938
1686517200000,9962.407509973938
1686520800000,9962.407509973938
1686524400000,9962.407509973938
1686528000000,9962.407509973938
1686531600000,9962.407509973938
1686535200000,9962.407509973938
1686538800000,9962.407509973938
1686542400000,9962.407509973938
1686546000000,9962.407509973938
1686549600000,9962.407509973938
1686553200000,9962.407509973938
1686556800000,9962.407509973938
1686560400000,9962.407509973938
1686564000000,9962.407509973938
1686567600000,9962.407509973938
1686571200000,9962.407509973938
1686574800000,9962.407509973938
1686578400000,9962.407509973938
1686582000000,9962.407509973938
1686585600000,9962.407509973938
1686589200000,9962.407509973938
1686592800000,9962.407509973938
1686596400000,9962.407509973938
1686600000000,9962.407509973938
1686603600000,9962.407509973938
1686607200000,9962.407509973938
1686610800000,9962.407509973938
1686614400000,9962.407509973938
1686618000000,9962.407509973938
1686621600000,9962.407509973938
1686625200000,9962.407509973938
1686628800000,9961.897996435757
1686632400000,9962.045156435755
1686636000000,9961.433876435756
1686639600000,9961.419726435755
1686643200000,9961.879995368176
1686646800000,9960.102755368176
1686650400000,9961.574355368175
1686654000000,9960.909305368175
1686657600000,9960.620645368175
1686661200000,9963.750625368175
1686664800000,9964.755275368176
1686668400000,9964.545855368175
1686672000000,9966.724888373868
1686675600000,9966.724888373868
1686679200000,9966.724888373868
1686682800000,9966.724888373868
1686686400000,9966.724888373868
1686690000000,9966.724888373868
1686693600000,9966.724888373868
1686697200000,9966.724888373868
1686700800000,9966.724888373868
1686704400000,9966.724888373868
1686708000000,9966.724888373868
1686711600000,9966.724888373868
1686715200000,9966.724888373868
1686718800000,9966.724888373868
1686722400000,9966.724888373868
1686726000000,9966.724888373868
1686729600000,9966.724888373868
1686733200000,9966.724888373868
1686736800000,9966.724888373868
1686740400000,9966.724888373868
1686744000000,9966.724888373868
1686747600000,9966.724888373868
1686751200000,9966.724888373868
1686754800000,9966.724888373868
1686758400000,9966.724888373868
1686762000000,9966.724888373868
1686765600000,9966.724888373868
1686769200000,9966.724888373868
1686772800000,9966.724888373868
1686776400000,9966.724888373868
1686780000000,9966.724888373868
1686783600000,9966.724888373868
1686787200000,9966.760915303503
1686790800000,9965.533345303504
1686794400000,9966.999955303503
1686798000000,9966.803245303503
1686801600000,9966.407335303504
1686805200000,9966.691195303503
1686808800000,9967.709605303504
1686812400000,9969.659275303504
1686816000000,9969.244687129252
1686819600000,9969.187417129251
1686823200000,9969.496177129251
1686826800000,9970.151047129251
1686830400000,9968.13414712925
1686834000000,9969.003157129251
1686837600000,9967.133167129252
1686841200000,9968.203867129252
1686844800000,9968.754137775079
1686848400000,9968.60224777508
1686852000000,9965.788547775079
1686855600000,9962.095877775078
1686859200000,9962.02864777508
1686862800000,9962.31997777508
1686866400000,9962.57395777508
1686870000000,9962.959907775079
1686873600000,9962.946503912664
1686877200000,9964.131743912663
1686880800000,9963.424583912663
1686884400000,9962.891723912664
1686888000000,9962.284163912664
1686891600000,9962.246813912663
1686895200000,9961.128803912663
1686898800000,9961.313063912663
1686902400000,9961.249231510941
1686906000000,9961.42602151094
1686909600000,9961.652611510941
1686913200000,9961.46586151094
1686916800000,9963.08685151094
1686920400000,9962.128201510941
1686924000000,9963.17649151094
1686927600000,9960.33789151094
1686931200000,9959.132292263786
1686934800000,9957.010812263787
1686938400000,9954.839532263786
1686942000000,9949.520892263787
1686945600000,9948.544812263786
1686949200000,9947.145432263786
1686952800000,9949.523382263786
1686956400000,9949.129962263785
1686960000000,9949.484849183638
1686963600000,9950.067509183638
1686967200000,9950.353859183637
1686970800000,9949.036649183638
1686974400000,9949.571999183638
1686978000000,9947.824019183638
1686981600000,9945.379311874834
1686985200000,9945.379311874834
1686988800000,9945.379311874834
1686992400000,9945.379311874834
1686996000000,9945.379311874834
1686999600000,9945.379311874834
1687003200000,9945.379311874834
1687006800000,9945.379311874834
1687010400000,9945.379311874834
1687014000000,9945.379311874834
1687017600000,9945.379311874834
1687021200000,9945.379311874834
1687024800000,9945.379311874834
1687028400000,9945.379311874834
1687032000000,9945.379311874834
1687035600000,9945.379311874834
1687039200000,9945.379311874834
1687042800000,9945.379311874834
1687046400000,9945.379311874834
1687050000000,9945.379311874834
1687053600000,9945.379311874834
1687057200000,9945.379311874834
1687060800000,9945.379311874834
1687064400000,9945.379311874834
1687068000000,9945.379311874834
1687071600000,9945.379311874834
1687075200000,9945.379311874834
1687078800000,9945.379311874834
1687082400000,9945.379311874834
1687086000000,9945.379311874834
1687089600000,9945.379311874834
1687093200000,9945.379311874834
1687096800000,9945.379311874834
1687100400000,9945.379311874834
1687104000000,9945.379311874834
1687107600000,9945.379311874834
1687111200000,9945.379311874834
1687114800000,9945.379311874834
1687118400000,9945.379311874834
1687122000000,9945.379311874834
1687125600000,9945.379311874834
1687129200000,9945.379311874834
1687132800000,9945.379311874834
1687136400000,9945.379311874834
1687140000000,9945.379311874834
1687143600000,9945.379311874834
1687147200000,9945.379311874834
1687150800000,9945.379311874834
1687154400000,9945.379311874834
1687158000000,9945.379311874834
1687161600000,9945.379311874834
1687165200000,9945.379311874834
1687168800000,9945.379311874834
1687172400000,9945.379311874834
1687176000000,9945.379311874834
1687179600000,9945.379311874834
1687183200000,9945.379311874834
1687186800000,9945.379311874834
1687190400000,9945.379311874834
1687194000000,9945.379311874834
1687197600000,9945.379311874834
1687201200000,9945.379311874834
1687204800000,9945.379311874834
1687208400000,9945.379311874834
1687212000000,9945.379311874834
1687215600000,9945.379311874834
1687219200000,9945.379311874834
1687222800000,9945.379311874834
1687226400000,9945.379311874834
1687230000000,9945.379311874834
1687233600000,9945.379311874834
1687237200000,9945.379311874834
1687240800000,9945.379311874834
1687244400000,9945.379311874834
1687248000000,9945.379311874834
1687251600000,9945.379311874834
1687255200000,9945.379311874834
1687258800000,9945.379311874834
1687262400000,9945.379311874834
1687266000000,9945.379311874834
1687269600000,9945.379311874834
1687273200000,9945.379311874834
1687276800000,9945.379311874834
1687280400000,9945.379311874834
1687284000000,9945.379311874834
1687287600000,9945.379311874834
1687291200000,9944.857932629558
1687294800000,9947.15499262956
1687298400000,9948.72311262956
1687302000000,9947.821632629559
1687305600000,9947.997361390804
1687309200000,9947.072581390803
1687312800000,9951.259381390804
1687316400000,9950.687741390804
1687320000000,9949.171441390803
1687323600000,9949.280921390804
1687327200000,9951.069601390804
1687330800000,9951.150961390804
1687334400000,9951.679250084015
1687338000000,9951.704770084016
1687341600000,9952.362090084016
1687345200000,9950.803250084015
1687348800000,9947.463050084016
1687352400000,9951.046670084015
1687356000000,9952.954130084016
1687359600000,9954.869810084014
1687363200000,9957.63528525246
1687366800000,9957.033360354151
1687370400000,9954.933860354151
1687374000000,9955.748160354151
1687377600000,9955.607060354152
1687381200000,9953.237260354152
1687384800000,9952.269960354151
1687388400000,9955.65636035415
1687392000000,9953.75917718415
1687395600000,9956.111977184151
1687399200000,9956.739277184151
1687402800000,9961.86307718415
1687406400000,9958.707877184152
1687410000000,9959.42357718415
1687413600000,9958.707877184152
1687417200000,9956.01847718415
1687420800000,9955.586516534151
1687424400000,9955.20571653415
1687428000000,9955.873816534151
1687431600000,9956.57421653415
1687435200000,9952.54521653415
1687438800000,9955.76671653415
1687442400000,9957.50071653415
1687446000000,9950.01901653415
1687449600000,9950.868068549687
1687453200000,9952.875768549688
1687456800000,9955.560068549687
1687460400000,9955.872868549686
1687464000000,9957.350168549687
1687467600000,9956.270668549687
1687471200000,9954.604668549688
1687474800000,9952.908068549687
1687478400000,9951.716569796474
1687482000000,9953.530469796475
1687485600000,9952.117769796474
1687489200000,9953.357069796473
1687492800000,9953.953769796473
1687496400000,9953.523669796474
1687500000000,9954.174769796475
1687503600000,9953.708969796475
1687507200000,9952.741793896474
1687510800000,9953.698893896473
1687514400000,9955.618193896473
1687518000000,9955.094593896474
1687521600000,9955.844293896474
1687525200000,9955.706593896473
1687528800000,9954.795393896473
1687532400000,9957.936993896474
1687536000000,9973.984595662134
1687539600000,9972.083995662135
1687543200000,9974.424895662134
1687546800000,9969.071595662135
1687550400000,9968.452795662135
1687554000000,9968.923695662135
1687557600000,9964.425495662135
1687561200000,9964.486695662135
1687564800000,9964.791546122135
1687568400000,9962.086846122134
1687572000000,9963.841246122134
1687575600000,9965.944146122134
1687579200000,9965.838746122134
1687582800000,9965.527646122135
1687586400000,9965.490246122134
1687590000000,9965.100946122135
1687593600000,9963.158590382134
1687597200000,9963.790990382135
1687600800000,9963.915090382134
1687604400000,9965.679690382134
1687608000000,9965.047290382134
1687611600000,9965.473990382134
1687615200000,9964.411490382134
1687618800000,9965.116990382134
1687622400000,9959.848019669136
1687626000000,9961.939019669137
1687629600000,9963.129019669137
1687633200000,9964.538319669136
1687636800000,9963.683219669136
1687640400000,9962.115819669136
1687644000000,9962.236519669137
1687647600000,9962.484719669137
1687651200000,9962.56882845616
1687654800000,9961.958528456162
1687658400000,9963.668728456161
1687662000000,9964.02742845616
1687665600000,9966.407428456161
1687669200000,9968.523928456161
1687672800000,9967.85582845616
1687676400000,9968.03942845616
1687680000000,9965.513714656161
1687683600000,9965.840114656161
1687687200000,9964.835414656161
1687690800000,9963.823914656161
1687694400000,9965.452514656161
1687698000000,9964.823514656162
1687701600000,9965.219614656162
1687705200000,9962.375514656162
1687708800000,9963.299335630085
1687712400000,9963.459135630084
1687716000000,9961.781235630084
1687719600000,9960.623535630084
1687723200000,9960.237635630085
1687726800000,9959.640935630085
1687730400000,9960.744235630083
1687734000000,9961.403835630084
1687737600000,9961.246656860085
1687741200000,9959.886656860086
1687744800000,9956.694056860086
1687748400000,9957.018756860085
1687752000000,9958.127156860086
1687755600000,9957.241456860085
1687759200000,9956.804556860085
1687762800000,9961.685256860086
1687766400000,9960.241284340085
1687770000000,9960.229384340086
1687773600000,9957.351284340086
1687777200000,9957.704884340086
1687780800000,9958.585484340085
1687784400000,9959.216184340086
1687788000000,9963.165284340086
1687791600000,9959.498384340086
1687795200000,9960.133489496262
1687798800000,9955.177989496262
1687802400000,9954.409589496263
1687806000000,9956.509089496261
1687809600000,9957.586889496262
1687813200000,9956.121489496261
1687816800000,9954.987589496262
1687820400000,9956.911989496262
1687824000000,9957.737747156261
1687827600000,9959.223547156262
1687831200000,9959.172547156262
1687834800000,9960.996647156262
1687838400000,9959.301747156262
1687842000000,9958.927747156262
1687845600000,9958.392247156262
1687849200000,9958.297047156262
1687852800000,9959.945359506262
1687856400000,9959.60195950626
1687860000000,9959.60195950626
1687863600000,9963.914859506262
1687867200000,9965.230659506262
1687870800000,9964.939959506262
1687874400000,9963.239959506262
1687878000000,9966.282959506261
1687881600000,9961.098831096262
1687885200000,9965.461031096262
1687888800000,9964.973131096262
1687892400000,9964.716431096262
1687896000000,9963.846031096262
1687899600000,9963.840931096262
1687903200000,9965.333531096261
1687906800000,9962.628831096261
1687910400000,9964.766269486263
1687914000000,9962.722869486262
1687917600000,9961.548169486263
1687921200000,9959.698569486261
1687924800000,9960.404069486262
1687928400000,9960.840969486262
1687932000000,9960.167769486263
1687935600000,9959.028769486262
1687939200000,9955.609949389082
1687942800000,9957.129749389082
1687946400000,9958.015449389082
1687950000000,9958.719249389082
1687953600000,9958.006949389082
1687957200000,9954.884049389082
1687960800000,9955.944849389081
1687964400000,9958.233049389082
1687968000000,9959.853187003248
1687971600000,9957.425587003248
1687975200000,9955.16288700325
1687978800000,9956.045187003248
1687982400000,9950.07511191273
1687986000000,9950.07511191273
1687989600000,9950.07511191273
1687993200000,9950.07511191273
1687996800000,9950.07511191273
1688000400000,9950.07511191273
1688004000000,9950.07511191273
1688007600000,9950.07511191273
1688011200000,9950.07511191273
1688014800000,9950.07511191273
1688018400000,9950.07511191273
1688022000000,9950.07511191273
1688025600000,9950.07511191273
1688029200000,9950.07511191273
1688032800000,9950.07511191273
1688036400000,9950.07511191273
1688040000000,9950.07511191273
1688043600000,9950.07511191273
1688047200000,9950.07511191273
1688050800000,9950.07511191273
1688054400000,9950.07511191273
1688058000000,9950.07511191273
1688061600000,9950.07511191273
1688065200000,9950.07511191273
1688068800000,9950.07511191273
1688072400000,9950.07511191273
1688076000000,9950.07511191273
1688079600000,9950.07511191273
1688083200000,9950.07511191273
1688086800000,9950.07511191273
1688090400000,9950.07511191273
1688094000000,9950.07511191273
1688097600000,9950.07511191273
1688101200000,9950.07511191273
1688104800000,9950.07511191273
1688108400000,9950.07511191273
1688112000000,9950.07511191273
1688115600000,9950.07511191273
1688119200000,9950.07511191273
1688122800000,9950.07511191273
1688126400000,9950.07511191273
1688130000000,9950.07511191273
1688133600000,9950.07511191273
1688137200000,9950.07511191273
1688140800000,9950.07511191273
1688144400000,9950.07511191273
1688148000000,9950.07511191273
1688151600000,9950.07511191273
1688155200000,9950.07511191273
1688158800000,9950.07511191273
1688162400000,9950.07511191273
1688166000000,9950.07511191273
1688169600000,9950.07511191273
1688173200000,9950.07511191273
1688176800000,9950.07511191273
1688180400000,9950.07511191273
1688184000000,9950.07511191273
1688187600000,9950.07511191273
1688191200000,9950.07511191273
1688194800000,9950.07511191273
1688198400000,9950.07511191273
1688202000000,9950.07511191273
1688205600000,9950.07511191273
1688209200000,9950.07511191273
1688212800000,9950.07511191273
1688216400000,9950.07511191273
1688220000000,9950.07511191273
1688223600000,9950.07511191273
1688227200000,9950.07511191273
1688230800000,9950.07511191273
1688234400000,9950.07511191273
1688238000000,9950.07511191273
1688241600000,9950.07511191273
1688245200000,9950.07511191273
1688248800000,9950.07511191273
1688252400000,9950.07511191273
1688256000000,9950.07511191273
1688259600000,9950.07511191273
1688263200000,9950.07511191273
1688266800000,9950.07511191273
1688270400000,9950.07511191273
1688274000000,9950.07511191273
1688277600000,9950.07511191273
1688281200000,9950.07511191273
1688284800000,9950.07511191273
1688288400000,9950.07511191273
1688292000000,9950.07511191273
1688295600000,9950.07511191273
1688299200000,9950.07511191273
1688302800000,9950.07511191273
1688306400000,9950.07511191273
1688310000000,9950.07511191273
1688313600000,9950.07511191273
1688317200000,9950.07511191273
1688320800000,9950.07511191273
1688324400000,9950.07511191273
1688328000000,9950.07511191273
1688331600000,9950.07511191273
1688335200000,9950.07511191273
1688338800000,9950.07511191273
1688342400000,9950.07511191273
1688346000000,9950.07511191273
1688349600000,9950.07511191273
1688353200000,9950.07511191273
1688356800000,9950.07511191273
1688360400000,9950.07511191273
1688364000000,9950.07511191273
1688367600000,9950.07511191273
1688371200000,9950.07511191273
1688374800000,9950.07511191273
1688378400000,9950.07511191273
1688382000000,9950.07511191273
1688385600000,9950.07511191273
1688389200000,9950.07511191273
1688392800000,9950.07511191273
1688396400000,9950.07511191273
1688400000000,9950.07511191273
1688403600000,9950.07511191273
1688407200000,9950.07511191273
1688410800000,9950.07511191273
1688414400000,9950.07511191273
1688418000000,9950.07511191273
1688421600000,9950.07511191273
1688425200000,9950.07511191273
1688428800000,9950.07511191273
1688432400000,9950.07511191273
1688436000000,9950.07511191273
1688439600000,9950.07511191273
1688443200000,9950.07511191273
1688446800000,9950.07511191273
1688450400000,9950.07511191273
1688454000000,9950.07511191273
1688457600000,9950.07511191273
1688461200000,9950.07511191273
1688464800000,9950.07511191273
1688468400000,9950.07511191273
1688472000000,9950.07511191273
1688475600000,9950.07511191273
1688479200000,9950.07511191273
1688482800000,9950.07511191273
1688486400000,9950.07511191273
1688490000000,9950.07511191273
1688493600000,9950.07511191273
1688497200000,9950.07511191273
1688500800000,9950.07511191273
1688504400000,9950.07511191273
1688508000000,9950.07511191273
1688511600000,9950.07511191273
1688515200000,9950.07511191273
1688518800000,9950.07511191273
1688522400000,9950.07511191273
1688526000000,9950.07511191273
1688529600000,9950.07511191273
1688533200000,9950.07511191273
1688536800000,9950.07511191273
1688540400000,9950.07511191273
1688544000000,9950.07511191273
1688547600000,9950.07511191273
1688551200000,9950.07511191273
1688554800000,9950.07511191273
1688558400000,9950.07511191273
1688562000000,9950.07511191273
1688565600000,9950.07511191273
1688569200000,9950.07511191273
1688572800000,9950.07511191273
1688576400000,9950.07511191273
1688580000000,9950.07511191273
1688583600000,9950.07511191273
1688587200000,9950.07511191273
1688590800000,9950.07511191273
1688594400000,9950.07511191273
1688598000000,9950.07511191273
1688601600000,9950.07511191273
1688605200000,9950.07511191273
1688608800000,9950.07511191273
1688612400000,9950.07511191273
1688616000000,9950.07511191273
1688619600000,9950.07511191273
1688623200000,9950.07511191273
1688626800000,9950.07511191273
1688630400000,9950.07511191273
1688634000000,9950.07511191273
1688637600000,9950.07511191273
1688641200000,9950.07511191273
1688644800000,9950.07511191273
1688648400000,9950.07511191273
1688652000000,9950.07511191273
1688655600000,9950.07511191273
1688659200000,9950.07511191273
1688662800000,9950.07511191273
1688666400000,9950.07511191273
1688670000000,9950.07511191273
1688673600000,9950.07511191273
1688677200000,9950.07511191273
1688680800000,9950.07511191273
1688684400000,9950.07511191273
1688688000000,9949.096495289044
1688691600000,9950.286715289045
1688695200000,9948.347005289044
1688698800000,9947.866435289045
1688702400000,9946.778305289045
1688706000000,9947.692135289044
1688709600000,9946.790755289045
1688713200000,9947.241445289044
1688716800000,9947.14243940573
1688720400000,9947.192239405731
1688724000000,9945.80530940573
1688727600000,9945.18778940573
1688731200000,9945.930632592635
1688734800000,9946.351772592634
1688738400000,9946.455602592634
1688742000000,9946.849292592635
1688745600000,9947.132385443163
1688749200000,9946.421025443162
1688752800000,9945.952125443162
1688756400000,9946.99372544316
1688760000000,9946.747785443162
1688763600000,9946.911225443162
1688767200000,9946.355745443161
1688770800000,9946.886475443162
1688774400000,9947.04488784953
1688778000000,9945.42842784953
1688781600000,9946.64213784953
1688785200000,9947.24054784953
1688788800000,9947.497827849531
1688792400000,9947.816217849531
1688796000000,9947.23724784953
1688799600000,9947.600937849531
1688803200000,9946.774972414722
1688806800000,9946.985362414722
1688810400000,9946.883002414723
1688814000000,9947.142862414721
1688817600000,9947.737432414722
1688821200000,9947.737012414722
1688824800000,9947.519212414722
1688828400000,9947.06801241472
1688832000000,9947.589236036672
1688835600000,9947.381576036674
1688839200000,9947.615516036672
1688842800000,9947.411096036672
1688846400000,9949.212746036674
1688850000000,9949.462076036672
1688853600000,9947.972666036672
1688857200000,9947.376056036674
1688860800000,9947.192169624495
1688864400000,9947.244699624494
1688868000000,9947.177859624495
1688871600000,9946.807089624495
1688875200000,9946.584669624495
1688878800000,9946.079799624496
1688882400000,9946.218999624494
1688886000000,9946.367709624494
1688889600000,9946.3735938582
1688893200000,9946.8929238582
1688896800000,9946.6782738582
1688900400000,9946.5091338582
1688904000000,9946.088173858201
1688907600000,9945.1041738582
1688911200000,9946.5813738582
1688914800000,9947.4699138582
1688918400000,9948.144616069103
1688922000000,9947.601166069104
1688925600000,9946.635196069103
1688929200000,9946.542526069103
1688932800000,9945.716206069103
1688936400000,9944.668876069103
1688940000000,9945.399136069103
1688943600000,9945.336646069103
1688947200000,9946.01072233529
1688950800000,9946.798912335289
1688954400000,9946.66868233529
1688958000000,9945.87164233529
1688961600000,9946.14062233529
1688965200000,9945.82667233529
1688968800000,9946.90622233529
1688972400000,9946.805902335289
1688976000000,9946.776375446289
1688979600000,9946.584045446289
1688983200000,9946.300515446288
1688986800000,9946.42603544629
1688990400000,9946.55053544629
1688994000000,9945.998775446289
1688997600000,9946.26367544629
1689001200000,9946.20160544629
1689004800000,9946.115584280897
1689008400000,9946.452904280897
1689012000000,9946.323034280897
1689015600000,9945.104134280897
1689019200000,9947.942255904374
1689022800000,9946.035755904373
1689026400000,9939.029255904374
1689030000000,9939.711755904375
1689033600000,9939.966469934006
1689037200000,9940.734169934007
1689040800000,9941.675249934007
1689044400000,9941.905769934006
1689048000000,9941.392909934008
1689051600000,9941.530969934007
1689055200000,9941.627889934007
1689058800000,9941.420329934006
1689062400000,9941.21759662732
1689066000000,9942.12189662732
1689069600000,9943.98897662732
1689073200000,9944.33589662732
1689076800000,9944.374316627322
1689080400000,9943.68109662732
1689084000000,9944.68549662732
1689087600000,9944.267896627322
1689091200000,9945.934557053852
1689094800000,9946.279717053852
1689098400000,9945.084617053853
1689102000000,9944.005097053852
1689105600000,9944.515597053853
1689109200000,9944.550017053853
1689112800000,9943.612777053851
1689116400000,9943.099577053852
1689120000000,9943.779739585962
1689123600000,9942.200219585962
1689127200000,9941.266419585962
1689130800000,9942.07009958596
1689134400000,9942.828919585962
1689138000000,9942.79211958596
1689141600000,9942.73119958596
1689145200000,9941.46457958596
1689148800000,9941.67147629746
1689152400000,9941.95283629746
1689156000000,9941.26113629746
1689159600000,9941.999956297459
1689163200000,9941.99925629746
1689166800000,9942.61239629746
1689170400000,9941.55491629746
1689174000000,9940.45079629746
1689177600000,9940.718594788099
1689181200000,9939.445634788099
1689184800000,9938.417994788098
1689188400000,9939.509654788098
1689192000000,9941.827914788098
1689195600000,9942.0333747881
1689199200000,9942.504654788097
1689202800000,9942.6603347881
1689206400000,9942.646586885363
1689210000000,9942.451926885364
1689213600000,9942.359086885364
1689217200000,9942.481566885363
1689220800000,9942.807406885362
1689224400000,9943.377666885362
1689228000000,9942.657186885363
1689231600000,9942.220166885363
1689235200000,9942.771193897865
1689238800000,9942.438893897865
1689242400000,9941.606373897865
1689246000000,9941.770653897865
1689249600000,9940.903233897865
1689253200000,9941.656373897866
1689256800000,9941.999993897864
1689260400000,9941.918793897863
1689264000000,9931.221714006417
1689267600000,9930.117714006416
1689271200000,9933.983214006415
1689274800000,9936.992214006415
1689278400000,9942.249714006415
1689282000000,9938.303214006415
1689285600000,9936.518214006415
1689289200000,9937.860714006416
1689292800000,9939.50255430093
1689296400000,9938.88305430093
1689300000000,9938.98805430093
1689303600000,9939.86705430093
1689307200000,9939.478554300931
1689310800000,9938.56355430093
1689314400000,9938.01005430093
1689318000000,9937.183554300931
1689321600000,9934.576409663376
1689325200000,9936.376409663377
1689328800000,9935.678909663377
1689332400000,9935.293409663376
1689336000000,9935.951909663376
1689339600000,9934.406909663376
1689343200000,9936.259409663377
1689346800000,9936.989909663376
1689350400000,9936.286054763377
1689354000000,9935.690554763376
1689357600000,9927.235054763376
1689361200000,9919.023565028283
1689364800000,9919.023565028283
1689368400000,9919.023565028283
1689372000000,9919.023565028283
1689375600000,9919.023565028283
1689379200000,9919.023565028283
1689382800000,9919.023565028283
1689386400000,9919.023565028283
1689390000000,9919.023565028283
1689393600000,9919.023565028283
1689397200000,9919.023565028283
1689400800000,9919.023565028283
1689404400000,9919.023565028283
1689408000000,9919.023565028283
1689411600000,9919.023565028283
1689415200000,9919.023565028283
1689418800000,9919.023565028283
1689422400000,9919.023565028283
1689426000000,9919.023565028283
1689429600000,9919.023565028283
1689433200000,9919.023565028283
1689436800000,9918.738573502284
1689440400000,9918.603373502283
1689444000000,9918.651473502283
1689447600000,9919.011573502283
1689451200000,9918.928373502284
1689454800000,9918.698273502283
1689458400000,9918.648873502283
1689462000000,9918.529273502283
1689465600000,9918.36660276956
1689469200000,9918.13468276956
1689472800000,9917.51318276956
1689476400000,9918.47936276956
1689480000000,9918.77298276956
1689483600000,9918.04136276956
1689487200000,9918.989862769558
1689490800000,9918.79328276956
1689494400000,9919.241445174524
1689498000000,9919.238305174524
1689501600000,9918.888065174526
1689505200000,9918.849865174525
1689508800000,9918.191105174525
1689512400000,9918.375185174524
1689516000000,9918.930645174525
1689519600000,9917.874925174525
1689523200000,9918.432032776676
1689526800000,9918.382892776675
1689530400000,9918.329152776676
1689534000000,9918.339252776675
1689537600000,9918.750372776676
1689541200000,9918.711892776675
1689544800000,9918.610712776677
1689548400000,9918.375972776677
1689552000000,9919.70301362166
1689555600000,9919.72781362166
1689559200000,9919.734513621659
1689562800000,9919.20025362166
1689566400000,9918.63291362166
1689570000000,9918.168213621659
1689573600000,9918.27851362166
1689577200000,9918.28671362166
1689580800000,9918.76402105189
1689584400000,9918.983901051888
1689588000000,9920.324421051888
1689591600000,9921.091321051888
1689595200000,9921.049841051889
1689598800000,9921.147781051888
1689602400000,9921.405581051888
1689606000000,9921.836261051889
1689609600000,9921.65998246466
1689613200000,9921.80246246466
1689616800000,9922.15806246466
1689620400000,9921.16675223025
1689624000000,9920.597112230249
1689627600000,9919.78507223025
1689631200000,9914.29269223025
1689634800000,9916.03393223025
1689638400000,9915.42751160678
1689642000000,9915.56285160678
1689645600000,9914.72455160678
1689649200000,9916.29207160678
1689652800000,9916.12643160678
1689656400000,9915.968871606781
1689660000000,9916.85565160678
1689663600000,9918.188851606781
1689667200000,9918.20744892878
1689670800000,9917.623668928782
1689674400000,9918.348848928781
1689678000000,9917.19340892878
1689681600000,9919.124528928782
1689685200000,9919.534588928782
1689688800000,9918.979088928781
1689692400000,9918.05594892878
1689696000000,9918.71968266123
1689699600000,9920.994202661232
1689703200000,9919.638782661232
1689706800000,9917.89552266123
1689710400000,9919.337802661232
1689714000000,9918.99440266123
1689717600000,9918.558082661231
1689721200000,9917.622822661231
1689724800000,9918.488191262817
1689728400000,9915.928851262817
1689732000000,9915.918751262818
1689735600000,9915.629891262817
1689739200000,9915.365271262817
1689742800000,9915.581411262818
1689746400000,9915.195591262818
1689750000000,9915.799571262818
1689753600000,9916.387553142487
1689757200000,9917.147073142489
1689760800000,9916.058293142489
1689764400000,9916.141113142488
1689768000000,9916.157273142488
1689771600000,9916.569353142488
1689775200000,9915.779533142488
1689778800000,9918.134853142488
1689782400000,9916.699556409494
1689786000000,9917.580276409493
1689789600000,9916.043056409493
1689793200000,9915.301716409494
1689796800000,9916.071336409494
1689800400000,9918.436756409494
1689804000000,9919.359896409494
1689807600000,9920.297176409495
1689811200000,9920.191217479254
1689814800000,9919.264037479254
1689818400000,9919.055977479255
1689822000000,9918.750957479253
1689825600000,9919.120617479253
1689829200000,9918.801457479254
1689832800000,9916.619857479254
1689836400000,9916.670357479254
1689840000000,9915.540409973648
1689843600000,9914.706149973648
1689847200000,9914.152669973648
1689850800000,9913.766849973648
1689854400000,9913.538589973648
1689858000000,9914.681909973648
1689861600000,9914.617269973647
1689865200000,9920.735849973647
1689868800000,9920.86285702818
1689872400000,9920.996177028179
1689876000000,9920.165957028179
1689879600000,9921.17595702818
1689883200000,9920.56793702818
1689886800000,9920.666917028178
1689890400000,9918.69943702818
1689894000000,9919.47309702818
1689897600000,9919.857703502797
1689901200000,9920.524303502796
1689904800000,9918.799223502798
1689908400000,9918.395223502797
1689912000000,9918.892143502797
1689915600000,9919.205243502796
1689919200000,9919.578943502796
1689922800000,9919.629443502798
1689926400000,9920.354407736133
1689930000000,9919.770627736132
1689933600000,9920.936167736132
1689937200000,9920.340267736134
1689940800000,9920.164527736133
1689944400000,9919.405007736133
1689948000000,9920.457427736133
1689951600000,9919.083827736133
1689955200000,9920.049270239675
1689958800000,9920.445190239676
1689962400000,9918.352470239675
1689966000000,9918.261570239674
1689969600000,9919.368530239675
1689973200000,9919.152390239675
1689976800000,9919.576590239674
1689980400000,9919.560430239675
1689984000000,9919.907684916714
1689987600000,9918.861324916714
1689991200000,9919.867284916714
1689994800000,9919.198664916714
1689998400000,9919.432689718624
1690002000000,9919.432689718624
1690005600000,9919.432689718624
1690009200000,9919.432689718624
1690012800000,9919.432689718624
1690016400000,9919.432689718624
1690020000000,9919.432689718624
1690023600000,9919.432689718624
1690027200000,9919.432689718624
1690030800000,9919.432689718624
1690034400000,9919.432689718624
1690038000000,9919.432689718624
1690041600000,9919.432689718624
1690045200000,9919.432689718624
1690048800000,9919.432689718624
1690052400000,9919.432689718624
1690056000000,9919.432689718624
1690059600000,9919.432689718624
1690063200000,9919.432689718624
1690066800000,9919.432689718624
1690070400000,9918.904379625776
1690074000000,9920.444279625775
1690077600000,9917.625479625776
1690081200000,9916.237829625776
1690084800000,9917.503679625775
1690088400000,9915.437429625776
1690092000000,9915.024179625776
1690095600000,9915.559229625776
1690099200000,9914.812737392098
1690102800000,9913.999287392098
1690106400000,9915.178137392099
1690110000000,9915.547887392098
1690113600000,9915.460887392099
1690117200000,9915.256437392098
1690120800000,9915.778437392099
1690124400000,9915.704487392099
1690128000000,9915.639772629149
1690131600000,9911.220172629148
1690135200000,9906.478672629148
1690138800000,9903.451072629148
1690142400000,9908.605822629148
1690146000000,9907.353022629148
1690149600000,9913.138522629148
1690153200000,9911.337622629148
1690156800000,9909.440496928322
1690160400000,9910.52364692832
1690164000000,9913.26414692832
1690167600000,9915.695796928321
1690171200000,9919.114896928322
1690174800000,9917.148696928321
1690178400000,9917.15304692832
1690182000000,9917.492346928322
1690185600000,9915.490694713682
1690189200000,9917.543894713683
1690192800000,9929.293244713683
1690196400000,9925.104194713682
1690200000000,9925.134644713682
1690203600000,9925.378244713682
1690207200000,9926.243894713682
1690210800000,9928.901744713681
1690214400000,9928.967885147607
1690218000000,9928.106585147609
1690221600000,9928.980935147607
1690225200000,9926.253485147608
1690228800000,9926.127335147608
1690232400000,9925.679285147608
1690236000000,9926.501435147607
1690239600000,9927.240935147607
1690243200000,9926.355760227723
1690246800000,9926.782060227722
1690250400000,9926.934310227723
1690254000000,9924.646210227724
1690257600000,9925.611910227723
1690261200000,9926.677660227722
1690264800000,9925.446610227724
1690268400000,9925.046410227724
1690272000000,9926.018630442722
1690275600000,9924.487430442723
1690279200000,9923.704430442724
1690282800000,9924.639680442722
1690286400000,9924.448280442723
1690290000000,9924.683180442724
1690293600000,9919.624130442724
1690297200000,9924.713630442722
1690300800000,9923.042832035499
1690304400000,9923.6996820355
1690308000000,9921.881382035499
1690311600000,9922.146732035499
1690315200000,9923.603982035498
1690318800000,9921.189732035498
1690322400000,9921.368082035498
1690326000000,9922.081482035499
1690329600000,9923.45963201134
1690333200000,9924.13388201134
1690336800000,9924.825532011339
1690340400000,9922.22423201134
1690344000000,9923.002882011338
1690347600000,9924.277432011339
1690351200000,9922.728832011338
1690354800000,9924.60803201134
1690358400000,9925.180098995857
1690362000000,9924.697248995857
1690365600000,9926.398098995856
1690369200000,9925.545498995858
1690372800000,9926.350248995857
1690376400000,9924.266598995857
1690380000000,9922.500498995858
1690383600000,9922.787598995857
1690387200000,9921.893206188528
1690390800000,9922.567456188528
1690394400000,9922.371706188529
1690398000000,9916.899406188528
1690401600000,9916.69060618853
1690405200000,9913.384606188529
1690408800000,9917.286556188528
1690412400000,9916.864606188528
1690416000000,9917.298351965483
1690419600000,9918.264051965481
1690423200000,9915.497451965482
1690426800000,9914.984151965482
1690430400000,9915.445251965482
1690434000000,9913.631301965483
1690437600000,9914.414301965482
1690441200000,9916.171701965482
1690444800000,9917.629996335889
1690448400000,9913.767196335888
1690452000000,9911.844496335889
1690455600000,9914.84599633589
1690459200000,9915.324496335888
1690462800000,9914.545846335888
1690466400000,9916.54249633589
1690470000000,9918.652246335889
1690473600000,9918.788879132737
1690477200000,9919.228229132736
1690480800000,9920.424479132736
1690484400000,9922.808279132736
1690488000000,9922.377629132736
1690491600000,9923.047529132737
1690495200000,9922.377629132736
1690498800000,9924.291629132736
1690502400000,9922.18279073699
1690506000000,9921.93049073699
1690509600000,9921.164890736989
1690513200000,9921.63034073699
1690516800000,9921.23014073699
1690520400000,9921.00394073699
1690524000000,9923.30509073699
1690527600000,9922.535140736989
1690531200000,9922.78727474457
1690534800000,9920.895024744572
1690538400000,9919.08977474457
1690542000000,9919.581324744571
1690545600000,9919.537824744571
1690549200000,9917.258424744572
1690552800000,9917.31932474457
1690556400000,9914.513574744571
1690560000000,9916.204147285627
1690563600000,9915.351547285627
1690567200000,9917.887597285628
1690570800000,9915.960547285627
1690574400000,9916.521697285627
1690578000000,9915.747397285628
1690581600000,9915.703897285628
1690585200000,9915.708247285627
1690588800000,9916.703243556603
1690592400000,9916.363943556604
1690596000000,9915.833243556603
1690599600000,9916.094243556603
1690603200000,9917.038193556604
1690606800000,9915.754943556603
1690610400000,9916.877243556602
1690614000000,9917.042543556603
1690617600000,9917.602732358053
1690621200000,9917.976832358054
1690624800000,9918.220432358054
1690628400000,9918.333532358052
1690632000000,9918.290032358052
1690635600000,9916.519582358053
1690639200000,9917.128582358053
1690642800000,9916.993732358053
1690646400000,9917.227408268054
1690650000000,9916.744558268054
1690653600000,9915.135058268053
1690657200000,9916.109458268054
1690660800000,9914.713108268053
1690664400000,9913.736041458615
1690668000000,9913.736041458615
1690671600000,9913.736041458615
1690675200000,9913.736041458615
1690678800000,9913.736041458615
1690682400000,9913.736041458615
1690686000000,9913.736041458615
1690689600000,9913.736041458615
1690693200000,9913.736041458615
1690696800000,9913.736041458615
1690700400000,9913.736041458615
1690704000000,9913.736041458615
1690707600000,9913.736041458615
1690711200000,9913.736041458615
1690714800000,9913.736041458615
1690718400000,9913.736041458615
1690722000000,9913.736041458615
1690725600000,9913.736041458615
1690729200000,9913.736041458615
1690732800000,9913.736041458615
1690736400000,9913.736041458615
1690740000000,9913.736041458615
1690743600000,9913.736041458615
1690747200000,9913.736041458615
1690750800000,9913.736041458615
1690754400000,9913.736041458615
1690758000000,9913.736041458615
1690761600000,9913.736041458615
1690765200000,9913.736041458615
1690768800000,9913.736041458615
1690772400000,9913.736041458615
1690776000000,9913.736041458615
1690779600000,9913.736041458615
1690783200000,9913.736041458615
1690786800000,9913.736041458615
1690790400000,9913.736041458615
1690794000000,9913.736041458615
1690797600000,9913.736041458615
1690801200000,9913.736041458615
1690804800000,9913.736041458615
1690808400000,9913.736041458615
1690812000000,9913.736041458615
1690815600000,9913.736041458615
1690819200000,9913.736041458615
1690822800000,9913.736041458615
1690826400000,9913.736041458615
1690830000000,9913.736041458615
1690833600000,9913.736041458615
1690837200000,9913.736041458615
1690840800000,9913.736041458615
1690844400000,9913.736041458615
1690848000000,9913.736041458615
1690851600000,9913.736041458615
1690855200000,9913.736041458615
1690858800000,9913.736041458615
1690862400000,9913.736041458615
1690866000000,9913.736041458615
1690869600000,9913.736041458615
1690873200000,9913.736041458615
1690876800000,9913.736041458615
1690880400000,9913.736041458615
1690884000000,9913.736041458615
1690887600000,9913.736041458615
1690891200000,9913.736041458615
1690894800000,9913.736041458615
1690898400000,9913.736041458615
1690902000000,9913.736041458615
1690905600000,9913.736041458615
1690909200000,9913.736041458615
1690912800000,9913.736041458615
1690916400000,9913.736041458615
1690920000000,9913.736041458615
1690923600000,9913.736041458615
1690927200000,9913.736041458615
1690930800000,9913.736041458615
1690934400000,9913.246276600512
1690938000000,9914.555236600512
1690941600000,9914.995876600511
1690945200000,9915.491596600512
1690948800000,9916.534876600512
1690952400000,9916.978756600512
1690956000000,9916.981996600513
1690959600000,9918.605236600511
1690963200000,9919.050941044512
1690966800000,9918.526061044511
1690970400000,9919.669781044511
1690974000000,9918.215021044512
1690977600000,9917.887781044512
1690981200000,9919.958141044512
1690984800000,9920.878301044511
1690988400000,9923.570741044512
1690992000000,9923.96738067195
1690995600000,9928.960220671948
1690999200000,9927.191180671949
1691002800000,9926.33906067195
1691006400000,9923.87990067195
1691010000000,9923.617460671949
1691013600000,9923.290220671948
1691017200000,9923.555900671949
1691020800000,9924.68793377309
1691024400000,9925.01841377309
1691028000000,9922.66617377309
1691031600000,9924.05937377309
1691035200000,9924.43197377309
1691038800000,9925.41369377309
1691042400000,9924.96657377309
1691046000000,9926.11353377309
1691049600000,9927.11247764549
1691053200000,9926.65239764549
1691056800000,9926.208517645491
1691060400000,9925.42119764549
1691064000000,9925.058317645491
1691067600000,9926.062717645491
1691071200000,9924.88335764549
1691074800000,9921.46839764549
1691078400000,9924.537965646954
1691082000000,9921.839045646955
1691085600000,9922.626365646955
1691089200000,9922.551845646954
1691092800000,9922.558325646954
1691096400000,9923.177165646954
1691100000000,9925.173005646955
1691103600000,9925.490525646954
1691107200000,9926.181775707108
1691110800000,9925.358815707108
1691114400000,9925.873975707107
1691118000000,9926.713135707107
1691121600000,9926.648335707107
1691125200000,9926.181775707108
1691128800000,9925.912855707107
1691132400000,9927.134335707107
1691136000000,9925.452363153187
1691139600000,9926.171643153186
1691143200000,9925.309803153186
1691146800000,9926.534523153186
1691150400000,9926.579883153187
1691154000000,9924.862683153186
1691157600000,9923.877723153186
1691161200000,9922.024443153186
1691164800000,9922.288392993185
1691168400000,9922.129632993187
1691172000000,9924.621192993185
1691175600000,9927.077112993185
1691179200000,9927.961632993185
1691182800000,9930.514752993186
1691186400000,9927.990792993185
1691190000000,9928.573992993186
1691193600000,9928.122184535903
1691197200000,9927.513064535904
1691200800000,9928.783144535904
1691204400000,9927.775504535904
1691208000000,9927.286264535904
1691211600000,9928.105984535903
1691215200000,9926.835904535903
1691218800000,9927.487144535904
1691222400000,9927.839900721745
1691226000000,9927.224300721744
1691229600000,9927.817220721745
1691233200000,9927.464060721744
1691236800000,9927.217820721744
1691240400000,9927.862580721745
1691244000000,9926.981300721744
1691247600000,9926.093540721744
1691251200000,9927.037462233744
1691254800000,9927.691942233745
1691258400000,9926.762062233745
1691262000000,9925.709062233744
1691265600000,9926.480182233745
1691269200000,9926.544982233745
1691272800000,9926.619502233745
1691276400000,9925.446622233745
1691280000000,9926.196216009792
1691283600000,9925.920816009791
1691287200000,9927.087216009792
1691290800000,9926.128176009792
1691294400000,9926.701656009793
1691298000000,9926.338776009792
1691301600000,9926.066616009792
1691305200000,9926.847456009793
1691308800000,9926.875803230527
1691312400000,9926.538843230526
1691316000000,9927.948243230527
1691319600000,9928.006563230527
1691323200000,9927.484923230526
1691326800000,9928.683723230526
1691330400000,9928.495803230526
1691334000000,9928.239843230525
1691337600000,9928.580113845659
1691341200000,9926.334793845659
1691344800000,9927.141553845659
1691348400000,9927.358633845659
1691352000000,9927.60487384566
1691355600000,9927.400753845659
1691359200000,9928.94299384566
1691362800000,9928.437553845659
1691366400000,9928.373709269128
1691370000000,9928.292709269128
1691373600000,9924.275109269129
1691377200000,9923.264229269129
1691380800000,9925.68774926913
1691384400000,9924.63798926913
1691388000000,9925.376709269129
1691391600000,9927.651189269129
1691395200000,9926.31026319779
1691398800000,9927.41834319779
1691402400000,9926.614823197791
1691406000000,9926.02190319779
1691409600000,9927.21422319779
1691413200000,9927.22718319779
1691416800000,9928.992983197792
1691420400000,9928.665743197791
1691424000000,9933.526319269791
1691427600000,9933.364319269791
1691431200000,9933.636479269791
1691434800000,9930.97967926979
1691438400000,9929.51195926979
1691442000000,9929.093999269791
1691445600000,9930.169679269791
1691449200000,9928.980599269791
1691452800000,9929.007300444444
1691456400000,9926.846220444444
1691460000000,9929.590500444443
1691463600000,9928.754580444443
1691467200000,9928.268580444445
1691470800000,9927.267420444443
1691474400000,9926.567580444444
1691478000000,9927.338700444443
1691481600000,9928.476906742488
1691485200000,9928.574106742488
1691488800000,9928.33434674249
1691492400000,9927.044826742489
1691496000000,9926.01126674249
1691499600000,9923.448426742489
1691503200000,9926.766186742489
1691506800000,9925.729386742489
1691510400000,9924.262009179756
1691514000000,9919.737029484279
1691517600000,9919.737029484279
1691521200000,9919.737029484279
1691524800000,9919.737029484279
1691528400000,9919.737029484279
1691532000000,9919.737029484279
1691535600000,9919.737029484279
1691539200000,9919.737029484279
1691542800000,9919.737029484279
1691546400000,9919.737029484279
1691550000000,9919.737029484279
1691553600000,9919.737029484279
1691557200000,9919.737029484279
1691560800000,9919.737029484279
1691564400000,9919.737029484279
1691568000000,9919.737029484279
1691571600000,9919.737029484279
1691575200000,9919.737029484279
1691578800000,9919.737029484279
1691582400000,9919.737029484279
1691586000000,9919.737029484279
1691589600000,9919.737029484279
1691593200000,9919.737029484279
1691596800000,9919.737029484279
1691600400000,9919.737029484279
1691604000000,9919.737029484279
1691607600000,9919.737029484279
1691611200000,9919.737029484279
1691614800000,9919.737029484279
1691618400000,9919.737029484279
1691622000000,9919.737029484279
1691625600000,9919.737029484279
1691629200000,9919.737029484279
1691632800000,9919.737029484279
1691636400000,9919.737029484279
1691640000000,9919.737029484279
1691643600000,9919.737029484279
1691647200000,9919.737029484279
1691650800000,9919.737029484279
1691654400000,9919.737029484279
1691658000000,9919.737029484279
1691661600000,9919.737029484279
1691665200000,9919.737029484279
1691668800000,9919.737029484279
1691672400000,9919.737029484279
1691676000000,9919.737029484279
1691679600000,9919.737029484279
1691683200000,9919.737029484279
1691686800000,9919.737029484279
1691690400000,9919.737029484279
1691694000000,9919.737029484279
1691697600000,9919.737029484279
1691701200000,9919.737029484279
1691704800000,9919.737029484279
1691708400000,9919.737029484279
1691712000000,9919.737029484279
1691715600000,9919.737029484279
1691719200000,9919.737029484279
1691722800000,9919.737029484279
1691726400000,9919.737029484279
1691730000000,9919.737029484279
1691733600000,9919.737029484279
1691737200000,9919.737029484279
1691740800000,9919.737029484279
1691744400000,9919.737029484279
1691748000000,9919.737029484279
1691751600000,9919.737029484279
1691755200000,9919.737029484279
1691758800000,9919.737029484279
1691762400000,9919.737029484279
1691766000000,9919.737029484279
1691769600000,9919.737029484279
1691773200000,9919.737029484279
1691776800000,9919.737029484279
1691780400000,9919.737029484279
1691784000000,9919.737029484279
1691787600000,9919.737029484279
1691791200000,9919.737029484279
1691794800000,9919.737029484279
1691798400000,9919.737029484279
1691802000000,9919.737029484279
1691805600000,9919.737029484279
1691809200000,9919.737029484279
1691812800000,9919.737029484279
1691816400000,9919.737029484279
1691820000000,9919.737029484279
1691823600000,9919.737029484279
1691827200000,9919.737029484279
1691830800000,9919.737029484279
1691834400000,9919.737029484279
1691838000000,9919.737029484279
1691841600000,9919.737029484279
1691845200000,9919.737029484279
1691848800000,9919.737029484279
1691852400000,9919.737029484279
1691856000000,9919.737029484279
1691859600000,9919.737029484279
1691863200000,9919.737029484279
1691866800000,9919.737029484279
1691870400000,9918.507969127812
1691874000000,9918.614409127811
1691877600000,9917.375039127812
1691881200000,9917.34082912781
1691884800000,9917.153093223002
1691888400000,9917.174053223001
1691892000000,9917.095743223
1691895600000,9917.495393223002
1691899200000,9916.240073223002
1691902800000,9916.020153223002
1691906400000,9915.971883223001
1691910000000,9916.225113223001
1691913600000,9915.46948718544
1691917200000,9915.15983718544
1691920800000,9915.221097185442
1691924400000,9915.192037185441
1691928000000,9914.990387185442
1691931600000,9914.191097185441
1691935200000,9914.817297185442
1691938800000,9914.768557185442
1691942400000,9915.654477761353
1691946000000,9914.599147761352
1691949600000,9915.126937761352
1691953200000,9911.682757761351
1691956800000,9910.221437761353
1691960400000,9912.899997761351
1691964000000,9916.19861776135
1691967600000,9919.781627761351
1691971200000,9917.6167533288
1691974800000,9915.2323233288
1691978400000,9914.609623328803
1691982000000,9905.141731667956
1691985600000,9902.758471667956
1691989200000,9902.067781667956
1691992800000,9899.327791667956
1691996400000,9901.149391667956
1692000000000,9900.743254641282
1692003600000,9901.555384641282
1692007200000,9901.36563464128
1692010800000,9900.879874641281
1692014400000,9902.10945464128
1692018000000,9903.316264641282
1692021600000,9903.414934641281
1692025200000,9899.16453464128
1692028800000,9897.876574506063
1692032400000,9898.362334506064
1692036000000,9903.075724506063
1692039600000,9906.529174506064
1692043200000,9907.068064506064
1692046800000,9904.214224506064
1692050400000,9904.191454506063
1692054000000,9904.267354506064
1692057600000,9904.78333734831
1692061200000,9903.06799734831
1692064800000,9904.183727348309
1692068400000,9905.60305734831
1692072000000,9905.071757348309
1692075600000,9906.58216734831
1692079200000,9906.445547348309
1692082800000,9907.090697348309
1692086400000,9905.42048396827
1692090000000,9906.400503968269
1692093600000,9905.95422396827
1692097200000,9905.738653968268
1692100800000,9906.446313968268
1692104400000,9904.655183968269
1692108000000,9905.56915396827
1692111600000,9906.72753396827
1692115200000,9904.398972703026
1692118800000,9904.453592703025
1692122400000,9904.235772703025
1692126000000,9904.489842703026
1692129600000,9908.437582703025
1692133200000,9907.849722703026
1692136800000,9909.032802703025
1692140400000,9907.842972703025
1692144000000,9908.298703518129
1692147600000,9909.05068351813
1692151200000,9908.938343518128
1692154800000,9908.511553518128
1692158400000,9909.309873518128
1692162000000,9910.072903518127
1692165600000,9909.911953518127
1692169200000,9910.224013518127
1692172800000,9909.6443981153
1692176400000,9910.0486481153
1692180000000,9910.4318381153
1692183600000,9910.0795881153
1692187200000,9909.437578115301
1692190800000,9909.832258115302
1692194400000,9909.635408115302
1692198000000,9908.5686081153
1692201600000,9910.885898112952
1692205200000,9908.158248112954
1692208800000,9909.426668112954
1692212400000,9910.882018112954
1692216000000,9910.198798112953
1692219600000,9913.673278112952
1692223200000,9910.393908112954
1692226800000,9909.160278112953
1692230400000,9906.950877942505
1692234000000,9915.155667942505
1692237600000,9914.267637942505
1692241200000,9916.233447942506
1692244800000,9914.533287942506
1692248400000,9914.153787942505
1692252000000,9910.958397942506
1692255600000,9911.125377942506
1692259200000,9913.28368816391
1692262800000,9919.22665816391
1692266400000,9918.32344816391
1692270000000,9922.50553816391
1692273600000,9922.42963816391
1692277200000,9921.36703816391
1692280800000,9923.62126816391
1692284400000,9929.79952816391
1692288000000,9958.72824256031
1692291600000,9957.75672256031
1692295200000,9957.56697256031
1692298800000,9962.80407256031
1692302400000,9959.73012256031
1692306000000,9973.17201256031
1692309600000,10053.77022256031
1692313200000,10004.46558256031
1692316800000,10003.999433521956
1692320400000,9991.764353521956
1692324000000,9997.084943521957
1692327600000,10006.117043521957
1692331200000,10005.980423521956
1692334800000,10012.181453521956
1692338400000,10003.657883521957
1692342000000,9995.627663521956
1692345600000,9996.88406807916
1692349200000,9993.77975807916
1692352800000,10000.45136807916
1692356400000,10001.92382807916
1692360000000,9999.35840807916
1692363600000,10004.92187807916
1692367200000,10009.11155807916
1692370800000,10015.41884807916
1692374400000,10019.197901578544
1692378000000,10019.167541578543
1692381600000,10018.082171578544
1692385200000,10015.129661578543
1692388800000,10021.049861578544
1692392400000,10020.222551578543
1692396000000,10018.013861578544
1692399600000,10018.120121578544
1692403200000,10018.715132688247
1692406800000,10013.508392688247
1692410400000,10019.701832688246
1692414000000,10020.301442688247
1692417600000,10019.975072688247
1692421200000,10018.563332688247
1692424800000,10022.085092688247
1692428400000,10023.542372688247
1692432000000,10018.304880905349
1692435600000,10018.418730905349
1692439200000,10016.71857090535
1692442800000,10018.38837090535
1692446400000,10019.16255090535
1692450000000,10019.98227090535
1692453600000,10018.77546090535
1692457200000,10016.87037090535
1692460800000,10000.977247167133
1692464400000,10000.977247167133
1692468000000,10000.977247167133
1692471600000,10000.977247167133
1692475200000,10000.977247167133
1692478800000,10000.977247167133
1692482400000,10000.977247167133
1692486000000,10000.977247167133
1692489600000,10000.977247167133
1692493200000,10000.977247167133
1692496800000,10000.977247167133
1692500400000,10000.977247167133
1692504000000,10000.977247167133
1692507600000,10000.977247167133
1692511200000,10000.977247167133
1692514800000,10000.977247167133
1692518400000,10000.977247167133
1692522000000,10000.977247167133
1692525600000,10000.977247167133
1692529200000,10000.977247167133
1692532800000,10000.977247167133
1692536400000,10000.977247167133
1692540000000,10000.977247167133
1692543600000,10000.977247167133
1692547200000,10000.977247167133
1692550800000,10000.977247167133
1692554400000,10000.977247167133
1692558000000,10000.977247167133
1692561600000,10000.977247167133
1692565200000,10000.977247167133
1692568800000,10000.977247167133
1692572400000,10000.977247167133
1692576000000,10000.977247167133
1692579600000,10000.977247167133
1692583200000,10000.977247167133
1692586800000,10000.977247167133
1692590400000,10000.977247167133
1692594000000,10000.977247167133
1692597600000,10000.977247167133
1692601200000,10000.977247167133
1692604800000,10000.977247167133
1692608400000,10000.977247167133
1692612000000,10000.977247167133
1692615600000,10000.977247167133
1692619200000,10000.977247167133
1692622800000,10000.977247167133
1692626400000,10000.977247167133
1692630000000,10000.977247167133
1692633600000,10000.977247167133
1692637200000,10000.977247167133
1692640800000,10000.977247167133
1692644400000,10000.977247167133
1692648000000,10000.977247167133
1692651600000,10000.977247167133
1692655200000,10000.977247167133
1692658800000,10000.977247167133
1692662400000,10000.977247167133
1692666000000,10000.977247167133
1692669600000,10000.977247167133
1692673200000,10000.977247167133
1692676800000,10000.977247167133
1692680400000,10000.977247167133
1692684000000,10000.977247167133
1692687600000,10000.977247167133
1692691200000,10000.977247167133
1692694800000,10000.977247167133
1692698400000,10000.977247167133
1692702000000,10000.977247167133
1692705600000,10000.977247167133
1692709200000,10000.977247167133
1692712800000,10000.977247167133
1692716400000,10000.977247167133
1692720000000,10000.977247167133
1692723600000,10000.977247167133
1692727200000,10000.977247167133
1692730800000,10000.977247167133
1692734400000,10000.977247167133
1692738000000,10000.977247167133
1692741600000,10000.977247167133
1692745200000,10000.977247167133
1692748800000,10000.977247167133
1692752400000,10000.977247167133
1692756000000,10000.977247167133
1692759600000,10000.977247167133
1692763200000,10000.977247167133
1692766800000,10000.977247167133
1692770400000,10000.977247167133
1692774000000,10000.977247167133
1692777600000,10000.977247167133
1692781200000,10000.977247167133
1692784800000,10000.977247167133
1692788400000,10000.977247167133
1692792000000,10000.977247167133
1692795600000,10000.977247167133
1692799200000,10000.977247167133
1692802800000,10000.977247167133
1692806400000,10000.977247167133
1692810000000,10000.977247167133
1692813600000,10000.977247167133
1692817200000,10000.977247167133
1692820800000,10000.977247167133
1692824400000,10000.977247167133
1692828000000,10000.977247167133
1692831600000,10000.977247167133
1692835200000,10000.977247167133
1692838800000,10000.977247167133
1692842400000,10000.977247167133
1692846000000,10000.977247167133
1692849600000,10000.977247167133
1692853200000,10000.977247167133
1692856800000,10000.977247167133
1692860400000,10000.977247167133
1692864000000,10000.977247167133
1692867600000,10000.977247167133
1692871200000,10000.977247167133
1692874800000,10000.977247167133
1692878400000,10000.977247167133
1692882000000,10000.977247167133
1692885600000,10000.977247167133
1692889200000,10000.977247167133
1692892800000,10000.977247167133
1692896400000,10000.977247167133
1692900000000,10000.977247167133
1692903600000,10000.977247167133
1692907200000,10000.977247167133
1692910800000,10000.977247167133
1692914400000,10000.977247167133
1692918000000,10000.977247167133
1692921600000,10000.977247167133
1692925200000,10000.977247167133
1692928800000,10000.977247167133
1692932400000,10000.977247167133
1692936000000,10000.977247167133
1692939600000,10000.977247167133
1692943200000,10000.977247167133
1692946800000,10000.977247167133
1692950400000,10000.977247167133
1692954000000,10000.977247167133
1692957600000,10000.977247167133
1692961200000,10000.977247167133
1692964800000,10000.977247167133
1692968400000,10000.977247167133
1692972000000,10000.977247167133
1692975600000,10000.977247167133
1692979200000,10000.977247167133
1692982800000,10000.977247167133
1692986400000,10000.977247167133
1692990000000,10000.977247167133
1692993600000,10000.977247167133
1692997200000,10000.977247167133
1693000800000,10000.977247167133
1693004400000,10000.977247167133
1693008000000,10000.977247167133
1693011600000,10000.977247167133
1693015200000,10000.977247167133
1693018800000,10000.977247167133
1693022400000,10000.977247167133
1693026000000,10000.977247167133
1693029600000,10000.977247167133
1693033200000,10000.977247167133
1693036800000,10000.977247167133
1693040400000,10000.977247167133
1693044000000,10000.977247167133
1693047600000,10000.977247167133
1693051200000,10000.977247167133
1693054800000,10000.977247167133
1693058400000,10000.977247167133
1693062000000,10000.977247167133
1693065600000,10000.977247167133
1693069200000,10000.977247167133
1693072800000,10000.977247167133
1693076400000,10000.977247167133
1693080000000,10000.977247167133
1693083600000,10000.977247167133
1693087200000,10000.977247167133
1693090800000,10000.977247167133
1693094400000,10000.977247167133
1693098000000,10000.977247167133
1693101600000,10000.977247167133
1693105200000,10000.977247167133
1693108800000,10000.977247167133
1693112400000,10000.977247167133
1693116000000,10000.977247167133
1693119600000,10000.977247167133
1693123200000,10000.977247167133
1693126800000,10000.977247167133
1693130400000,10000.977247167133
1693134000000,10000.977247167133
1693137600000,10000.977247167133
1693141200000,10000.977247167133
1693144800000,10000.977247167133
1693148400000,10000.977247167133
1693152000000,10000.977247167133
1693155600000,10000.977247167133
1693159200000,10000.977247167133
1693162800000,10000.977247167133
1693166400000,10000.977247167133
1693170000000,10000.977247167133
1693173600000,10000.977247167133
1693177200000,10000.977247167133
1693180800000,10000.977247167133
1693184400000,10000.977247167133
1693188000000,10000.977247167133
1693191600000,10000.977247167133
1693195200000,10000.977247167133
1693198800000,10000.977247167133
1693202400000,10000.977247167133
1693206000000,10000.977247167133
1693209600000,10000.977247167133
1693213200000,10000.977247167133
1693216800000,10000.977247167133
1693220400000,10000.977247167133
1693224000000,10000.977247167133
1693227600000,10000.977247167133
1693231200000,10000.977247167133
1693234800000,10000.977247167133
1693238400000,10000.977247167133
1693242000000,10000.977247167133
1693245600000,10000.977247167133
1693249200000,10000.977247167133
1693252800000,10000.977247167133
1693256400000,10000.977247167133
1693260000000,10000.977247167133
1693263600000,10000.977247167133
1693267200000,10000.977247167133
1693270800000,10000.977247167133
1693274400000,10000.977247167133
1693278000000,10000.977247167133
1693281600000,10000.977247167133
1693285200000,10000.977247167133
1693288800000,10000.977247167133
1693292400000,10000.977247167133
1693296000000,10000.977247167133
1693299600000,10000.977247167133
1693303200000,10000.977247167133
1693306800000,10000.977247167133
1693310400000,10000.977247167133
1693314000000,10000.977247167133
1693317600000,10000.977247167133
1693321200000,10000.977247167133
1693324800000,10000.977247167133
1693328400000,10000.977247167133
1693332000000,10000.977247167133
1693335600000,10000.977247167133
1693339200000,10000.107065538903
1693342800000,10002.851705538904
1693346400000,10001.500985538903
1693350000000,10002.313145538903
1693353600000,10002.43971238253
1693357200000,10004.23971238253
1693360800000,10005.535712382529
1693364400000,10006.24131238253
1693368000000,10005.37155238253
1693371600000,10005.460832382529
1693375200000,10005.15555238253
1693378800000,10005.78915238253
1693382400000,10005.9862767274
1693386000000,10005.7529967274
1693389600000,10006.550756727402
1693393200000,10005.369956727402
1693396800000,10006.449956727402
1693400400000,10005.9574767274
1693404000000,10005.8566767274
1693407600000,10009.678436727401
1693411200000,10009.980574100651
1693414800000,10011.069214100651
1693418400000,10010.69481410065
1693422000000,10009.99785410065
1693425600000,10010.23113410065
1693429200000,10009.68393410065
1693432800000,10009.73865410065
1693436400000,10010.36649410065
1693440000000,10009.626862553694
1693443600000,10010.459182553694
1693447200000,10011.072622553695
1693450800000,10010.879662553694
1693454400000,10011.058222553695
1693458000000,10010.320942553693
1693461600000,10009.756462553694
1693465200000,10009.629742553694
1693468800000,10008.967796678939
1693472400000,10009.097396678939
1693476000000,10009.80299667894
1693479600000,10009.46315667894
1693483200000,10006.931636678939
1693486800000,10008.63083667894
1693490400000,10009.58987667894
1693494000000,10009.75403667894
1693497600000,10014.20653853409
1693501200000,10027.27309853409
1693504800000,10022.57581853409
1693508400000,10023.23821853409
1693512000000,10023.101068093676
1693515600000,10023.101068093676
1693519200000,10023.101068093676
1693522800000,10023.101068093676
1693526400000,10023.101068093676
1693530000000,10023.101068093676
1693533600000,10023.101068093676
1693537200000,10023.101068093676
1693540800000,10023.101068093676
1693544400000,10023.101068093676
1693548000000,10023.101068093676
1693551600000,10023.101068093676
1693555200000,10023.101068093676
1693558800000,10023.101068093676
1693562400000,10023.101068093676
1693566000000,10023.101068093676
1693569600000,10023.101068093676
1693573200000,10023.101068093676
1693576800000,10023.101068093676
1693580400000,10023.101068093676
1693584000000,10023.101068093676
1693587600000,10023.101068093676
1693591200000,10023.101068093676
1693594800000,10023.101068093676
1693598400000,10023.101068093676
1693602000000,10023.101068093676
1693605600000,10023.101068093676
1693609200000,10023.101068093676
1693612800000,10023.101068093676
1693616400000,10023.101068093676
1693620000000,10023.101068093676
1693623600000,10023.101068093676
1693627200000,10023.101068093676
1693630800000,10023.101068093676
1693634400000,10023.101068093676
1693638000000,10023.101068093676
1693641600000,10023.101068093676
1693645200000,10023.101068093676
1693648800000,10023.101068093676
1693652400000,10023.101068093676
1693656000000,10023.101068093676
1693659600000,10023.101068093676
1693663200000,10023.101068093676
1693666800000,10023.101068093676
1693670400000,10023.101068093676
1693674000000,10023.101068093676
1693677600000,10023.101068093676
1693681200000,10023.101068093676
1693684800000,10023.101068093676
1693688400000,10023.101068093676
1693692000000,10023.101068093676
1693695600000,10023.101068093676
1693699200000,10023.101068093676
1693702800000,10023.101068093676
1693706400000,10023.101068093676
1693710000000,10023.101068093676
1693713600000,10023.101068093676
1693717200000,10023.101068093676
1693720800000,10023.101068093676
1693724400000,10023.101068093676
1693728000000,10023.101068093676
1693731600000,10023.101068093676
1693735200000,10023.101068093676
1693738800000,10023.101068093676
1693742400000,10023.101068093676
1693746000000,10023.101068093676
1693749600000,10023.101068093676
1693753200000,10023.101068093676
1693756800000,10023.101068093676
1693760400000,10023.101068093676
1693764000000,10023.101068093676
1693767600000,10023.101068093676
1693771200000,10023.101068093676
1693774800000,10023.101068093676
1693778400000,10023.101068093676
1693782000000,10023.101068093676
1693785600000,10023.101068093676
1693789200000,10023.101068093676
1693792800000,10023.101068093676
1693796400000,10023.101068093676
1693800000000,10023.101068093676
1693803600000,10023.101068093676
1693807200000,10023.101068093676
1693810800000,10023.101068093676
1693814400000,10023.101068093676
1693818000000,10023.101068093676
1693821600000,10023.101068093676
1693825200000,10023.101068093676
1693828800000,10023.101068093676
1693832400000,10023.101068093676
1693836000000,10023.101068093676
1693839600000,10023.101068093676
1693843200000,10023.101068093676
1693846800000,10023.101068093676
1693850400000,10023.101068093676
1693854000000,10023.101068093676
1693857600000,10023.101068093676
1693861200000,10023.101068093676
1693864800000,10023.101068093676
1693868400000,10023.101068093676
1693872000000,10023.101068093676
1693875600000,10023.101068093676
1693879200000,10023.101068093676
1693882800000,10023.101068093676
1693886400000,10023.101068093676
1693890000000,10023.101068093676
1693893600000,10023.101068093676
1693897200000,10023.101068093676
1693900800000,10023.101068093676
1693904400000,10023.101068093676
1693908000000,10023.101068093676
1693911600000,10023.101068093676
1693915200000,10023.101068093676
1693918800000,10023.101068093676
1693922400000,10023.101068093676
1693926000000,10023.101068093676
1693929600000,10023.101068093676
1693933200000,10023.101068093676
1693936800000,10023.101068093676
1693940400000,10023.101068093676
1693944000000,10023.101068093676
1693947600000,10023.101068093676
1693951200000,10023.101068093676
1693954800000,10023.101068093676
1693958400000,10023.101068093676
1693962000000,10023.101068093676
1693965600000,10023.101068093676
1693969200000,10023.101068093676
1693972800000,10023.101068093676
1693976400000,10023.101068093676
1693980000000,10023.101068093676
1693983600000,10023.101068093676
1693987200000,10023.101068093676
1693990800000,10023.101068093676
1693994400000,10023.101068093676
1693998000000,10023.101068093676
1694001600000,10023.101068093676
1694005200000,10023.101068093676
1694008800000,10023.101068093676
1694012400000,10023.101068093676
1694016000000,10023.101068093676
1694019600000,10023.101068093676
1694023200000,10023.101068093676
1694026800000,10023.101068093676
1694030400000,10023.101068093676
1694034000000,10023.101068093676
1694037600000,10023.101068093676
1694041200000,10023.101068093676
1694044800000,10023.101068093676
1694048400000,10023.101068093676
1694052000000,10023.101068093676
1694055600000,10023.101068093676
1694059200000,10023.101068093676
1694062800000,10023.101068093676
1694066400000,10023.101068093676
1694070000000,10023.101068093676
1694073600000,10023.101068093676
1694077200000,10023.101068093676
1694080800000,10023.101068093676
1694084400000,10023.101068093676
1694088000000,10023.101068093676
1694091600000,10023.101068093676
1694095200000,10023.101068093676
1694098800000,10023.101068093676
1694102400000,10023.101068093676
1694106000000,10023.101068093676
1694109600000,10023.101068093676
1694113200000,10023.101068093676
1694116800000,10023.101068093676
1694120400000,10023.101068093676
1694124000000,10023.101068093676
1694127600000,10023.101068093676
1694131200000,10023.101068093676
1694134800000,10023.101068093676
1694138400000,10023.101068093676
1694142000000,10023.101068093676
1694145600000,10023.101068093676
1694149200000,10023.101068093676
1694152800000,10023.101068093676
1694156400000,10023.101068093676
1694160000000,10023.101068093676
1694163600000,10023.101068093676
1694167200000,10023.101068093676
1694170800000,10023.101068093676
1694174400000,10023.101068093676
1694178000000,10023.101068093676
1694181600000,10023.101068093676
1694185200000,10023.101068093676
1694188800000,10023.101068093676
1694192400000,10023.101068093676
1694196000000,10023.101068093676
1694199600000,10023.101068093676
1694203200000,10023.101068093676
1694206800000,10023.101068093676
1694210400000,10023.101068093676
1694214000000,10023.101068093676
1694217600000,10023.101068093676
1694221200000,10023.101068093676
1694224800000,10023.101068093676
1694228400000,10023.101068093676
1694232000000,10023.101068093676
1694235600000,10023.101068093676
1694239200000,10023.101068093676
1694242800000,10023.101068093676
1694246400000,10023.101068093676
1694250000000,10023.101068093676
1694253600000,10023.101068093676
1694257200000,10023.101068093676
1694260800000,10023.101068093676
1694264400000,10023.101068093676
1694268000000,10023.101068093676
1694271600000,10023.101068093676
1694275200000,10023.101068093676
1694278800000,10023.101068093676
1694282400000,10023.101068093676
1694286000000,10023.101068093676
1694289600000,10023.101068093676
1694293200000,10023.101068093676
1694296800000,10023.101068093676
1694300400000,10023.101068093676
1694304000000,10023.101068093676
1694307600000,10023.101068093676
1694311200000,10023.101068093676
1694314800000,10023.101068093676
1694318400000,10023.101068093676
1694322000000,10023.101068093676
1694325600000,10023.101068093676
1694329200000,10023.101068093676
1694332800000,10023.101068093676
1694336400000,10023.101068093676
1694340000000,10023.101068093676
1694343600000,10023.101068093676
1694347200000,10023.101068093676
1694350800000,10023.101068093676
1694354400000,10023.101068093676
1694358000000,10023.101068093676
1694361600000,10023.101068093676
1694365200000,10023.101068093676
1694368800000,10023.101068093676
1694372400000,10023.101068093676
1694376000000,10023.101068093676
1694379600000,10023.101068093676
1694383200000,10023.101068093676
1694386800000,10023.101068093676
1694390400000,10023.101068093676
1694394000000,10023.101068093676
1694397600000,10023.101068093676
1694401200000,10023.101068093676
1694404800000,10023.101068093676
1694408400000,10023.101068093676
1694412000000,10023.101068093676
1694415600000,10023.101068093676
1694419200000,10023.101068093676
1694422800000,10023.101068093676
1694426400000,10023.101068093676
1694430000000,10023.101068093676
1694433600000,10023.101068093676
1694437200000,10023.101068093676
1694440800000,10023.101068093676
1694444400000,10023.101068093676
1694448000000,10022.644098904519
1694451600000,10024.171468904518
1694455200000,10022.393958904519
1694458800000,10025.482808904519
1694462400000,10032.369238904519
1694466000000,10031.08442890452
1694469600000,10029.644228904519
1694473200000,10028.40110890452
1694476800000,10026.76480719413
1694480400000,10024.38847719413
1694484000000,10026.57151719413
1694487600000,10024.42258719413
1694491200000,10014.14789719413
1694494800000,10015.98604719413
1694498400000,10015.03475719413
1694502000000,10015.76622719413
1694505600000,10016.053440351767
1694509200000,10016.834180351767
1694512800000,10012.748560351767
1694516400000,10002.8018899864
1694520000000,10002.47800292931
1694523600000,10002.705802929311
1694527200000,10005.862702929311
1694530800000,10002.78740292931
1694534400000,10004.45369607459
1694538000000,10002.30829607459
1694541600000,9999.56449607459
1694545200000,10001.32909607459
1694548800000,10001.77619607459
1694552400000,10002.02949607459
1694556000000,10002.405196074591
1694559600000,10000.21219607459
1694563200000,9998.365913033573
1694566800000,9999.428413033573
1694570400000,10000.198513033572
1694574000000,9999.076513033573
1694577600000,9998.921813033572
1694581200000,9999.572913033573
1694584800000,9998.993213033573
1694588400000,10000.526613033573
1694592000000,9998.606872343593
1694595600000,10000.106272343593
1694599200000,10004.245772343593
1694602800000,10003.424672343594
1694606400000,10004.063872343593
1694610000000,10004.225372343593
1694613600000,10003.062572343593
1694617200000,10004.650372343593
1694620800000,10004.930653848109
1694624400000,10005.654853848107
1694628000000,10002.798853848108
1694631600000,10002.605053848109
1694635200000,10003.480553848109
1694638800000,10004.476753848108
1694642400000,10004.758953848108
1694646000000,10004.995253848108
1694649600000,10004.484899760242
1694653200000,10008.794399760242
1694656800000,10003.886499760241
1694660400000,10005.36549976024
1694664000000,10005.37399976024
1694667600000,10004.313199760241
1694671200000,10004.075199760242
1694674800000,10005.586499760242
1694678400000,10006.489156680134
1694682000000,10006.031856680134
1694685600000,10005.627256680134
1694689200000,10006.550356680134
1694692800000,10008.342156680133
1694696400000,10008.712756680134
1694700000000,10011.313756680134
1694703600000,10012.726456680135
1694707200000,10012.588190901773
1694710800000,10011.369290901774
1694714400000,10012.035690901774
1694718000000,10010.430890901775
1694721600000,10012.477690901775
1694725200000,10010.400290901774
1694728800000,10009.557090901773
1694732400000,10011.204390901774
1694736000000,10009.694793231165
1694739600000,10009.116793231166
1694743200000,10009.667593231166
1694746800000,10011.076893231166
1694750400000,10011.415193231165
1694754000000,10011.692293231166
1694757600000,10010.662093231165
1694761200000,10010.675693231165
1694764800000,10010.439428573893
1694768400000,10012.183628573894
1694772000000,10011.214628573893
1694775600000,10011.702528573893
1694779200000,10008.193728573893
1694782800000,10007.530728573893
1694786400000,10007.367528573894
1694790000000,10005.366628573893
1694793600000,10006.317109203823
1694797200000,10007.148409203823
1694800800000,10006.492209203823
1694804400000,10006.607809203822
1694808000000,10007.644809203823
1694811600000,10007.918509203822
1694815200000,10008.879009203823
1694818800000,10014.354709203822
1694822400000,10011.435252262218
1694826000000,10011.768452262218
1694829600000,10012.025152262218
1694833200000,10012.378752262217
1694836800000,10011.210852262218
1694840400000,10010.371052262219
1694844000000,10010.000452262218
1694847600000,10009.056952262217
1694851200000,10009.244703654058
1694854800000,10009.630603654057
1694858400000,10009.074703654058
1694862000000,10010.195003654057
1694865600000,10009.620403654057
1694869200000,10010.274903654057
1694872800000,10010.138903654057
1694876400000,10009.091703654058
1694880000000,10009.496940573626
1694883600000,10009.794440573627
1694887200000,10010.357140573626
1694890800000,10010.760040573627
1694894400000,10009.933840573627
1694898000000,10009.872640573627
1694901600000,10010.516940573627
1694905200000,10010.353740573626
1694908800000,10010.378592421597
1694912400000,10008.816292421596
1694916000000,10009.363692421597
1694919600000,10009.557492421596
1694923200000,10009.478704003213
1694926800000,10008.981754003213
1694930400000,10009.274794003213
1694934000000,10009.046504003214
1694937600000,10009.523125071293
1694941200000,10008.280185071293
1694944800000,10007.821965071294
1694948400000,10008.083755071293
1694952000000,10009.797635071294
1694955600000,10009.072275071294
1694959200000,10009.924025071294
1694962800000,10009.879095071294
1694966400000,10009.781040646783
1694970000000,10011.516360646781
1694973600000,10013.307620646783
1694977200000,10011.002290646784
1694980800000,10010.630460646782
1694984400000,10014.038480646783
1694988000000,10013.604120646782
1694991600000,10013.120950646784
1694995200000,10012.568583224742
1694998800000,10016.469533224743
1695002400000,10014.764793224742
1695006000000,10011.521903224742
1695009600000,10011.157483224742
1695013200000,10010.292803224742
1695016800000,10010.960873224742
1695020400000,10011.023493224742
1695024000000,10010.18040127141
1695027600000,10010.72813127141
1695031200000,10010.890251271408
1695034800000,10009.899031271409
1695038400000,10007.63308127141
1695042000000,10004.536608008195
1695045600000,10003.271808008196
1695049200000,10003.331308008195
1695052800000,10003.366098697099
1695056400000,10002.969998697099
1695060000000,9994.269398697099
1695063600000,9993.1966986971
1695067200000,9995.7466986971
1695070800000,9994.5311986971
1695074400000,9995.2859986971
1695078000000,9996.0832986971
1695081600000,9994.538673789328
1695085200000,9992.906673789328
1695088800000,9993.199073789327
1695092400000,9995.266273789328
1695096000000,9995.296685318637
1695099600000,9994.871085318637
1695103200000,9994.266785318636
1695106800000,9994.369385318638
1695110400000,9994.963213906893
1695114000000,9995.377413906892
1695117600000,9995.569213906892
1695121200000,9996.498813906892
1695124800000,9996.817113906893
1695128400000,9996.758813906892
1695132000000,9996.251213906893
1695135600000,9996.606613906893
1695139200000,9996.289327908567
1695142800000,9996.871127908567
1695146400000,9995.843227908566
1695150000000,9996.294827908567
1695153600000,9997.584627908567
1695157200000,9998.362527908566
1695160800000,9998.381327908566
1695164400000,9998.511327908567
1695168000000,9998.308584673761
1695171600000,9998.846884673761
1695175200000,9998.51698467376
1695178800000,9998.83268467376
1695182400000,9998.502014967637
1695186000000,9998.014114967636
1695189600000,9997.446314967636
1695193200000,9997.844114967636
1695196800000,9998.383408800482
1695200400000,9999.791008800483
1695204000000,9997.856408800482
1695207600000,9998.021308800482
1695211200000,9998.146869224804
1695214800000,9998.934209224803
1695218400000,9998.657009224804
1695222000000,9999.544449224804
1695225600000,9999.987862961032
1695229200000,9999.941442961033
1695232800000,9999.994502961032
1695236400000,9998.388982961033
1695240000000,10000.548942961032
1695243600000,10000.056682961032
1695247200000,9999.917642961032
1695250800000,10000.61140296103
1695254400000,10001.301114135642
1695258000000,10001.176474135642
1695261600000,10001.446274135644
1695265200000,10000.178474135642
1695268800000,9999.482234135643
1695272400000,10000.270594135642
1695276000000,9999.828914135642
1695279600000,10000.860274135643
1695283200000,10000.537438737701
1695286800000,9999.955358737701
1695290400000,9999.4838187377
1695294000000,10004.337478737702
1695297600000,10004.829058737701
1695301200000,10004.971638737701
1695304800000,10006.491138737701
1695308400000,10006.319898737702
1695312000000,10006.339987596188
1695315600000,10005.172827596189
1695319200000,10005.633247596188
1695322800000,10003.706607596187
1695326400000,10004.506447596188
1695330000000,10005.132867596189
1695333600000,10005.093347596187
1695337200000,10005.364407596187
1695340800000,10005.921113341881
1695344400000,10004.553073341882
1695348000000,10004.388853341883
1695351600000,10004.322633341882
1695355200000,10003.039593341882
1695358800000,10003.55887334188
1695362400000,10003.90637334188
1695366000000,10003.823773341883
1695369600000,10003.476970431355
1695373200000,10003.038130431356
1695376800000,10003.001630431356
1695380400000,10002.748810431354
1695384000000,10002.290490431355
1695387600000,10002.019050431356
1695391200000,10002.378190431356
1695394800000,10002.465630431354
1695398400000,10003.579320129045
1695402000000,10004.369520129043
1695405600000,10003.222020129046
1695409200000,10002.074240129044
1695412800000,10002.416140129044
1695416400000,10002.722200129045
1695420000000,10002.529680129044
1695423600000,10002.289700129044
1695427200000,10002.789324435398
1695430800000,10002.257724435398
1695434400000,10001.827644435398
1695438000000,10002.639464435399
1695441600000,10002.739524435397
1695445200000,10002.613564435398
1695448800000,10001.834584435397
1695452400000,10002.330104435398
1695456000000,10002.374718910145
1695459600000,10002.536638910145
1695463200000,10002.816178910145
1695466800000,10003.029118910146
1695470400000,10002.574318910145
1695474000000,10002.888318910145
1695477600000,10003.219338910145
1695481200000,10003.034738910146
1695484800000,10003.75307984773
1695488400000,10002.840159847729
1695492000000,10003.829599847728
1695495600000,10003.461479847727
1695499200000,10002.423937426138
1695502800000,10002.954637426137
1695506400000,10003.163257426138
1695510000000,10004.070937426139
1695513600000,10002.865937371083
1695517200000,10003.385657371084
1695520800000,10002.668297371083
1695524400000,10002.785417371084
1695528000000,10003.396637371085
1695531600000,10003.327097371084
1695535200000,10003.381997371083
1695538800000,10003.385657371084
1695542400000,10003.481228103605
1695546000000,10002.463748103604
1695549600000,10002.643088103605
1695553200000,10003.290908103603
1695556800000,10002.617468103605
1695560400000,10002.189248103605
1695564000000,10002.397868103604
1695567600000,10002.130688103603
1695571200000,10004.039108298542
1695574800000,10003.911008298543
1695578400000,10000.895168298543
1695582000000,10004.679608298542
1695585600000,10005.843488298542
1695589200000,10004.115968298542
1695592800000,10004.419748298542
1695596400000,10004.712548298543
1695600000000,10007.700989653576
1695603600000,10008.151169653576
1695607200000,10009.640789653577
1695610800000,10007.492369653575
1695614400000,10008.612329653575
1695618000000,10008.509849653576
1695621600000,10009.040549653577
1695625200000,10008.667229653576
1695628800000,10007.290352800852
1695632400000,10008.736052800852
1695636000000,10010.123192800851
1695639600000,10010.013392800853
1695643200000,10011.781172800851
1695646800000,10011.199232800851
1695650400000,10009.149632800852
1695654000000,10009.266752800851
1695657600000,10005.947587659797
1695661200000,10004.102947659796
1695664800000,10002.865867659797
1695668400000,10003.510027659797
1695672000000,10003.158667659796
1695675600000,10005.270487659796
1695679200000,10005.146047659797
1695682800000,10005.241207659796
1695686400000,10004.876210287479
1695690000000,10005.278810287478
1695693600000,10003.76723028748
1695697200000,10003.346330287479
1695700800000,10003.59521028748
1695704400000,10003.74527028748
1695708000000,10003.51103028748
1695711600000,10004.90915028748
1695715200000,10004.881606705598
1695718800000,10004.288686705599
1695722400000,10003.263886705598
1695726000000,10005.060946705598
1695729600000,10003.834846705598
1695733200000,10005.470866705598
1695736800000,10006.631086705598
1695740400000,10005.741706705598
1695744000000,10007.315419528351
1695747600000,10004.449639528351
1695751200000,10005.653779528351
1695754800000,10006.31257952835
1695758400000,10004.402059528351
1695762000000,10005.26215952835
1695765600000,10004.793679528351
1695769200000,10005.207259528352
1695772800000,10003.179375359705
1695776400000,10002.655995359704
1695780000000,10003.475835359704
1695783600000,10004.215155359705
1695787200000,10001.81396809114
1695790800000,10002.28114809114
1695794400000,10002.46404809114
1695798000000,10002.13316809114
1695801600000,10002.342379012642
1695805200000,10002.529839012643
1695808800000,9999.301522018195
1695812400000,10000.676322018197
1695816000000,10010.535122018196
1695819600000,10008.782322018196
1695823200000,10004.711122018196
1695826800000,9993.359922018195
1695830400000,9996.385452872715
1695834000000,9994.520652872716
1695837600000,9994.114652872715
1695841200000,9995.201052872715
1695844800000,9995.433452872716
1695848400000,9995.441852872715
1695852000000,9996.141852872715
1695855600000,9997.687452872715
1695859200000,9998.452478270132
1695862800000,10000.983678270131
1695866400000,10000.829678270133
1695870000000,9999.144078270132
1695873600000,9998.830478270133
1695877200000,10000.544078270132
1695880800000,10000.611278270131
1695884400000,10001.137678270132
1695888000000,10000.902985252607
1695891600000,9999.502985252608
1695895200000,10000.267385252608
1695898800000,10004.293785252607
1695902400000,10001.577785252608
1695906000000,10001.605785252606
1695909600000,10005.242985252607
1695913200000,10010.926985252607
1695916800000,10018.819571892223
1695920400000,10018.609571892222
1695924000000,10020.451971892222
1695927600000,10015.271971892222
1695931200000,10019.135971892223
1695934800000,10018.959571892223
1695938400000,10017.072371892222
1695942000000,10016.523571892223
1695945600000,10017.166223288967
1695949200000,10018.630623288966
1695952800000,10017.233423288966
1695956400000,10013.025023288967
1695960000000,10014.906623288967
1695963600000,10015.486223288966
1695967200000,10015.486223288966
1695970800000,10017.608623288967
1695974400000,10020.752951351282
1695978000000,10016.351351351283
1695981600000,10017.205351351282
1695985200000,10016.720951351283
1695988800000,10015.133351351282
1695992400000,10016.208551351281
1695996000000,10013.495351351283
1695999600000,10012.711351351281
1696003200000,10013.236969292613
1696006800000,10012.730169292612
1696010400000,10010.828969292614
1696014000000,10014.124569292613
1696017600000,10013.987369292612
1696021200000,10013.858569292614
1696024800000,10012.741369292613
1696028400000,10013.046569292614
1696032000000,10013.282527427677
1696035600000,10014.548127427675
1696039200000,10013.075327427676
1696042800000,10013.710927427675
1696046400000,10013.898527427677
1696050000000,10014.178527427675
1696053600000,10014.391327427677
1696057200000,10014.052527427677
1696060800000,10014.296078776099
1696064400000,10014.2876787761
1696068000000,10015.152878776098
1696071600000,10015.623278776098
1696075200000,10014.486478776098
1696078800000,10014.1812787761
1696082400000,10015.900478776099
1696086000000,10016.2056787761
1696089600000,10016.0905556687
1696093200000,10016.625355668699
1696096800000,10016.7597556687
1696100400000,10016.4125556687
1696104000000,10016.964155668698
1696107600000,10018.1905556687
1696111200000,10015.785355668699
1696114800000,10016.454555668699
1696118400000,10015.15592952436
1696122000000,10016.14992952436
1696125600000,10016.87512952436
1696129200000,10017.00392952436
1696132800000,10017.46032952436
1696136400000,10017.53872952436
1696140000000,10018.41232952436
1696143600000,10019.89072952436
1696147200000,10019.486625578344
1696150800000,10020.200625578344
1696154400000,10022.491025578343
1696158000000,10021.833025578344
1696161600000,10021.441025578344
1696165200000,10021.575425578343
1696168800000,10021.513825578344
1696172400000,10019.814225578344
1696176000000,10020.2794212381
1696179600000,10019.3442212381
1696183200000,10018.0310212381
1696186800000,10018.736621238098
1696190400000,10019.1006212381
1696194000000,10019.251821238098
1696197600000,10021.505821238099
1696201200000,10043.709821238099
1696204800000,10044.047738361896
1696208400000,10042.412538361896
1696212000000,10042.048538361896
1696215600000,10043.994538361896
1696219200000,10047.665338361896
1696222800000,10045.884538361895
1696226400000,10043.451338361896
1696230000000,10047.390938361896
1696233600000,10052.063969689896
1696237200000,10052.122769689897
1696240800000,10052.170369689897
1696244400000,10053.382769689897
1696248000000,10050.022769689896
1696251600000,10053.307169689897
1696255200000,10057.101169689897
1696258800000,10052.520369689897
1696262400000,10045.159560990933
1696266000000,10044.994360990931
1696269600000,10045.461960990931
1696273200000,10036.711960990931
1696276800000,10042.754360990932
1696280400000,10039.408360990932
1696284000000,10028.569560990933
1696287600000,10031.655160990933
1696291200000,10030.321057851443
1696294800000,10027.728257851444
1696298400000,10031.712657851444
1696302000000,10031.942257851444
1696305600000,10033.107057851443
1696309200000,10033.790257851444
1696312800000,10032.241857851443
1696316400000,10034.042257851443
1696320000000,10031.585008882164
1696323600000,10033.074608882163
1696327200000,10031.666208882163
1696330800000,10033.811008882163
1696334400000,10031.884608882163
1696338000000,10029.459808882164
1696341600000,10030.190608882163
1696345200000,10026.603808882164
1696348800000,10023.228486634658
1696352400000,10022.248486634657
1696356000000,10021.470486634658
1696359600000,10022.650486634657
1696363200000,10022.290486634658
1696366800000,10021.366486634657
1696370400000,10021.934486634658
1696374000000,10021.018486634657
1696377600000,10021.309790093905
1696381200000,10025.885790093906
1696384800000,10024.885790093906
1696388400000,10024.259790093905
1696392000000,10024.515790093905
1696395600000,10025.099790093906
1696399200000,10024.621790093905
1696402800000,10024.191790093906
1696406400000,10023.864217021666
1696410000000,10023.612217021666
1696413600000,10022.536217021665
1696417200000,10023.614217021666
1696420800000,10023.318217021666
1696424400000,10023.528217021665
1696428000000,10025.904217021665
1696431600000,10026.298217021666
1696435200000,10026.354761597706
1696438800000,10025.228761597706
1696442400000,10024.822761597705
1696446000000,10023.642761597705
1696449600000,10023.742275815404
1696453200000,10024.705475815404
1696456800000,10025.028675815403
1696460400000,10025.328475815404
1696464000000,10026.001700796618
1696467600000,10025.56450079662
1696471200000,10025.070700796618
1696474800000,10024.770300796617
1696478400000,10024.679300796619
1696482000000,10024.738900796618
1696485600000,10024.777500796617
1696489200000,10025.518300796619
1696492800000,10025.12508254679
1696496400000,10025.472082546792
1696500000000,10025.97408254679
1696503600000,10026.393282546791
1696507200000,10027.125682546792
1696510800000,10027.728882546791
1696514400000,10030.544082546792
1696518000000,10030.287282546791
1696521600000,10028.024396947305
1696525200000,10026.686796947306
1696528800000,10026.913796947305
1696532400000,10026.810796947306
1696536000000,10026.642796947306
1696539600000,10026.587996947304
1696543200000,10026.555396947306
1696546800000,10026.038796947305
1696550400000,10026.490072038385
1696554000000,10026.266072038386
1696557600000,10026.322672038386
1696561200000,10026.607072038385
1696564800000,10026.622672038386
1696568400000,10026.312472038386
1696572000000,10026.414072038386
1696575600000,10025.843272038384
1696579200000,10026.719158753065
1696582800000,10025.883558753067
1696586400000,10026.895758753066
1696590000000,10027.356158753066
1696593600000,10028.074758753066
1696597200000,10022.584958753067
1696600800000,10024.857558753067
1696604400000,10026.376158753066
1696608000000,10029.789782281101
1696611600000,10029.481182281103
1696615200000,10029.287982281101
1696618800000,10028.347382281101
1696622400000,10029.3813822811
1696626000000,10029.9269822811
1696629600000,10029.856582281102
1696633200000,10029.712182281102
1696636800000,10029.242159319501
1696640400000,10029.146759319501
1696644000000,10029.156959319502
1696647600000,10029.120359319502
1696651200000,10029.533559319501
1696654800000,10029.859159319501
1696658400000,10029.641759319502
1696662000000,10030.020159319502
1696665600000,10030.210686819886
1696669200000,10031.361486819886
1696672800000,10031.053486819887
1696676400000,10030.627486819885
1696680000000,10030.815286819887
1696683600000,10030.768886819886
1696687200000,10029.940086819886
1696690800000,10030.282686819886
1696694400000,10030.814057452066
1696698000000,10031.042457452068
1696701600000,10031.012657452065
1696705200000,10030.766057452067
1696708800000,10030.799057452066
1696712400000,10031.366257452068
1696716000000,10031.648057452066
1696719600000,10031.622657452066
1696723200000,10032.030431952375
1696726800000,10031.562031952375
1696730400000,10031.870631952375
1696734000000,10032.198031952375
1696737600000,10032.845631952374
1696741200000,10031.582231952374
1696744800000,10032.595631952374
1696748400000,10032.001831952375
1696752000000,10032.196249307053
1696755600000,10032.359849307051
1696759200000,10032.436849307052
1696762800000,10032.495049307052
1696766400000,10032.595649307052
1696770000000,10031.976449307052
1696773600000,10032.394449307052
1696777200000,10031.648449307053
1696780800000,10031.401267247642
1696784400000,10031.447867247642
1696788000000,10030.921667247643
1696791600000,10030.069867247643
1696795200000,10030.519867247642
1696798800000,10030.687267247644
1696802400000,10031.610667247642
1696806000000,10031.837067247641
1696809600000,10031.486459342312
1696813200000,10030.95525934231
1696816800000,10032.71205934231
1696820400000,10032.20785934231
1696824000000,10031.54705934231
1696827600000,10031.83285934231
1696831200000,10031.38325934231
1696834800000,10032.094059342311
1696838400000,10032.219361089881
1696842000000,10032.21756108988
1696845600000,10032.65256108988
1696849200000,10032.042561089882
1696852800000,10031.465750273874
1696856400000,10031.671750273874
1696860000000,10030.357750273874
1696863600000,10031.173750273874
1696867200000,10032.058229181974
1696870800000,10035.704229181974
1696874400000,10033.146229181973
1696878000000,10033.940229181973
1696881600000,10032.930229181973
1696885200000,10033.802229181974
1696888800000,10033.440229181973
1696892400000,10033.688229181973
1696896000000,10033.372028415013
1696899600000,10033.664028415013
1696903200000,10033.326028415013
1696906800000,10031.502028415014
1696910400000,10032.410028415014
1696914000000,10032.484028415014
1696917600000,10032.056028415012
1696921200000,10031.130028415013
1696924800000,10031.154186210057
1696928400000,10031.518186210056
1696932000000,10031.410186210056
1696935600000,10032.126186210056
1696939200000,10033.602186210055
1696942800000,10034.244186210057
1696946400000,10034.228186210055
1696950000000,10034.768186210056
1696953600000,10035.893461211097
1696957200000,10036.189461211097
1696960800000,10036.869461211096
1696964400000,10036.279461211097
1696968000000,10036.221461211097
1696971600000,10037.045461211097
1696975200000,10036.291461211096
1696978800000,10035.731461211097
1696982400000,10035.852534152556
1696986000000,10034.526534152557
1696989600000,10034.588534152557
1696993200000,10037.558534152557
1696996800000,10037.300534152557
1697000400000,10037.378534152556
1697004000000,10037.850534152556
1697007600000,10038.014534152557
1697011200000,10037.985316544256
1697014800000,10036.475316544256
1697018400000,10034.103316544257
1697022000000,10034.033316544257
1697025600000,10034.921316544256
1697029200000,10034.863316544257
1697032800000,10034.595316544257
1697036400000,10035.153316544256
1697040000000,10037.366047495983
1697043600000,10038.836047495985
1697047200000,10038.576047495984
1697050800000,10037.750047495983
1697054400000,10036.760047495984
1697058000000,10036.640047495983
1697061600000,10036.222047495983
1697065200000,10036.090047495984
1697068800000,10036.312657813705
1697072400000,10037.124657813705
1697076000000,10037.498657813705
1697079600000,10036.254657813704
1697083200000,10037.090657813704
1697086800000,10037.178657813705
1697090400000,10036.546657813704
1697094000000,10036.888657813704
1697097600000,10037.265043296904
1697101200000,10037.943043296904
1697104800000,10040.827043296904
1697108400000,10039.929043296903
1697112000000,10038.853043296904
1697115600000,10039.577043296904
1697119200000,10040.051043296904
1697122800000,10040.625043296903
1697126400000,10041.186961911944
1697130000000,10043.878961911945
1697133600000,10043.598961911945
1697137200000,10043.284961911944
1697140800000,10043.224961911945
1697144400000,10042.190961911945
1697148000000,10041.726961911945
1697151600000,10041.518961911945
1697155200000,10041.484319954878
1697158800000,10040.460319954878
1697162400000,10040.696319954877
1697166000000,10040.780319954878
1697169600000,10041.628319954878
1697173200000,10040.994319954878
1697176800000,10041.206319954877
1697180400000,10041.374319954877
1697184000000,10039.489087206344
1697187600000,10039.921087206343
1697191200000,10040.599087206343
1697194800000,10040.399087206344
1697198400000,10040.121087206344
1697202000000,10038.871087206344
1697205600000,10039.781087206344
1697209200000,10041.191087206344
1697212800000,10041.551376181756
1697216400000,10039.861376181756
1697220000000,10040.483376181755
1697223600000,10040.853376181756
1697227200000,10040.369376181756
1697230800000,10037.357376181755
1697234400000,10037.273376181756
1697238000000,10039.621376181756
1697241600000,10039.102690335276
1697245200000,10038.898690335276
1697248800000,10038.374690335277
1697252400000,10038.546690335277
1697256000000,10038.660690335277
1697259600000,10039.012690335276
1697263200000,10039.450690335276
1697266800000,10040.206690335277
1697270400000,10039.766308600716
1697274000000,10039.902308600716
1697277600000,10039.896308600715
1697281200000,10039.760308600717
1697284800000,10039.952308600716
1697288400000,10039.276308600716
1697292000000,10039.068308600716
1697295600000,10039.508308600716
1697299200000,10037.763892037394
1697302800000,10037.308892037394
1697306400000,10036.254892037394
1697310000000,10035.586392037394
1697313600000,10035.090392037395
1697317200000,10034.823392037393
1697320800000,10033.691392037395
1697324400000,10034.507892037394
1697328000000,10034.93708374835
1697331600000,10035.354083748349
1697335200000,10036.069083748349
1697338800000,10035.907083748349
1697342400000,10036.184083748349
1697346000000,10036.17958374835
1697349600000,10036.22308374835
1697353200000,10036.238583748349
1697356800000,10036.09704543845
1697360400000,10036.19704543845
1697364000000,10036.11654543845
1697367600000,10035.702545438451
1697371200000,10034.82204543845
1697374800000,10034.75554543845
1697378400000,10036.05054543845
1697382000000,10036.10654543845
1697385600000,10036.867022997527
1697389200000,10037.363022997526
1697392800000,10038.988022997526
1697396400000,10040.416522997526
1697400000000,10040.167022997528
1697403600000,10045.446522997529
1697407200000,10045.698522997527
1697410800000,10043.180522997527
1697414400000,10044.240802105136
1697418000000,10045.096802105136
1697421600000,10045.035302105134
1697425200000,10045.431802105135
1697428800000,10046.860802105135
1697432400000,10047.555802105137
1697436000000,10069.339354246678
1697439600000,10064.358854246677
1697443200000,10066.224081493077
1697446800000,10064.225581493078
1697450400000,10062.710081493078
1697454000000,10062.892081493079
1697457600000,10062.195581493079
1697461200000,10066.206581493077
1697464800000,10073.196081493079
1697468400000,10078.001581493078
1697472000000,10073.91338802148
1697475600000,10074.66238802148
1697479200000,10080.34988802148
1697482800000,10089.92938802148
1697486400000,10087.86788802148
1697490000000,10084.497388021478
1697493600000,10086.19138802148
1697497200000,10088.882888021479
1697500800000,10088.891354092519
1697504400000,10080.575354092518
1697508000000,10081.964854092519
1697511600000,10083.725354092518
1697515200000,10079.92085409252
1697518800000,10077.068354092518
1697522400000,10078.629354092518
1697526000000,10078.352854092518
1697529600000,10085.723009544374
1697533200000,10086.398509544373
1697536800000,10086.255009544373
1697540400000,10089.097009544374
1697544000000,10086.031009544375
1697547600000,10079.640009544373
1697551200000,10081.677009544374
1697554800000,10086.566509544375
1697558400000,10086.761020698907
1697562000000,10092.116020698908
1697565600000,10086.236020698907
1697569200000,10084.213020698908
1697572800000,10088.511020698907
1697576400000,10086.239520698908
1697580000000,10087.191520698907
1697583600000,10085.508020698908
1697587200000,10084.746729755907
1697590800000,10083.966229755906
1697594400000,10083.353729755907
1697598000000,10087.410229755906
1697601600000,10088.600229755906
1697605200000,10096.212729755905
1697608800000,10094.532729755907
1697612400000,10093.479229755907
1697616000000,10087.894853014466
1697619600000,10090.211853014467
1697623200000,10081.629853014467
1697626800000,10083.656353014467
1697630400000,10083.477853014467
1697634000000,10081.766353014467
1697637600000,10081.304353014468
1697641200000,10078.108853014468
1697644800000,10079.454106422847
1697648400000,10082.856106422847
1697652000000,10082.380106422846
1697655600000,10081.099106422847
1697659200000,10078.635106422847
1697662800000,10079.503106422848
1697666400000,10079.779606422848
1697670000000,10083.346106422847
1697673600000,10081.480291317426
1697677200000,10084.651291317427
1697680800000,10079.359291317427
1697684400000,10077.980291317426
1697688000000,10079.754791317426
1697691600000,10080.451291317426
1697695200000,10081.847791317427
1697698800000,10081.123291317426
1697702400000,10082.308975728387
1697706000000,10081.909975728388
1697709600000,10085.073975728386
1697713200000,10087.429475728388
1697716800000,10086.921975728386
1697720400000,10086.666475728387
1697724000000,10087.054975728388
1697727600000,10096.641475728387
1697731200000,10095.015882165237
1697734800000,10092.247382165237
1697738400000,10090.112382165236
1697742000000,10093.990382165237
1697745600000,10096.818382165236
1697749200000,10095.474382165237
1697752800000,10092.653382165237
1697756400000,10093.587882165237
1697760000000,10096.110011471474
1697763600000,10093.362511471474
1697767200000,10093.740511471475
1697770800000,10105.938011471473
1697774400000,10114.21124578553
1697778000000,10118.78972578553
1697781600000,10114.524635785529
1697785200000,10116.781065785528
1697788800000,10115.547933668731
1697792400000,10120.272743668731
1697796000000,10120.874973668731
1697799600000,10123.284983668731
1697803200000,10124.82730366873
1697806800000,10115.95881366873
1697810400000,10120.162713668731
1697814000000,10117.77696366873
1697817600000,10117.46981219902
1697821200000,10115.878152199019
1697824800000,10114.78924219902
1697828400000,10114.677312199019
1697832000000,10116.63689219902
1697835600000,10119.388502199019
1697839200000,10118.61016219902
1697842800000,10120.54467219902
1697846400000,10122.266036042467
1697850000000,10121.080016042466
1697853600000,10120.422626042468
1697857200000,10119.450756042466
1697860800000,10122.604586042466
1697864400000,10120.155366042467
1697868000000,10121.000306042466
1697871600000,10123.063336042465
1697875200000,10122.176830794091
1697878800000,10120.95672079409
1697882400000,10127.574880794089
1697886000000,10125.249330794091
1697889600000,10125.17059079409
1697893200000,10125.38654079409
1697896800000,10122.00477079409
1697900400000,10123.05623079409
1697904000000,10122.218608777162
1697907600000,10121.894438777163
1697911200000,10126.90763877716
1697914800000,10128.547788777163
1697918400000,10126.036438777162
1697922000000,10123.672438777163
1697925600000,10122.939048777162
1697929200000,10122.298298777163
1697932800000,10120.474426972689
1697936400000,10120.827716972688
1697940000000,10119.878116972688
1697943600000,10120.26349697269
1697947200000,10120.21829697269
1697950800000,10120.11244697269
1697954400000,10120.137203506656
1697958000000,10118.999703506657
1697961600000,10109.22880360885
1697965200000,10110.625303608851
1697968800000,10112.39630360885
1697972400000,10112.96330360885
1697976000000,10113.36930360885
1697979600000,10112.76730360885
1697983200000,10114.80430360885
1697986800000,10112.08130360885
1697990400000,10110.085297478025
1697994000000,10112.108297478026
1697997600000,10113.896797478024
1698001200000,10112.524797478025
1698004800000,10111.201797478025
1698008400000,10111.117797478026
1698012000000,10107.589797478026
1698015600000,10116.840297478026
1698019200000,10115.805225896775
1698022800000,10120.705225896774
1698026400000,10128.212725896774
1698030000000,10129.427225896774
1698033600000,10145.527225896774
1698037200000,10138.908725896774
1698040800000,10144.193725896774
1698044400000,10139.832725896775
1698048000000,10135.631832507775
1698051600000,10139.579832507776
1698055200000,10132.929832507776
1698058800000,10135.687832507776
1698062400000,10138.876332507776
1698066000000,10139.733832507776
1698069600000,10137.546332507776
1698073200000,10142.978332507775
1698076800000,10147.255331985574
1698080400000,10157.800831985574
1698084000000,10151.647831985574
1698087600000,10158.948831985575
1698091200000,10163.754331985574
1698094800000,10169.977331985574
1698098400000,10173.176331985575
1698102000000,10242.602331985576
1698105600000,10225.20357100824
1698109200000,10239.03557100824
1698112800000,10263.82607100824
1698116400000,10276.03407100824
1698120000000,10261.60007100824
1698123600000,10271.69757100824
1698127200000,10255.61857100824
1698130800000,10257.039571008241
1698134400000,10256.080485996694
1698138000000,10260.490485996694
1698141600000,10268.666485996693
1698145200000,10271.844485996693
1698148800000,10274.976985996693
1698152400000,10275.550985996693
1698156000000,10272.519985996692
1698159600000,10269.313985996692
1698163200000,10246.638655323322
1698166800000,10256.151655323321
1698170400000,10248.318655323323
1698174000000,10250.278655323322
1698177600000,10249.876155323322
1698181200000,10242.613655323323
1698184800000,10255.385155323322
1698188400000,10259.991155323321
1698192000000,10253.565431123323
1698195600000,10256.925431123324
1698199200000,10263.781931123323
1698202800000,10256.809931123322
1698206400000,10256.816931123323
1698210000000,10261.429931123323
1698213600000,10256.673431123323
1698217200000,10261.163931123323
1698220800000,10252.309433789616
1698224400000,10252.459933789616
1698228000000,10259.512433789618
1698231600000,10263.729933789617
1698235200000,10265.262933789616
1698238800000,10268.804933789617
1698242400000,10272.150933789617
1698246000000,10283.669433789617
1698249600000,10284.177499837655
1698253200000,10274.762499837656
1698256800000,10279.718499837656
1698260400000,10278.573999837656
1698264000000,10282.049499837656
1698267600000,10277.877499837656
1698271200000,10274.307499837656
1698274800000,10276.039999837656
1698278400000,10272.468287425809
1698282000000,10279.17778742581
1698285600000,10279.33178742581
1698289200000,10282.08978742581
1698292800000,10284.154787425809
1698296400000,10279.54178742581
1698300000000,10274.074787425809
1698303600000,10276.986787425809
1698307200000,10278.408987090772
1698310800000,10274.145987090773
1698314400000,10270.635487090773
1698318000000,10266.361987090773
1698321600000,10259.879987090773
1698325200000,10265.864987090772
1698328800000,10262.529487090773
1698332400000,10263.694987090772
1698336000000,10257.212821151998
1698339600000,10248.602821151997
1698343200000,10254.139821151997
1698346800000,10255.392821151998
1698350400000,10257.849821151998
1698354000000,10261.867821151998
1698357600000,10260.411821151998
1698361200000,10264.517321151998
1698364800000,10260.516281801998
1698368400000,10257.716281801997
1698372000000,10249.554281801997
1698375600000,10259.119781801997
1698379200000,10259.830281801997
1698382800000,10257.996281801998
1698386400000,10258.692781801998
1698390000000,10264.023281801998
1698393600000,10254.450951564806
1698397200000,10258.867951564805
1698400800000,10261.597951564805
1698404400000,10258.605451564805
1698408000000,10257.544951564805
1698411600000,10259.889951564805
1698415200000,10261.524451564805
1698418800000,10251.486451564806
1698422400000,10254.65042661703
1698426000000,10251.68592661703
1698429600000,10241.96292661703
1698433200000,10241.43792661703
1698436800000,10245.27042661703
1698440400000,10249.33742661703
1698444000000,10249.80292661703
1698447600000,10248.74942661703
1698451200000,10251.68630356703
1698454800000,10251.63030356703
1698458400000,10252.64530356703
1698462000000,10258.28030356703
1698465600000,10257.447303567029
1698469200000,10258.465803567029
1698472800000,10258.17530356703
1698476400000,10257.849803567029
1698480000000,10257.426123811201
1698483600000,10258.623123811201
1698487200000,10258.826123811203
1698490800000,10259.067623811203
1698494400000,10261.776623811202
1698498000000,10254.521123811202
1698501600000,10259.358123811202
1698505200000,10258.735123811202
1698508800000,10261.779427567157
1698512400000,10259.969927567157
1698516000000,10259.084427567157
1698519600000,10261.026927567158
1698523200000,10259.672427567157
1698526800000,10259.731927567158
1698530400000,10261.681427567157
1698534000000,10258.846427567158
1698537600000,10257.495125434916
1698541200000,10257.999125434915
1698544800000,10255.199125434916
1698548400000,10256.056625434916
1698552000000,10253.904125434916
1698555600000,10255.734625434916
1698559200000,10256.301625434917
1698562800000,10258.226625434916
1698566400000,10258.16332862474
1698570000000,10264.942828624738
1698573600000,10262.84282862474
1698577200000,10261.27132862474
1698580800000,10264.694328624739
1698584400000,10270.388828624738
1698588000000,10268.60032862474
1698591600000,10272.74082862474
1698595200000,10270.737218274739
1698598800000,10268.973218274738
1698602400000,10275.189218274738
1698606000000,10277.873718274739
1698609600000,10275.077218274739
1698613200000,10275.385218274738
1698616800000,10271.125718274738
1698620400000,10278.983218274738
1698624000000,10273.794368214982
1698627600000,10270.651368214982
1698631200000,10262.839368214982
1698634800000,10266.153868214982
1698638400000,10263.532368214981
1698642000000,10265.898368214981
1698645600000,10264.001368214982
1698649200000,10265.012868214983
1698652800000,10261.519177413917
1698656400000,10268.781677413917
1698660000000,10274.024677413918
1698663600000,10274.063177413918
1698667200000,10276.268177413918
1698670800000,10274.731677413918
1698674400000,10278.749677413918
1698678000000,10277.374177413918
1698681600000,10277.207351663918
1698685200000,10270.854851663917
1698688800000,10265.261851663918
1698692400000,10265.499851663917
1698696000000,10269.199351663918
1698699600000,10269.153851663918
1698703200000,10272.919851663917
1698706800000,10270.445351663917
1698710400000,10270.863659539802
1698714000000,10273.236659539802
1698717600000,10270.461159539802
1698721200000,10267.227159539802
1698724800000,10261.840659539801
1698728400000,10262.617659539801
1698732000000,10264.087659539802
1698735600000,10262.281659539802
1698739200000,10258.872136417018
1698742800000,10268.213636417018
1698746400000,10268.983636417019
1698750000000,10270.320636417018
1698753600000,10271.570136417018
1698757200000,10265.105636417018
1698760800000,10261.315136417019
1698764400000,10267.37013641702
1698768000000,10263.540129997627
1698771600000,10269.707129997627
1698775200000,10267.733129997629
1698778800000,10271.730129997628
1698782400000,10273.084629997627
1698786000000,10276.735129997627
1698789600000,10271.236629997627
1698793200000,10273.483629997627
1698796800000,10277.275350447628
1698800400000,10272.396350447629
1698804000000,10270.695350447628
1698807600000,10270.348850447628
1698811200000,10268.637350447629
1698814800000,10269.480850447628
1698818400000,10266.635350447628
1698822000000,10268.889350447627
1698825600000,10270.259735197627
1698829200000,10269.374235197629
1698832800000,10271.029735197628
1698836400000,10266.987235197628
1698840000000,10268.793235197629
1698843600000,10280.308235197628
1698847200000,10274.820235197629
1698850800000,10261.086235197628
1698854400000,10264.08469569763
1698858000000,10270.76269569763
1698861600000,10273.037695697629
1698865200000,10275.20069569763
1698868800000,10272.838195697628
1698872400000,10303.113195697628
1698876000000,10304.55869569763
1698879600000,10298.038195697629
1698883200000,10304.80916444763
1698886800000,10304.795164447629
1698890400000,10309.48516444763
1698894000000,10312.089164447629
1698897600000,10309.61116444763
1698901200000,10304.94216444763
1698904800000,10294.17266444763
1698908400000,10296.864164447628
1698912000000,10297.451177421917
1698915600000,10299.418177421918
1698919200000,10301.143677421916
1698922800000,10301.339677421916
1698926400000,10300.958177421917
1698930000000,10300.286177421916
1698933600000,10287.714177421916
1698937200000,10285.677177421918
1698940800000,10276.711428278237
1698944400000,10273.939428278238
1698948000000,10280.099428278238
1698951600000,10281.730428278237
1698955200000,10288.922928278236
1698958800000,10284.201428278237
1698962400000,10284.243428278238
1698966000000,10280.690928278236
1698969600000,10285.423146455505
1698973200000,10271.780146455505
1698976800000,10272.784646455504
1698980400000,10276.662646455505
1698984000000,10277.159646455504
1698987600000,10268.472646455504
1698991200000,10272.084646455505
1698994800000,10268.147146455505
1698998400000,10267.86900476639
1699002000000,10267.59250476639
1699005600000,10260.69050476639
1699009200000,10261.89450476639
1699012800000,10261.71250476639
1699016400000,10267.49450476639
1699020000000,10272.44350476639
1699023600000,10278.94650476639
1699027200000,10279.885341945896
1699030800000,10275.181341945896
1699034400000,10266.480341945895
1699038000000,10271.145841945896
1699041600000,10269.644341945896
1699045200000,10273.784841945895
1699048800000,10273.826841945895
1699052400000,10275.261841945896
1699056000000,10277.366384610988
1699059600000,10276.02238461099
1699063200000,10279.543384610988
1699066800000,10276.12038461099
1699070400000,10277.079384610988
1699074000000,10275.51488461099
1699077600000,10280.63188461099
1699081200000,10279.73588461099
1699084800000,10278.378727760988
1699088400000,10282.603227760988
1699092000000,10278.55372776099
1699095600000,10277.74172776099
1699099200000,10277.013727760988
1699102800000,10278.781227760988
1699106400000,10276.908727760989
1699110000000,10278.329727760989
1699113600000,10277.333244023454
1699117200000,10276.682244023454
1699120800000,10279.345744023452
1699124400000,10279.531244023454
1699128000000,10277.627244023453
1699131600000,10278.722744023453
1699135200000,10280.525244023453
1699138800000,10292.068244023452
1699142400000,10290.11149813078
1699146000000,10287.01749813078
1699149600000,10290.18849813078
1699153200000,10289.05799813078
1699156800000,10297.944498130779
1699160400000,10292.935998130779
1699164000000,10292.95699813078
1699167600000,10290.30399813078
1699171200000,10292.99138423078
1699174800000,10288.88588423078
1699178400000,10291.09438423078
1699182000000,10292.410384230781
1699185600000,10291.16438423078
1699189200000,10290.534384230781
1699192800000,10282.480884230781
1699196400000,10283.77938423078
1699200000000,10283.15675558078
1699203600000,10286.02675558078
1699207200000,10289.85225558078
1699210800000,10288.76725558078
1699214400000,10288.02875558078
1699218000000,10288.29125558078
1699221600000,10275.84875558078
1699225200000,10290.618755580781
1699228800000,10287.19565085408
1699232400000,10289.82065085408
1699236000000,10283.968650854082
1699239600000,10284.280150854082
1699243200000,10286.950650854082
1699246800000,10283.16715085408
1699250400000,10281.24915085408
1699254000000,10282.344650854082
1699257600000,10283.727436104082
1699261200000,10286.177436104083
1699264800000,10291.248936104083
1699268400000,10293.114436104082
1699272000000,10295.077936104082
1699275600000,10294.724436104081
1699279200000,10288.508436104083
1699282800000,10293.544936104081
1699286400000,10289.694642239838
1699290000000,10286.110642239837
1699293600000,10286.758142239838
1699297200000,10285.641642239838
1699300800000,10289.208142239837
1699304400000,10287.535142239838
1699308000000,10287.867642239838
1699311600000,10291.276642239838
1699315200000,10288.941949392785
1699318800000,10284.122449392786
1699322400000,10284.811949392786
1699326000000,10280.237449392785
1699329600000,10284.244949392787
1699333200000,10283.313949392787
1699336800000,10284.020949392787
1699340400000,10285.578449392786
1699344000000,10284.861134192786
1699347600000,10283.314134192786
1699351200000,10277.549634192786
1699354800000,10273.489634192785
1699358400000,10274.438134192786
1699362000000,10278.267134192785
1699365600000,10278.022134192786
1699369200000,10280.731134192785
1699372800000,10276.448089930429
1699376400000,10274.88008993043
1699380000000,10281.83808993043
1699383600000,10302.05758993043
1699387200000,10304.19258993043
1699390800000,10308.24558993043
1699394400000,10302.27108993043
1699398000000,10295.47058993043
1699401600000,10300.77866403043
1699405200000,10299.788164030431
1699408800000,10299.90716403043
1699412400000,10297.81066403043
1699416000000,10296.06766403043
1699419600000,10299.52216403043
1699423200000,10295.42716403043
1699426800000,10296.16566403043
1699430400000,10294.13832543043
1699434000000,10297.42132543043
1699437600000,10296.73532543043
1699441200000,10300.90382543043
1699444800000,10298.33482543043
1699448400000,10299.96582543043
1699452000000,10301.67732543043
1699455600000,10297.00832543043
1699459200000,10293.647515880431
1699462800000,10300.59501588043
1699466400000,10296.67151588043
1699470000000,10307.66851588043
1699473600000,10308.736015880431
1699477200000,10308.14101588043
1699480800000,10307.395515880431
1699484400000,10313.664015880431
1699488000000,10305.96530987101
1699491600000,10317.14780987101
1699495200000,10317.70780987101
1699498800000,10333.38430987101
1699502400000,10337.50380987101
1699506000000,10346.30280987101
1699509600000,10342.17280987101
1699513200000,10347.38080987101
1699516800000,10340.69387787101
1699520400000,10344.841377871011
1699524000000,10349.96887787101
1699527600000,10347.79537787101
1699531200000,10348.74737787101
1699534800000,10351.91137787101
1699538400000,10364.40287787101
1699542000000,10390.46387787101
1699545600000,10362.97358293468
1699549200000,10334.669082934679
1699552800000,10341.987582934678
1699556400000,10334.35758293468
1699560000000,10333.479082934678
1699563600000,10340.731082934679
1699567200000,10340.22358293468
1699570800000,10339.754582934678
1699574400000,10344.417585336458
1699578000000,10337.879585336457
1699581600000,10344.309085336457
1699585200000,10351.071085336456
1699588800000,10346.489585336456
1699592400000,10347.914085336457
1699596000000,10347.399585336458
1699599600000,10342.856585336456
1699603200000,10338.122440719562
1699606800000,10339.021940719562
1699610400000,10340.673940719562
1699614000000,10347.428940719563
1699617600000,10358.096940719563
1699621200000,10361.988940719562
1699624800000,10356.623440719562
1699628400000,10358.824940719562
1699632000000,10359.241116969562
1699635600000,10368.019116969563
1699639200000,10362.765616969562
1699642800000,10363.679116969563
1699646400000,10364.176116969562
1699650000000,10363.500616969563
1699653600000,10365.863116969562
1699657200000,10369.429616969563
1699660800000,10365.644975297768
1699664400000,10366.841975297768
1699668000000,10358.403475297768
1699671600000,10360.016975297769
1699675200000,10357.451475297768
1699678800000,10357.276475297767
1699682400000,10358.497975297769
1699686000000,10359.120975297768
1699689600000,10356.676237949288
1699693200000,10354.817737949288
1699696800000,10356.273737949288
1699700400000,10355.486237949288
1699704000000,10355.066237949288
1699707600000,10358.898737949288
1699711200000,10360.557737949288
1699714800000,10363.133737949287
1699718400000,10358.169687473288
1699722000000,10359.734187473288
1699725600000,10359.006187473287
1699729200000,10359.146187473289
1699732800000,10360.731687473288
1699736400000,10355.303187473288
1699740000000,10354.116687473288
1699743600000,10350.788187473288
1699747200000,10360.569494092288
1699750800000,10352.057494092287
1699754400000,10353.180994092287
1699758000000,10351.462494092288
1699761600000,10354.685994092288
1699765200000,10354.993994092287
1699768800000,10358.640994092288
1699772400000,10360.775994092288
1699776000000,10359.630570670943
1699779600000,10358.521070670942
1699783200000,10357.600570670942
1699786800000,10358.353070670943
1699790400000,10357.173570670942
1699794000000,10354.667570670943
1699797600000,10357.562070670941
1699801200000,10360.838070670943
1699804800000,10360.399859994437
1699808400000,10358.254359994437
1699812000000,10357.711859994437
1699815600000,10360.000859994438
1699819200000,10357.988359994437
1699822800000,10359.654359994436
1699826400000,10360.770859994436
1699830000000,10361.348359994437
1699833600000,10356.70593409446
1699837200000,10357.615934094461
1699840800000,10361.329434094461
1699844400000,10358.86193409446
1699848000000,10351.44193409446
1699851600000,10351.249434094461
1699855200000,10350.52143409446
1699858800000,10352.981934094461
1699862400000,10352.82693684534
1699866000000,10354.39843684534
1699869600000,10353.67393684534
1699873200000,10352.99493684534
1699876800000,10347.090436845341
1699880400000,10352.18993684534
1699884000000,10348.553436845341
1699887600000,10348.41343684534
1699891200000,10349.009999572525
1699894800000,10348.799999572524
1699898400000,10343.196499572525
1699902000000,10345.016499572524
1699905600000,10348.498999572525
1699909200000,10345.733999572525
1699912800000,10336.773999572524
1699916400000,10335.611999572526
1699920000000,10334.228040457981
1699923600000,10327.949040457981
1699927200000,10330.371040457982
1699930800000,10333.734540457981
1699934400000,10334.01804045798
1699938000000,10336.62554045798
1699941600000,10340.262040457981
1699945200000,10341.469540457982
1699948800000,10342.242746850996
1699952400000,10343.901746850997
1699956000000,10335.130746850997
1699959600000,10335.428246850997
1699963200000,10329.107246850997
1699966800000,10331.210746850997
1699970400000,10334.791246850997
1699974000000,10339.320246850997
1699977600000,10320.16078132675
1699981200000,10320.16078132675
1699984800000,10320.16078132675
1699988400000,10320.16078132675
1699992000000,10320.16078132675
1699995600000,10320.16078132675
1699999200000,10320.16078132675
1700002800000,10320.16078132675
1700006400000,10320.16078132675
1700010000000,10320.16078132675
1700013600000,10320.16078132675
1700017200000,10320.16078132675
1700020800000,10320.16078132675
1700024400000,10320.16078132675
1700028000000,10320.16078132675
1700031600000,10320.16078132675
1700035200000,10320.16078132675
1700038800000,10320.16078132675
1700042400000,10320.16078132675
1700046000000,10320.16078132675
1700049600000,10320.16078132675
1700053200000,10320.16078132675
1700056800000,10320.16078132675
1700060400000,10320.16078132675
1700064000000,10320.16078132675
1700067600000,10320.16078132675
1700071200000,10320.16078132675
1700074800000,10320.16078132675
1700078400000,10320.16078132675
1700082000000,10320.16078132675
1700085600000,10320.16078132675
1700089200000,10320.16078132675
1700092800000,10320.16078132675
1700096400000,10320.16078132675
1700100000000,10320.16078132675
1700103600000,10320.16078132675
1700107200000,10320.16078132675
1700110800000,10320.16078132675
1700114400000,10320.16078132675
1700118000000,10320.16078132675
1700121600000,10320.16078132675
1700125200000,10320.16078132675
1700128800000,10320.16078132675
1700132400000,10320.16078132675
1700136000000,10320.16078132675
1700139600000,10320.16078132675
1700143200000,10320.16078132675
1700146800000,10320.16078132675
1700150400000,10320.16078132675
1700154000000,10320.16078132675
1700157600000,10320.16078132675
1700161200000,10320.16078132675
1700164800000,10320.16078132675
1700168400000,10320.16078132675
1700172000000,10320.16078132675
1700175600000,10320.16078132675
1700179200000,10320.16078132675
1700182800000,10320.16078132675
1700186400000,10320.16078132675
1700190000000,10320.16078132675
1700193600000,10320.16078132675
1700197200000,10320.16078132675
1700200800000,10320.16078132675
1700204400000,10320.16078132675
1700208000000,10320.16078132675
1700211600000,10320.16078132675
1700215200000,10320.16078132675
1700218800000,10320.16078132675
1700222400000,10320.16078132675
1700226000000,10320.16078132675
1700229600000,10320.16078132675
1700233200000,10320.16078132675
1700236800000,10320.16078132675
1700240400000,10320.16078132675
1700244000000,10320.16078132675
1700247600000,10320.16078132675
1700251200000,10320.16078132675
1700254800000,10320.16078132675
1700258400000,10320.16078132675
1700262000000,10320.16078132675
1700265600000,10320.16078132675
1700269200000,10320.16078132675
1700272800000,10320.16078132675
1700276400000,10320.16078132675
1700280000000,10320.16078132675
1700283600000,10320.16078132675
1700287200000,10320.16078132675
1700290800000,10320.16078132675
1700294400000,10320.16078132675
1700298000000,10320.16078132675
1700301600000,10320.16078132675
1700305200000,10320.16078132675
1700308800000,10320.16078132675
1700312400000,10320.16078132675
1700316000000,10320.16078132675
1700319600000,10320.16078132675
1700323200000,10320.16078132675
1700326800000,10320.16078132675
1700330400000,10320.16078132675
1700334000000,10320.16078132675
1700337600000,10320.16078132675
1700341200000,10320.16078132675
1700344800000,10320.16078132675
1700348400000,10320.16078132675
1700352000000,10320.16078132675
1700355600000,10320.16078132675
1700359200000,10320.16078132675
1700362800000,10320.16078132675
1700366400000,10319.805021241695
1700370000000,10320.041621241695
1700373600000,10319.551621241695
1700377200000,10320.995021241695
1700380800000,10321.08375478652
1700384400000,10321.296554786519
1700388000000,10321.40295478652
1700391600000,10319.92035478652
1700395200000,10318.65615478652
1700398800000,10319.44715478652
1700402400000,10319.39115478652
1700406000000,10318.759754786519
1700409600000,10320.47254964652
1700413200000,10320.04554964652
1700416800000,10321.03254964652
1700420400000,10324.30434964652
1700424000000,10326.40854964652
1700427600000,10325.42014964652
1700431200000,10326.78094964652
1700434800000,10327.02454964652
1700438400000,10331.754629065394
1700442000000,10330.550629065394
1700445600000,10330.533829065393
1700449200000,10330.953829065393
1700452800000,10328.359629065393
1700456400000,10329.408229065393
1700460000000,10328.418429065394
1700463600000,10329.202429065394
1700467200000,10329.767669405393
1700470800000,10328.308869405395
1700474400000,10329.305669405394
1700478000000,10330.583869405395
1700481600000,10328.399869405393
1700485200000,10328.213669405395
1700488800000,10327.961669405395
1700492400000,10331.603069405393
1700496000000,10333.675797395428
1700499600000,10330.05399739543
1700503200000,10334.659997395429
1700506800000,10333.810197395429
1700510400000,10334.33379739543
1700514000000,10333.560997395429
1700517600000,10332.54879739543
1700521200000,10333.25019739543
1700524800000,10332.742745723914
1700528400000,10332.020345723915
1700532000000,10334.879145723915
1700535600000,10332.844945723915
1700539200000,10333.120745723914
1700542800000,10331.853745723914
1700546400000,10331.365145723914
1700550000000,10331.541545723914
1700553600000,10330.355338375106
1700557200000,10332.054938375106
1700560800000,10330.699738375106
1700564400000,10331.451538375106
1700568000000,10328.869938375106
1700571600000,10328.946938375106
1700575200000,10326.426938375107
1700578800000,10320.650538375106
1700582400000,10325.675168031545
1700586000000,10328.686568031544
1700589600000,10324.067968031544
1700593200000,10324.881368031545
1700596800000,10325.743768031545
1700600400000,10324.835168031545
1700604000000,10323.495368031545
1700607600000,10316.885968031545
1700611200000,10314.081241366166
1700614800000,10314.081241366166
1700618400000,10314.081241366166
1700622000000,10314.081241366166
1700625600000,10314.081241366166
1700629200000,10314.081241366166
1700632800000,10314.081241366166
1700636400000,10314.081241366166
1700640000000,10314.081241366166
1700643600000,10314.081241366166
1700647200000,10314.081241366166
1700650800000,10314.081241366166
1700654400000,10314.081241366166
1700658000000,10314.081241366166
1700661600000,10314.081241366166
1700665200000,10314.081241366166
1700668800000,10314.081241366166
1700672400000,10314.081241366166
1700676000000,10314.081241366166
1700679600000,10314.081241366166
1700683200000,10314.081241366166
1700686800000,10314.081241366166
1700690400000,10314.081241366166
1700694000000,10314.081241366166
1700697600000,10314.081241366166
1700701200000,10314.081241366166
1700704800000,10314.081241366166
1700708400000,10314.081241366166
1700712000000,10314.081241366166
1700715600000,10314.081241366166
1700719200000,10314.081241366166
1700722800000,10314.081241366166
1700726400000,10314.081241366166
1700730000000,10314.081241366166
1700733600000,10314.081241366166
1700737200000,10314.081241366166
1700740800000,10314.081241366166
1700744400000,10314.081241366166
1700748000000,10314.081241366166
1700751600000,10314.081241366166
1700755200000,10314.081241366166
1700758800000,10314.081241366166
1700762400000,10314.081241366166
1700766000000,10314.081241366166
1700769600000,10314.081241366166
1700773200000,10314.081241366166
1700776800000,10314.081241366166
1700780400000,10314.081241366166
1700784000000,10314.081241366166
1700787600000,10314.081241366166
1700791200000,10314.081241366166
1700794800000,10314.081241366166
1700798400000,10314.081241366166
1700802000000,10314.081241366166
1700805600000,10314.081241366166
1700809200000,10314.081241366166
1700812800000,10314.081241366166
1700816400000,10314.081241366166
1700820000000,10314.081241366166
1700823600000,10314.081241366166
1700827200000,10314.081241366166
1700830800000,10314.081241366166
1700834400000,10314.081241366166
1700838000000,10314.081241366166
1700841600000,10314.081241366166
1700845200000,10314.081241366166
1700848800000,10314.081241366166
1700852400000,10314.081241366166
1700856000000,10314.081241366166
1700859600000,10314.081241366166
1700863200000,10314.081241366166
1700866800000,10314.081241366166
1700870400000,10314.081241366166
1700874000000,10314.081241366166
1700877600000,10314.081241366166
1700881200000,10314.081241366166
1700884800000,10314.081241366166
1700888400000,10314.081241366166
1700892000000,10314.081241366166
1700895600000,10314.081241366166
1700899200000,10314.081241366166
1700902800000,10314.081241366166
1700906400000,10314.081241366166
1700910000000,10314.081241366166
1700913600000,10314.081241366166
1700917200000,10314.081241366166
1700920800000,10314.081241366166
1700924400000,10314.081241366166
1700928000000,10314.081241366166
1700931600000,10314.081241366166
1700935200000,10314.081241366166
1700938800000,10314.081241366166
1700942400000,10314.081241366166
1700946000000,10314.081241366166
1700949600000,10314.081241366166
1700953200000,10314.081241366166
1700956800000,10314.081241366166
1700960400000,10314.081241366166
1700964000000,10314.081241366166
1700967600000,10314.081241366166
1700971200000,10314.081241366166
1700974800000,10314.081241366166
1700978400000,10314.081241366166
1700982000000,10314.081241366166
1700985600000,10314.081241366166
1700989200000,10314.081241366166
1700992800000,10314.081241366166
1700996400000,10314.081241366166
1701000000000,10314.081241366166
1701003600000,10314.081241366166
1701007200000,10314.081241366166
1701010800000,10314.081241366166
1701014400000,10314.081241366166
1701018000000,10314.081241366166
1701021600000,10314.081241366166
1701025200000,10314.081241366166
1701028800000,10314.081241366166
1701032400000,10314.081241366166
1701036000000,10314.081241366166
1701039600000,10314.081241366166
1701043200000,10314.081241366166
1701046800000,10314.081241366166
1701050400000,10314.081241366166
1701054000000,10314.081241366166
1701057600000,10314.081241366166
1701061200000,10314.081241366166
1701064800000,10314.081241366166
1701068400000,10314.081241366166
1701072000000,10314.081241366166
1701075600000,10314.081241366166
1701079200000,10314.081241366166
1701082800000,10314.081241366166
1701086400000,10314.081241366166
1701090000000,10314.081241366166
1701093600000,10314.081241366166
1701097200000,10314.081241366166
1701100800000,10314.081241366166
1701104400000,10314.081241366166
1701108000000,10314.081241366166
1701111600000,10314.081241366166
1701115200000,10314.081241366166
1701118800000,10314.081241366166
1701122400000,10314.081241366166
1701126000000,10314.081241366166
1701129600000,10314.081241366166
1701133200000,10314.081241366166
1701136800000,10314.081241366166
1701140400000,10314.081241366166
1701144000000,10314.081241366166
1701147600000,10314.081241366166
1701151200000,10314.081241366166
1701154800000,10314.081241366166
1701158400000,10314.081241366166
1701162000000,10314.081241366166
1701165600000,10314.081241366166
1701169200000,10314.081241366166
1701172800000,10314.081241366166
1701176400000,10314.081241366166
1701180000000,10314.081241366166
1701183600000,10314.081241366166
1701187200000,10314.081241366166
1701190800000,10314.081241366166
1701194400000,10314.081241366166
1701198000000,10314.081241366166
1701201600000,10314.081241366166
1701205200000,10314.081241366166
1701208800000,10314.081241366166
1701212400000,10314.081241366166
1701216000000,10314.081241366166
1701219600000,10314.081241366166
1701223200000,10314.081241366166
1701226800000,10314.081241366166
1701230400000,10314.081241366166
1701234000000,10314.081241366166
1701237600000,10314.081241366166
1701241200000,10314.081241366166
1701244800000,10314.081241366166
1701248400000,10314.081241366166
1701252000000,10314.081241366166
1701255600000,10314.081241366166
1701259200000,10314.081241366166
1701262800000,10314.081241366166
1701266400000,10314.081241366166
1701270000000,10314.081241366166
1701273600000,10314.081241366166
1701277200000,10314.081241366166
1701280800000,10314.081241366166
1701284400000,10314.081241366166
1701288000000,10314.081241366166
1701291600000,10314.081241366166
1701295200000,10314.081241366166
1701298800000,10314.081241366166
1701302400000,10314.081241366166
1701306000000,10314.081241366166
1701309600000,10314.081241366166
1701313200000,10314.081241366166
1701316800000,10314.081241366166
1701320400000,10314.081241366166
1701324000000,10314.081241366166
1701327600000,10314.081241366166
1701331200000,10314.081241366166
1701334800000,10314.081241366166
1701338400000,10314.081241366166
1701342000000,10314.081241366166
1701345600000,10314.081241366166
1701349200000,10314.081241366166
1701352800000,10314.081241366166
1701356400000,10314.081241366166
1701360000000,10314.081241366166
1701363600000,10314.081241366166
1701367200000,10314.081241366166
1701370800000,10314.081241366166
1701374400000,10314.081241366166
1701378000000,10314.081241366166
1701381600000,10314.081241366166
1701385200000,10314.081241366166
1701388800000,10314.081241366166
1701392400000,10314.081241366166
1701396000000,10314.081241366166
1701399600000,10314.081241366166
1701403200000,10314.081241366166
1701406800000,10314.081241366166
1701410400000,10314.081241366166
1701414000000,10314.081241366166
1701417600000,10314.081241366166
1701421200000,10314.081241366166
1701424800000,10314.081241366166
1701428400000,10314.081241366166
1701432000000,10314.081241366166
1701435600000,10314.081241366166
1701439200000,10314.081241366166
1701442800000,10314.081241366166
1701446400000,10314.081241366166
1701450000000,10314.081241366166
1701453600000,10314.081241366166
1701457200000,10314.081241366166
1701460800000,10314.081241366166
1701464400000,10314.081241366166
1701468000000,10314.081241366166
1701471600000,10314.081241366166
1701475200000,10314.081241366166
1701478800000,10314.081241366166
1701482400000,10314.081241366166
1701486000000,10314.081241366166
1701489600000,10314.081241366166
1701493200000,10314.081241366166
1701496800000,10314.081241366166
1701500400000,10314.081241366166
1701504000000,10314.081241366166
1701507600000,10314.081241366166
1701511200000,10314.081241366166
1701514800000,10314.081241366166
1701518400000,10314.081241366166
1701522000000,10314.081241366166
1701525600000,10314.081241366166
1701529200000,10314.081241366166
1701532800000,10314.081241366166
1701536400000,10314.081241366166
1701540000000,10314.081241366166
1701543600000,10314.081241366166
1701547200000,10314.081241366166
1701550800000,10314.081241366166
1701554400000,10314.081241366166
1701558000000,10314.081241366166
1701561600000,10314.081241366166
1701565200000,10314.081241366166
1701568800000,10314.081241366166
1701572400000,10314.081241366166
1701576000000,10314.081241366166
1701579600000,10314.081241366166
1701583200000,10314.081241366166
1701586800000,10314.081241366166
1701590400000,10314.081241366166
1701594000000,10314.081241366166
1701597600000,10314.081241366166
1701601200000,10314.081241366166
1701604800000,10314.081241366166
1701608400000,10314.081241366166
1701612000000,10314.081241366166
1701615600000,10314.081241366166
1701619200000,10314.081241366166
1701622800000,10314.081241366166
1701626400000,10314.081241366166
1701630000000,10314.081241366166
1701633600000,10314.081241366166
1701637200000,10314.081241366166
1701640800000,10314.081241366166
1701644400000,10314.081241366166
1701648000000,10314.081241366166
1701651600000,10314.081241366166
1701655200000,10314.081241366166
1701658800000,10314.081241366166
1701662400000,10314.081241366166
1701666000000,10314.081241366166
1701669600000,10314.081241366166
1701673200000,10314.081241366166
1701676800000,10314.081241366166
1701680400000,10314.081241366166
1701684000000,10314.081241366166
1701687600000,10314.081241366166
1701691200000,10314.081241366166
1701694800000,10314.081241366166
1701698400000,10314.081241366166
1701702000000,10314.081241366166
1701705600000,10314.081241366166
1701709200000,10314.081241366166
1701712800000,10314.081241366166
1701716400000,10314.081241366166
1701720000000,10314.081241366166
1701723600000,10314.081241366166
1701727200000,10314.081241366166
1701730800000,10314.081241366166
1701734400000,10314.081241366166
1701738000000,10314.081241366166
1701741600000,10314.081241366166
1701745200000,10314.081241366166
1701748800000,10313.830535756395
1701752400000,10313.111535756394
1701756000000,10314.548535756394
1701759600000,10312.777535756395
1701763200000,10310.841004533891
1701766800000,10311.512004533892
1701770400000,10312.448004533891
1701774000000,10311.716004533891
1701777600000,10312.759004533891
1701781200000,10314.501004533891
1701784800000,10313.671004533891
1701788400000,10318.421004533891
1701792000000,10318.167739615874
1701795600000,10322.686739615872
1701799200000,10329.334739615873
1701802800000,10332.665739615873
1701806400000,10333.928739615872
1701810000000,10333.556739615873
1701813600000,10333.703739615874
1701817200000,10338.158739615874
1701820800000,10335.949660988019
1701824400000,10336.823660988019
1701828000000,10334.30066098802
1701831600000,10334.325660988019
1701835200000,10333.03266098802
1701838800000,10332.964660988018
1701842400000,10331.896660988019
1701846000000,10332.32766098802
1701849600000,10332.39196398802
1701853200000,10333.93196398802
1701856800000,10334.57496398802
1701860400000,10336.59696398802
1701864000000,10333.48496398802
1701867600000,10335.93396398802
1701871200000,10336.47596398802
1701874800000,10335.74096398802
1701878400000,10333.51416868802
1701882000000,10334.046168688019
1701885600000,10334.83016868802
1701889200000,10334.91116868802
1701892800000,10335.44116868802
1701896400000,10333.32716868802
1701900000000,10333.94316868802
1701903600000,10332.97616868802
1701907200000,10333.16039648802
1701910800000,10333.692396488019
1701914400000,10334.701396488019
1701918000000,10335.08639648802
1701921600000,10334.565396488018
1701925200000,10335.11639648802
1701928800000,10335.666396488019
1701932400000,10334.13339648802
1701936000000,10334.311499757321
1701939600000,10331.580499757321
1701943200000,10329.474499757322
1701946800000,10328.03949975732
1701950400000,10327.13149975732
1701954000000,10329.11249975732
1701957600000,10328.572499757322
1701961200000,10330.395499757322
1701964800000,10331.684828326781
1701968400000,10331.899828326781
1701972000000,10329.542828326781
1701975600000,10328.28082832678
1701979200000,10327.715828326782
1701982800000,10328.043828326781
1701986400000,10329.345828326781
1701990000000,10326.814828326782
1701993600000,10328.330532326781
1701997200000,10329.392532326781
1702000800000,10329.451532326782
1702004400000,10330.624532326781
1702008000000,10329.13953232678
1702011600000,10330.033532326781
1702015200000,10329.821532326781
1702018800000,10329.132532326781
1702022400000,10327.21795890694
1702026000000,10327.65795890694
1702029600000,10326.591958906942
1702033200000,10329.14695890694
1702036800000,10331.67595890694
1702040400000,10332.401958906941
1702044000000,10331.555958906942
1702047600000,10335.05195890694
1702051200000,10333.84434246724
1702054800000,10333.296342467242
1702058400000,10332.636342467242
1702062000000,10333.163342467242
1702065600000,10334.73734246724
1702069200000,10338.55934246724
1702072800000,10341.02434246724
1702076400000,10337.964342467241
1702080000000,10337.344483743402
1702083600000,10336.9724837434
1702087200000,10336.412483743401
1702090800000,10336.512483743401
1702094400000,10336.8574837434
1702098000000,10337.6884837434
1702101600000,10338.3384837434
1702105200000,10337.279483743401
1702108800000,10337.00811672473
1702112400000,10333.658116724731
1702116000000,10333.44911672473
1702119600000,10333.363116724731
1702123200000,10333.03411672473
1702126800000,10333.95711672473
1702130400000,10335.41411672473
1702134000000,10334.416116724731
1702137600000,10335.845325497467
1702141200000,10335.053325497467
1702144800000,10334.002325497468
1702148400000,10334.466325497468
1702152000000,10334.104325497467
1702155600000,10334.818325497467
1702159200000,10334.743325497468
1702162800000,10334.233325497467
1702166400000,10332.088690326907
1702170000000,10332.744690326906
1702173600000,10333.059690326907
1702177200000,10332.359690326906
1702180800000,10333.171690326906
1702184400000,10334.390690326907
1702188000000,10333.805690326906
1702191600000,10334.086690326907
1702195200000,10334.574013687767
1702198800000,10332.476013687767
1702202400000,10330.964013687768
1702206000000,10331.987013687767
1702209600000,10332.123013687768
1702213200000,10333.776013687768
1702216800000,10333.050013687767
1702220400000,10333.437013687768
1702224000000,10333.996894058155
1702227600000,10333.073894058156
1702231200000,10332.898894058155
1702234800000,10333.047894058154
1702238400000,10332.491894058156
1702242000000,10334.477894058155
1702245600000,10332.767894058155
1702249200000,10332.793894058155
1702252800000,10332.286361780856
1702256400000,10330.469361780855
1702260000000,10326.755361780855
1702263600000,10321.235758385423
1702267200000,10321.235758385423
1702270800000,10321.235758385423
1702274400000,10321.235758385423
1702278000000,10321.235758385423
1702281600000,10321.235758385423
1702285200000,10321.235758385423
1702288800000,10321.235758385423
1702292400000,10321.235758385423
1702296000000,10321.235758385423
1702299600000,10321.235758385423
1702303200000,10321.235758385423
1702306800000,10321.235758385423
1702310400000,10321.235758385423
1702314000000,10321.235758385423
1702317600000,10321.235758385423
1702321200000,10321.235758385423
1702324800000,10321.235758385423
1702328400000,10321.235758385423
1702332000000,10321.235758385423
1702335600000,10321.235758385423
1702339200000,10321.235758385423
1702342800000,10321.235758385423
1702346400000,10321.235758385423
1702350000000,10321.235758385423
1702353600000,10321.235758385423
1702357200000,10321.235758385423
1702360800000,10321.235758385423
1702364400000,10321.235758385423
1702368000000,10321.235758385423
1702371600000,10321.235758385423
1702375200000,10321.235758385423
1702378800000,10321.235758385423
1702382400000,10321.235758385423
1702386000000,10321.235758385423
1702389600000,10321.235758385423
1702393200000,10321.235758385423
1702396800000,10321.235758385423
1702400400000,10321.235758385423
1702404000000,10321.235758385423
1702407600000,10321.235758385423
1702411200000,10321.235758385423
1702414800000,10321.235758385423
1702418400000,10321.235758385423
1702422000000,10321.235758385423
1702425600000,10321.235758385423
1702429200000,10321.235758385423
1702432800000,10321.235758385423
1702436400000,10321.235758385423
1702440000000,10321.235758385423
1702443600000,10321.235758385423
1702447200000,10321.235758385423
1702450800000,10321.235758385423
1702454400000,10321.235758385423
1702458000000,10321.235758385423
1702461600000,10321.235758385423
1702465200000,10321.235758385423
1702468800000,10321.235758385423
1702472400000,10321.235758385423
1702476000000,10321.235758385423
1702479600000,10321.235758385423
1702483200000,10321.235758385423
1702486800000,10321.235758385423
1702490400000,10321.235758385423
1702494000000,10321.235758385423
1702497600000,10321.235758385423
1702501200000,10321.235758385423
1702504800000,10321.235758385423
1702508400000,10321.235758385423
1702512000000,10321.235758385423
1702515600000,10321.235758385423
1702519200000,10321.235758385423
1702522800000,10321.235758385423
1702526400000,10321.235758385423
1702530000000,10321.235758385423
1702533600000,10321.235758385423
1702537200000,10321.235758385423
1702540800000,10321.235758385423
1702544400000,10321.235758385423
1702548000000,10321.235758385423
1702551600000,10321.235758385423
1702555200000,10321.235758385423
1702558800000,10321.235758385423
1702562400000,10321.235758385423
1702566000000,10321.235758385423
1702569600000,10321.235758385423
1702573200000,10321.235758385423
1702576800000,10321.235758385423
1702580400000,10321.235758385423
1702584000000,10321.235758385423
1702587600000,10321.235758385423
1702591200000,10321.235758385423
1702594800000,10321.235758385423
1702598400000,10321.235758385423
1702602000000,10321.235758385423
1702605600000,10321.235758385423
1702609200000,10321.235758385423
1702612800000,10321.235758385423
1702616400000,10321.235758385423
1702620000000,10321.235758385423
1702623600000,10321.235758385423
1702627200000,10321.235758385423
1702630800000,10321.235758385423
1702634400000,10321.235758385423
1702638000000,10321.235758385423
1702641600000,10321.235758385423
1702645200000,10321.235758385423
1702648800000,10321.235758385423
1702652400000,10321.235758385423
1702656000000,10321.235758385423
1702659600000,10321.235758385423
1702663200000,10321.235758385423
1702666800000,10321.235758385423
1702670400000,10321.235758385423
1702674000000,10321.235758385423
1702677600000,10321.235758385423
1702681200000,10321.235758385423
1702684800000,10321.235758385423
1702688400000,10321.235758385423
1702692000000,10321.235758385423
1702695600000,10321.235758385423
1702699200000,10321.235758385423
1702702800000,10321.235758385423
1702706400000,10321.235758385423
1702710000000,10321.235758385423
1702713600000,10321.235758385423
1702717200000,10321.235758385423
1702720800000,10321.235758385423
1702724400000,10321.235758385423
1702728000000,10321.235758385423
1702731600000,10321.235758385423
1702735200000,10321.235758385423
1702738800000,10321.235758385423
1702742400000,10321.235758385423
1702746000000,10321.235758385423
1702749600000,10321.235758385423
1702753200000,10321.235758385423
1702756800000,10321.235758385423
1702760400000,10321.235758385423
1702764000000,10321.235758385423
1702767600000,10321.235758385423
1702771200000,10321.235758385423
1702774800000,10321.235758385423
1702778400000,10321.235758385423
1702782000000,10321.235758385423
1702785600000,10321.235758385423
1702789200000,10321.235758385423
1702792800000,10321.235758385423
1702796400000,10321.235758385423
1702800000000,10321.235758385423
1702803600000,10321.235758385423
1702807200000,10321.235758385423
1702810800000,10321.235758385423
1702814400000,10321.235758385423
1702818000000,10321.235758385423
1702821600000,10321.235758385423
1702825200000,10321.235758385423
1702828800000,10321.235758385423
1702832400000,10321.235758385423
1702836000000,10321.235758385423
1702839600000,10321.235758385423
1702843200000,10321.235758385423
1702846800000,10321.235758385423
1702850400000,10321.235758385423
1702854000000,10321.235758385423
1702857600000,10321.235758385423
1702861200000,10321.235758385423
1702864800000,10321.235758385423
1702868400000,10321.235758385423
1702872000000,10321.235758385423
1702875600000,10321.235758385423
1702879200000,10321.235758385423
1702882800000,10321.235758385423
1702886400000,10321.235758385423
1702890000000,10321.235758385423
1702893600000,10321.235758385423
1702897200000,10321.235758385423
1702900800000,10320.898154040095
1702904400000,10323.613994040095
1702908000000,10317.977384040096
1702911600000,10315.205654040095
1702915200000,10318.071693447095
1702918800000,10316.581293447096
1702922400000,10317.015993447096
1702926000000,10314.900453447095
1702929600000,10313.726763447095
1702933200000,10311.751983447095
1702936800000,10305.477813447096
1702940400000,10305.937353447096
1702944000000,10305.596229039096
1702947600000,10305.650049039095
1702951200000,10299.348969039096
1702954800000,10302.037899039096
1702958400000,10301.371949216953
1702962000000,10299.784349216954
1702965600000,10299.852749216952
1702969200000,10299.665549216954
1702972800000,10300.70049433483
1702976400000,10301.120794334829
1702980000000,10300.51419433483
1702983600000,10301.478094334829
1702987200000,10299.881670339617
1702990800000,10300.262370339617
1702994400000,10300.772670339617
1702998000000,10302.949110339616
1703001600000,10303.287007279618
1703005200000,10303.910807279617
1703008800000,10306.660427279616
1703012400000,10304.199927279617
1703016000000,10304.599827279617
1703019600000,10304.385887279617
1703023200000,10304.534407279618
1703026800000,10304.205527279617
1703030400000,10303.643228692066
1703034000000,10303.787888692066
1703037600000,10304.075428692067
1703041200000,10303.733788692067
1703044800000,10303.570048692067
1703048400000,10302.205488692065
1703052000000,10302.002808692067
1703055600000,10304.159188692065
1703059200000,10302.943699590067
1703062800000,10303.047619590066
1703066400000,10301.959559590066
1703070000000,10301.812779590067
1703073600000,10303.134479590066
1703077200000,10303.971299590068
1703080800000,10305.384299590067
1703084400000,10307.605699590067
1703088000000,10307.454693563715
1703091600000,10308.459853563716
1703095200000,10309.838113563716
1703098800000,10312.810993563715
1703102400000,10312.478733563716
1703106000000,10313.262533563715
1703109600000,10313.952233563714
1703113200000,10313.170153563715
1703116800000,10312.099679360157
1703120400000,10313.002779360157
1703124000000,10311.321139360158
1703127600000,10311.356359360156
1703131200000,10312.162779360156
1703134800000,10312.166079360155
1703138400000,10311.743919360157
1703142000000,10310.866399360155
1703145600000,10310.495874378717
1703149200000,10310.707754378718
1703152800000,10309.932074378718
1703156400000,10307.225394378718
1703160000000,10305.222074378718
1703163600000,10305.614074378718
1703167200000,10307.909594378718
1703170800000,10308.042414378719
1703174400000,10308.128395268943
1703178000000,10306.180275268942
1703181600000,10304.676095268944
1703185200000,10306.189695268942
1703188800000,10307.047795268942
1703192400000,10306.696115268942
1703196000000,10306.766115268942
1703199600000,10307.089255268942
1703203200000,10307.13296209063
1703206800000,10306.91942209063
1703210400000,10306.947402090631
1703214000000,10308.22436209063
1703217600000,10307.02524209063
1703221200000,10305.902802090632
1703224800000,10306.42422209063
1703228400000,10303.06188209063
1703232000000,10298.762191337162
1703235600000,10296.167491337163
1703239200000,10290.50787117354
1703242800000,10289.44857117354
1703246400000,10290.67257117354
1703250000000,10288.88787117354
1703253600000,10290.10197117354
1703257200000,10289.41437117354
1703260800000,10289.396582948584
1703264400000,10288.882652948583
1703268000000,10288.642632948584
1703271600000,10290.948732948584
1703275200000,10290.408442948583
1703278800000,10290.283062948583
1703282400000,10290.645212948582
1703286000000,10291.730332948584
1703289600000,10291.556634664565
1703293200000,10292.212934664565
1703296800000,10292.866924664566
1703300400000,10294.147874664566
1703304000000,10294.401424664566
1703307600000,10292.965754664565
1703311200000,10292.770654664564
1703314800000,10292.808694664565
1703318400000,10293.216526760205
1703322000000,10292.960206760206
1703325600000,10293.094426760206
1703329200000,10293.252356760206
1703332800000,10292.735416760206
1703336400000,10293.266906760206
1703340000000,10293.443726760206
1703343600000,10294.375156760207
1703347200000,10294.785034633993
1703350800000,10294.342704633993
1703354400000,10293.534574633992
1703358000000,10292.328194633992
1703361600000,10293.409904633992
1703365200000,10293.904844633991
1703368800000,10294.323684633993
1703372400000,10293.030604633994
1703376000000,10290.991859534208
1703379600000,10291.991269534208
1703383200000,10292.024709534207
1703386800000,10291.063379534207
1703390400000,10291.559459534208
1703394000000,10291.930939534208
1703397600000,10292.546689534207
1703401200000,10292.227399534208
1703404800000,10292.558422088718
1703408400000,10292.905862088717
1703412000000,10292.872982088718
1703415600000,10292.795962088718
1703419200000,10293.270252088718
1703422800000,10292.855532088717
1703426400000,10293.595102088717
1703430000000,10293.941562088718
1703433600000,10292.965351107403
1703437200000,10292.880091107403
1703440800000,10293.085661107403
1703444400000,10293.251681107404
1703448000000,10293.041121107402
1703451600000,10293.308051107402
1703455200000,10293.513371107403
1703458800000,10287.982508214693
1703462400000,10287.46810260536
1703466000000,10287.58600260536
1703469600000,10286.79214260536
1703473200000,10286.39914260536
1703476800000,10285.772962605359
1703480400000,10285.488692605359
1703484000000,10284.803562605359
1703487600000,10285.20835260536
1703491200000,10285.362953412481
1703494800000,10286.241963412482
1703498400000,10286.222313412482
1703502000000,10285.956383412482
1703505600000,10285.597443412482
1703509200000,10282.386633412481
1703512800000,10284.316263412482
1703516400000,10283.838113412481
1703520000000,10284.793649591044
1703523600000,10285.977889591044
1703527200000,10285.421139591044
1703530800000,10286.044699591044
1703534400000,10286.611929591043
1703538000000,10286.963009591043
1703541600000,10286.521539591044
1703545200000,10285.146039591044
1703548800000,10286.792416719203
1703552400000,10287.325586719204
1703556000000,10286.557926719202
1703559600000,10287.360956719203
1703563200000,10287.05377798266
1703566800000,10286.22040798266
1703570400000,10280.05572798266
1703574000000,10280.599957982662
1703577600000,10279.93724712276
1703581200000,10279.479117122759
1703584800000,10276.83286712276
1703588400000,10278.442897122759
1703592000000,10278.51968712276
1703595600000,10279.164767122758
1703599200000,10278.43690712276
1703602800000,10277.43618712276
1703606400000,10276.046759351768
1703610000000,10275.662809351768
1703613600000,10271.049670924345
1703617200000,10269.923070924344
1703620800000,10269.594260924345
1703624400000,10268.909130924345
1703628000000,10267.963310924344
1703631600000,10267.299140924344
1703635200000,10267.179130708879
1703638800000,10267.63763070888
1703642400000,10267.213190708879
1703646000000,10268.15246070888
1703649600000,10268.807460708878
1703653200000,10268.394810708878
1703656800000,10267.573440708878
1703660400000,10267.738500708878
1703664000000,10267.588306156842
1703667600000,10264.863506156842
1703671200000,10264.471816156842
1703674800000,10260.95839615684
1703678400000,10260.072836156842
1703682000000,10260.223486156841
1703685600000,10258.616116156842
1703689200000,10254.978249152686
1703692800000,10254.978249152686
1703696400000,10254.978249152686
1703700000000,10254.978249152686
1703703600000,10254.978249152686
1703707200000,10254.978249152686
1703710800000,10254.978249152686
1703714400000,10254.978249152686
1703718000000,10254.978249152686
1703721600000,10254.978249152686
1703725200000,10254.978249152686
1703728800000,10254.978249152686
1703732400000,10254.978249152686
1703736000000,10254.978249152686
1703739600000,10254.978249152686
1703743200000,10254.978249152686
1703746800000,10254.978249152686
1703750400000,10254.978249152686
1703754000000,10254.978249152686
1703757600000,10254.978249152686
1703761200000,10254.978249152686
1703764800000,10254.978249152686
1703768400000,10254.978249152686
1703772000000,10254.978249152686
1703775600000,10254.978249152686
1703779200000,10254.978249152686
1703782800000,10254.978249152686
1703786400000,10254.978249152686
1703790000000,10254.978249152686
1703793600000,10254.978249152686
1703797200000,10254.978249152686
1703800800000,10254.978249152686
1703804400000,10254.978249152686
1703808000000,10254.978249152686
1703811600000,10254.978249152686
1703815200000,10254.978249152686
1703818800000,10254.978249152686
1703822400000,10254.978249152686
1703826000000,10254.978249152686
1703829600000,10254.978249152686
1703833200000,10254.978249152686
1703836800000,10254.978249152686
1703840400000,10254.978249152686
1703844000000,10254.978249152686
1703847600000,10254.978249152686
1703851200000,10254.978249152686
1703854800000,10254.978249152686
1703858400000,10254.978249152686
1703862000000,10254.978249152686
1703865600000,10254.978249152686
1703869200000,10254.978249152686
1703872800000,10254.978249152686
1703876400000,10254.978249152686
1703880000000,10254.978249152686
1703883600000,10254.978249152686
1703887200000,10254.978249152686
1703890800000,10254.978249152686
1703894400000,10254.978249152686
1703898000000,10254.978249152686
1703901600000,10254.978249152686
1703905200000,10254.978249152686
1703908800000,10254.978249152686
1703912400000,10254.978249152686
1703916000000,10254.978249152686
1703919600000,10254.978249152686
1703923200000,10254.978249152686
1703926800000,10254.978249152686
1703930400000,10254.978249152686
1703934000000,10254.978249152686
1703937600000,10254.978249152686
1703941200000,10254.978249152686
1703944800000,10254.978249152686
1703948400000,10254.978249152686
1703952000000,10254.978249152686
1703955600000,10254.978249152686
1703959200000,10254.978249152686
1703962800000,10254.978249152686
1703966400000,10254.978249152686
1703970000000,10254.978249152686
1703973600000,10254.978249152686
1703977200000,10254.978249152686
1703980800000,10254.978249152686
1703984400000,10254.978249152686
1703988000000,10254.978249152686
1703991600000,10254.978249152686
1703995200000,10254.978249152686
1703998800000,10254.978249152686
1704002400000,10254.978249152686
1704006000000,10254.978249152686
1704009600000,10254.978249152686
1704013200000,10254.978249152686
1704016800000,10254.978249152686
1704020400000,10254.978249152686
1704024000000,10254.978249152686
1704027600000,10254.978249152686
1704031200000,10254.978249152686
1704034800000,10254.978249152686
1704038400000,10254.978249152686
1704042000000,10254.978249152686
1704045600000,10254.978249152686
1704049200000,10254.978249152686
1704052800000,10254.978249152686
1704056400000,10254.978249152686
1704060000000,10254.978249152686
1704063600000,10254.978249152686
1704067200000,10254.978249152686
1704070800000,10254.978249152686
1704074400000,10254.978249152686
1704078000000,10254.978249152686
1704081600000,10254.978249152686
1704085200000,10254.978249152686
1704088800000,10254.978249152686
1704092400000,10254.978249152686
1704096000000,10254.978249152686
1704099600000,10254.978249152686
1704103200000,10254.978249152686
1704106800000,10254.978249152686
1704110400000,10254.978249152686
1704114000000,10254.978249152686
1704117600000,10254.978249152686
1704121200000,10254.978249152686
1704124800000,10254.978249152686
1704128400000,10254.978249152686
1704132000000,10254.978249152686
1704135600000,10254.978249152686
1704139200000,10254.978249152686
1704142800000,10254.978249152686
1704146400000,10254.978249152686
1704150000000,10254.978249152686
1704153600000,10254.978249152686
1704157200000,10254.978249152686
1704160800000,10254.978249152686
1704164400000,10254.978249152686
1704168000000,10254.978249152686
1704171600000,10254.978249152686
1704175200000,10254.978249152686
1704178800000,10254.978249152686
1704182400000,10254.978249152686
1704186000000,10254.978249152686
1704189600000,10254.978249152686
1704193200000,10254.978249152686
1704196800000,10254.978249152686
1704200400000,10254.978249152686
1704204000000,10254.978249152686
1704207600000,10254.978249152686
1704211200000,10254.978249152686
1704214800000,10254.978249152686
1704218400000,10254.978249152686
1704222000000,10254.978249152686
1704225600000,10254.237783292478
1704229200000,10252.616883292478
1704232800000,10255.130583292479
1704236400000,10254.083883292478
1704240000000,10254.324939111113
1704243600000,10255.494039111114
1704247200000,10257.270639111113
1704250800000,10256.817039111113
1704254400000,10256.518239111114
1704258000000,10255.437339111113
1704261600000,10255.982739111114
1704265200000,10256.902539111114
1704268800000,10254.480535790808
1704272400000,10256.105035790808
1704276000000,10257.047335790809
1704279600000,10255.622635790807
1704283200000,10241.114635790807
1704286800000,10232.282540529606
1704290400000,10232.282540529606
1704294000000,10232.282540529606
1704297600000,10232.282540529606
1704301200000,10232.282540529606
1704304800000,10232.282540529606
1704308400000,10232.282540529606
1704312000000,10232.282540529606
1704315600000,10232.282540529606
1704319200000,10232.282540529606
1704322800000,10232.282540529606
1704326400000,10232.282540529606
1704330000000,10232.282540529606
1704333600000,10232.282540529606
1704337200000,10232.282540529606
1704340800000,10232.282540529606
1704344400000,10232.282540529606
1704348000000,10232.282540529606
1704351600000,10232.282540529606
1704355200000,10232.282540529606
1704358800000,10232.282540529606
1704362400000,10232.282540529606
1704366000000,10232.282540529606
1704369600000,10232.21226709639
1704373200000,10233.23706709639
1704376800000,10233.06186709639
1704380400000,10235.652067096391
1704384000000,10237.651838187288
1704387600000,10236.598238187287
1704391200000,10236.985838187287
1704394800000,10237.404038187287
1704398400000,10236.996038187288
1704402000000,10238.065238187288
1704405600000,10239.499838187288
1704409200000,10238.871638187287
1704412800000,10237.981749927287
1704416400000,10238.266149927287
1704420000000,10235.441949927288
1704423600000,10234.144149927288
1704427200000,10233.947949927287
1704430800000,10234.220349927287
1704434400000,10234.877349927287
1704438000000,10236.318549927288
1704441600000,10235.563886209955
1704445200000,10236.584486209955
1704448800000,10237.669286209955
1704452400000,10234.979486209955
1704456000000,10235.238353289478
1704459600000,10235.955713289477
1704463200000,10236.113393289477
1704466800000,10235.393513289479
1704470400000,10235.575767249875
1704474000000,10235.515047249875
1704477600000,10235.456847249874
1704481200000,10235.268567249874
1704484800000,10235.147127249875
1704488400000,10235.976327249875
1704492000000,10235.852847249875
1704495600000,10235.459367249874
1704499200000,10234.785499515252
1704502800000,10234.946059515252
1704506400000,10235.145979515253
1704510000000,10234.829899515253
1704513600000,10235.134939515252
1704517200000,10235.384899515253
1704520800000,10235.711059515254
1704524400000,10235.91457951525
1704528000000,10235.683905895374
1704531600000,10235.487825895374
1704535200000,10235.549625895374
1704538800000,10235.570745895375
1704542400000,10235.201385895374
1704546000000,10235.397825895374
1704549600000,10235.641305895373
1704553200000,10235.802225895373
1704556800000,10235.514085183373
1704560400000,10235.657605183374
1704564000000,10235.719285183373
1704567600000,10236.204565183374
1704571200000,10236.019645183373
1704574800000,10235.731645183372
1704578400000,10236.299485183374
1704582000000,10236.484765183373
1704585600000,10236.848701458459
1704589200000,10236.622021458457
1704592800000,10236.675301458457
1704596400000,10236.570901458457
1704600000000,10236.371221458458
1704603600000,10236.192901458458
1704607200000,10235.996461458457
1704610800000,10236.107701458457
1704614400000,10236.54174628367
1704618000000,10237.16070628367
1704621600000,10237.25046628367
1704625200000,10237.08966628367
1704628800000,10237.72110628367
1704632400000,10237.73982628367
1704636000000,10238.42814628367
1704639600000,10238.336586283669
1704643200000,10238.394487474263
1704646800000,10237.906327474262
1704650400000,10237.587007474262
1704654000000,10236.890287474263
1704657600000,10237.575847474263
1704661200000,10237.809487474262
1704664800000,10238.465647474262
1704668400000,10238.802967474263
1704672000000,10238.587967170262
1704675600000,10239.740927170262
1704679200000,10239.207647170262
1704682800000,10239.099647170262
1704686400000,10239.286007170262
1704690000000,10239.101807170262
1704693600000,10239.493007170262
1704697200000,10239.307607170262
1704700800000,10238.581520022666
1704704400000,10238.123480022667
1704708000000,10238.469800022665
1704711600000,10239.188480022667
1704715200000,10241.169800022666
1704718800000,10240.915520022667
1704722400000,10239.772280022667
1704726000000,10239.428240022666
1704729600000,10239.62449129955
1704733200000,10240.06753129955
1704736800000,10240.223816652126
1704740400000,10247.166416652126
1704744000000,10247.975816652126
1704747600000,10246.441016652127
1704751200000,10248.384416652127
1704754800000,10247.643416652127
1704758400000,10247.722633109317
1704762000000,10245.677233109318
1704765600000,10245.729433109318
1704769200000,10246.489633109317
1704772800000,10247.405833109317
1704776400000,10246.717033109317
1704780000000,10246.273033109317
1704783600000,10246.847833109317
1704787200000,10246.718929859242
1704790800000,10245.424129859242
1704794400000,10244.769529859243
1704798000000,10244.488129859243
1704801600000,10245.727729859242
1704805200000,10244.400529859242
1704808800000,10246.963729859242
1704812400000,10245.328729859242
1704816000000,10246.881775579892
1704819600000,10246.094975579892
1704823200000,10244.919615579893
1704826800000,10242.893375579892
1704830400000,10244.972695579892
1704834000000,10246.336295579891
1704837600000,10229.286815579891
1704841200000,10231.950055579891
1704844800000,10230.336190311891
1704848400000,10222.14359031189
1704852000000,10224.948150311891
1704855600000,10229.25407031189
1704859200000,10228.057510311892
1704862800000,10224.590990311892
1704866400000,10223.88747031189
1704870000000,10224.551750311892
1704873600000,10224.641473593298
1704877200000,10222.811753593298
1704880800000,10216.448433593298
1704884400000,10219.3339535933
1704888000000,10219.068273593297
1704891600000,10219.144633593298
1704895200000,10219.671753593298
1704898800000,10217.152953593297
1704902400000,10213.658912013014
1704906000000,10212.552512013015
1704909600000,10218.949112013015
1704913200000,10219.408112013014
1704916800000,10218.749912013014
1704920400000,10216.228112013016
1704924000000,10216.630712013015
1704927600000,10221.766112013014
1704931200000,10220.299498896384
1704934800000,10220.299498896384
1704938400000,10220.299498896384
1704942000000,10220.299498896384
1704945600000,10220.299498896384
1704949200000,10220.299498896384
1704952800000,10220.299498896384
1704956400000,10220.299498896384
1704960000000,10220.299498896384
1704963600000,10220.299498896384
1704967200000,10220.299498896384
1704970800000,10220.299498896384
1704974400000,10220.299498896384
1704978000000,10220.299498896384
1704981600000,10220.299498896384
1704985200000,10220.299498896384
1704988800000,10220.299498896384
1704992400000,10220.299498896384
1704996000000,10220.299498896384
1704999600000,10220.299498896384
1705003200000,10220.299498896384
1705006800000,10220.299498896384
1705010400000,10220.299498896384
1705014000000,10220.299498896384
1705017600000,10220.299498896384
1705021200000,10220.299498896384
1705024800000,10220.299498896384
1705028400000,10220.299498896384
1705032000000,10220.299498896384
1705035600000,10220.299498896384
1705039200000,10220.299498896384
1705042800000,10220.299498896384
1705046400000,10220.299498896384
1705050000000,10220.299498896384
1705053600000,10220.299498896384
1705057200000,10220.299498896384
1705060800000,10220.545429448597
1705064400000,10220.327029448597
1705068000000,10222.269229448597
1705071600000,10225.047589448597
1705075200000,10220.095769494732
1705078800000,10218.660569494732
1705082400000,10216.716809494732
1705086000000,10216.194989494732
1705089600000,10215.506249494732
1705093200000,10214.536709494732
1705096800000,10210.493189494731
1705100400000,10208.719469494732
1705104000000,10210.598309626732
1705107600000,10210.247309626731
1705111200000,10210.31048962673
1705114800000,10212.38528962673
1705118400000,10212.154417366126
1705122000000,10211.255857366124
1705125600000,10210.673477366125
1705129200000,10210.364797366125
1705132800000,10210.430580992346
1705136400000,10210.562760992347
1705140000000,10210.480100992347
1705143600000,10210.691440992347
1705147200000,10211.767280992346
1705150800000,10211.561860992346
1705154400000,10211.340860992346
1705158000000,10210.710860992345
1705161600000,10211.352845006346
1705165200000,10211.903125006345
1705168800000,10211.756685006347
1705172400000,10212.472565006346
1705176000000,10213.724385006346
1705179600000,10212.740345006347
1705183200000,10212.830825006346
1705186800000,10213.071525006346
1705190400000,10213.709651952093
1705194000000,10213.306611952092
1705197600000,10213.404551952091
1705201200000,10212.599551952093
1705204800000,10212.227191952092
1705208400000,10212.240151952092
1705212000000,10212.068391952092
1705215600000,10211.034531952091
1705219200000,10210.847035347802
1705222800000,10211.172195347803
1705226400000,10210.958595347804
1705230000000,10210.578235347803
1705233600000,10210.505835347803
1705237200000,10210.923735347804
1705240800000,10210.028235347801
1705244400000,10210.892135347804
1705248000000,10210.337940225778
1705251600000,10209.406240225779
1705255200000,10209.635200225777
1705258800000,10209.848800225778
1705262400000,10208.491600225778
1705266000000,10209.867620225776
1705269600000,10211.033000225776
1705273200000,10210.549960225777
1705276800000,10210.166560444984
1705280400000,10209.491640444985
1705284000000,10210.192160444984
1705287600000,10209.953440444984
1705291200000,10209.008920444983
1705294800000,10209.588500444983
1705298400000,10209.548700444984
1705302000000,10209.440820444983
1705305600000,10209.271036442427
1705309200000,10209.165729010398
1705312800000,10208.912929010397
1705316400000,10209.610529010399
1705320000000,10209.132129010397
1705323600000,10209.089729010399
1705327200000,10208.401729010398
1705330800000,10210.880529010397
1705334400000,10210.711040540074
1705338000000,10209.673840540074
1705341600000,10208.975040540074
1705345200000,10207.864240540073
1705348800000,10208.039440540073
1705352400000,10208.345840540074
1705356000000,10208.983440540074
1705359600000,10209.453040540073
1705363200000,10209.76684831616
1705366800000,10209.414048316161
1705370400000,10209.68804831616
1705374000000,10209.02084831616
1705377600000,10208.290048316161
1705381200000,10208.75084831616
1705384800000,10209.00564831616
1705388400000,10208.87564831616
1705392000000,10208.896762397497
1705395600000,10207.789962397497
1705399200000,10208.158362397497
1705402800000,10208.422762397497
1705406400000,10208.348762397496
1705410000000,10207.348762397496
1705413600000,10208.833962397497
1705417200000,10209.132762397498
1705420800000,10206.75646400388
1705424400000,10207.05526400388
1705428000000,10207.67086400388
1705431600000,10207.80166400388
1705435200000,10207.11366400388
1705438800000,10206.74246400388
1705442400000,10206.05886400388
1705446000000,10206.98606400388
1705449600000,10207.343720104793
1705453200000,10207.551720104793
1705456800000,10208.027320104793
1705460400000,10208.004520104794
1705464000000,10208.592120104793
1705467600000,10208.645720104794
1705471200000,10208.735720104793
1705474800000,10208.656120104793
1705478400000,10209.420783276366
1705482000000,10209.043983276366
1705485600000,10209.244783276365
1705489200000,10208.634383276365
1705492800000,10209.310383276365
1705496400000,10208.889983276365
1705500000000,10209.609983276365
1705503600000,10209.931583276366
1705507200000,10210.013375552231
1705510800000,10210.647375552231
1705514400000,10210.47137555223
1705518000000,10209.557375552231
1705521600000,10209.47537555223
1705525200000,10209.43257555223
1705528800000,10209.18977555223
1705532400000,10209.18137555223
1705536000000,10208.98168827583
1705539600000,10209.23888827583
1705543200000,10209.569288275829
1705546800000,10209.29728827583
1705550400000,10209.379030750539
1705554000000,10209.21879075054
1705557600000,10208.778310750538
1705561200000,10209.42399075054
1705564800000,10209.56892173488
1705568400000,10210.16212173488
1705572000000,10210.51428173488
1705575600000,10207.63932173488
1705579200000,10208.112601734882
1705582800000,10206.739481734881
1705586400000,10206.76644173488
1705590000000,10209.569881734882
1705593600000,10208.325568606033
1705597200000,10203.990448606033
1705600800000,10203.752128606033
1705604400000,10201.670368606034
1705608000000,10199.080688606033
1705611600000,10201.048608606032
1705615200000,10201.882448606031
1705618800000,10203.076768606034
1705622400000,10203.125997172287
1705626000000,10202.962237172285
1705629600000,10202.304317172287
1705633200000,10200.970637172288
1705636800000,10202.609597172286
1705640400000,10202.682797172287
1705644000000,10202.775117172287
1705647600000,10203.025757172287
1705651200000,10202.637782692605
1705654800000,10204.066262692604
1705658400000,10205.357782692605
1705662000000,10206.353302692605
1705665600000,10206.076982692604
1705669200000,10206.196662692606
1705672800000,10207.735862692603
1705676400000,10205.638742692605
1705680000000,10203.815051419226
1705683600000,10199.051611419225
1705687200000,10203.750331419225
1705690800000,10205.706571419225
1705694400000,10205.417691419225
1705698000000,10204.320091419226
1705701600000,10205.337851419226
1705705200000,10205.594171419225
1705708800000,10205.699779441278
1705712400000,10203.80953944128
1705716000000,10205.25969944128
1705719600000,10205.14449944128
1705723200000,10204.31745944128
1705726800000,10204.478659441278
1705730400000,10203.408099441278
1705734000000,10204.104499441279
1705737600000,10203.514590574488
1705741200000,10203.10731057449
1705744800000,10201.89323057449
1705748400000,10202.55139057449
1705752000000,10202.424350574489
1705755600000,10201.69539057449
1705759200000,10202.35643057449
1705762800000,10201.697550574489
1705766400000,10200.998516567344
1705770000000,10200.048116567345
1705773600000,10200.547076567345
1705777200000,10199.964996567343
1705780800000,10200.322916567344
1705784400000,10201.008916567345
1705788000000,10200.907476567345
1705791600000,10201.410436567345
1705795200000,10202.022904931506
1705798800000,10201.084744931504
1705802400000,10201.818744931505
1705806000000,10203.185944931507
1705809600000,10202.624984931506
1705813200000,10202.585224931507
1705816800000,10202.501304931504
1705820400000,10201.974184931505
1705824000000,10202.782009190874
1705827600000,10202.571929190874
1705831200000,10202.829529190874
1705834800000,10203.176569190873
1705838400000,10202.207609190873
1705842000000,10201.820649190873
1705845600000,10202.730569190873
1705849200000,10202.812409190874
1705852800000,10201.439256862875
1705856400000,10202.180136862875
1705860000000,10202.414936862875
1705863600000,10202.474856862875
1705867200000,10202.310136862876
1705870800000,10201.107656862874
1705874400000,10201.897976862876
1705878000000,10200.325336862876
1705881600000,10199.654363074182
1705885200000,10198.169950106849
1705888800000,10199.446750106848
1705892400000,10199.482750106848
1705896000000,10200.115150106849
1705899600000,10201.930750106849
1705903200000,10200.26195010685
1705906800000,10200.060350106849
1705910400000,10200.835966314991
1705914000000,10201.105566314991
1705917600000,10201.74076631499
1705921200000,10201.897966314991
1705924800000,10201.542766314991
1705928400000,10201.20316631499
1705932000000,10200.993166314991
1705935600000,10201.91716631499
1705939200000,10201.873473302281
1705942800000,10202.830273302281
1705946400000,10202.05227330228
1705950000000,10203.381073302282
1705953600000,10205.384273302281
1705957200000,10204.265873302282
1705960800000,10205.62867330228
1705964400000,10205.29587330228
1705968000000,10206.489699763806
1705971600000,10205.498899763807
1705975200000,10205.611299763807
1705978800000,10204.725299763806
1705982400000,10204.832499763806
1705986000000,10204.535299763807
1705989600000,10204.619299763806
1705993200000,10204.773299763807
1705996800000,10205.697210927416
1706000400000,10207.157610927416
1706004000000,10208.929610927416
1706007600000,10209.128010927416
1706011200000,10209.437210927415
1706014800000,10208.769210927416
1706018400000,10209.445210927417
1706022000000,10209.508810927417
1706025600000,10208.069292913002
1706029200000,10207.196492913003
1706032800000,10207.250892913002
1706036400000,10208.295692913001
1706040000000,10208.354492913002
1706043600000,10207.791692913002
1706047200000,10208.029292913001
1706050800000,10206.968492913002
1706054400000,10205.388850728554
1706058000000,10204.416450728555
1706061600000,10205.807650728555
1706065200000,10205.835250728554
1706068800000,10206.454450728554
1706072400000,10206.270850728555
1706076000000,10205.703650728554
1706079600000,10205.469650728555
1706083200000,10204.940439949632
1706086800000,10205.218439949633
1706090400000,10204.971239949633
1706094000000,10203.831239949632
1706097600000,10204.132439949632
1706101200000,10204.830439949632
1706104800000,10205.065639949633
1706108400000,10205.327239949633
1706112000000,10204.83685932685
1706115600000,10204.39365932685
1706119200000,10204.44685932685
1706122800000,10205.78805932685
1706126400000,10205.720459326849
1706130000000,10206.462459326849
1706133600000,10205.93565932685
1706137200000,10205.571259326849
1706140800000,10204.76048960685
1706144400000,10204.484489606848
1706148000000,10204.933289606848
1706151600000,10205.162889606849
1706155200000,10204.928089606849
1706158800000,10205.157689606849
1706162400000,10205.44488960685
1706166000000,10204.92328960685
1706169600000,10204.479738801914
1706173200000,10204.736938801914
1706176800000,10204.850938801914
1706180400000,10204.560938801913
1706184000000,10204.360938801914
1706187600000,10205.627738801913
1706191200000,10205.330138801914
1706194800000,10204.962538801914
1706198400000,10205.736458792138
1706202000000,10206.250058792139
1706205600000,10205.725658792138
1706209200000,10205.696858792138
1706212800000,10205.149258792138
1706216400000,10205.543658792138
1706220000000,10205.322058792139
1706223600000,10205.159258792139
1706227200000,10205.174440392138
1706230800000,10205.525240392137
1706234400000,10205.236040392138
1706238000000,10204.344840392137
1706241600000,10204.792440392137
1706245200000,10204.420040392137
1706248800000,10204.616040392139
1706252400000,10205.104440392137
1706256000000,10205.13442358342
1706259600000,10204.52082358342
1706263200000,10204.62922358342
1706266800000,10202.14562358342
1706270400000,10201.372209359119
1706274000000,10201.372209359119
1706277600000,10201.372209359119
1706281200000,10201.372209359119
1706284800000,10201.372209359119
1706288400000,10201.372209359119
1706292000000,10201.372209359119
1706295600000,10201.372209359119
1706299200000,10201.372209359119
1706302800000,10201.372209359119
1706306400000,10201.372209359119
1706310000000,10201.372209359119
1706313600000,10201.372209359119
1706317200000,10201.372209359119
1706320800000,10201.372209359119
1706324400000,10201.372209359119
1706328000000,10201.372209359119
1706331600000,10201.372209359119
1706335200000,10201.372209359119
1706338800000,10201.372209359119
1706342400000,10201.372209359119
1706346000000,10201.372209359119
1706349600000,10201.372209359119
1706353200000,10201.372209359119
1706356800000,10201.372209359119
1706360400000,10201.372209359119
1706364000000,10201.372209359119
1706367600000,10201.372209359119
1706371200000,10201.372209359119
1706374800000,10201.372209359119
1706378400000,10201.372209359119
1706382000000,10201.372209359119
1706385600000,10201.372209359119
1706389200000,10201.372209359119
1706392800000,10201.372209359119
1706396400000,10201.372209359119
1706400000000,10201.372209359119
1706403600000,10201.372209359119
1706407200000,10201.372209359119
1706410800000,10201.372209359119
1706414400000,10201.372209359119
1706418000000,10201.372209359119
1706421600000,10201.372209359119
1706425200000,10201.372209359119
1706428800000,10201.372209359119
1706432400000,10201.372209359119
1706436000000,10201.372209359119
1706439600000,10201.372209359119
1706443200000,10201.372209359119
1706446800000,10201.372209359119
1706450400000,10201.372209359119
1706454000000,10201.372209359119
1706457600000,10201.372209359119
1706461200000,10201.372209359119
1706464800000,10201.372209359119
1706468400000,10201.372209359119
1706472000000,10201.372209359119
1706475600000,10201.372209359119
1706479200000,10201.372209359119
1706482800000,10201.372209359119
1706486400000,10201.372209359119
1706490000000,10201.372209359119
1706493600000,10201.372209359119
1706497200000,10201.372209359119
1706500800000,10201.372209359119
1706504400000,10201.372209359119
1706508000000,10201.372209359119
1706511600000,10201.372209359119
1706515200000,10201.372209359119
1706518800000,10201.372209359119
1706522400000,10201.372209359119
1706526000000,10201.372209359119
1706529600000,10201.372209359119
1706533200000,10201.372209359119
1706536800000,10201.372209359119
1706540400000,10201.372209359119
1706544000000,10201.372209359119
1706547600000,10201.372209359119
1706551200000,10201.372209359119
1706554800000,10201.372209359119
1706558400000,10201.372209359119
1706562000000,10201.372209359119
1706565600000,10201.372209359119
1706569200000,10201.372209359119
1706572800000,10201.372209359119
1706576400000,10201.372209359119
1706580000000,10201.372209359119
1706583600000,10201.372209359119
1706587200000,10201.372209359119
1706590800000,10201.372209359119
1706594400000,10201.372209359119
1706598000000,10201.372209359119
1706601600000,10201.372209359119
1706605200000,10201.372209359119
1706608800000,10201.372209359119
1706612400000,10201.372209359119
1706616000000,10201.372209359119
1706619600000,10201.372209359119
1706623200000,10201.372209359119
1706626800000,10201.372209359119
1706630400000,10201.372209359119
1706634000000,10201.372209359119
1706637600000,10201.372209359119
1706641200000,10201.372209359119
1706644800000,10201.372209359119
1706648400000,10201.372209359119
1706652000000,10201.372209359119
1706655600000,10201.372209359119
1706659200000,10201.372209359119
1706662800000,10201.372209359119
1706666400000,10201.372209359119
1706670000000,10201.372209359119
1706673600000,10201.241216430799
1706677200000,10200.803216430799
1706680800000,10200.6192164308
1706684400000,10200.7442164308
1706688000000,10199.864256551196
1706691600000,10200.799256551198
1706695200000,10203.479256551196
1706698800000,10206.584256551198
1706702400000,10203.842083329102
1706706000000,10203.842083329102
1706709600000,10203.842083329102
1706713200000,10203.842083329102
1706716800000,10203.842083329102
1706720400000,10203.842083329102
1706724000000,10203.842083329102
1706727600000,10203.842083329102
1706731200000,10203.842083329102
1706734800000,10203.842083329102
1706738400000,10203.842083329102
1706742000000,10203.842083329102
1706745600000,10203.842083329102
1706749200000,10203.842083329102
1706752800000,10203.842083329102
1706756400000,10203.842083329102
1706760000000,10203.842083329102
1706763600000,10203.842083329102
1706767200000,10203.842083329102
1706770800000,10203.842083329102
1706774400000,10203.842083329102
1706778000000,10203.842083329102
1706781600000,10203.842083329102
1706785200000,10203.842083329102
1706788800000,10203.842083329102
1706792400000,10203.842083329102
1706796000000,10203.842083329102
1706799600000,10203.842083329102
1706803200000,10203.842083329102
1706806800000,10203.842083329102
1706810400000,10203.842083329102
1706814000000,10203.842083329102
1706817600000,10203.842083329102
1706821200000,10203.842083329102
1706824800000,10203.842083329102
1706828400000,10203.842083329102
1706832000000,10203.842083329102
1706835600000,10203.842083329102
1706839200000,10203.842083329102
1706842800000,10203.842083329102
1706846400000,10203.842083329102
1706850000000,10203.842083329102
1706853600000,10203.842083329102
1706857200000,10203.842083329102
1706860800000,10203.842083329102
1706864400000,10203.842083329102
1706868000000,10203.842083329102
1706871600000,10203.842083329102
1706875200000,10203.842083329102
1706878800000,10203.842083329102
1706882400000,10203.842083329102
1706886000000,10203.842083329102
1706889600000,10203.842083329102
1706893200000,10203.842083329102
1706896800000,10203.842083329102
1706900400000,10203.842083329102
1706904000000,10203.842083329102
1706907600000,10203.842083329102
1706911200000,10203.842083329102
1706914800000,10203.842083329102
1706918400000,10203.842083329102
1706922000000,10203.842083329102
1706925600000,10203.842083329102
1706929200000,10203.842083329102
1706932800000,10203.842083329102
1706936400000,10203.842083329102
1706940000000,10203.842083329102
1706943600000,10203.842083329102
1706947200000,10203.842083329102
1706950800000,10203.842083329102
1706954400000,10203.842083329102
1706958000000,10203.842083329102
1706961600000,10203.842083329102
1706965200000,10203.842083329102
1706968800000,10203.842083329102
1706972400000,10203.842083329102
1706976000000,10203.842083329102
1706979600000,10203.842083329102
1706983200000,10203.842083329102
1706986800000,10203.842083329102
1706990400000,10203.842083329102
1706994000000,10203.842083329102
1706997600000,10203.842083329102
1707001200000,10203.842083329102
1707004800000,10203.842083329102
1707008400000,10203.842083329102
1707012000000,10203.842083329102
1707015600000,10203.842083329102
1707019200000,10203.842083329102
1707022800000,10203.842083329102
1707026400000,10203.842083329102
1707030000000,10203.842083329102
1707033600000,10203.842083329102
1707037200000,10203.842083329102
1707040800000,10203.842083329102
1707044400000,10203.842083329102
1707048000000,10203.842083329102
1707051600000,10203.842083329102
1707055200000,10203.842083329102
1707058800000,10203.842083329102
1707062400000,10203.842083329102
1707066000000,10203.842083329102
1707069600000,10203.842083329102
1707073200000,10203.842083329102
1707076800000,10203.842083329102
1707080400000,10203.842083329102
1707084000000,10203.842083329102
1707087600000,10203.842083329102
1707091200000,10203.842083329102
1707094800000,10203.842083329102
1707098400000,10203.842083329102
1707102000000,10203.842083329102
1707105600000,10203.842083329102
1707109200000,10203.842083329102
1707112800000,10203.842083329102
1707116400000,10203.842083329102
1707120000000,10203.842083329102
1707123600000,10203.842083329102
1707127200000,10203.842083329102
1707130800000,10203.842083329102
1707134400000,10203.842083329102
1707138000000,10203.842083329102
1707141600000,10203.842083329102
1707145200000,10203.842083329102
1707148800000,10203.842083329102
1707152400000,10203.842083329102
1707156000000,10203.842083329102
1707159600000,10203.842083329102
1707163200000,10203.842083329102
1707166800000,10203.842083329102
1707170400000,10203.842083329102
1707174000000,10203.842083329102
1707177600000,10203.842083329102
1707181200000,10203.842083329102
1707184800000,10203.842083329102
1707188400000,10203.842083329102
1707192000000,10203.842083329102
1707195600000,10203.842083329102
1707199200000,10203.842083329102
1707202800000,10203.842083329102
1707206400000,10203.842083329102
1707210000000,10203.842083329102
1707213600000,10203.842083329102
1707217200000,10203.842083329102
1707220800000,10203.842083329102
1707224400000,10203.842083329102
1707228000000,10203.842083329102
1707231600000,10203.842083329102
1707235200000,10203.842083329102
1707238800000,10203.842083329102
1707242400000,10203.842083329102
1707246000000,10203.842083329102
1707249600000,10203.91727520641
1707253200000,10204.76802520641
1707256800000,10204.259625206409
1707260400000,10204.472825206409
1707264000000,10202.363036792265
1707267600000,10203.545886792266
1707271200000,10203.283486792267
1707274800000,10202.975986792266
1707278400000,10200.897286792266
1707282000000,10200.071136792267
1707285600000,10200.872686792265
1707289200000,10200.329436792266
1707292800000,10200.067992117254
1707296400000,10200.391892117255
1707300000000,10201.976542117254
1707303600000,10198.827742117255
1707307200000,10200.217642117255
1707310800000,10202.298392117254
1707314400000,10202.171292117255
1707318000000,10200.707592117255
1707321600000,10201.404170532604
1707325200000,10207.297920532603
1707328800000,10210.276570532604
1707332400000,10211.557820532604
1707336000000,10212.189220532602
1707339600000,10215.614770532602
1707343200000,10213.859970532603
1707346800000,10213.355670532603
1707350400000,10213.016924227602
1707354000000,10214.593374227601
1707357600000,10216.114474227601
1707361200000,10214.982874227602
1707364800000,10214.935724227602
1707368400000,10213.258824227602
1707372000000,10212.494174227602
1707375600000,10211.881224227602
1707379200000,10212.307197558053
1707382800000,10212.823797558054
1707386400000,10212.563447558054
1707390000000,10212.399447558055
1707393600000,10213.065697558053
1707397200000,10212.282597558054
1707400800000,10212.600347558055
1707404400000,10216.273947558055
1707408000000,10218.752313361807
1707411600000,10212.407563361807
1707415200000,10213.096363361807
1707418800000,10214.164413361807
1707422400000,10211.86333308899
1707426000000,10211.86333308899
1707429600000,10211.86333308899
1707433200000,10211.86333308899
1707436800000,10211.86333308899
1707440400000,10211.86333308899
1707444000000,10211.86333308899
1707447600000,10211.86333308899
1707451200000,10211.86333308899
1707454800000,10211.86333308899
1707458400000,10211.86333308899
1707462000000,10211.86333308899
1707465600000,10211.86333308899
1707469200000,10211.86333308899
1707472800000,10211.86333308899
1707476400000,10211.86333308899
1707480000000,10211.86333308899
1707483600000,10211.86333308899
1707487200000,10211.86333308899
1707490800000,10211.86333308899
1707494400000,10211.467212885264
1707498000000,10212.441012885263
1707501600000,10217.715012885263
1707505200000,10215.413712885264
1707508800000,10215.221112885263
1707512400000,10215.105012885264
1707516000000,10214.928612885264
1707519600000,10212.551712885263
1707523200000,10211.443012684831
1707526800000,10210.897612684832
1707530400000,10212.856012684832
1707534000000,10213.084612684832
1707537600000,10213.60121268483
1707541200000,10213.882012684831
1707544800000,10213.02251268483
1707548400000,10213.296112684831
1707552000000,10211.756093027485
1707555600000,10211.304293027486
1707559200000,10210.582493027485
1707562800000,10209.007493027486
1707566400000,10211.602193027486
1707570000000,10212.246593027485
1707573600000,10212.941393027486
1707577200000,10212.395093027486
1707580800000,10213.218291899364
1707584400000,10212.328191899363
1707588000000,10211.890791899365
1707591600000,10213.193991899365
1707595200000,10214.668191899364
1707598800000,10218.830691899364
1707602400000,10218.295191899364
1707606000000,10218.042291899364
1707609600000,10217.12273000708
1707613200000,10216.81673000708
1707616800000,10215.99593000708
1707620400000,10217.228930007079
1707624000000,10223.86283000708
1707627600000,10221.836930007079
1707631200000,10221.34553000708
1707634800000,10221.36083000708
1707638400000,10220.64157781708
1707642000000,10220.35897781708
1707645600000,10220.28787781708
1707649200000,10220.89627781708
1707652800000,10222.55047781708
1707656400000,10221.75577781708
1707660000000,10219.85677781708
1707663600000,10221.22477781708
1707667200000,10220.595546547782
1707670800000,10220.116746547781
1707674400000,10221.581946547782
1707678000000,10221.481146547781
1707681600000,10222.025646547781
1707685200000,10219.692846547781
1707688800000,10220.109546547781
1707692400000,10220.181546547781
1707696000000,10221.741878403898
1707699600000,10224.575078403897
1707703200000,10223.620178403899
1707706800000,10220.453078403898
1707710400000,10220.240678403898
1707714000000,10219.741178403898
1707717600000,10219.848278403899
1707721200000,10220.830178403898
1707724800000,10221.180092298178
1707728400000,10220.197292298179
1707732000000,10218.441392298178
1707735600000,10218.168692298179
1707739200000,10217.97159229818
1707742800000,10219.38729229818
1707746400000,10218.48549229818
1707750000000,10225.714292298178
1707753600000,10236.03106438818
1707757200000,10233.26176438818
1707760800000,10235.98606438818
1707764400000,10234.698164388179
1707768000000,10233.57586438818
1707771600000,10237.930964388179
1707775200000,10235.92756438818
1707778800000,10236.913964388179
1707782400000,10236.554022319096
1707786000000,10238.280222319096
1707789600000,10238.410722319095
1707793200000,10236.558522319096
1707796800000,10235.388522319096
1707800400000,10236.263322319095
1707804000000,10237.424322319095
1707807600000,10237.274022319096
1707811200000,10236.934707705892
1707814800000,10238.323407705891
1707818400000,10239.07760770589
1707822000000,10235.957307705892
1707825600000,10236.727707705892
1707829200000,10235.965407705891
1707832800000,10233.054807705892
1707836400000,10225.642407705891
1707840000000,10225.996332615892
1707843600000,10223.471832615893
1707847200000,10226.786532615892
1707850800000,10228.656732615893
1707854400000,10228.244532615892
1707858000000,10231.075932615891
1707861600000,10233.126132615893
1707865200000,10232.005632615892
1707868800000,10233.797805062806
1707872400000,10232.080605062805
1707876000000,10231.429905062807
1707879600000,10232.261505062806
1707883200000,10232.734905062805
1707886800000,10231.501905062805
1707890400000,10232.860005062807
1707894000000,10233.831105062805
1707897600000,10235.59524736834
1707901200000,10243.902247368338
1707904800000,10250.455147368339
1707908400000,10248.54894736834
1707912000000,10251.111247368339
1707915600000,10250.91234736834
1707919200000,10252.355047368339
1707922800000,10253.797747368339
1707926400000,10251.891194946014
1707930000000,10251.025394946015
1707933600000,10251.820094946015
1707937200000,10250.128994946015
1707940800000,10251.857894946015
1707944400000,10251.514094946015
1707948000000,10252.585994946015
1707951600000,10252.711994946014
1707955200000,10252.94436678658
1707958800000,10257.596466786581
1707962400000,10254.230466786581
1707966000000,10255.64256678658
1707969600000,10257.78636678658
1707973200000,10256.36886678658
1707976800000,10254.46266678658
1707980400000,10254.70836678658
1707984000000,10252.63674462658
1707987600000,10254.57894462658
1707991200000,10256.17284462658
1707994800000,10257.51474462658
1707998400000,10258.11864462658
1708002000000,10257.76944462658
1708005600000,10256.56974462658
1708009200000,10260.57474462658
1708012800000,10254.036431361446
1708016400000,10254.036431361446
1708020000000,10254.036431361446
1708023600000,10254.036431361446
1708027200000,10254.036431361446
1708030800000,10254.036431361446
1708034400000,10254.036431361446
1708038000000,10254.036431361446
1708041600000,10254.036431361446
1708045200000,10254.036431361446
1708048800000,10254.036431361446
1708052400000,10254.036431361446
1708056000000,10254.036431361446
1708059600000,10254.036431361446
1708063200000,10254.036431361446
1708066800000,10254.036431361446
1708070400000,10254.036431361446
1708074000000,10254.036431361446
1708077600000,10254.036431361446
1708081200000,10254.036431361446
1708084800000,10254.036431361446
1708088400000,10254.036431361446
1708092000000,10254.036431361446
1708095600000,10254.036431361446
1708099200000,10254.036431361446
1708102800000,10254.036431361446
1708106400000,10254.036431361446
1708110000000,10254.036431361446
1708113600000,10254.036431361446
1708117200000,10254.036431361446
1708120800000,10254.036431361446
1708124400000,10254.036431361446
1708128000000,10254.036431361446
1708131600000,10254.036431361446
1708135200000,10254.036431361446
1708138800000,10254.036431361446
1708142400000,10254.036431361446
1708146000000,10254.036431361446
1708149600000,10254.036431361446
1708153200000,10254.036431361446
1708156800000,10254.036431361446
1708160400000,10254.036431361446
1708164000000,10254.036431361446
1708167600000,10254.036431361446
1708171200000,10254.036431361446
1708174800000,10254.036431361446
1708178400000,10254.036431361446
1708182000000,10254.036431361446
1708185600000,10254.036431361446
1708189200000,10254.036431361446
1708192800000,10254.036431361446
1708196400000,10254.036431361446
1708200000000,10254.036431361446
1708203600000,10254.036431361446
1708207200000,10254.036431361446
1708210800000,10254.036431361446
1708214400000,10254.036431361446
1708218000000,10254.036431361446
1708221600000,10254.036431361446
1708225200000,10254.036431361446
1708228800000,10254.036431361446
1708232400000,10254.036431361446
1708236000000,10254.036431361446
1708239600000,10254.036431361446
1708243200000,10254.036431361446
1708246800000,10254.036431361446
1708250400000,10254.036431361446
1708254000000,10254.036431361446
1708257600000,10254.036431361446
1708261200000,10254.036431361446
1708264800000,10254.036431361446
1708268400000,10254.036431361446
1708272000000,10254.036431361446
1708275600000,10254.036431361446
1708279200000,10254.036431361446
1708282800000,10254.036431361446
1708286400000,10254.036431361446
1708290000000,10254.036431361446
1708293600000,10254.036431361446
1708297200000,10254.036431361446
1708300800000,10254.036431361446
1708304400000,10254.036431361446
1708308000000,10254.036431361446
1708311600000,10254.036431361446
1708315200000,10254.036431361446
1708318800000,10254.036431361446
1708322400000,10254.036431361446
1708326000000,10254.036431361446
1708329600000,10254.036431361446
1708333200000,10254.036431361446
1708336800000,10254.036431361446
1708340400000,10254.036431361446
1708344000000,10254.036431361446
1708347600000,10254.036431361446
1708351200000,10254.036431361446
1708354800000,10254.036431361446
1708358400000,10254.036431361446
1708362000000,10254.036431361446
1708365600000,10254.036431361446
1708369200000,10254.036431361446
1708372800000,10254.036431361446
1708376400000,10254.036431361446
1708380000000,10254.036431361446
1708383600000,10254.036431361446
1708387200000,10254.036431361446
1708390800000,10254.036431361446
1708394400000,10254.036431361446
1708398000000,10254.036431361446
1708401600000,10254.036431361446
1708405200000,10254.036431361446
1708408800000,10254.036431361446
1708412400000,10254.036431361446
1708416000000,10254.036431361446
1708419600000,10254.036431361446
1708423200000,10254.036431361446
1708426800000,10254.036431361446
1708430400000,10254.036431361446
1708434000000,10254.036431361446
1708437600000,10254.036431361446
1708441200000,10254.036431361446
1708444800000,10254.036431361446
1708448400000,10254.036431361446
1708452000000,10254.036431361446
1708455600000,10254.036431361446
1708459200000,10254.036431361446
1708462800000,10254.036431361446
1708466400000,10254.036431361446
1708470000000,10254.036431361446
1708473600000,10254.036431361446
1708477200000,10254.036431361446
1708480800000,10254.036431361446
1708484400000,10254.036431361446
1708488000000,10254.036431361446
1708491600000,10254.036431361446
1708495200000,10254.036431361446
1708498800000,10254.036431361446
1708502400000,10254.036431361446
1708506000000,10254.036431361446
1708509600000,10254.036431361446
1708513200000,10254.036431361446
1708516800000,10254.036431361446
1708520400000,10254.036431361446
1708524000000,10254.036431361446
1708527600000,10254.036431361446
1708531200000,10254.036431361446
1708534800000,10254.036431361446
1708538400000,10254.036431361446
1708542000000,10254.036431361446
1708545600000,10254.036431361446
1708549200000,10254.036431361446
1708552800000,10254.036431361446
1708556400000,10254.036431361446
1708560000000,10254.036431361446
1708563600000,10254.036431361446
1708567200000,10254.036431361446
1708570800000,10254.036431361446
1708574400000,10254.036431361446
1708578000000,10254.036431361446
1708581600000,10254.036431361446
1708585200000,10254.036431361446
1708588800000,10254.036431361446
1708592400000,10254.036431361446
1708596000000,10254.036431361446
1708599600000,10254.036431361446
1708603200000,10253.926834168964
1708606800000,10252.906894168964
1708610400000,10249.622794168965
1708614000000,10251.754344168965
1708617600000,10253.181118031964
1708621200000,10252.522518031963
1708624800000,10253.273678031963
1708628400000,10253.834378031963
1708632000000,10253.310168031963
1708635600000,10255.455068031964
1708639200000,10253.689308031964
1708642800000,10253.748938031964
1708646400000,10252.055511144768
1708650000000,10253.813261144769
1708653600000,10252.842271144767
1708657200000,10249.471841144768
1708660800000,10250.423251144768
1708664400000,10250.379641144767
1708668000000,10250.991961144768
1708671600000,10251.394241144768
1708675200000,10248.571739722523
1708678800000,10247.948739722524
1708682400000,10249.114639722524
1708686000000,10249.284629722524
1708689600000,10249.501789722524
1708693200000,10248.302959722523
1708696800000,10249.264159722523
1708700400000,10249.451949722523
1708704000000,10246.886820024523
1708707600000,10248.524420024523
1708711200000,10249.627130024524
1708714800000,10249.693880024524
1708718400000,10249.663620024525
1708722000000,10250.319550024524
1708725600000,10249.509650024524
1708729200000,10247.751010024524
1708732800000,10247.80153690778
1708736400000,10248.38715690778
1708740000000,10246.85991690778
1708743600000,10247.52029690778
1708747200000,10248.437886907781
1708750800000,10249.91261690778
1708754400000,10249.815606907781
1708758000000,10249.855656907781
1708761600000,10251.253269370362
1708765200000,10250.169249370363
1708768800000,10250.792249370363
1708772400000,10250.674769370362
1708776000000,10250.941769370362
1708779600000,10250.719269370362
1708783200000,10251.532729370363
1708786800000,10250.897269370362
1708790400000,10250.554116431362
1708794000000,10251.30616643136
1708797600000,10254.430066431361
1708801200000,10253.227676431361
1708804800000,10253.252596431363
1708808400000,10253.283746431362
1708812000000,10253.441276431362
1708815600000,10253.461746431361
1708819200000,10253.751046360361
1708822800000,10254.184476360362
1708826400000,10255.76244636036
1708830000000,10257.029806360362
1708833600000,10256.781496360361
1708837200000,10256.23414636036
1708840800000,10257.48904636036
1708844400000,10257.609196360361
1708848000000,10257.190538621386
1708851600000,10256.214208621386
1708855200000,10256.329018621385
1708858800000,10256.560418621386
1708862400000,10258.068078621385
1708866000000,10258.506848621386
1708869600000,10257.819768621386
1708873200000,10260.689128621385
1708876800000,10258.117654623444
1708880400000,10258.051794623445
1708884000000,10259.869174623444
1708887600000,10260.078324623444
1708891200000,10261.933084623444
1708894800000,10263.422054623445
1708898400000,10264.356554623444
1708902000000,10263.800304623444
1708905600000,10264.164906456497
1708909200000,10264.507556456498
1708912800000,10263.946856456498
1708916400000,10262.627876456498
1708920000000,10263.751946456498
1708923600000,10263.530336456497
1708927200000,10263.856076456497
1708930800000,10264.247676456498
1708934400000,10262.08728755459
1708938000000,10262.439727554589
1708941600000,10258.02977755459
1708945200000,10259.11379755459
1708948800000,10259.24907755459
1708952400000,10259.81600755459
1708956000000,10259.67894755459
1708959600000,10263.34752755459
1708963200000,10266.605400382112
1708966800000,10267.781980382111
1708970400000,10266.97030038211
1708974000000,10266.00732038211
1708977600000,10270.275760382112
1708981200000,10270.303350382112
1708984800000,10270.694060382111
1708988400000,10270.45287038211
1708992000000,10269.79268288111
1708995600000,10269.17769288111
1708999200000,10273.29127288111
1709002800000,10276.15084288111
1709006400000,10272.83737288111
1709010000000,10272.81067288111
1709013600000,10273.96856288111
1709017200000,10274.54884288111
1709020800000,10273.473814399893
1709024400000,10273.787094399893
1709028000000,10276.952824399894
1709031600000,10276.898534399894
1709035200000,10276.611954399894
1709038800000,10276.525624399894
1709042400000,10277.721784399893
1709046000000,10276.877174399893
1709049600000,10274.395975793776
1709053200000,10274.961125793776
1709056800000,10273.562935793776
1709060400000,10274.915735793777
1709064000000,10276.279215793777
1709067600000,10276.048705793775
1709071200000,10275.943685793776
1709074800000,10276.063835793777
1709078400000,10275.2683041965
1709082000000,10276.373684196498
1709085600000,10274.819744196499
1709089200000,10275.395574196498
1709092800000,10275.753354196499
1709096400000,10277.239654196499
1709100000000,10276.442214196499
1709103600000,10276.711884196498
1709107200000,10280.422437175479
1709110800000,10282.499697175479
1709114400000,10285.462507175478
1709118000000,10284.408747175477
1709121600000,10279.799437175478
1709125200000,10281.428137175479
1709128800000,10285.131427175478
1709132400000,10285.297857175477
1709136000000,10284.759392581916
1709139600000,10290.647632581917
1709143200000,10284.495062581916
1709146800000,10282.678572581917
1709150400000,10280.408182581916
1709154000000,10279.746912581917
1709157600000,10282.303882581917
1709161200000,10283.727882581916
1709164800000,10287.328112090094
1709168400000,10287.328112090094
1709172000000,10287.328112090094
1709175600000,10287.328112090094
1709179200000,10287.045485635823
1709182800000,10289.420725635822
1709186400000,10291.261485635823
1709190000000,10291.855125635822
1709193600000,10291.415374786608
1709197200000,10291.966854786608
1709200800000,10290.929174786608
1709204400000,10291.439174786608
1709208000000,10294.595054786609
1709211600000,10291.088974786608
1709215200000,10292.127334786608
1709218800000,10291.085574786608
1709222400000,10291.04354824472
1709226000000,10289.02258824472
1709229600000,10286.00066824472
1709233200000,10284.768508244719
1709236800000,10286.49910824472
1709240400000,10285.80686824472
1709244000000,10282.839348244719
1709247600000,10281.60378824472
1709251200000,10282.257053950238
1709254800000,10284.422853950238
1709258400000,10284.507853950237
1709262000000,10283.799293950238
1709265600000,10284.075373950238
1709269200000,10284.756053950237
1709272800000,10284.064493950238
1709276400000,10285.218453950238
1709280000000,10283.777768517002
1709283600000,10287.787048517002
1709287200000,10287.827848517001
1709290800000,10286.636488517002
1709294400000,10286.957448517001
1709298000000,10287.710208517003
1709301600000,10288.792088517002
1709305200000,10287.489208517001
1709308800000,10285.55462089673
1709312400000,10285.294860896729
1709316000000,10287.122700896729
1709319600000,10288.181460896729
1709323200000,10288.061780896729
1709326800000,10288.297740896729
1709330400000,10287.68098089673
1709334000000,10288.457540896728
1709337600000,10288.267915809824
1709341200000,10289.443635809825
1709344800000,10289.016595809824
1709348400000,10288.382155809824
1709352000000,10288.826195809825
1709355600000,10287.685835809823
1709359200000,10287.164955809823
1709362800000,10288.642595809824
1709366400000,10287.928325767898
1709370000000,10287.313605767898
1709373600000,10285.8958057679
1709377200000,10286.477205767898
1709380800000,10286.002565767898
1709384400000,10287.114365767899
1709388000000,10286.201805767898
1709391600000,10286.703645767899
1709395200000,10286.816966579367
1709398800000,10287.166486579366
1709402400000,10286.557206579366
1709406000000,10287.658126579367
1709409600000,10287.479286579366
1709413200000,10286.198846579366
1709416800000,10286.158046579367
1709420400000,10285.988046579367
1709424000000,10287.057071303057
1709427600000,10287.575911303058
1709431200000,10287.487511303058
1709434800000,10286.639551303057
1709438400000,10287.676551303057
1709442000000,10288.480991303057
1709445600000,10287.005391303057
1709449200000,10286.269631303057
1709452800000,10285.383414979493
1709456400000,10284.857774979493
1709460000000,10285.747214979492
1709463600000,10285.363014979492
1709467200000,10286.340174979492
1709470800000,10287.045334979493
1709474400000,10287.152774979493
1709478000000,10286.818214979492
1709481600000,10286.952330440745
1709485200000,10290.742650440745
1709488800000,10289.532930440744
1709492400000,10290.119090440745
1709496000000,10289.958610440744
1709499600000,10289.964050440745
1709503200000,10290.426450440746
1709506800000,10290.065370440745
1709510400000,10291.33947457314
1709514000000,10291.41155457314
1709517600000,10290.54795457314
1709521200000,10290.89407457314
1709524800000,10289.95839457314
1709528400000,10291.00287457314
1709532000000,10289.488514573139
1709535600000,10289.937314573139
1709539200000,10290.614650551826
1709542800000,10294.154730551827
1709546400000,10293.348930551827
1709550000000,10291.963770551827
1709553600000,10292.359530551827
1709557200000,10292.414610551827
1709560800000,10291.446290551827
1709564400000,10294.039810551827
1709568000000,10296.20195599278
1709571600000,10295.53555599278
1709575200000,10295.09967599278
1709578800000,10298.10255599278
1709582400000,10297.96927599278
1709586000000,10297.82919599278
1709589600000,10297.44567599278
1709593200000,10299.04095599278
1709596800000,10300.374640865899
1709600400000,10299.5960408659
1709604000000,10301.4327208659
1709607600000,10300.0747608659
1709611200000,10305.0938408659
1709614800000,10304.8769208659
1709618400000,10306.3702008659
1709622000000,10306.4490808659
1709625600000,10304.170928268577
1709629200000,10304.453808268578
1709632800000,10304.634008268577
1709636400000,10306.323128268577
1709640000000,10307.544408268577
1709643600000,10309.060128268577
1709647200000,10310.312688268577
1709650800000,10312.517928268577
1709654400000,10311.423043889077
1709658000000,10303.466363889078
1709661600000,10303.639763889078
1709665200000,10299.300003889077
1709668800000,10289.358993268226
1709672400000,10289.358993268226
1709676000000,10289.358993268226
1709679600000,10289.358993268226
1709683200000,10289.358993268226
1709686800000,10289.358993268226
1709690400000,10289.358993268226
1709694000000,10289.358993268226
1709697600000,10289.358993268226
1709701200000,10289.358993268226
1709704800000,10289.358993268226
1709708400000,10289.358993268226
1709712000000,10289.358993268226
1709715600000,10289.358993268226
1709719200000,10289.358993268226
1709722800000,10289.358993268226
1709726400000,10289.358993268226
1709730000000,10289.358993268226
1709733600000,10289.358993268226
1709737200000,10289.358993268226
1709740800000,10289.358993268226
1709744400000,10289.358993268226
1709748000000,10289.358993268226
1709751600000,10289.358993268226
1709755200000,10289.358993268226
1709758800000,10289.358993268226
1709762400000,10289.358993268226
1709766000000,10289.358993268226
1709769600000,10289.358993268226
1709773200000,10289.358993268226
1709776800000,10289.358993268226
1709780400000,10289.358993268226
1709784000000,10289.358993268226
1709787600000,10289.358993268226
1709791200000,10289.358993268226
1709794800000,10289.358993268226
1709798400000,10289.358993268226
1709802000000,10289.358993268226
1709805600000,10289.358993268226
1709809200000,10289.358993268226
1709812800000,10289.358993268226
1709816400000,10289.358993268226
1709820000000,10289.358993268226
1709823600000,10289.358993268226
1709827200000,10289.358993268226
1709830800000,10289.358993268226
1709834400000,10289.358993268226
1709838000000,10289.358993268226
1709841600000,10289.358993268226
1709845200000,10289.358993268226
1709848800000,10289.358993268226
1709852400000,10289.358993268226
1709856000000,10289.358993268226
1709859600000,10289.358993268226
1709863200000,10289.358993268226
1709866800000,10289.358993268226
1709870400000,10289.358993268226
1709874000000,10289.358993268226
1709877600000,10289.358993268226
1709881200000,10289.358993268226
1709884800000,10289.358993268226
1709888400000,10289.358993268226
1709892000000,10289.358993268226
1709895600000,10289.358993268226
1709899200000,10289.358993268226
1709902800000,10289.358993268226
1709906400000,10289.358993268226
1709910000000,10289.358993268226
1709913600000,10289.358993268226
1709917200000,10289.358993268226
1709920800000,10289.358993268226
1709924400000,10289.358993268226
1709928000000,10289.358993268226
1709931600000,10289.358993268226
1709935200000,10289.358993268226
1709938800000,10289.358993268226
1709942400000,10289.358993268226
1709946000000,10289.358993268226
1709949600000,10289.358993268226
1709953200000,10289.358993268226
1709956800000,10289.358993268226
1709960400000,10289.358993268226
1709964000000,10289.358993268226
1709967600000,10289.358993268226
1709971200000,10289.358993268226
1709974800000,10289.358993268226
1709978400000,10289.358993268226
1709982000000,10289.358993268226
1709985600000,10289.358993268226
1709989200000,10289.358993268226
1709992800000,10289.358993268226
1709996400000,10289.358993268226
1710000000000,10289.358993268226
1710003600000,10289.358993268226
1710007200000,10289.358993268226
1710010800000,10289.358993268226
1710014400000,10289.358993268226
1710018000000,10289.358993268226
1710021600000,10289.358993268226
1710025200000,10289.358993268226
1710028800000,10289.358993268226
1710032400000,10289.358993268226
1710036000000,10289.358993268226
1710039600000,10289.358993268226
1710043200000,10289.358993268226
1710046800000,10289.358993268226
1710050400000,10289.358993268226
1710054000000,10289.358993268226
1710057600000,10289.358993268226
1710061200000,10289.358993268226
1710064800000,10289.358993268226
1710068400000,10289.358993268226
1710072000000,10289.358993268226
1710075600000,10289.358993268226
1710079200000,10289.358993268226
1710082800000,10289.358993268226
1710086400000,10289.358993268226
1710090000000,10289.358993268226
1710093600000,10289.358993268226
1710097200000,10289.358993268226
1710100800000,10289.358993268226
1710104400000,10289.358993268226
1710108000000,10289.358993268226
1710111600000,10289.358993268226
1710115200000,10289.358993268226
1710118800000,10289.358993268226
1710122400000,10289.358993268226
1710126000000,10289.358993268226
1710129600000,10289.358993268226
1710133200000,10289.358993268226
1710136800000,10289.358993268226
1710140400000,10289.358993268226
1710144000000,10289.358993268226
1710147600000,10289.358993268226
1710151200000,10289.358993268226
1710154800000,10289.358993268226
1710158400000,10289.358993268226
1710162000000,10289.358993268226
1710165600000,10289.358993268226
1710169200000,10289.358993268226
1710172800000,10289.358993268226
1710176400000,10289.358993268226
1710180000000,10289.358993268226
1710183600000,10289.358993268226
1710187200000,10289.358993268226
1710190800000,10289.358993268226
1710194400000,10289.358993268226
1710198000000,10289.358993268226
1710201600000,10289.358993268226
1710205200000,10289.358993268226
1710208800000,10289.358993268226
1710212400000,10289.358993268226
1710216000000,10289.358993268226
1710219600000,10289.358993268226
1710223200000,10289.358993268226
1710226800000,10289.358993268226
1710230400000,10289.358993268226
1710234000000,10289.358993268226
1710237600000,10289.358993268226
1710241200000,10289.358993268226
1710244800000,10289.358993268226
1710248400000,10289.358993268226
1710252000000,10289.358993268226
1710255600000,10289.358993268226
1710259200000,10289.358993268226
1710262800000,10289.358993268226
1710266400000,10289.358993268226
1710270000000,10289.358993268226
1710273600000,10289.358993268226
1710277200000,10289.358993268226
1710280800000,10289.358993268226
1710284400000,10289.358993268226
1710288000000,10289.358993268226
1710291600000,10289.358993268226
1710295200000,10289.358993268226
1710298800000,10289.358993268226
1710302400000,10289.358993268226
1710306000000,10289.358993268226
1710309600000,10289.358993268226
1710313200000,10289.358993268226
1710316800000,10289.358993268226
1710320400000,10289.358993268226
1710324000000,10289.358993268226
1710327600000,10289.358993268226
1710331200000,10289.358993268226
1710334800000,10289.358993268226
1710338400000,10289.358993268226
1710342000000,10289.358993268226
1710345600000,10289.358993268226
1710349200000,10289.358993268226
1710352800000,10289.358993268226
1710356400000,10289.358993268226
1710360000000,10289.358993268226
1710363600000,10289.358993268226
1710367200000,10289.358993268226
1710370800000,10289.358993268226
1710374400000,10289.358993268226
1710378000000,10289.358993268226
1710381600000,10289.358993268226
1710385200000,10289.358993268226
1710388800000,10289.358993268226
1710392400000,10289.358993268226
1710396000000,10289.358993268226
1710399600000,10289.358993268226
1710403200000,10289.358993268226
1710406800000,10289.358993268226
1710410400000,10289.358993268226
1710414000000,10289.358993268226
1710417600000,10289.358993268226
1710421200000,10289.358993268226
1710424800000,10289.358993268226
1710428400000,10289.358993268226
1710432000000,10289.358993268226
1710435600000,10289.358993268226
1710439200000,10289.358993268226
1710442800000,10289.358993268226
1710446400000,10289.358993268226
1710450000000,10289.358993268226
1710453600000,10289.358993268226
1710457200000,10289.358993268226
1710460800000,10289.358993268226
1710464400000,10289.358993268226
1710468000000,10289.358993268226
1710471600000,10289.358993268226
1710475200000,10289.358993268226
1710478800000,10289.358993268226
1710482400000,10289.358993268226
1710486000000,10289.358993268226
1710489600000,10289.358993268226
1710493200000,10289.358993268226
1710496800000,10289.358993268226
1710500400000,10289.358993268226
1710504000000,10289.358993268226
1710507600000,10289.358993268226
1710511200000,10289.358993268226
1710514800000,10289.358993268226
1710518400000,10289.358993268226
1710522000000,10289.358993268226
1710525600000,10289.358993268226
1710529200000,10289.358993268226
1710532800000,10289.358993268226
1710536400000,10289.358993268226
1710540000000,10289.358993268226
1710543600000,10289.358993268226
1710547200000,10289.358993268226
1710550800000,10289.358993268226
1710554400000,10289.358993268226
1710558000000,10289.358993268226
1710561600000,10289.358993268226
1710565200000,10289.358993268226
1710568800000,10289.358993268226
1710572400000,10289.358993268226
1710576000000,10289.358993268226
1710579600000,10289.358993268226
1710583200000,10289.358993268226
1710586800000,10289.358993268226
1710590400000,10289.358993268226
1710594000000,10289.358993268226
1710597600000,10289.358993268226
1710601200000,10289.358993268226
1710604800000,10289.358993268226
1710608400000,10289.358993268226
1710612000000,10289.358993268226
1710615600000,10289.358993268226
1710619200000,10289.358993268226
1710622800000,10289.358993268226
1710626400000,10289.358993268226
1710630000000,10289.358993268226
1710633600000,10289.358993268226
1710637200000,10289.358993268226
1710640800000,10289.358993268226
1710644400000,10289.358993268226
1710648000000,10289.358993268226
1710651600000,10289.358993268226
1710655200000,10289.358993268226
1710658800000,10289.358993268226
1710662400000,10289.358993268226
1710666000000,10289.358993268226
1710669600000,10289.358993268226
1710673200000,10289.358993268226
1710676800000,10289.358993268226
1710680400000,10289.358993268226
1710684000000,10289.358993268226
1710687600000,10289.358993268226
1710691200000,10289.358993268226
1710694800000,10289.358993268226
1710698400000,10289.358993268226
1710702000000,10289.358993268226
1710705600000,10289.358993268226
1710709200000,10289.358993268226
1710712800000,10289.358993268226
1710716400000,10289.358993268226
1710720000000,10289.358993268226
1710723600000,10289.358993268226
1710727200000,10289.358993268226
1710730800000,10289.358993268226
1710734400000,10289.358993268226
1710738000000,10289.358993268226
1710741600000,10289.358993268226
1710745200000,10289.358993268226
1710748800000,10289.358993268226
1710752400000,10289.358993268226
1710756000000,10289.358993268226
1710759600000,10289.358993268226
1710763200000,10289.358993268226
1710766800000,10289.358993268226
1710770400000,10289.358993268226
1710774000000,10289.358993268226
1710777600000,10289.358993268226
1710781200000,10289.358993268226
1710784800000,10289.358993268226
1710788400000,10289.358993268226
1710792000000,10289.358993268226
1710795600000,10289.358993268226
1710799200000,10289.358993268226
1710802800000,10289.358993268226
1710806400000,10289.358993268226
1710810000000,10289.358993268226
1710813600000,10289.358993268226
1710817200000,10289.358993268226
1710820800000,10289.358993268226
1710824400000,10289.358993268226
1710828000000,10289.358993268226
1710831600000,10289.358993268226
1710835200000,10289.358993268226
1710838800000,10289.358993268226
1710842400000,10289.358993268226
1710846000000,10289.358993268226
1710849600000,10289.358993268226
1710853200000,10289.358993268226
1710856800000,10289.358993268226
1710860400000,10289.358993268226
1710864000000,10289.358993268226
1710867600000,10289.358993268226
1710871200000,10289.358993268226
1710874800000,10289.358993268226
1710878400000,10289.358993268226
1710882000000,10289.358993268226
1710885600000,10289.358993268226
1710889200000,10289.358993268226
1710892800000,10289.358993268226
1710896400000,10289.358993268226
1710900000000,10289.358993268226
1710903600000,10289.358993268226
1710907200000,10289.358993268226
1710910800000,10289.358993268226
1710914400000,10289.358993268226
1710918000000,10289.358993268226
1710921600000,10289.358993268226
1710925200000,10289.358993268226
1710928800000,10289.358993268226
1710932400000,10289.358993268226
1710936000000,10289.358993268226
1710939600000,10289.358993268226
1710943200000,10289.358993268226
1710946800000,10289.358993268226
1710950400000,10289.358993268226
1710954000000,10289.358993268226
1710957600000,10289.358993268226
1710961200000,10289.358993268226
1710964800000,10289.358993268226
1710968400000,10289.358993268226
1710972000000,10289.358993268226
1710975600000,10289.358993268226
1710979200000,10289.358993268226
1710982800000,10289.358993268226
1710986400000,10289.358993268226
1710990000000,10289.358993268226
1710993600000,10289.358993268226
1710997200000,10289.358993268226
1711000800000,10289.358993268226
1711004400000,10289.358993268226
1711008000000,10289.358993268226
1711011600000,10289.358993268226
1711015200000,10289.358993268226
1711018800000,10289.358993268226
1711022400000,10289.108703624064
1711026000000,10288.625823624065
1711029600000,10290.222783624064
1711033200000,10289.234463624065
1711036800000,10290.700840824207
1711040400000,10289.970520824207
1711044000000,10289.539180824208
1711047600000,10290.100180824207
1711051200000,10289.392960824207
1711054800000,10288.189600824207
1711058400000,10287.801100824208
1711062000000,10287.886600824208
1711065600000,10287.52861687847
1711069200000,10288.63555687847
1711072800000,10288.22737687847
1711076400000,10288.96267687847
1711080000000,10287.85411687847
1711083600000,10288.909276878469
1711087200000,10288.667476878469
1711090800000,10288.842976878468
1711094400000,10289.003982263113
1711098000000,10289.464662263112
1711101600000,10289.131962263113
1711105200000,10288.305462263112
1711108800000,10288.446762263113
1711112400000,10288.082142263112
1711116000000,10287.904422263113
1711119600000,10289.281242263114
1711123200000,10289.961413082807
1711126800000,10289.787833082806
1711130400000,10289.671733082807
1711134000000,10289.851673082809
1711137600000,10290.401993082807
1711141200000,10290.310853082809
1711144800000,10289.719013082806
1711148400000,10290.371333082807
1711152000000,10290.334535355472
1711155600000,10290.402275355473
1711159200000,10290.690575355473
1711162800000,10290.309815355473
1711166400000,10291.061975355473
1711170000000,10290.892655355474
1711173600000,10291.344395355472
1711177200000,10291.080275355473
1711180800000,10291.33117282071
1711184400000,10291.80871282071
1711188000000,10291.45543282071
1711191600000,10291.21171282071
1711195200000,10291.45039282071
1711198800000,10291.41937282071
1711202400000,10291.337532820711
1711206000000,10290.79915282071
1711209600000,10291.087940365931
1711213200000,10292.16638036593
1711216800000,10292.580200365932
1711220400000,10291.784300365933
1711224000000,10291.134860365932
1711227600000,10291.474940365932
1711231200000,10291.21460036593
1711234800000,10291.232840365932
1711238400000,10291.139592001346
1711242000000,10291.467732001347
1711245600000,10291.581312001346
1711249200000,10291.313712001345
1711252800000,10292.089332001346
1711256400000,10292.167812001346
1711260000000,10292.301252001345
1711263600000,10292.024952001346
1711267200000,10292.305501749634
1711270800000,10292.648341749633
1711274400000,10292.183941749634
1711278000000,10292.217601749633
1711281600000,10292.650561749633
1711285200000,10292.878501749634
1711288800000,10292.464861749633
1711292400000,10292.853301749634
1711296000000,10292.89650812685
1711299600000,10293.16854812685
1711303200000,10293.44508812685
1711306800000,10293.969368126849
1711310400000,10294.20846812685
1711314000000,10293.70746812685
1711317600000,10294.273568126851
1711321200000,10294.669208126848
1711324800000,10294.875043030725
1711328400000,10294.179463030723
1711332000000,10294.105783030725
1711335600000,10293.968083030724
1711339200000,10295.198083030724
1711342800000,10294.049443030724
1711346400000,10293.787303030724
1711350000000,10294.069183030724
1711353600000,10294.237591048275
1711357200000,10294.238191048276
1711360800000,10294.292851048274
1711364400000,10294.172251048274
1711368000000,10294.542751048275
1711371600000,10294.617211048275
1711375200000,10295.965351048275
1711378800000,10297.343252597339
1711382400000,10297.720888804699
1711386000000,10299.004588804699
1711389600000,10300.0803888047
1711393200000,10300.715488804699
1711396800000,10301.5887888047
1711400400000,10301.099488804699
1711404000000,10298.1051888047
1711407600000,10299.238888804699
1711411200000,10297.95681190222
1711414800000,10297.92711190222
1711418400000,10298.810911902221
1711422000000,10299.64761190222
1711425600000,10299.519511902221
1711429200000,10299.99681190222
1711432800000,10299.09681190222
1711436400000,10300.19751190222
1711440000000,10299.384698781543
1711443600000,10300.304498781545
1711447200000,10301.619398781544
1711450800000,10300.940798781543
1711454400000,10300.229198781544
1711458000000,10301.421698781543
1711461600000,10299.667898781543
1711465200000,10298.788298781545
1711468800000,10299.05283802758
1711472400000,10297.549538027579
1711476000000,10298.32263802758
1711479600000,10298.017538027578
1711483200000,10296.604238027578
1711486800000,10297.840238027578
1711490400000,10298.154338027578
1711494000000,10298.93193802758
1711497600000,10298.04111397361
1711501200000,10299.86931397361
1711504800000,10298.98251397361
1711508400000,10299.81351397361
1711512000000,10299.280413973609
1711515600000,10298.69721397361
1711519200000,10299.433713973609
1711522800000,10298.96391397361
1711526400000,10297.531955354347
1711530000000,10296.896555354346
1711533600000,10298.278055354347
1711537200000,10298.425355354346
1711540800000,10298.905055354346
1711544400000,10298.828255354347
1711548000000,10297.907855354346
1711551600000,10298.189555354347
1711555200000,10295.096652930364
1711558800000,10295.594652930364
1711562400000,10294.166352930364
1711566000000,10293.761052930364
1711569600000,10294.112352930364
1711573200000,10294.769052930364
1711576800000,10294.859052930364
1711580400000,10296.118752930364
1711584000000,10296.16398262007
1711587600000,10297.08378262007
1711591200000,10296.16938262007
1711594800000,10295.43228262007
1711598400000,10295.86968262007
1711602000000,10297.27338262007
1711605600000,10297.11528262007
1711609200000,10299.03828262007
1711612800000,10299.033891845022
1711616400000,10299.632991845021
1711620000000,10299.623091845022
1711623600000,10300.442091845021
1711627200000,10299.935391845022
1711630800000,10300.28939184502
1711634400000,10300.355691845021
1711638000000,10302.372891845022
1711641600000,10301.552727141607
1711645200000,10299.958827141607
1711648800000,10300.191327141607
1711652400000,10299.402927141608
1711656000000,10300.106427141607
1711659600000,10299.845427141607
1711663200000,10300.192827141607
1711666800000,10300.327827141607
1711670400000,10299.988145931227
1711674000000,10299.896045931227
1711677600000,10300.137845931227
1711681200000,10299.646145931227
1711684800000,10299.053345931226
1711688400000,10298.843645931227
1711692000000,10298.446445931228
1711695600000,10299.048845931227
1711699200000,10297.49580047796
1711702800000,10297.68840047796
1711706400000,10296.840600477959
1711710000000,10298.04330047796
1711713600000,10298.31480047796
1711717200000,10298.19330047796
1711720800000,10298.73660047796
1711724400000,10297.62180047796
1711728000000,10295.462150099378
1711731600000,10295.376050099378
1711735200000,10295.926550099377
1711738800000,10296.036350099377
1711742400000,10296.689750099378
1711746000000,10296.498650099378
1711749600000,10296.013850099378
1711753200000,10296.842750099377
1711756800000,10297.200899507088
1711760400000,10297.330499507088
1711764000000,10297.627499507087
1711767600000,10297.408499507088
1711771200000,10296.878999507087
1711774800000,10298.041499507088
1711778400000,10297.592999507087
1711782000000,10297.562999507089
1711785600000,10297.179132607256
1711789200000,10297.444032607256
1711792800000,10297.634832607257
1711796400000,10297.750332607256
1711800000000,10298.197632607256
1711803600000,10298.213832607256
1711807200000,10298.048832607257
1711810800000,10297.729632607257
1711814400000,10297.303417098467
1711818000000,10297.967617098468
1711821600000,10297.482517098468
1711825200000,10297.118917098467
1711828800000,10297.055617098467
1711832400000,10296.914917098467
1711836000000,10296.594517098467
1711839600000,10296.596917098466
1711843200000,10296.245234365839
1711846800000,10296.990734365838
1711850400000,10297.459034365838
1711854000000,10297.386734365838
1711857600000,10297.160234365838
1711861200000,10297.680734365838
1711864800000,10298.481434365838
1711868400000,10298.186234365838
1711872000000,10298.237044128588
1711875600000,10298.158144128589
1711879200000,10298.027344128588
1711882800000,10298.182444128588
1711886400000,10298.558044128587
1711890000000,10298.853244128588
1711893600000,10299.019444128588
1711897200000,10298.850844128589
1711900800000,10298.435973399506
1711904400000,10298.678673399507
1711908000000,10298.738373399507
1711911600000,10299.767073399506
1711915200000,10300.735473399505
1711918800000,10299.762873399506
1711922400000,10299.809673399506
1711926000000,10300.164273399507
1711929600000,10300.779360943658
1711933200000,10300.490160943658
1711936800000,10299.624660943658
1711940400000,10299.683460943657
1711944000000,10298.894760943658
1711947600000,10298.469360943658
1711951200000,10294.02305668646
1711954800000,10294.02305668646
1711958400000,10294.02305668646
1711962000000,10294.02305668646
1711965600000,10294.02305668646
1711969200000,10294.02305668646
1711972800000,10294.024392042189
1711976400000,10291.823872042189
1711980000000,10291.88187204219
1711983600000,10297.37331204219
1711987200000,10303.860863221775
1711990800000,10304.328343221776
1711994400000,10305.557943221775
1711998000000,10304.991863221776
1712001600000,10300.010823221775
1712005200000,10299.269583221776
1712008800000,10299.110663221774
1712012400000,10297.899623221776
1712016000000,10297.840128244217
1712019600000,10300.019768244218
1712023200000,10299.413088244217
1712026800000,10314.176408244217
1712030400000,10314.317928244218
1712034000000,10314.475688244218
1712037600000,10313.440968244218
1712041200000,10312.277488244217
1712044800000,10313.969519228218
1712048400000,10317.005239228218
1712052000000,10316.834719228218
1712055600000,10317.944839228217
1712059200000,10320.821639228217
1712062800000,10322.293679228218
1712066400000,10324.731999228217
1712070000000,10323.044199228218
1712073600000,10328.694545665116
1712077200000,10325.882705665115
1712080800000,10324.226225665116
1712084400000,10324.706465665115
1712088000000,10324.713425665115
1712091600000,10324.970945665114
1712095200000,10325.891985665115
1712098800000,10322.240305665115
1712102400000,10323.793313742975
1712106000000,10324.830353742977
1712109600000,10321.671673742976
1712113200000,10321.243633742975
1712116800000,10319.890721306678
1712120400000,10320.174001306677
1712124000000,10321.935281306678
1712127600000,10321.051761306679
1712131200000,10320.579373361848
1712134800000,10317.64873336185
1712138400000,10317.320853361849
1712142000000,10319.515933361849
1712145600000,10318.629573361848
1712149200000,10319.278813361849
1712152800000,10317.805373361849
1712156400000,10316.688493361848
1712160000000,10316.653900633135
1712163600000,10315.592140633134
1712167200000,10318.301820633134
1712170800000,10316.956780633134
1712174400000,10318.216380633134
1712178000000,10318.747180633134
1712181600000,10318.335100633134
1712185200000,10319.224540633133
1712188800000,10319.508779593134
1712192400000,10318.681739593134
1712196000000,10318.764219593133
1712199600000,10322.449139593135
1712203200000,10322.146139593135
1712206800000,10320.202699593134
1712210400000,10319.584099593134
1712214000000,10318.754459593134
1712217600000,10318.551465499577
1712221200000,10317.991825499577
1712224800000,10317.478745499577
1712228400000,10317.033425499578
1712232000000,10317.346785499578
1712235600000,10318.002185499578
1712239200000,10317.790985499578
1712242800000,10317.946705499577
1712246400000,10319.773896383542
1712250000000,10318.961696383541
1712253600000,10319.16081638354
1712257200000,10321.892936383543
1712260800000,10322.915536383542
1712264400000,10325.312936383541
1712268000000,10325.440776383542
1712271600000,10327.031416383543
1712275200000,10327.517524403542
1712278800000,10327.74032440354
1712282400000,10329.43500440354
1712286000000,10330.662644403541
1712289600000,10327.43476440354
1712293200000,10327.867364403543
1712296800000,10327.29444440354
1712300400000,10326.82168440354
1712304000000,10325.919706711773
1712307600000,10327.281546711773
1712311200000,10326.380946711774
1712314800000,10327.635866711773
1712318400000,10329.492386711772
1712322000000,10329.223946711772
1712325600000,10328.429186711774
1712329200000,10326.906186711773
1712332800000,10326.601599311774
1712336400000,10325.918399311775
1712340000000,10324.974239311774
1712343600000,10323.825359311773
1712347200000,10323.886879311774
1712350800000,10323.290919311774
1712354400000,10324.084959311775
1712358000000,10325.418959311775
1712361600000,10326.087701544207
1712365200000,10325.402101544207
1712368800000,10325.414421544207
1712372400000,10324.387181544207
1712376000000,10324.119261544207
1712379600000,10324.424821544208
1712383200000,10324.659501544207
1712386800000,10324.337501544205
1712390400000,10325.381195456208
1712394000000,10324.022635456207
1712397600000,10324.113955456207
1712401200000,10323.543515456207
1712404800000,10323.997395456207
1712408400000,10324.128195456207
1712412000000,10325.460155456207
1712415600000,10324.708315456208
1712419200000,10324.892903460208
1712422800000,10324.623943460208
1712426400000,10325.181183460209
1712430000000,10324.697303460209
1712433600000,10324.040303460208
1712437200000,10322.883583460209
1712440800000,10323.603743460208
1712444400000,10323.81990346021
1712448000000,10326.283280200294
1712451600000,10326.094840200294
1712455200000,10324.704160200294
1712458800000,10324.225280200295
1712462400000,10324.154680200294
1712466000000,10324.279720200295
1712469600000,10323.062400200293
1712473200000,10323.946200200295
1712476800000,10324.335222324293
1712480400000,10324.107702324292
1712484000000,10324.271422324293
1712487600000,10323.494902324293
1712491200000,10323.959902324294
1712494800000,10322.677022324293
1712498400000,10321.919342324292
1712502000000,10322.768622324293
1712505600000,10324.523528979786
1712509200000,10326.169328979784
1712512800000,10326.207048979784
1712516400000,10324.997928979785
1712520000000,10323.563368979785
1712523600000,10322.450808979786
1712527200000,10321.086128979785
1712530800000,10318.906014250499
1712534400000,10319.4382678505
1712538000000,10319.2974678505
1712541600000,10319.6810678505
1712545200000,10319.0326678505
1712548800000,10320.0042678505
1712552400000,10319.712667850501
1712556000000,10321.0614678505
1712559600000,10321.3374678505
1712563200000,10325.252777257965
1712566800000,10330.111577257967
1712570400000,10331.213577257966
1712574000000,10331.610777257965
1712577600000,10331.896377257966
1712581200000,10331.049977257966
1712584800000,10329.983177257966
1712588400000,10329.351977257966
1712592000000,10329.336487547173
1712595600000,10328.975687547172
1712599200000,10328.752887547173
1712602800000,10329.638487547172
1712606400000,10328.849287547173
1712610000000,10328.882487547173
1712613600000,10328.624087547172
1712617200000,10329.932487547172
1712620800000,10328.481323314376
1712624400000,10327.547323314377
1712628000000,10326.960523314376
1712631600000,10327.748123314377
1712635200000,10327.032523314376
1712638800000,10326.783723314376
1712642400000,10326.428123314376
1712646000000,10325.285323314376
1712649600000,10323.107676774069
1712653200000,10324.17927677407
1712656800000,10323.69887677407
1712660400000,10324.53167677407
1712664000000,10325.35007677407
1712667600000,10324.86807677407
1712671200000,10321.139276774069
1712674800000,10316.36740501255
1712678400000,10316.063139349939
1712682000000,10319.227519349937
1712685600000,10318.616619349938
1712689200000,10318.619899349938
1712692800000,10317.371039349939
1712696400000,10317.560459349937
1712700000000,10317.838439349938
1712703600000,10317.176699349939
1712707200000,10318.408112860894
1712710800000,10318.577852860893
1712714400000,10317.123172860895
1712718000000,10320.170292860894
1712721600000,10317.938252860895
1712725200000,10317.089552860894
1712728800000,10315.999772860894
1712732400000,10315.349512860894
1712736000000,10315.919714845844
1712739600000,10317.680254845844
1712743200000,10316.373174845845
1712746800000,10316.900434845844
1712750400000,10316.432214845845
1712754000000,10324.251734845844
1712757600000,10322.443634845844
1712761200000,10320.094334845844
1712764800000,10320.3716053435
1712768400000,10316.383945343501
1712772000000,10317.957525343501
1712775600000,10319.083385343502
1712779200000,10316.494585557955
1712782800000,10316.190385557955
1712786400000,10317.288745557955
1712790000000,10318.190385557955
1712793600000,10317.72573189625
1712797200000,10318.124811896249
1712800800000,10318.581951896249
1712804400000,10317.419291896249
1712808000000,10315.98055189625
1712811600000,10316.240651896249
1712815200000,10315.855351896249
1712818800000,10315.61333189625
1712822400000,10315.025327715815
1712826000000,10314.583147715815
1712829600000,10314.774007715816
1712833200000,10315.349147715815
1712836800000,10316.642487715815
1712840400000,10317.778827715816
1712844000000,10317.534427715816
1712847600000,10316.736887715817
1712851200000,10317.71889336773
1712854800000,10318.069093367729
1712858400000,10318.370713367729
1712862000000,10318.318733367729
1712865600000,10319.21723336773
1712869200000,10318.62783336773
1712872800000,10318.686953367729
1712876400000,10318.49921336773
1712880000000,10317.99669378197
1712883600000,10317.71135378197
1712887200000,10318.867853781969
1712890800000,10319.71523378197
1712894400000,10320.17043378197
1712898000000,10319.84749378197
1712901600000,10319.59737378197
1712905200000,10319.708213781969
1712908800000,10320.49671923583
1712912400000,10319.98613923583
1712916000000,10320.18963923583
1712919600000,10319.607519235831
1712923200000,10320.00197923583
1712926800000,10320.934199235831
1712930400000,10320.55217923583
1712934000000,10319.214459235829
1712937600000,10319.77881816374
1712941200000,10318.64287816374
1712944800000,10322.61319816374
1712948400000,10324.939960660275
1712952000000,10325.244180660275
1712955600000,10324.329880660274
1712959200000,10324.492240660275
1712962800000,10324.471740660276
1712966400000,10323.239594392275
1712970000000,10323.742254392275
1712973600000,10328.521214392274
1712977200000,10324.936174392275
1712980800000,10323.428194392274
1712984400000,10321.227314392274
1712988000000,10321.738994392274
1712991600000,10319.960414392275
1712995200000,10321.076094584274
1712998800000,10321.819014584275
1713002400000,10320.410254584274
1713006000000,10319.415594584274
1713009600000,10319.946134584274
1713013200000,10319.269634584274
1713016800000,10319.925634584273
1713020400000,10320.849774584274
1713024000000,10319.848335890274
1713027600000,10322.715875890273
1713031200000,10326.171355890274
1713034800000,10322.988115890274
1713038400000,10335.032275890275
1713042000000,10348.782855890275
1713045600000,10347.535635890274
1713049200000,10340.468055890275
1713052800000,10341.77189976866
1713056400000,10345.317579768662
1713060000000,10343.072419768661
1713063600000,10346.238439768662
1713067200000,10344.903479768662
1713070800000,10339.011779768662
1713074400000,10336.68051976866
1713078000000,10334.64609976866
1713081600000,10335.77182168066
1713085200000,10336.886201680662
1713088800000,10338.62214168066
1713092400000,10337.92842168066
1713096000000,10340.139961680661
1713099600000,10338.927181680661
1713103200000,10339.991541680662
1713106800000,10339.16006168066
1713110400000,10337.708289400662
1713114000000,10335.705849400661
1713117600000,10337.928869400661
1713121200000,10335.154809400661
1713124800000,10336.511089400661
1713128400000,10337.131009400662
1713132000000,10335.701749400661
1713135600000,10329.942069400662
1713139200000,10330.668207526662
1713142800000,10333.480807526663
1713146400000,10331.757987526662
1713150000000,10331.233187526663
1713153600000,10330.637047526661
1713157200000,10331.206127526662
1713160800000,10329.468547526661
1713164400000,10322.609247526661
1713168000000,10322.385857610889
1713171600000,10322.102957610889
1713175200000,10322.026697610889
1713178800000,10321.121417610888
1713182400000,10323.598637610889
1713186000000,10323.589617610889
1713189600000,10326.681017610888
1713193200000,10332.844137610888
1713196800000,10329.098420178689
1713200400000,10331.447720178689
1713204000000,10332.51700017869
1713207600000,10339.05158017869
1713211200000,10333.97742017869
1713214800000,10335.56330017869
1713218400000,10334.054500178689
1713222000000,10332.77366017869
1713225600000,10334.75600155767
1713229200000,10336.15164155767
1713232800000,10336.01716155767
1713236400000,10334.955261557669
1713240000000,10336.414861557669
1713243600000,10340.507481557668
1713247200000,10338.85764155767
1713250800000,10336.051601557669
1713254400000,10334.024981156852
1713258000000,10335.36568115685
1713261600000,10336.206181156851
1713265200000,10338.75884115685
1713268800000,10335.358301156852
1713272400000,10336.27424115685
1713276000000,10337.314001156852
1713279600000,10339.24428115685
1713283200000,10341.564395476742
1713286800000,10338.009695476741
1713290400000,10339.102755476742
1713294000000,10336.822335476742
1713297600000,10337.944095476741
1713301200000,10337.007655476742
1713304800000,10334.34511547674
1713308400000,10335.035555476741
1713312000000,10335.801622704072
1713315600000,10335.121842704071
1713319200000,10335.261242704071
1713322800000,10335.873782704071
1713326400000,10335.031642704073
1713330000000,10333.704062704071
1713333600000,10335.293222704071
1713337200000,10335.211222704072
1713340800000,10335.619231312088
1713344400000,10336.656531312088
1713348000000,10336.194051312088
1713351600000,10337.607731312088
1713355200000,10339.23051131209
1713358800000,10339.729891312089
1713362400000,10339.895531312088
1713366000000,10344.04473131209
1713369600000,10346.957739746535
1713373200000,10346.403419746533
1713376800000,10342.867579746535
1713380400000,10340.973379746534
1713384000000,10342.619119746534
1713387600000,10344.511679746534
1713391200000,10342.993039746534
1713394800000,10342.292759746535
1713398400000,10343.833104811269
1713402000000,10343.509204811267
1713405600000,10342.733484811268
1713409200000,10341.525624811267
1713412800000,10340.625264811268
1713416400000,10341.389504811268
1713420000000,10343.814244811269
1713423600000,10344.975364811267
1713427200000,10344.466702296113
1713430800000,10343.647522296113
1713434400000,10342.142002296114
1713438000000,10341.296582296112
1713441600000,10338.778362296112
1713445200000,10341.079282296114
1713448800000,10339.077662296113
1713452400000,10335.569702296114
1713456000000,10337.06660038669
1713459600000,10337.999760386689
1713463200000,10339.313400386689
1713466800000,10338.62214038669
1713470400000,10337.629940386689
1713474000000,10337.274880386689
1713477600000,10337.26586038669
1713481200000,10337.091200386689
1713484800000,10337.73175872319
1713488400000,10339.40537872319
1713492000000,10348.22775872319
1713495600000,10347.20931872319
1713499200000,10344.30897872319
1713502800000,10342.03921872319
1713506400000,10342.91169872319
1713510000000,10333.39477872319
1713513600000,10335.913174747646
1713517200000,10333.709014747645
1713520800000,10334.175594747645
1713524400000,10334.833234747644
1713528000000,10334.354354747646
1713531600000,10334.551154747645
1713535200000,10334.383054747645
1713538800000,10336.209194747646
1713542400000,10335.862073917242
1713546000000,10337.271653917242
1713549600000,10336.483633917242
1713553200000,10336.281913917242
1713556800000,10334.470533917241
1713560400000,10335.743173917243
1713564000000,10334.811653917242
1713567600000,10337.300353917242
1713571200000,10338.18886579781
1713574800000,10340.83254579781
1713578400000,10338.65216579781
1713582000000,10338.266765797809
1713585600000,10338.34220579781
1713589200000,10337.34508579781
1713592800000,10337.76492579781
1713596400000,10337.24258579781
1713600000000,10337.772551516402
1713603600000,10338.6319115164
1713607200000,10338.967291516401
1713610800000,10339.638051516402
1713614400000,10338.788531516402
1713618000000,10337.861931516401
1713621600000,10337.472431516402
1713625200000,10337.3855115164
1713628800000,10333.595388644037
1713632400000,10334.533468644036
1713636000000,10329.783208644038
1713639600000,10331.393688644037
1713643200000,10330.501528644038
1713646800000,10330.074308644036
1713650400000,10330.586808644037
1713654000000,10330.988608644037
1713657600000,10330.261707489923
1713661200000,10331.317047489923
1713664800000,10330.551987489924
1713668400000,10328.058367489923
1713672000000,10329.242447489924
1713675600000,10328.158407489924
1713679200000,10328.521667489924
1713682800000,10328.269107489923
1713686400000,10328.274033594134
1713690000000,10328.796373594134
1713693600000,10328.978413594135
1713697200000,10328.771773594135
1713700800000,10328.899693594134
1713704400000,10329.742653594134
1713708000000,10330.513453594134
1713711600000,10330.383073594136
1713715200000,10329.419729083686
1713718800000,10329.419729083686
1713722400000,10329.419729083686
1713726000000,10329.419729083686
1713729600000,10329.419729083686
1713733200000,10329.419729083686
1713736800000,10329.419729083686
1713740400000,10329.419729083686
1713744000000,10329.419729083686
1713747600000,10329.419729083686
1713751200000,10329.419729083686
1713754800000,10329.419729083686
1713758400000,10329.419729083686
1713762000000,10329.419729083686
1713765600000,10329.419729083686
1713769200000,10329.419729083686
1713772800000,10329.419729083686
1713776400000,10329.419729083686
1713780000000,10329.419729083686
1713783600000,10329.419729083686
1713787200000,10329.419729083686
1713790800000,10329.419729083686
1713794400000,10329.419729083686
1713798000000,10329.419729083686
1713801600000,10329.419729083686
1713805200000,10329.419729083686
1713808800000,10329.419729083686
1713812400000,10329.419729083686
1713816000000,10329.419729083686
1713819600000,10329.419729083686
1713823200000,10329.419729083686
1713826800000,10329.419729083686
1713830400000,10329.419729083686
1713834000000,10329.419729083686
1713837600000,10329.419729083686
1713841200000,10329.419729083686
1713844800000,10329.419729083686
1713848400000,10329.419729083686
1713852000000,10329.419729083686
1713855600000,10329.419729083686
1713859200000,10329.419729083686
1713862800000,10329.419729083686
1713866400000,10329.419729083686
1713870000000,10329.419729083686
1713873600000,10329.419729083686
1713877200000,10329.419729083686
1713880800000,10329.419729083686
1713884400000,10329.419729083686
1713888000000,10329.419729083686
1713891600000,10329.419729083686
1713895200000,10329.419729083686
1713898800000,10329.419729083686
1713902400000,10329.419729083686
1713906000000,10329.419729083686
1713909600000,10329.419729083686
1713913200000,10329.419729083686
1713916800000,10329.419729083686
1713920400000,10329.419729083686
1713924000000,10329.419729083686
1713927600000,10329.419729083686
1713931200000,10329.419729083686
1713934800000,10329.419729083686
1713938400000,10329.419729083686
1713942000000,10329.419729083686
1713945600000,10329.419729083686
1713949200000,10329.419729083686
1713952800000,10329.419729083686
1713956400000,10329.419729083686
1713960000000,10329.419729083686
1713963600000,10329.419729083686
1713967200000,10329.419729083686
1713970800000,10329.419729083686
1713974400000,10329.419729083686
1713978000000,10329.419729083686
1713981600000,10329.419729083686
1713985200000,10329.419729083686
1713988800000,10329.419729083686
1713992400000,10329.419729083686
1713996000000,10329.419729083686
1713999600000,10329.419729083686
1714003200000,10329.419729083686
1714006800000,10329.419729083686
1714010400000,10329.419729083686
1714014000000,10329.419729083686
1714017600000,10329.419729083686
1714021200000,10329.419729083686
1714024800000,10329.419729083686
1714028400000,10329.419729083686
1714032000000,10329.419729083686
1714035600000,10329.419729083686
1714039200000,10329.419729083686
1714042800000,10329.419729083686
1714046400000,10329.419729083686
1714050000000,10329.419729083686
1714053600000,10329.419729083686
1714057200000,10329.419729083686
1714060800000,10329.419729083686
1714064400000,10329.419729083686
1714068000000,10329.419729083686
1714071600000,10329.419729083686
1714075200000,10329.419729083686
1714078800000,10329.419729083686
1714082400000,10329.419729083686
1714086000000,10329.419729083686
1714089600000,10329.419729083686
1714093200000,10329.419729083686
1714096800000,10329.419729083686
1714100400000,10329.419729083686
1714104000000,10329.419729083686
1714107600000,10329.419729083686
1714111200000,10329.419729083686
1714114800000,10329.419729083686
1714118400000,10329.419729083686
1714122000000,10329.419729083686
1714125600000,10329.419729083686
1714129200000,10329.419729083686
1714132800000,10329.419729083686
1714136400000,10329.419729083686
1714140000000,10329.419729083686
1714143600000,10329.419729083686
1714147200000,10329.419729083686
1714150800000,10329.419729083686
1714154400000,10329.419729083686
1714158000000,10329.419729083686
1714161600000,10329.419729083686
1714165200000,10329.419729083686
1714168800000,10329.419729083686
1714172400000,10329.419729083686
1714176000000,10329.419729083686
1714179600000,10329.419729083686
1714183200000,10329.419729083686
1714186800000,10329.419729083686
1714190400000,10329.419729083686
1714194000000,10329.419729083686
1714197600000,10329.419729083686
1714201200000,10329.419729083686
1714204800000,10329.419729083686
1714208400000,10329.419729083686
1714212000000,10329.419729083686
1714215600000,10329.419729083686
1714219200000,10329.419729083686
1714222800000,10329.419729083686
1714226400000,10329.419729083686
1714230000000,10329.419729083686
1714233600000,10329.419729083686
1714237200000,10329.419729083686
1714240800000,10329.419729083686
1714244400000,10329.419729083686
1714248000000,10329.419729083686
1714251600000,10329.419729083686
1714255200000,10329.419729083686
1714258800000,10329.419729083686
1714262400000,10329.419729083686
1714266000000,10329.419729083686
1714269600000,10329.419729083686
1714273200000,10329.419729083686
1714276800000,10329.419729083686
1714280400000,10329.419729083686
1714284000000,10329.419729083686
1714287600000,10329.419729083686
1714291200000,10329.419729083686
1714294800000,10329.419729083686
1714298400000,10329.419729083686
1714302000000,10329.419729083686
1714305600000,10329.419729083686
1714309200000,10329.419729083686
1714312800000,10329.419729083686
1714316400000,10329.419729083686
1714320000000,10329.419729083686
1714323600000,10329.419729083686
1714327200000,10329.419729083686
1714330800000,10329.419729083686
1714334400000,10329.419729083686
1714338000000,10329.419729083686
1714341600000,10329.419729083686
1714345200000,10329.419729083686
1714348800000,10329.419729083686
1714352400000,10329.419729083686
1714356000000,10329.419729083686
1714359600000,10329.419729083686
1714363200000,10329.419729083686
1714366800000,10329.419729083686
1714370400000,10329.419729083686
1714374000000,10329.419729083686
1714377600000,10329.419729083686
1714381200000,10329.419729083686
1714384800000,10329.419729083686
1714388400000,10329.419729083686
1714392000000,10329.419729083686
1714395600000,10329.419729083686
1714399200000,10329.419729083686
1714402800000,10329.419729083686
1714406400000,10329.419729083686
1714410000000,10329.419729083686
1714413600000,10329.419729083686
1714417200000,10329.419729083686
1714420800000,10329.419729083686
1714424400000,10329.419729083686
1714428000000,10329.419729083686
1714431600000,10329.419729083686
1714435200000,10329.419729083686
1714438800000,10329.419729083686
1714442400000,10329.419729083686
1714446000000,10329.419729083686
1714449600000,10329.419729083686
1714453200000,10329.419729083686
1714456800000,10329.419729083686
1714460400000,10329.419729083686
1714464000000,10329.337425149311
1714467600000,10337.702705149311
1714471200000,10340.682885149312
1714474800000,10340.393785149312
1714478400000,10343.662085149312
1714482000000,10343.994305149312
1714485600000,10345.523105149312
1714489200000,10342.490005149311
1714492800000,10345.118984958059
1714496400000,10346.12642495806
1714500000000,10346.11172495806
1714503600000,10346.36554495806
1714507200000,10349.723024958059
1714510800000,10347.52096495806
1714514400000,10345.93238495806
1714518000000,10344.118404958059
1714521600000,10342.998871067026
1714525200000,10344.208191067026
1714528800000,10344.343431067025
1714532400000,10345.932991067026
1714536000000,10344.087651067026
1714539600000,10343.818151067026
1714543200000,10345.331271067025
1714546800000,10349.483531067026
1714550400000,10357.421555959221
1714554000000,10358.363335959222
1714557600000,10356.815915959221
1714561200000,10355.556615959222
1714564800000,10353.864155959222
1714568400000,10352.547035959222
1714572000000,10355.479195959222
1714575600000,10353.910215959222
1714579200000,10356.388825242642
1714582800000,10355.580325242643
1714586400000,10351.726965242642
1714590000000,10345.058065242643
1714593600000,10351.455505242642
1714597200000,10350.820465242643
1714600800000,10347.329705242642
1714604400000,10348.018645242642
1714608000000,10347.370614854524
1714611600000,10349.355114854523
1714615200000,10353.460334854524
1714618800000,10352.305894854524
1714622400000,10351.386654854523
1714626000000,10352.507774854525
1714629600000,10353.022274854524
1714633200000,10352.948774854523
1714636800000,10352.430327166341
1714640400000,10350.292947166341
1714644000000,10349.919567166342
1714647600000,10347.226527166342
1714651200000,10345.585027166342
1714654800000,10346.132847166342
1714658400000,10348.357447166341
1714662000000,10345.681067166342
1714665600000,10345.900768213658
1714669200000,10346.743568213658
1714672800000,10345.585208213659
1714676400000,10345.715548213659
1714680000000,10345.09520821366
1714683600000,10345.97524821366
1714687200000,10345.127548213659
1714690800000,10345.041308213658
1714694400000,10346.010597294602
1714698000000,10346.576057294602
1714701600000,10344.202497294602
1714705200000,10343.754637294604
1714708800000,10343.912417294603
1714712400000,10344.347537294603
1714716000000,10345.108017294602
1714719600000,10346.213457294603
1714723200000,10347.817130564032
1714726800000,10347.436890564033
1714730400000,10346.625450564032
1714734000000,10347.625050564033
1714737600000,10346.804790564032
1714741200000,10341.535330564033
1714744800000,10339.037310564032
1714748400000,10339.416570564032
1714752000000,10337.283724811794
1714755600000,10338.317624811794
1714759200000,10336.689844811794
1714762800000,10338.088304811794
1714766400000,10337.978544811793
1714770000000,10333.925264811793
1714773600000,10334.012484811794
1714777200000,10334.169284811793
1714780800000,10335.056484207491
1714784400000,10333.553164207491
1714788000000,10334.345004207491
1714791600000,10334.89870420749
1714795200000,10333.35307627363
1714798800000,10334.797076273631
1714802400000,10336.47107627363
1714806000000,10334.813576273631
1714809600000,10334.666617685612
1714813200000,10335.787617685612
1714816800000,10335.598617685611
1714820400000,10341.976617685612
1714824000000,10338.802617685611
1714827600000,10339.986617685612
1714831200000,10338.198617685612
1714834800000,10338.830117685611
1714838400000,10338.059698086787
1714842000000,10338.113698086787
1714845600000,10337.049198086786
1714849200000,10338.019698086788
1714852800000,10339.484198086788
1714856400000,10339.279698086788
1714860000000,10339.380198086787
1714863600000,10337.816698086786
1714867200000,10339.656645743997
1714870800000,10337.083145743996
1714874400000,10336.108145743996
1714878000000,10335.726645743996
1714881600000,10336.106145743997
1714885200000,10336.556145743996
1714888800000,10335.887145743996
1714892400000,10336.765645743997
1714896000000,10338.456084958141
1714899600000,10337.875084958141
1714903200000,10338.075084958142
1714906800000,10338.249584958141
1714910400000,10339.035084958141
1714914000000,10338.190584958142
1714917600000,10339.966084958141
1714921200000,10339.944084958142
1714924800000,10341.883049245096
1714928400000,10341.242049245096
1714932000000,10340.814549245097
1714935600000,10339.283049245096
1714939200000,10338.90328430362
1714942800000,10338.750784303618
1714946400000,10339.37378430362
1714950000000,10340.260534303621
1714953600000,10340.384683384656
1714957200000,10339.930433384658
1714960800000,10340.003933384656
1714964400000,10339.719683384656
1714968000000,10339.940683384657
1714971600000,10339.675683384658
1714975200000,10335.988433384657
1714978800000,10336.353433384656
1714982400000,10337.363254754982
1714986000000,10338.161754754983
1714989600000,10337.993504754982
1714993200000,10339.082754754983
1714996800000,10339.615004754984
1715000400000,10343.027504754984
1715004000000,10342.317504754983
1715007600000,10344.272754754984
1715011200000,10344.388960484797
1715014800000,10344.354710484798
1715018400000,10344.486210484798
1715022000000,10344.795210484797
1715025600000,10344.688210484797
1715029200000,10344.462210484799
1715032800000,10344.284210484799
1715036400000,10344.652960484798
1715040000000,10345.306912595865
1715043600000,10346.182662595864
1715047200000,10345.141912595864
1715050800000,10345.203162595863
1715054400000,10347.459412595865
1715058000000,10346.489412595864
1715061600000,10346.544912595864
1715065200000,10346.982412595864
1715068800000,10346.022619981597
1715072400000,10343.652369981597
1715076000000,10343.840369981597
1715079600000,10345.238369981596
1715083200000,10346.743869981598
1715086800000,10346.057369981598
1715090400000,10345.894369981597
1715094000000,10345.711619981597
1715097600000,10347.297387915823
1715101200000,10346.896387915824
1715104800000,10346.921137915822
1715108400000,10347.273887915822
1715112000000,10346.348387915823
1715115600000,10346.335637915823
1715119200000,10346.465887915821
1715122800000,10347.153637915822
1715126400000,10347.715816568809
1715130000000,10347.93156656881
1715133600000,10347.110316568811
1715137200000,10347.86381656881
1715140800000,10347.88031656881
1715144400000,10348.496566568809
1715148000000,10347.398316568808
1715151600000,10347.90981656881
1715155200000,10349.14963317922
1715158800000,10348.97363317922
1715162400000,10349.04488317922
1715166000000,10349.27588317922
1715169600000,10349.933883179221
1715173200000,10348.13738317922
1715176800000,10346.29788317922
1715180400000,10347.69538317922
1715184000000,10347.99253582148
1715187600000,10347.730285821479
1715191200000,10349.092785821482
1715194800000,10348.60428582148
1715198400000,10348.27703582148
1715202000000,10351.542035821481
1715205600000,10348.32653582148
1715209200000,10347.484285821482
1715212800000,10345.192346547396
1715216400000,10343.974846547397
1715220000000,10342.844846547396
1715223600000,10342.576096547396
1715227200000,10342.661096547396
1715230800000,10343.031096547396
1715234400000,10341.676096547397
1715238000000,10342.232346547396
1715241600000,10344.067126731014
1715245200000,10344.409626731012
1715248800000,10344.855876731013
1715252400000,10347.455876731014
1715256000000,10345.030876731013
1715259600000,10344.073376731012
1715263200000,10345.480876731013
1715266800000,10343.979626731012
1715270400000,10341.704688780634
1715274000000,10343.242188780634
1715277600000,10342.155938780634
1715281200000,10340.544688780634
1715284800000,10339.964688780634
1715288400000,10339.648438780634
1715292000000,10339.779688780634
1715295600000,10335.787188780634
1715299200000,10337.806482251857
1715302800000,10338.958982251857
1715306400000,10337.981482251857
1715310000000,10338.900232251857
1715313600000,10338.898982251858
1715317200000,10338.260232251858
1715320800000,10338.800232251857
1715324400000,10336.250232251858
1715328000000,10337.185738511042
1715331600000,10337.970738511041
1715335200000,10338.381988511042
1715338800000,10338.829488511043
1715342400000,10337.563238511042
1715346000000,10339.379488511042
1715349600000,10340.824488511042
1715353200000,10350.171988511041
1715356800000,10353.021974498504
1715360400000,10352.724474498504
1715364000000,10356.229474498503
1715367600000,10354.305724498503
1715371200000,10355.216974498504
1715374800000,10356.256974498503
1715378400000,10354.356974498503
1715382000000,10354.266974498503
1715385600000,10353.82827858013
1715389200000,10353.28952858013
1715392800000,10352.589528580129
1715396400000,10352.697028580129
1715400000000,10353.40077858013
1715403600000,10353.34077858013
1715407200000,10352.462028580128
1715410800000,10352.419528580129
1715414400000,10351.943954606379
1715418000000,10353.748954606379
1715421600000,10353.82770460638
1715425200000,10354.137704606379
1715428800000,10354.50520460638
1715432400000,10355.19270460638
1715436000000,10353.36270460638
1715439600000,10354.621454606378
1715443200000,10351.788839564504
1715446800000,10351.980089564504
1715450400000,10351.580089564502
1715454000000,10351.111339564502
1715457600000,10351.390089564504
1715461200000,10352.523839564503
1715464800000,10352.872589564504
1715468400000,10353.130089564504
1715472000000,10353.700491511596
1715475600000,10352.496741511595
1715479200000,10353.580491511595
1715482800000,10352.795491511595
1715486400000,10352.540491511596
1715490000000,10351.609241511595
1715493600000,10351.890491511595
1715497200000,10352.647991511596
1715500800000,10354.220632349996
1715504400000,10353.404382349996
1715508000000,10353.154382349996
1715511600000,10351.531882349997
1715515200000,10351.595632349996
1715518800000,10351.423132349995
1715522400000,10350.439382349996
1715526000000,10351.449382349996
1715529600000,10350.64864412704
1715533200000,10351.67989412704
1715536800000,10350.00864412704
1715540400000,10351.90614412704
1715544000000,10351.39864412704
1715547600000,10352.31614412704
1715551200000,10351.67864412704
1715554800000,10351.50864412704
1715558400000,10351.421226299753
1715562000000,10351.307476299753
1715565600000,10353.128726299754
1715569200000,10357.524976299754
1715572800000,10356.734976299753
1715576400000,10357.258726299753
1715580000000,10358.319976299754
1715583600000,10353.244976299753
1715587200000,10346.973145299753
1715590800000,10345.828145299753
1715594400000,10344.756895299754
1715598000000,10347.440645299754
1715601600000,10346.735645299754
1715605200000,10347.296895299753
1715608800000,10347.120645299754
1715612400000,10348.914395299753
1715616000000,10347.591396099755
1715619600000,10345.652646099754
1715623200000,10350.251396099755
1715626800000,10349.733896099755
1715630400000,10348.411396099755
1715634000000,10348.603896099754
1715637600000,10348.505146099755
1715641200000,10350.188896099755
1715644800000,10348.987019436212
1715648400000,10349.524519436212
1715652000000,10349.517019436213
1715655600000,10349.410769436212
1715659200000,10350.349519436211
1715662800000,10350.747019436212
1715666400000,10350.228269436211
1715670000000,10353.560769436212
1715673600000,10352.896718751534
1715677200000,10353.747968751535
1715680800000,10353.886718751535
1715684400000,10354.902968751534
1715688000000,10354.445468751534
1715691600000,10356.694218751534
1715695200000,10355.626718751535
1715698800000,10356.127968751534
1715702400000,10355.913514967135
1715706000000,10356.581014967134
1715709600000,10358.924764967134
1715713200000,10356.876014967134
1715716800000,10356.009764967133
1715720400000,10356.312264967135
1715724000000,10355.952264967134
1715727600000,10356.774764967135
1715731200000,10357.354525842133
1715734800000,10359.239525842133
1715738400000,10357.185775842134
1715742000000,10356.612025842134
1715745600000,10355.124525842133
1715749200000,10354.933275842133
1715752800000,10354.409525842133
1715756400000,10354.555775842133
1715760000000,10353.34179536397
1715763600000,10354.703045363969
1715767200000,10352.77554536397
1715770800000,10354.59804536397
1715774400000,10355.332405799512
1715778000000,10358.687505799513
1715781600000,10360.631205799513
1715785200000,10359.99275579951
1715788800000,10361.756146457174
1715792400000,10362.040296457171
1715796000000,10362.422946457173
1715799600000,10364.636446457172
1715803200000,10363.818078630718
1715806800000,10363.70887863072
1715810400000,10363.25947863072
1715814000000,10365.37627863072
1715817600000,10365.805436686493
1715821200000,10364.664436686493
1715824800000,10364.194036686493
1715828400000,10363.622836686493
1715832000000,10363.695636686492
1715835600000,10362.593836686492
1715839200000,10362.223536686493
1715842800000,10363.553536686493
1715846400000,10364.80861454265
1715850000000,10366.26671454265
1715853600000,10366.19881454265
1715857200000,10365.30911454265
1715860800000,10367.81161454265
1715864400000,10364.01341454265
1715868000000,10366.28281454265
1715871600000,10360.89911454265
1715875200000,10362.71889545985
1715878800000,10358.04429545985
1715882400000,10357.400295459849
1715886000000,10357.638995459849
1715889600000,10358.36209545985
1715893200000,10358.936095459849
1715896800000,10360.145695459849
1715900400000,10359.80759545985
1715904000000,10358.680787967454
1715907600000,10359.078037967452
1715911200000,10358.859597967454
1715914800000,10358.726897967454
1715918400000,10359.682261412881
1715922000000,10358.858361412882
1715925600000,10360.434061412881
1715929200000,10362.818961412882
1715932800000,10365.424075989968
1715936400000,10363.739875989968
1715940000000,10365.126575989967
1715943600000,10366.338275989967
1715947200000,10364.251575989967
1715950800000,10365.370875989967
1715954400000,10362.403575989967
1715958000000,10368.066575989968
1715961600000,10371.420977064385
1715965200000,10369.356677064385
1715968800000,10367.141877064383
1715972400000,10368.523677064384
1715976000000,10369.092777064383
1715979600000,10369.026277064384
1715983200000,10368.172977064383
1715986800000,10367.927277064384
1715990400000,10369.093332537694
1715994000000,10368.821732537694
1715997600000,10369.409732537693
1716001200000,10369.211632537694
1716004800000,10369.641432537694
1716008400000,10368.715332537693
1716012000000,10368.901532537693
1716015600000,10369.281632537693
1716019200000,10368.623236604331
1716022800000,10369.862936604331
1716026400000,10370.233936604332
1716030000000,10371.361636604332
1716033600000,10370.950036604332
1716037200000,10368.932636604331
1716040800000,10368.548336604332
1716044400000,10368.46153660433
1716048000000,10368.5548390421
1716051600000,10369.050439042101
1716055200000,10368.5170390421
1716058800000,10368.2552390421
1716062400000,10368.874739042101
1716066000000,10369.3682390421
1716069600000,10368.939839042101
1716073200000,10369.324839042101
1716076800000,10369.476504933034
1716080400000,10369.062804933035
1716084000000,10369.240604933035
1716087600000,10371.011604933035
1716091200000,10370.800904933034
1716094800000,10370.739304933035
1716098400000,10370.329104933035
1716102000000,10369.938504933034
1716105600000,10371.92436095471
1716109200000,10370.765860954709
1716112800000,10371.07176095471
1716116400000,10371.39586095471
1716120000000,10371.781526077417
1716123600000,10371.949666077418
1716127200000,10372.327886077415
1716130800000,10372.348666077416
1716134400000,10372.435395499026
1716138000000,10373.159735499024
1716141600000,10371.701715499026
1716145200000,10371.079235499024
1716148800000,10368.343215499026
1716152400000,10367.664875499026
1716156000000,10369.196955499025
1716159600000,10368.746515499024
1716163200000,10368.990268894107
1716166800000,10369.226248894109
1716170400000,10369.713608894108
1716174000000,10368.582528894107
1716177600000,10369.334308894107
1716181200000,10366.823528894107
1716184800000,10367.311868894107
1716188400000,10369.547148894108
1716192000000,10369.64548521103
1716195600000,10368.113165211029
1716199200000,10369.82836521103
1716202800000,10369.835805211029
1716206400000,10370.777285211028
1716210000000,10371.399345211028
1716213600000,10371.419425211028
1716217200000,10371.11572521103
1716220800000,10370.373156096046
1716224400000,10373.310476096047
1716228000000,10373.594436096046
1716231600000,10375.081616096046
1716235200000,10379.013507587732
1716238800000,10373.167107587731
1716242400000,10374.017607587732
1716246000000,10373.83700758773
1716249600000,10387.132484537731
1716253200000,10385.93898453773
1716256800000,10384.48788453773
1716260400000,10386.02298453773
1716264000000,10385.58758453773
1716267600000,10383.136884537731
1716271200000,10385.09408453773
1716274800000,10385.151484537731
1716278400000,10382.976871942996
1716282000000,10383.592171942995
1716285600000,10383.948471942995
1716289200000,10383.797271942994
1716292800000,10384.439336917403
1716296400000,10384.439336917403
1716300000000,10384.439336917403
1716303600000,10384.439336917403
1716307200000,10384.439336917403
1716310800000,10384.439336917403
1716314400000,10384.439336917403
1716318000000,10384.439336917403
1716321600000,10384.439336917403
1716325200000,10384.439336917403
1716328800000,10384.439336917403
1716332400000,10384.439336917403
1716336000000,10384.439336917403
1716339600000,10384.439336917403
1716343200000,10384.439336917403
1716346800000,10384.439336917403
1716350400000,10384.439336917403
1716354000000,10384.439336917403
1716357600000,10384.439336917403
1716361200000,10384.439336917403
1716364800000,10384.439336917403
1716368400000,10384.439336917403
1716372000000,10384.439336917403
1716375600000,10384.439336917403
1716379200000,10384.439336917403
1716382800000,10384.439336917403
1716386400000,10384.439336917403
1716390000000,10384.439336917403
1716393600000,10384.439336917403
1716397200000,10384.439336917403
1716400800000,10384.439336917403
1716404400000,10384.439336917403
1716408000000,10384.439336917403
1716411600000,10384.439336917403
1716415200000,10384.439336917403
1716418800000,10384.439336917403
1716422400000,10384.439336917403
1716426000000,10384.439336917403
1716429600000,10384.439336917403
1716433200000,10384.439336917403
1716436800000,10384.439336917403
1716440400000,10384.439336917403
1716444000000,10384.439336917403
1716447600000,10384.439336917403
1716451200000,10384.439336917403
1716454800000,10384.439336917403
1716458400000,10384.439336917403
1716462000000,10384.439336917403
1716465600000,10384.439336917403
1716469200000,10384.439336917403
1716472800000,10384.439336917403
1716476400000,10384.439336917403
1716480000000,10384.439336917403
1716483600000,10384.439336917403
1716487200000,10384.439336917403
1716490800000,10384.439336917403
1716494400000,10384.439336917403
1716498000000,10384.439336917403
1716501600000,10384.439336917403
1716505200000,10384.439336917403
1716508800000,10384.439336917403
1716512400000,10384.439336917403
1716516000000,10384.439336917403
1716519600000,10384.439336917403
1716523200000,10384.439336917403
1716526800000,10384.439336917403
1716530400000,10384.439336917403
1716534000000,10384.439336917403
1716537600000,10384.439336917403
1716541200000,10384.439336917403
1716544800000,10384.439336917403
1716548400000,10384.439336917403
1716552000000,10384.439336917403
1716555600000,10384.439336917403
1716559200000,10384.439336917403
1716562800000,10384.439336917403
1716566400000,10384.439336917403
1716570000000,10384.439336917403
1716573600000,10384.439336917403
1716577200000,10384.439336917403
1716580800000,10384.439336917403
1716584400000,10384.439336917403
1716588000000,10384.439336917403
1716591600000,10384.439336917403
1716595200000,10384.439336917403
1716598800000,10384.439336917403
1716602400000,10384.439336917403
1716606000000,10384.439336917403
1716609600000,10384.439336917403
1716613200000,10384.439336917403
1716616800000,10384.439336917403
1716620400000,10384.439336917403
1716624000000,10384.439336917403
1716627600000,10384.439336917403
1716631200000,10384.439336917403
1716634800000,10384.439336917403
1716638400000,10384.439336917403
1716642000000,10384.439336917403
1716645600000,10384.439336917403
1716649200000,10384.439336917403
1716652800000,10384.439336917403
1716656400000,10384.439336917403
1716660000000,10384.439336917403
1716663600000,10384.439336917403
1716667200000,10384.439336917403
1716670800000,10384.439336917403
1716674400000,10384.439336917403
1716678000000,10384.439336917403
1716681600000,10384.439336917403
1716685200000,10384.439336917403
1716688800000,10384.439336917403
1716692400000,10384.439336917403
1716696000000,10384.439336917403
1716699600000,10384.439336917403
1716703200000,10384.439336917403
1716706800000,10384.439336917403
1716710400000,10384.439336917403
1716714000000,10384.439336917403
1716717600000,10384.439336917403
1716721200000,10384.439336917403
1716724800000,10384.439336917403
1716728400000,10384.439336917403
1716732000000,10384.439336917403
1716735600000,10384.439336917403
1716739200000,10384.439336917403
1716742800000,10384.439336917403
1716746400000,10384.439336917403
1716750000000,10384.439336917403
1716753600000,10384.439336917403
1716757200000,10384.439336917403
1716760800000,10384.439336917403
1716764400000,10384.439336917403
1716768000000,10384.439336917403
1716771600000,10384.439336917403
1716775200000,10384.439336917403
1716778800000,10384.439336917403
1716782400000,10384.439336917403
1716786000000,10384.439336917403
1716789600000,10384.439336917403
1716793200000,10384.439336917403
1716796800000,10384.439336917403
1716800400000,10384.439336917403
1716804000000,10384.439336917403
1716807600000,10384.439336917403
1716811200000,10384.439336917403
1716814800000,10384.439336917403
1716818400000,10384.439336917403
1716822000000,10384.439336917403
1716825600000,10384.439336917403
1716829200000,10384.439336917403
1716832800000,10384.439336917403
1716836400000,10384.439336917403
1716840000000,10384.439336917403
1716843600000,10384.439336917403
1716847200000,10384.439336917403
1716850800000,10384.439336917403
1716854400000,10384.439336917403
1716858000000,10384.439336917403
1716861600000,10384.439336917403
1716865200000,10384.439336917403
1716868800000,10384.439336917403
1716872400000,10384.439336917403
1716876000000,10384.439336917403
1716879600000,10384.439336917403
1716883200000,10383.885330549141
1716886800000,10386.548210549141
1716890400000,10387.011900549142
1716894000000,10388.909380549141
1716897600000,10388.956550549141
1716901200000,10388.37449054914
1716904800000,10384.756640549142
1716908400000,10385.274620549142
1716912000000,10385.689276895637
1716915600000,10382.294816895637
1716919200000,10382.633906895637
1716922800000,10380.074266895637
1716926400000,10383.602226895637
1716930000000,10382.833266895637
1716933600000,10384.227006895637
1716937200000,10385.591376895638
1716940800000,10383.866321072472
1716944400000,10384.435031072471
1716948000000,10383.829831072471
1716951600000,10384.31221107247
1716955200000,10384.14222107247
1716958800000,10386.277331072471
1716962400000,10386.06640107247
1716966000000,10384.823071072471
1716969600000,10382.0603027054
1716973200000,10379.999062705401
1716976800000,10380.374642705401
1716980400000,10381.6820527054
1716984000000,10381.2254827054
1716987600000,10381.2112427054
1716991200000,10379.2915127054
1716994800000,10377.7553727054
1716998400000,10375.682929333318
1717002000000,10376.809669333317
1717005600000,10376.734909333318
1717009200000,10375.913439333319
1717012800000,10375.471109333317
1717016400000,10375.765699333318
1717020000000,10377.683649333318
1717023600000,10378.044989333319
1717027200000,10376.921277862832
1717030800000,10376.215507862831
1717034400000,10377.736517862832
1717038000000,10377.816617862833
1717041600000,10379.02434786283
1717045200000,10377.993727862831
1717048800000,10378.323917862832
1717052400000,10374.585917862833
1717056000000,10372.709030579308
1717059600000,10374.164180579308
1717063200000,10373.987960579308
1717066800000,10374.708860579307
1717070400000,10373.867810579308
1717074000000,10376.756750579307
1717077600000,10379.031590579307
1717081200000,10376.697120579307
1717084800000,10377.578509672294
1717088400000,10378.344799672293
1717092000000,10380.762929672293
1717095600000,10380.681939672293
1717099200000,10375.673909672294
1717102800000,10373.748839672293
1717106400000,10374.922749672292
1717110000000,10374.766999672293
1717113600000,10374.952565479294
1717117200000,10375.243595479295
1717120800000,10374.815505479295
1717124400000,10375.470545479295
1717128000000,10376.200345479294
1717131600000,10376.149615479295
1717135200000,10374.667765479295
1717138800000,10374.084815479295
1717142400000,10373.120709655883
1717146000000,10373.857629655882
1717149600000,10374.851759655883
1717153200000,10378.241769655882
1717156800000,10379.807279655883
1717160400000,10381.828469655882
1717164000000,10377.669499655882
1717167600000,10376.933469655884
1717171200000,10375.244105253774
1717174800000,10375.085685253774
1717178400000,10376.669885253774
1717182000000,10378.149955253775
1717185600000,10378.519305253774
1717189200000,10379.008805253774
1717192800000,10378.356435253774
1717196400000,10377.005415253774
1717200000000,10376.337488409115
1717203600000,10376.352618409115
1717207200000,10376.685478409116
1717210800000,10377.408158409116
1717214400000,10377.563908409116
1717218000000,10378.078328409116
1717221600000,10378.451238409116
1717225200000,10378.542018409116
1717228800000,10377.101008083215
1717232400000,10379.856448083214
1717236000000,10378.749288083214
1717239600000,10378.120948083215
1717243200000,10378.241988083215
1717246800000,10379.290408083214
1717250400000,10379.551178083215
1717254000000,10380.230248083215
1717257600000,10379.536110205405
1717261200000,10379.208590205404
1717264800000,10380.132410205404
1717268400000,10379.569040205404
1717272000000,10379.787090205404
1717275600000,10380.073670205404
1717279200000,10380.944090205405
1717282800000,10381.261820205404
1717286400000,10380.605074427665
1717290000000,10382.561294427665
1717293600000,10381.469264427666
1717297200000,10379.671464427665
1717300800000,10379.972284427666
1717304400000,10380.996674427664
1717308000000,10379.756904427666
1717311600000,10380.469794427665
1717315200000,10378.498487338813
1717318800000,10378.631987338813
1717322400000,10377.722407338813
1717326000000,10377.527497338813
1717329600000,10379.904687338812
1717333200000,10378.149607338813
1717336800000,10378.768157338813
1717340400000,10379.826367338812
1717344000000,10379.133047839641
1717347600000,10378.302677839642
1717351200000,10375.856957839642
1717354800000,10376.595657839642
1717358400000,10377.630727839642
1717362000000,10378.057927839642
1717365600000,10377.772237839641
1717369200000,10377.782027839641
1717372800000,10377.441994675968
1717376400000,10377.049504675968
1717380000000,10379.779134675968
1717383600000,10379.909074675968
1717387200000,10379.294974675968
1717390800000,10380.995764675969
1717394400000,10380.646884675969
1717398000000,10381.545784675967
1717401600000,10380.794297777215
1717405200000,10381.176997777215
1717408800000,10380.528187777214
1717412400000,10379.971047777215
1717416000000,10379.912307777215
1717419600000,10382.532467777215
1717423200000,10381.691417777214
1717426800000,10376.676267777215
1717430400000,10378.85261161152
1717434000000,10376.108741611522
1717437600000,10377.450861611522
1717441200000,10377.117111611522
1717444800000,10376.490551611521
1717448400000,10376.370401611523
1717452000000,10376.320561611521
1717455600000,10377.129571611522
1717459200000,10375.863376176521
1717462800000,10374.871194168732
1717466400000,10374.871194168732
1717470000000,10374.871194168732
1717473600000,10374.871194168732
1717477200000,10374.871194168732
1717480800000,10374.871194168732
1717484400000,10374.871194168732
1717488000000,10374.871194168732
1717491600000,10374.871194168732
1717495200000,10374.871194168732
1717498800000,10374.871194168732
1717502400000,10374.871194168732
1717506000000,10374.871194168732
1717509600000,10374.871194168732
1717513200000,10374.871194168732
1717516800000,10374.871194168732
1717520400000,10374.871194168732
1717524000000,10374.871194168732
1717527600000,10374.871194168732
1717531200000,10374.871194168732
1717534800000,10374.871194168732
1717538400000,10374.871194168732
1717542000000,10374.871194168732
1717545600000,10374.871194168732
1717549200000,10374.871194168732
1717552800000,10374.871194168732
1717556400000,10374.871194168732
1717560000000,10374.871194168732
1717563600000,10374.871194168732
1717567200000,10374.871194168732
1717570800000,10374.871194168732
1717574400000,10374.871194168732
1717578000000,10374.871194168732
1717581600000,10374.871194168732
1717585200000,10374.871194168732
1717588800000,10374.871194168732
1717592400000,10374.871194168732
1717596000000,10374.871194168732
1717599600000,10374.871194168732
1717603200000,10374.871194168732
1717606800000,10374.871194168732
1717610400000,10374.871194168732
1717614000000,10374.871194168732
1717617600000,10374.871194168732
1717621200000,10374.871194168732
1717624800000,10374.871194168732
1717628400000,10374.871194168732
1717632000000,10374.871194168732
1717635600000,10374.871194168732
1717639200000,10374.871194168732
1717642800000,10374.871194168732
1717646400000,10374.871194168732
1717650000000,10374.871194168732
1717653600000,10374.871194168732
1717657200000,10374.871194168732
1717660800000,10374.871194168732
1717664400000,10374.871194168732
1717668000000,10374.871194168732
1717671600000,10374.871194168732
1717675200000,10374.871194168732
1717678800000,10374.871194168732
1717682400000,10374.871194168732
1717686000000,10374.871194168732
1717689600000,10374.871194168732
1717693200000,10374.871194168732
1717696800000,10374.871194168732
1717700400000,10374.871194168732
1717704000000,10374.871194168732
1717707600000,10374.871194168732
1717711200000,10374.871194168732
1717714800000,10374.871194168732
1717718400000,10374.871194168732
1717722000000,10374.871194168732
1717725600000,10374.871194168732
1717729200000,10374.871194168732
1717732800000,10374.871194168732
1717736400000,10374.871194168732
1717740000000,10374.871194168732
1717743600000,10374.871194168732
1717747200000,10374.871194168732
1717750800000,10374.871194168732
1717754400000,10374.871194168732
1717758000000,10374.871194168732
1717761600000,10374.871194168732
1717765200000,10374.871194168732
1717768800000,10374.871194168732
1717772400000,10374.871194168732
1717776000000,10374.871194168732
1717779600000,10374.871194168732
1717783200000,10374.871194168732
1717786800000,10374.871194168732
1717790400000,10374.871194168732
1717794000000,10374.871194168732
1717797600000,10374.871194168732
1717801200000,10374.871194168732
1717804800000,10374.871194168732
1717808400000,10374.871194168732
1717812000000,10374.871194168732
1717815600000,10374.871194168732
1717819200000,10374.871194168732
1717822800000,10374.871194168732
1717826400000,10374.871194168732
1717830000000,10374.871194168732
1717833600000,10374.871194168732
1717837200000,10374.871194168732
1717840800000,10374.871194168732
1717844400000,10374.871194168732
1717848000000,10374.871194168732
1717851600000,10374.871194168732
1717855200000,10374.871194168732
1717858800000,10374.871194168732
1717862400000,10374.871194168732
1717866000000,10374.871194168732
1717869600000,10374.871194168732
1717873200000,10374.871194168732
1717876800000,10374.871194168732
1717880400000,10374.871194168732
1717884000000,10374.871194168732
1717887600000,10374.871194168732
1717891200000,10374.871194168732
1717894800000,10374.871194168732
1717898400000,10374.871194168732
1717902000000,10374.871194168732
1717905600000,10374.871194168732
1717909200000,10374.871194168732
1717912800000,10374.871194168732
1717916400000,10374.871194168732
1717920000000,10374.871194168732
1717923600000,10374.871194168732
1717927200000,10374.871194168732
1717930800000,10374.871194168732
1717934400000,10374.871194168732
1717938000000,10374.871194168732
1717941600000,10374.871194168732
1717945200000,10374.871194168732
1717948800000,10374.871194168732
1717952400000,10374.871194168732
1717956000000,10374.871194168732
1717959600000,10374.871194168732
1717963200000,10374.871194168732
1717966800000,10374.871194168732
1717970400000,10374.871194168732
1717974000000,10374.871194168732
1717977600000,10374.871194168732
1717981200000,10374.871194168732
1717984800000,10374.871194168732
1717988400000,10374.871194168732
1717992000000,10374.871194168732
1717995600000,10374.871194168732
1717999200000,10374.871194168732
1718002800000,10374.871194168732
1718006400000,10374.871194168732
1718010000000,10374.871194168732
1718013600000,10374.871194168732
1718017200000,10374.871194168732
1718020800000,10374.871194168732
1718024400000,10374.871194168732
1718028000000,10374.871194168732
1718031600000,10374.871194168732
1718035200000,10374.871194168732
1718038800000,10374.871194168732
1718042400000,10374.871194168732
1718046000000,10374.871194168732
1718049600000,10374.871194168732
1718053200000,10374.871194168732
1718056800000,10374.871194168732
1718060400000,10374.871194168732
1718064000000,10374.871194168732
1718067600000,10374.871194168732
1718071200000,10374.871194168732
1718074800000,10374.871194168732
1718078400000,10374.871194168732
1718082000000,10374.871194168732
1718085600000,10374.871194168732
1718089200000,10374.871194168732
1718092800000,10374.871194168732
1718096400000,10374.871194168732
1718100000000,10374.871194168732
1718103600000,10374.871194168732
1718107200000,10374.871194168732
1718110800000,10374.871194168732
1718114400000,10374.871194168732
1718118000000,10374.871194168732
1718121600000,10374.871194168732
1718125200000,10374.871194168732
1718128800000,10374.871194168732
1718132400000,10374.871194168732
1718136000000,10374.871194168732
1718139600000,10374.871194168732
1718143200000,10374.871194168732
1718146800000,10374.871194168732
1718150400000,10374.871194168732
1718154000000,10374.871194168732
1718157600000,10374.871194168732
1718161200000,10374.871194168732
1718164800000,10374.871194168732
1718168400000,10374.871194168732
1718172000000,10374.871194168732
1718175600000,10374.871194168732
1718179200000,10374.871194168732
1718182800000,10374.871194168732
1718186400000,10374.871194168732
1718190000000,10374.871194168732
1718193600000,10374.871194168732
1718197200000,10374.871194168732
1718200800000,10374.871194168732
1718204400000,10374.871194168732
1718208000000,10374.871194168732
1718211600000,10374.871194168732
1718215200000,10374.871194168732
1718218800000,10374.871194168732
1718222400000,10374.871194168732
1718226000000,10374.871194168732
1718229600000,10374.871194168732
1718233200000,10374.871194168732
1718236800000,10374.871194168732
1718240400000,10374.871194168732
1718244000000,10374.871194168732
1718247600000,10374.871194168732
1718251200000,10374.871194168732
1718254800000,10374.871194168732
1718258400000,10374.871194168732
1718262000000,10374.871194168732
1718265600000,10374.871194168732
1718269200000,10374.871194168732
1718272800000,10374.871194168732
1718276400000,10374.871194168732
1718280000000,10374.871194168732
1718283600000,10374.871194168732
1718287200000,10374.871194168732
1718290800000,10374.871194168732
1718294400000,10374.871194168732
1718298000000,10374.871194168732
1718301600000,10374.871194168732
1718305200000,10374.871194168732
1718308800000,10374.871194168732
1718312400000,10374.871194168732
1718316000000,10374.871194168732
1718319600000,10374.871194168732
1718323200000,10374.871194168732
1718326800000,10374.871194168732
1718330400000,10374.871194168732
1718334000000,10374.871194168732
1718337600000,10374.871194168732
1718341200000,10374.871194168732
1718344800000,10374.871194168732
1718348400000,10374.871194168732
1718352000000,10374.871194168732
1718355600000,10374.871194168732
1718359200000,10374.871194168732
1718362800000,10374.871194168732
1718366400000,10374.871194168732
1718370000000,10374.871194168732
1718373600000,10374.871194168732
1718377200000,10374.871194168732
1718380800000,10374.871194168732
1718384400000,10374.871194168732
1718388000000,10374.871194168732
1718391600000,10374.871194168732
1718395200000,10374.871194168732
1718398800000,10374.871194168732
1718402400000,10374.871194168732
1718406000000,10374.871194168732
1718409600000,10374.871194168732
1718413200000,10374.871194168732
1718416800000,10374.871194168732
1718420400000,10374.871194168732
1718424000000,10374.871194168732
1718427600000,10374.871194168732
1718431200000,10374.871194168732
1718434800000,10374.871194168732
1718438400000,10374.417649065177
1718442000000,10373.502049065179
1718445600000,10373.628749065178
1718449200000,10373.116349065178
1718452800000,10372.986849065177
1718456400000,10372.839849065178
1718460000000,10373.233249065177
1718463600000,10373.783449065179
1718467200000,10372.949267325179
1718470800000,10374.09376732518
1718474400000,10373.793467325178
1718478000000,10374.296067325178
1718481600000,10374.351367325178
1718485200000,10375.012167325178
1718488800000,10374.53126732518
1718492400000,10373.684967325178
1718496000000,10374.041416936541
1718499600000,10374.37251693654
1718503200000,10374.26401693654
1718506800000,10374.378116936541
1718510400000,10374.463516936541
1718514000000,10374.18351693654
1718517600000,10373.445016936541
1718521200000,10373.096416936542
1718524800000,10373.545291516542
1718528400000,10373.574691516542
1718532000000,10372.582791516541
1718535600000,10370.549291516541
1718539200000,10372.015091516541
1718542800000,10371.408891516541
1718546400000,10370.393891516542
1718550000000,10371.639191516542
1718553600000,10370.710077552527
1718557200000,10371.704777552526
1718560800000,10371.283377552527
1718564400000,10371.404477552527
1718568000000,10371.597677552527
1718571600000,10371.992477552527
1718575200000,10371.346377552527
1718578800000,10369.956177552527
1718582400000,10370.937338268071
1718586000000,10371.719938268072
1718589600000,10372.296038268072
1718593200000,10373.183638268072
1718596800000,10374.041838268071
1718600400000,10372.774838268071
1718604000000,10373.17663826807
1718607600000,10374.494738268071
1718611200000,10374.484341308073
1718614800000,10374.282741308072
1718618400000,10377.926241308072
1718622000000,10376.330241308073
1718625600000,10376.912641308072
1718629200000,10378.619941308072
1718632800000,10381.125941308072
1718636400000,10378.983941308072
1718640000000,10379.844480568072
1718643600000,10375.831380568072
1718647200000,10371.607580568072
1718650800000,10366.736404378787
1718654400000,10366.736404378787
1718658000000,10366.736404378787
1718661600000,10366.736404378787
1718665200000,10366.736404378787
1718668800000,10366.736404378787
1718672400000,10366.736404378787
1718676000000,10366.736404378787
1718679600000,10366.736404378787
1718683200000,10366.736404378787
1718686800000,10366.736404378787
1718690400000,10366.736404378787
1718694000000,10366.736404378787
1718697600000,10366.736404378787
1718701200000,10366.736404378787
1718704800000,10366.736404378787
1718708400000,10366.736404378787
1718712000000,10366.736404378787
1718715600000,10366.736404378787
1718719200000,10366.736404378787
1718722800000,10366.736404378787
1718726400000,10366.736404378787
1718730000000,10366.736404378787
1718733600000,10366.736404378787
1718737200000,10366.736404378787
1718740800000,10366.736404378787
1718744400000,10366.736404378787
1718748000000,10366.736404378787
1718751600000,10366.736404378787
1718755200000,10366.736404378787
1718758800000,10366.736404378787
1718762400000,10366.736404378787
1718766000000,10366.736404378787
1718769600000,10366.736404378787
1718773200000,10366.736404378787
1718776800000,10366.736404378787
1718780400000,10366.736404378787
1718784000000,10366.736404378787
1718787600000,10366.736404378787
1718791200000,10366.736404378787
1718794800000,10366.736404378787
1718798400000,10366.736404378787
1718802000000,10366.736404378787
1718805600000,10366.736404378787
1718809200000,10366.736404378787
1718812800000,10366.736404378787
1718816400000,10366.736404378787
1718820000000,10366.736404378787
1718823600000,10366.736404378787
1718827200000,10366.736404378787
1718830800000,10366.736404378787
1718834400000,10366.736404378787
1718838000000,10366.736404378787
1718841600000,10366.736404378787
1718845200000,10366.736404378787
1718848800000,10366.736404378787
1718852400000,10366.736404378787
1718856000000,10366.736404378787
1718859600000,10366.736404378787
1718863200000,10366.736404378787
1718866800000,10366.736404378787
1718870400000,10366.736404378787
1718874000000,10366.736404378787
1718877600000,10366.736404378787
1718881200000,10366.736404378787
1718884800000,10366.736404378787
1718888400000,10366.736404378787
1718892000000,10366.736404378787
1718895600000,10366.736404378787
1718899200000,10366.736404378787
1718902800000,10366.736404378787
1718906400000,10366.736404378787
1718910000000,10366.736404378787
1718913600000,10366.736404378787
1718917200000,10366.736404378787
1718920800000,10366.736404378787
1718924400000,10366.736404378787
1718928000000,10366.736404378787
1718931600000,10366.736404378787
1718935200000,10366.736404378787
1718938800000,10366.736404378787
1718942400000,10366.736404378787
1718946000000,10366.736404378787
1718949600000,10366.736404378787
1718953200000,10366.736404378787
1718956800000,10366.736404378787
1718960400000,10366.736404378787
1718964000000,10366.736404378787
1718967600000,10366.736404378787
1718971200000,10366.736404378787
1718974800000,10366.736404378787
1718978400000,10366.736404378787
1718982000000,10366.736404378787
1718985600000,10366.736404378787
1718989200000,10366.736404378787
1718992800000,10366.736404378787
1718996400000,10366.736404378787
1719000000000,10366.736404378787
1719003600000,10366.736404378787
1719007200000,10366.736404378787
1719010800000,10366.736404378787
1719014400000,10366.736404378787
1719018000000,10366.736404378787
1719021600000,10366.736404378787
1719025200000,10366.736404378787
1719028800000,10366.736404378787
1719032400000,10366.736404378787
1719036000000,10366.736404378787
1719039600000,10366.736404378787
1719043200000,10366.736404378787
1719046800000,10366.736404378787
1719050400000,10366.736404378787
1719054000000,10366.736404378787
1719057600000,10366.736404378787
1719061200000,10366.736404378787
1719064800000,10366.736404378787
1719068400000,10366.736404378787
1719072000000,10366.736404378787
1719075600000,10366.736404378787
1719079200000,10366.736404378787
1719082800000,10366.736404378787
1719086400000,10366.736404378787
1719090000000,10366.736404378787
1719093600000,10366.736404378787
1719097200000,10366.736404378787
1719100800000,10366.736404378787
1719104400000,10366.736404378787
1719108000000,10366.736404378787
1719111600000,10366.736404378787
1719115200000,10366.736404378787
1719118800000,10366.736404378787
1719122400000,10366.736404378787
1719126000000,10366.736404378787
1719129600000,10366.736404378787
1719133200000,10366.736404378787
1719136800000,10366.736404378787
1719140400000,10366.736404378787
1719144000000,10366.736404378787
1719147600000,10366.736404378787
1719151200000,10366.736404378787
1719154800000,10366.736404378787
1719158400000,10365.974213987443
1719162000000,10368.191213987444
1719165600000,10365.840713987443
1719169200000,10365.963713987443
1719172800000,10365.488213987443
1719176400000,10371.815213987444
1719180000000,10370.763713987444
1719183600000,10372.881713987443
1719187200000,10378.810089013934
1719190800000,10382.326089013934
1719194400000,10377.935589013934
1719198000000,10385.039589013933
1719201600000,10384.856589013933
1719205200000,10384.549089013934
1719208800000,10392.334089013933
1719212400000,10391.531589013934
1719216000000,10390.527239413934
1719219600000,10385.077739413933
1719223200000,10406.862239413933
1719226800000,10410.015239413933
1719230400000,10409.179739413934
1719234000000,10410.723239413934
1719237600000,10403.020739413932
1719241200000,10408.924739413933
1719244800000,10415.849555919853
1719248400000,10424.609555919853
1719252000000,10423.907555919854
1719255600000,10422.298055919853
1719259200000,10434.244055919853
1719262800000,10434.776555919852
1719266400000,10426.745555919853
1719270000000,10427.432555919853
1719273600000,10423.931375347807
1719277200000,10422.179375347807
1719280800000,10419.426875347806
1719284400000,10418.528375347807
1719288000000,10408.403375347807
1719291600000,10407.534875347807
1719295200000,10413.066875347806
1719298800000,10410.785375347807
1719302400000,10417.540002354053
1719306000000,10415.132502354052
1719309600000,10407.025002354052
1719313200000,10408.256502354052
1719316800000,10410.289002354053
1719320400000,10411.756002354052
1719324000000,10409.608002354053
1719327600000,10396.468932283366
1719331200000,10396.468932283366
1719334800000,10396.468932283366
1719338400000,10396.468932283366
1719342000000,10396.468932283366
1719345600000,10396.468932283366
1719349200000,10396.468932283366
1719352800000,10396.468932283366
1719356400000,10396.468932283366
1719360000000,10396.468932283366
1719363600000,10396.468932283366
1719367200000,10396.468932283366
1719370800000,10396.468932283366
1719374400000,10396.468932283366
1719378000000,10396.468932283366
1719381600000,10396.468932283366
1719385200000,10396.468932283366
1719388800000,10396.468932283366
1719392400000,10396.468932283366
1719396000000,10396.468932283366
1719399600000,10396.468932283366
1719403200000,10396.468932283366
1719406800000,10396.468932283366
1719410400000,10396.468932283366
1719414000000,10396.468932283366
1719417600000,10396.468932283366
1719421200000,10396.468932283366
1719424800000,10396.468932283366
1719428400000,10396.468932283366
1719432000000,10396.468932283366
1719435600000,10396.468932283366
1719439200000,10396.468932283366
1719442800000,10396.468932283366
1719446400000,10396.468932283366
1719450000000,10396.468932283366
1719453600000,10396.468932283366
1719457200000,10396.468932283366
1719460800000,10396.468932283366
1719464400000,10396.468932283366
1719468000000,10396.468932283366
1719471600000,10396.468932283366
1719475200000,10396.468932283366
1719478800000,10396.468932283366
1719482400000,10396.468932283366
1719486000000,10396.468932283366
1719489600000,10396.468932283366
1719493200000,10396.468932283366
1719496800000,10396.468932283366
1719500400000,10396.468932283366
1719504000000,10396.468932283366
1719507600000,10396.468932283366
1719511200000,10396.468932283366
1719514800000,10396.468932283366
1719518400000,10396.468932283366
1719522000000,10396.468932283366
1719525600000,10396.468932283366
1719529200000,10396.468932283366
1719532800000,10396.468932283366
1719536400000,10396.468932283366
1719540000000,10396.468932283366
1719543600000,10396.468932283366
1719547200000,10396.202953868578
1719550800000,10397.24425386858
1719554400000,10398.31255386858
1719558000000,10398.24595386858
1719561600000,10400.388251793236
1719565200000,10399.560251793237
1719568800000,10398.628751793236
1719572400000,10399.031051793236
1719576000000,10397.195051793236
1719579600000,10399.895951793236
1719583200000,10400.272151793237
1719586800000,10404.585851793237
1719590400000,10402.67789584663
1719594000000,10404.56339584663
1719597600000,10405.676695846629
1719601200000,10405.231195846629
1719604800000,10410.70949584663
1719608400000,10410.415195846628
1719612000000,10409.275795846628
1719615600000,10409.00579584663
1719619200000,10408.574183035342
1719622800000,10405.771583035343
1719626400000,10404.033683035343
1719630000000,10405.661783035343
1719633600000,10405.720283035342
1719637200000,10405.563683035341
1719640800000,10405.477283035341
1719644400000,10404.814883035342
1719648000000,10402.992427584353
1719651600000,10403.811427584353
1719655200000,10403.728627584353
1719658800000,10403.710627584353
1719662400000,10402.529827584352
1719666000000,10403.155327584353
1719669600000,10402.460527584353
1719673200000,10403.415427584352
1719676800000,10402.878224914668
1719680400000,10403.830424914668
1719684000000,10403.364224914667
1719687600000,10403.288624914667
1719691200000,10403.346224914667
1719694800000,10403.465924914668
1719698400000,10403.361524914668
1719702000000,10403.859224914668
1719705600000,10403.823209164666
1719709200000,10403.536109164666
1719712800000,10404.141809164666
1719716400000,10405.328909164667
1719720000000,10404.848309164667
1719723600000,10405.893209164667
1719727200000,10405.765409164667
1719730800000,10403.184209164667
1719734400000,10398.628885928178
1719738000000,10398.854785928177
1719741600000,10399.170685928177
1719745200000,10399.094185928177
1719748800000,10398.664885928178
1719752400000,10399.229185928178
1719756000000,10397.074585928176
1719759600000,10398.274285928177
1719763200000,10397.147229080241
1719766800000,10398.197529080242
1719770400000,10397.571129080241
1719774000000,10394.214129080241
1719777600000,10394.678529080242
1719781200000,10392.58225169315
1719784800000,10392.58225169315
1719788400000,10392.58225169315
1719792000000,10392.58225169315
1719795600000,10392.58225169315
1719799200000,10392.58225169315
1719802800000,10392.58225169315
1719806400000,10392.58225169315
1719810000000,10392.58225169315
1719813600000,10392.58225169315
1719817200000,10392.58225169315
1719820800000,10392.58225169315
1719824400000,10392.58225169315
1719828000000,10392.58225169315
1719831600000,10392.58225169315
1719835200000,10392.58225169315
1719838800000,10392.58225169315
1719842400000,10392.58225169315
1719846000000,10392.58225169315
1719849600000,10392.58225169315
1719853200000,10392.58225169315
1719856800000,10392.58225169315
1719860400000,10392.58225169315
1719864000000,10392.58225169315
1719867600000,10392.58225169315
1719871200000,10392.58225169315
1719874800000,10392.58225169315
1719878400000,10392.58225169315
1719882000000,10392.58225169315
1719885600000,10392.58225169315
1719889200000,10392.58225169315
1719892800000,10392.58225169315
1719896400000,10392.58225169315
1719900000000,10392.58225169315
1719903600000,10392.58225169315
1719907200000,10392.58225169315
1719910800000,10392.58225169315
1719914400000,10392.58225169315
1719918000000,10392.58225169315
1719921600000,10392.58225169315
1719925200000,10392.58225169315
1719928800000,10392.58225169315
1719932400000,10392.58225169315
1719936000000,10392.58225169315
1719939600000,10392.58225169315
1719943200000,10392.58225169315
1719946800000,10392.58225169315
1719950400000,10392.58225169315
1719954000000,10392.58225169315
1719957600000,10392.58225169315
1719961200000,10392.58225169315
1719964800000,10392.58225169315
1719968400000,10392.58225169315
1719972000000,10392.58225169315
1719975600000,10392.58225169315
1719979200000,10392.58225169315
1719982800000,10392.58225169315
1719986400000,10392.58225169315
1719990000000,10392.58225169315
1719993600000,10392.58225169315
1719997200000,10392.58225169315
1720000800000,10392.58225169315
1720004400000,10392.58225169315
1720008000000,10392.58225169315
1720011600000,10392.58225169315
1720015200000,10392.58225169315
1720018800000,10392.58225169315
1720022400000,10392.28592485079
1720026000000,10390.05292485079
1720029600000,10390.61362485079
1720033200000,10392.058424850791
1720036800000,10395.42472485079
1720040400000,10396.340324850791
1720044000000,10392.13262485079
1720047600000,10391.14982485079
1720051200000,10391.90807038079
1720054800000,10390.810470380791
1720058400000,10409.52147038079
1720062000000,10401.17887038079
1720065600000,10400.065870380791
1720069200000,10400.815570380792
1720072800000,10401.72907038079
1720076400000,10402.145570380791
1720080000000,10405.913820180791
1720083600000,10409.39842018079
1720087200000,10409.381620180791
1720090800000,10408.021520180791
1720094400000,10409.917120180791
1720098000000,10413.316320180791
1720101600000,10411.141420180791
1720105200000,10411.866620180792
1720108800000,10407.493107610791
1720112400000,10405.286007610792
1720116000000,10406.338807610791
1720119600000,10406.297507610792
1720123200000,10405.831307610792
1720126800000,10405.477107610792
1720130400000,10404.277307610791
1720134000000,10407.307607610792
1720137600000,10413.500539536144
1720141200000,10412.234939536143
1720144800000,10413.968139536144
1720148400000,10424.079639536143
1720152000000,10427.429139536143
1720155600000,10437.249439536145
1720159200000,10430.899739536144
1720162800000,10433.526139536143
1720166400000,10433.196017786144
1720170000000,10435.114017786143
1720173600000,10432.629717786143
1720177200000,10428.662817786144
1720180800000,10425.739617786143
1720184400000,10428.380017786143
1720188000000,10422.922817786144
1720191600000,10424.280117786144
1720195200000,10417.769401483434
1720198800000,10418.953101483434
1720202400000,10419.067901483433
1720206000000,10418.803301483435
1720209600000,10418.559701483435
1720213200000,10419.231701483433
1720216800000,10418.381201483435
1720220400000,10417.370401483435
1720224000000,10417.671703390704
1720227600000,10418.262503390704
1720231200000,10420.265203390703
1720234800000,10418.991203390704
1720238400000,10419.380403390704
1720242000000,10421.675703390703
1720245600000,10419.491003390704
1720249200000,10419.102503390704
1720252800000,10418.005256771912
1720256400000,10418.230656771912
1720260000000,10416.976956771912
1720263600000,10416.674556771912
1720267200000,10416.803356771912
1720270800000,10416.416256771912
1720274400000,10414.811856771912
1720278000000,10414.902156771912
1720281600000,10413.249190081091
1720285200000,10409.394990081091
1720288800000,10408.09369008109
1720292400000,10409.60779008109
1720296000000,10409.193390081091
1720299600000,10407.79759008109
1720303200000,10408.87839008109
1720306800000,10407.15849008109
1720310400000,10406.577859417917
1720314000000,10408.322959417917
1720317600000,10406.939059417919
1720321200000,10405.837959417919
1720324800000,10408.472759417918
1720328400000,10410.623159417917
1720332000000,10410.621759417918
1720335600000,10410.297659417918
1720339200000,10412.36220205639
1720342800000,10410.801202056391
1720346400000,10409.93530205639
1720350000000,10411.93730205639
1720353600000,10411.93590205639
1720357200000,10412.52320205639
1720360800000,10415.99800205639
1720364400000,10416.883502056391
1720368000000,10416.31496632639
1720371600000,10414.365466326391
1720375200000,10413.706766326392
1720378800000,10414.207266326392
1720382400000,10414.31436632639
1720386000000,10413.146066326392
1720389600000,10417.435666326392
1720393200000,10418.981966326392
1720396800000,10422.770462236296
1720400400000,10428.812862236296
1720404000000,10430.040662236297
1720407600000,10426.326462236297
1720411200000,10428.076462236297
1720414800000,10425.953362236296
1720418400000,10425.509562236297
1720422000000,10424.531662236297
1720425600000,10423.502588261232
1720429200000,10409.679020052385
1720432800000,10409.679020052385
1720436400000,10409.679020052385
1720440000000,10409.679020052385
1720443600000,10409.679020052385
1720447200000,10409.679020052385
1720450800000,10409.679020052385
1720454400000,10409.679020052385
1720458000000,10409.679020052385
1720461600000,10409.679020052385
1720465200000,10409.679020052385
1720468800000,10409.679020052385
1720472400000,10409.679020052385
1720476000000,10409.679020052385
1720479600000,10409.679020052385
1720483200000,10409.679020052385
1720486800000,10409.679020052385
1720490400000,10409.679020052385
1720494000000,10409.679020052385
1720497600000,10409.679020052385
1720501200000,10409.679020052385
1720504800000,10409.679020052385
1720508400000,10409.679020052385
1720512000000,10409.679020052385
1720515600000,10409.679020052385
1720519200000,10409.679020052385
1720522800000,10409.679020052385
1720526400000,10409.679020052385
1720530000000,10409.679020052385
1720533600000,10409.679020052385
1720537200000,10409.679020052385
1720540800000,10409.679020052385
1720544400000,10409.679020052385
1720548000000,10409.679020052385
1720551600000,10409.679020052385
1720555200000,10409.679020052385
1720558800000,10409.679020052385
1720562400000,10409.679020052385
1720566000000,10409.679020052385
1720569600000,10409.679020052385
1720573200000,10409.679020052385
1720576800000,10409.679020052385
1720580400000,10409.679020052385
1720584000000,10409.335953003962
1720587600000,10405.178353003961
1720591200000,10406.199153003961
1720594800000,10405.251153003961
1720598400000,10406.327305940034
1720602000000,10407.382905940036
1720605600000,10408.406905940035
1720609200000,10407.577305940034
1720612800000,10408.447705940036
1720616400000,10409.408905940036
1720620000000,10411.464105940035
1720623600000,10411.611705940035
1720627200000,10411.603957057852
1720630800000,10411.498357057852
1720634400000,10411.697957057851
1720638000000,10411.999157057851
1720641600000,10412.595157057853
1720645200000,10412.733157057852
1720648800000,10412.412357057852
1720652400000,10411.592757057851
1720656000000,10411.671439857853
1720659600000,10411.922239857853
1720663200000,10409.181439857852
1720666800000,10410.807039857853
1720670400000,10412.151439857853
1720674000000,10411.287839857852
1720677600000,10410.298239857853
1720681200000,10410.297839857853
1720684800000,10409.396705761283
1720688400000,10409.531505761282
1720692000000,10409.121905761282
1720695600000,10408.366305761283
1720699200000,10407.443905761282
1720702800000,10406.883105761282
1720706400000,10407.953905761282
1720710000000,10411.081105761283
1720713600000,10412.614456961282
1720717200000,10411.809256961284
1720720800000,10411.212056961283
1720724400000,10411.024856961283
1720728000000,10412.889256961284
1720731600000,10412.269656961284
1720735200000,10412.673256961283
1720738800000,10413.248856961283
1720742400000,10412.861478098039
1720746000000,10413.47867809804
1720749600000,10414.62427809804
1720753200000,10413.026678098038
1720756800000,10414.647878098038
1720760400000,10414.204678098038
1720764000000,10414.278678098039
1720767600000,10413.586678098038
1720771200000,10414.14998694565
1720774800000,10413.10318694565
1720778400000,10414.446386945649
1720782000000,10413.688386945649
1720785600000,10413.516386945648
1720789200000,10412.782786945649
1720792800000,10410.83158694565
1720796400000,10411.296386945649
1720800000000,10409.803382966262
1720803600000,10409.78938296626
1720807200000,10409.80018296626
1720810800000,10409.28738296626
1720814400000,10411.85418296626
1720818000000,10412.08858296626
1720821600000,10412.118982966262
1720825200000,10411.36858296626
1720828800000,10410.866639820737
1720832400000,10411.139839820737
1720836000000,10410.918639820737
1720839600000,10410.599439820737
1720843200000,10411.205839820735
1720846800000,10411.339439820737
1720850400000,10410.255439820736
1720854000000,10410.329039820735
1720857600000,10409.910605600931
1720861200000,10410.603805600931
1720864800000,10407.708205600931
1720868400000,10408.83540560093
1720872000000,10408.39820560093
1720875600000,10407.142605600931
1720879200000,10408.07020560093
1720882800000,10407.38940560093
1720886400000,10407.05932900093
1720890000000,10407.97892900093
1720893600000,10407.56252900093
1720897200000,10407.86372900093
1720900800000,10408.06972900093
1720904400000,10408.05412900093
1720908000000,10407.75852900093
1720911600000,10404.81932900093
1720915200000,10405.615609500019
1720918800000,10403.542009500019
1720922400000,10403.528809500018
1720926000000,10405.083609500018
1720929600000,10404.710809500019
1720933200000,10402.531080623896
1720936800000,10402.531080623896
1720940400000,10402.531080623896
1720944000000,10402.531080623896
1720947600000,10402.531080623896
1720951200000,10402.531080623896
1720954800000,10402.531080623896
1720958400000,10402.531080623896
1720962000000,10402.531080623896
1720965600000,10402.531080623896
1720969200000,10402.531080623896
1720972800000,10402.531080623896
1720976400000,10402.531080623896
1720980000000,10402.531080623896
1720983600000,10402.531080623896
1720987200000,10402.531080623896
1720990800000,10402.531080623896
1720994400000,10402.531080623896
1720998000000,10402.531080623896
1721001600000,10402.531080623896
1721005200000,10402.531080623896
1721008800000,10402.531080623896
1721012400000,10402.531080623896
1721016000000,10402.531080623896
1721019600000,10402.531080623896
1721023200000,10402.531080623896
1721026800000,10402.531080623896
1721030400000,10402.531080623896
1721034000000,10402.531080623896
1721037600000,10402.531080623896
1721041200000,10402.531080623896
1721044800000,10402.531080623896
1721048400000,10402.531080623896
1721052000000,10402.531080623896
1721055600000,10402.531080623896
1721059200000,10402.531080623896
1721062800000,10402.531080623896
1721066400000,10402.531080623896
1721070000000,10402.531080623896
1721073600000,10402.531080623896
1721077200000,10402.531080623896
1721080800000,10402.531080623896
1721084400000,10402.531080623896
1721088000000,10402.531080623896
1721091600000,10402.531080623896
1721095200000,10402.531080623896
1721098800000,10402.531080623896
1721102400000,10402.531080623896
1721106000000,10402.531080623896
1721109600000,10402.531080623896
1721113200000,10402.531080623896
1721116800000,10402.531080623896
1721120400000,10402.531080623896
1721124000000,10402.531080623896
1721127600000,10402.531080623896
1721131200000,10402.531080623896
1721134800000,10402.531080623896
1721138400000,10402.531080623896
1721142000000,10402.531080623896
1721145600000,10402.531080623896
1721149200000,10402.531080623896
1721152800000,10402.531080623896
1721156400000,10402.531080623896
1721160000000,10402.531080623896
1721163600000,10402.531080623896
1721167200000,10402.531080623896
1721170800000,10402.531080623896
1721174400000,10402.531080623896
1721178000000,10402.531080623896
1721181600000,10402.531080623896
1721185200000,10402.531080623896
1721188800000,10402.531080623896
1721192400000,10402.531080623896
1721196000000,10402.531080623896
1721199600000,10402.531080623896
1721203200000,10402.531080623896
1721206800000,10402.531080623896
1721210400000,10402.531080623896
1721214000000,10402.531080623896
1721217600000,10402.531080623896
1721221200000,10402.531080623896
1721224800000,10402.531080623896
1721228400000,10402.531080623896
1721232000000,10402.531080623896
1721235600000,10402.531080623896
1721239200000,10402.531080623896
1721242800000,10402.531080623896
1721246400000,10402.531080623896
1721250000000,10402.531080623896
1721253600000,10402.531080623896
1721257200000,10402.531080623896
1721260800000,10402.531080623896
1721264400000,10402.531080623896
1721268000000,10402.531080623896
1721271600000,10402.531080623896
1721275200000,10402.45250990899
1721278800000,10400.93753990899
1721282400000,10401.697349908989
1721286000000,10404.00746990899
1721289600000,10402.68214069118
1721293200000,10404.687220691181
1721296800000,10404.111550691181
1721300400000,10403.64562069118
1721304000000,10404.90484069118
1721307600000,10406.334250691181
1721311200000,10405.67674069118
1721314800000,10401.73168069118
1721318400000,10398.42091191907
1721322000000,10401.08815191907
1721325600000,10399.46344191907
1721329200000,10400.11537191907
1721332800000,10399.842881919069
1721336400000,10400.794271919069
1721340000000,10401.28531191907
1721343600000,10402.298081919069
1721347200000,10401.970698268118
1721350800000,10399.36204826812
1721354400000,10400.60824826812
1721358000000,10399.86889826812
1721361600000,10402.22272826812
1721365200000,10401.212748268119
1721368800000,10401.73819826812
1721372400000,10402.96486826812
1721376000000,10398.596059831469
1721379600000,10398.845299831468
1721383200000,10397.972959831468
1721386800000,10399.408879831468
1721390400000,10399.799479831468
1721394000000,10400.915479831468
1721397600000,10402.405339831468
1721401200000,10405.987699831468
1721404800000,10405.587206863467
1721408400000,10407.930806863467
1721412000000,10408.599476863466
1721415600000,10409.342546863467
1721419200000,10409.102606863467
1721422800000,10408.991006863467
1721426400000,10409.888456863468
1721430000000,10409.541566863467
1721433600000,10409.086369023022
1721437200000,10407.44584902302
1721440800000,10407.24496902302
1721444400000,10408.13032902302
1721448000000,10408.11916902302
1721451600000,10409.254699023022
1721455200000,10408.68181902302
1721458800000,10408.623229023022
1721462400000,10407.479435528481
1721466000000,10407.11208552848
1721469600000,10407.18927552848
1721473200000,10407.588245528481
1721476800000,10407.007146636208
1721480400000,10407.007146636208
1721484000000,10407.007146636208
1721487600000,10407.007146636208
1721491200000,10407.007146636208
1721494800000,10407.007146636208
1721498400000,10407.007146636208
1721502000000,10407.007146636208
1721505600000,10407.007146636208
1721509200000,10407.007146636208
1721512800000,10407.007146636208
1721516400000,10407.007146636208
1721520000000,10407.007146636208
1721523600000,10407.007146636208
1721527200000,10407.007146636208
1721530800000,10407.007146636208
1721534400000,10407.007146636208
1721538000000,10407.007146636208
1721541600000,10407.007146636208
1721545200000,10407.007146636208
1721548800000,10407.007146636208
1721552400000,10407.007146636208
1721556000000,10407.007146636208
1721559600000,10407.007146636208
1721563200000,10407.007146636208
1721566800000,10407.007146636208
1721570400000,10407.007146636208
1721574000000,10407.007146636208
1721577600000,10407.007146636208
1721581200000,10407.007146636208
1721584800000,10407.007146636208
1721588400000,10407.007146636208
1721592000000,10407.007146636208
1721595600000,10407.007146636208
1721599200000,10407.007146636208
1721602800000,10407.007146636208
1721606400000,10407.007146636208
1721610000000,10407.007146636208
1721613600000,10407.007146636208
1721617200000,10407.007146636208
1721620800000,10407.007146636208
1721624400000,10407.007146636208
1721628000000,10407.007146636208
1721631600000,10407.007146636208
1721635200000,10407.007146636208
1721638800000,10407.007146636208
1721642400000,10407.007146636208
1721646000000,10407.007146636208
1721649600000,10407.007146636208
1721653200000,10407.007146636208
1721656800000,10407.007146636208
1721660400000,10407.007146636208
1721664000000,10407.007146636208
1721667600000,10407.007146636208
1721671200000,10407.007146636208
1721674800000,10407.007146636208
1721678400000,10407.007146636208
1721682000000,10407.007146636208
1721685600000,10407.007146636208
1721689200000,10407.007146636208
1721692800000,10407.007146636208
1721696400000,10407.007146636208
1721700000000,10407.007146636208
1721703600000,10407.007146636208
1721707200000,10407.007146636208
1721710800000,10407.007146636208
1721714400000,10407.007146636208
1721718000000,10407.007146636208
1721721600000,10407.007146636208
1721725200000,10407.007146636208
1721728800000,10407.007146636208
1721732400000,10407.007146636208
1721736000000,10407.007146636208
1721739600000,10407.007146636208
1721743200000,10407.007146636208
1721746800000,10407.007146636208
1721750400000,10407.007146636208
1721754000000,10407.007146636208
1721757600000,10407.007146636208
1721761200000,10407.007146636208
1721764800000,10407.007146636208
1721768400000,10407.007146636208
1721772000000,10407.007146636208
1721775600000,10407.007146636208
1721779200000,10407.007146636208
1721782800000,10407.007146636208
1721786400000,10407.007146636208
1721790000000,10407.007146636208
1721793600000,10407.007146636208
1721797200000,10407.007146636208
1721800800000,10407.007146636208
1721804400000,10407.007146636208
1721808000000,10407.007146636208
1721811600000,10407.007146636208
1721815200000,10407.007146636208
1721818800000,10407.007146636208
1721822400000,10407.007146636208
1721826000000,10407.007146636208
1721829600000,10407.007146636208
1721833200000,10407.007146636208
1721836800000,10407.007146636208
1721840400000,10407.007146636208
1721844000000,10407.007146636208
1721847600000,10407.007146636208
1721851200000,10407.007146636208
1721854800000,10407.007146636208
1721858400000,10407.007146636208
1721862000000,10407.007146636208
1721865600000,10407.007146636208
1721869200000,10407.007146636208
1721872800000,10407.007146636208
1721876400000,10407.007146636208
1721880000000,10407.007146636208
1721883600000,10407.007146636208
1721887200000,10407.007146636208
1721890800000,10407.007146636208
1721894400000,10407.007146636208
1721898000000,10407.007146636208
1721901600000,10407.007146636208
1721905200000,10407.007146636208
1721908800000,10407.007146636208
1721912400000,10407.007146636208
1721916000000,10407.007146636208
1721919600000,10407.007146636208
1721923200000,10406.827983344714
1721926800000,10407.118983344713
1721930400000,10408.660983344713
1721934000000,10405.886583344714
1721937600000,10406.179983344713
1721941200000,10409.440983344713
1721944800000,10413.327783344714
1721948400000,10411.932183344714
1721952000000,10412.910918979524
1721955600000,10416.439518979523
1721959200000,10416.619518979523
1721962800000,10419.512118979523
1721966400000,10420.402518979523
1721970000000,10420.383318979522
1721973600000,10419.384318979523
1721977200000,10420.341918979522
1721980800000,10419.471394699523
1721984400000,10420.488994699523
1721988000000,10421.667394699523
1721991600000,10421.865994699523
1721995200000,10421.970394699523
1721998800000,10422.020794699523
1722002400000,10425.572194699524
1722006000000,10421.770594699523
1722009600000,10423.191062674548
1722013200000,10422.157862674549
1722016800000,10422.085262674549
1722020400000,10423.23366267455
1722024000000,10425.38166267455
1722027600000,10422.471662674548
1722031200000,10425.621062674549
1722034800000,10425.447662674549
1722038400000,10425.355597031617
1722042000000,10425.004597031617
1722045600000,10423.863997031618
1722049200000,10426.331197031617
1722052800000,10424.637997031617
1722056400000,10425.166597031617
1722060000000,10425.336397031617
1722063600000,10426.471597031617
1722067200000,10426.282258558127
1722070800000,10425.702058558127
1722074400000,10427.161858558127
1722078000000,10426.824658558127
1722081600000,10427.136058558128
1722085200000,10428.228658558128
1722088800000,10433.433658558128
1722092400000,10431.820258558128
1722096000000,10430.898844582249
1722099600000,10429.855444582248
1722103200000,10429.104844582247
1722106800000,10428.787444582247
1722110400000,10425.573244582249
1722114000000,10423.345444582248
1722117600000,10430.573644582248
1722121200000,10429.462444582248
1722124800000,10424.552937213515
1722128400000,10425.507537213516
1722132000000,10426.158537213516
1722135600000,10426.576137213515
1722139200000,10425.527937213516
1722142800000,10422.219537213516
1722146400000,10422.373137213515
1722150000000,10422.395337213515
1722153600000,10422.80455866876
1722157200000,10421.92015866876
1722160800000,10422.230358668761
1722164400000,10423.09075866876
1722168000000,10424.41435866876
1722171600000,10425.70735866876
1722175200000,10425.63415866876
1722178800000,10423.87135866876
1722182400000,10423.622381556528
1722186000000,10424.044181556528
1722189600000,10425.698981556528
1722193200000,10427.198381556527
1722196800000,10426.646381556528
1722200400000,10425.772781556529
1722204000000,10425.854981556527
1722207600000,10425.611381556528
1722211200000,10427.31835951495
1722214800000,10430.17555951495
1722218400000,10428.93295951495
1722222000000,10434.993559514949
1722225600000,10433.605759514949
1722229200000,10434.212959514949
1722232800000,10435.98415951495
1722236400000,10435.09915951495
1722240000000,10434.962310142892
1722243600000,10434.518310142892
1722247200000,10434.722910142891
1722250800000,10435.267110142891
1722254400000,10435.36731014289
1722258000000,10436.540310142891
1722261600000,10433.477310142891
1722265200000,10426.421910142892
1722268800000,10425.780468488816
1722272400000,10418.994468488816
1722276000000,10419.354468488815
1722279600000,10422.137268488816
1722283200000,10421.297268488815
1722286800000,10422.016668488815
1722290400000,10422.521868488815
1722294000000,10420.739868488816
1722297600000,10418.614866031998
1722301200000,10417.180266031997
1722304800000,10415.084466031996
1722308400000,10415.919066031996
1722312000000,10416.962687363708
1722315600000,10418.497967363706
1722319200000,10417.570547363706
1722322800000,10417.152257363707
1722326400000,10416.518712302
1722330000000,10416.050262302
1722333600000,10415.289432302001
1722337200000,10414.962792302
1722340800000,10414.987662301999
1722344400000,10413.486312301999
1722348000000,10414.498572302
1722351600000,10414.43706249077
1722355200000,10411.497084381934
1722358800000,10412.967774381934
1722362400000,10414.858494381935
1722366000000,10416.122094381935
1722369600000,10417.364634381935
1722373200000,10416.648594381935
1722376800000,10416.516384381934
1722380400000,10416.411084381934
1722384000000,10416.443586524925
1722387600000,10415.982606524925
1722391200000,10415.877306524924
1722394800000,10415.336766524924
1722398400000,10414.613706524924
1722402000000,10416.617916524925
1722405600000,10413.510396524925
1722409200000,10411.641906524925
1722412800000,10411.721659559325
1722416400000,10412.078509559326
1722420000000,10412.087869559326
1722423600000,10412.925589559325
1722427200000,10411.372999559326
1722430800000,10412.082019559324
1722434400000,10409.946769559325
1722438000000,10412.270389559326
1722441600000,10414.157613599325
1722445200000,10415.528853599326
1722448800000,10413.737583599326
1722452400000,10411.997793599325
1722456000000,10418.821233599325
1722459600000,10423.516443599325
1722463200000,10421.853873599326
1722466800000,10421.082843599324
1722470400000,10422.172482032325
1722474000000,10421.883492032326
1722477600000,10424.269122032325
1722481200000,10426.363422032326
1722484800000,10428.376992032327
1722488400000,10433.285142032326
1722492000000,10427.877402032325
1722495600000,10429.401912032326
1722499200000,10429.65452450252
1722502800000,10427.84804450252
1722506400000,10428.14054450252
1722510000000,10427.11328450252
1722513600000,10427.35430450252
1722517200000,10426.02869450252
1722520800000,10427.94398450252
1722524400000,10433.21483450252
1722528000000,10435.942284821856
1722531600000,10437.135684821857
1722535200000,10435.869744821855
1722538800000,10438.298664821856
1722542400000,10433.837454821856
1722546000000,10429.232334821856
1722549600000,10428.765504821857
1722553200000,10424.648274821857
1722556800000,10425.58087999771
1722560400000,10424.389419997708
1722564000000,10425.364389997709
1722567600000,10425.673779997707
1722571200000,10425.865579997708
1722574800000,10425.61407999771
1722578400000,10426.120109997708
1722582000000,10426.534319997709
1722585600000,10426.041688797757
1722589200000,10426.836058797757
1722592800000,10427.183348797758
1722596400000,10427.474458797757
1722600000000,10427.793448797758
1722603600000,10428.745358797758
1722607200000,10429.851328797758
1722610800000,10435.132538797758
1722614400000,10435.516290113943
1722618000000,10435.822260113942
1722621600000,10435.036040113942
1722625200000,10434.950640113942
1722628800000,10434.042960113942
1722632400000,10433.215160113943
1722636000000,10432.472820113942
1722639600000,10431.993120113942
1722643200000,10431.553784630505
1722646800000,10432.733514630507
1722650400000,10430.776941470125
1722654000000,10430.269161470125
1722657600000,10428.064881470125
1722661200000,10429.814031470125
1722664800000,10428.965781470124
1722668400000,10427.093781470125
1722672000000,10427.777892625489
1722675600000,10428.09847262549
1722679200000,10427.12737262549
1722682800000,10426.69096262549
1722686400000,10426.41835262549
1722690000000,10424.746422625489
1722693600000,10424.73004262549
1722697200000,10425.659022625488
1722700800000,10432.80324967992
1722704400000,10433.280609679921
1722708000000,10436.99067967992
1722711600000,10437.10299967992
1722715200000,10438.14195967992
1722718800000,10438.71057967992
1722722400000,10436.44077967992
1722726000000,10436.78475967992
1722729600000,10437.598065993176
1722733200000,10436.047815993177
1722736800000,10436.954565993175
1722740400000,10435.548225993176
1722744000000,10435.811475993176
1722747600000,10437.639015993176
1722751200000,10436.038455993175
1722754800000,10435.738935993177
1722758400000,10438.657767415603
1722762000000,10437.073587415603
1722765600000,10436.391477415602
1722769200000,10435.889547415603
1722772800000,10435.923477415603
1722776400000,10434.782727415602
1722780000000,10436.389137415603
1722783600000,10442.164257415603
1722787200000,10445.665194926947
1722790800000,10447.796934926948
1722794400000,10461.336174926948
1722798000000,10457.609724926948
1722801600000,10454.614524926947
1722805200000,10455.320034926946
1722808800000,10457.126514926947
1722812400000,10458.888534926948
1722816000000,10461.961459290547
1722819600000,10480.758679290548
1722823200000,10504.655929290548
1722826800000,10504.681669290547
1722830400000,10506.665989290546
1722834000000,10503.721099290547
1722837600000,10506.070459290548
1722841200000,10512.479719290546
1722844800000,10501.660635887765
1722848400000,10503.953835887765
1722852000000,10506.456465887766
1722855600000,10511.794005887767
1722859200000,10510.056555887766
1722862800000,10517.422875887765
1722866400000,10498.154145887765
1722870000000,10497.748155887766
1722873600000,10490.508053383053
1722877200000,10489.020983383052
1722880800000,10488.349403383054
1722884400000,10499.161373383053
1722888000000,10495.234853383054
1722891600000,10491.807923383052
1722895200000,10492.772003383054
1722898800000,10490.488163383054
1722902400000,10493.92503446912
1722906000000,10479.88269446912
1722909600000,10482.463714469122
1722913200000,10483.63839446912
1722916800000,10485.345424469122
1722920400000,10484.16021446912
1722924000000,10482.06357446912
1722927600000,10483.001914469121
1722931200000,10482.318744390905
1722934800000,10489.157394390904
1722938400000,10488.806394390906
1722942000000,10489.064964390906
1722945600000,10489.654644390905
1722949200000,10490.931114390905
1722952800000,10489.300134390905
1722956400000,10481.367534390905
1722960000000,10481.386483409407
1722963600000,10481.601763409406
1722967200000,10486.451413409406
1722970800000,10484.606323409407
1722974400000,10485.021673409407
1722978000000,10486.051273409406
1722981600000,10485.472123409407
1722985200000,10487.454103409407
1722988800000,10488.898519403678
1722992400000,10488.999139403677
1722996000000,10484.582389403677
1722999600000,10484.512189403677
1723003200000,10483.597249403678
1723006800000,10482.565309403677
1723010400000,10484.010259403678
1723014000000,10484.694709403677
1723017600000,10483.13095054062
1723021200000,10481.70004054062
1723024800000,10482.311950540621
1723028400000,10482.98470054062
1723032000000,10487.10310054062
1723035600000,10487.68693054062
1723039200000,10490.37910054062
1723042800000,10497.72904054062
1723046400000,10494.901386641448
1723050000000,10496.587356641448
1723053600000,10499.961636641448
1723057200000,10502.217396641448
1723060800000,10502.146026641449
1723064400000,10502.471286641448
1723068000000,10500.785316641448
1723071600000,10501.493166641449
1723075200000,10503.267765814056
1723078800000,10501.492875814056
1723082400000,10491.332595814056
1723086000000,10489.776495814056
1723089600000,10491.990135814056
1723093200000,10493.058345814057
1723096800000,10493.218635814057
1723100400000,10492.475685814057
1723104000000,10494.70147854372
1723107600000,10493.08921854372
1723111200000,10492.04791854372
1723114800000,10490.77261854372
1723118400000,10490.39119854372
1723122000000,10486.22833854372
1723125600000,10492.08301854372
1723129200000,10484.93314854372
1723132800000,10483.975373724394
1723136400000,10473.672353724392
1723140000000,10475.381723724393
1723143600000,10475.261213724392
1723147200000,10475.532653724393
1723150800000,10476.297833724393
1723154400000,10469.621793504833
1723158000000,10469.621793504833
1723161600000,10469.621793504833
1723165200000,10469.621793504833
1723168800000,10469.621793504833
1723172400000,10469.621793504833
1723176000000,10469.621793504833
1723179600000,10469.621793504833
1723183200000,10469.621793504833
1723186800000,10469.621793504833
1723190400000,10469.621793504833
1723194000000,10469.621793504833
1723197600000,10469.621793504833
1723201200000,10469.621793504833
1723204800000,10469.621793504833
1723208400000,10469.621793504833
1723212000000,10469.621793504833
1723215600000,10469.621793504833
1723219200000,10469.621793504833
1723222800000,10469.621793504833
1723226400000,10469.621793504833
1723230000000,10469.621793504833
1723233600000,10469.621793504833
1723237200000,10469.621793504833
1723240800000,10469.621793504833
1723244400000,10469.621793504833
1723248000000,10469.621793504833
1723251600000,10469.621793504833
1723255200000,10469.621793504833
1723258800000,10469.621793504833
1723262400000,10469.621793504833
1723266000000,10469.621793504833
1723269600000,10469.621793504833
1723273200000,10469.621793504833
1723276800000,10469.621793504833
1723280400000,10469.621793504833
1723284000000,10469.621793504833
1723287600000,10469.621793504833
1723291200000,10469.621793504833
1723294800000,10469.621793504833
1723298400000,10469.621793504833
1723302000000,10469.621793504833
1723305600000,10469.621793504833
1723309200000,10469.621793504833
1723312800000,10469.621793504833
1723316400000,10469.621793504833
1723320000000,10469.621793504833
1723323600000,10469.621793504833
1723327200000,10469.621793504833
1723330800000,10469.621793504833
1723334400000,10469.621793504833
1723338000000,10469.621793504833
1723341600000,10469.621793504833
1723345200000,10469.621793504833
1723348800000,10469.621793504833
1723352400000,10469.621793504833
1723356000000,10469.621793504833
1723359600000,10469.621793504833
1723363200000,10469.621793504833
1723366800000,10469.621793504833
1723370400000,10469.621793504833
1723374000000,10469.621793504833
1723377600000,10469.621793504833
1723381200000,10469.621793504833
1723384800000,10469.621793504833
1723388400000,10469.621793504833
1723392000000,10469.621793504833
1723395600000,10469.621793504833
1723399200000,10469.621793504833
1723402800000,10469.621793504833
1723406400000,10469.621793504833
1723410000000,10469.621793504833
1723413600000,10469.621793504833
1723417200000,10469.621793504833
1723420800000,10469.621793504833
1723424400000,10469.621793504833
1723428000000,10469.621793504833
1723431600000,10469.621793504833
1723435200000,10469.621793504833
1723438800000,10469.621793504833
1723442400000,10469.621793504833
1723446000000,10469.621793504833
1723449600000,10469.621793504833
1723453200000,10469.621793504833
1723456800000,10469.621793504833
1723460400000,10469.621793504833
1723464000000,10469.621793504833
1723467600000,10469.621793504833
1723471200000,10469.621793504833
1723474800000,10469.621793504833
1723478400000,10469.621793504833
1723482000000,10469.621793504833
1723485600000,10469.621793504833
1723489200000,10469.621793504833
1723492800000,10469.621793504833
1723496400000,10469.621793504833
1723500000000,10469.621793504833
1723503600000,10469.621793504833
1723507200000,10469.621793504833
1723510800000,10469.621793504833
1723514400000,10469.621793504833
1723518000000,10469.621793504833
1723521600000,10469.621793504833
1723525200000,10469.621793504833
1723528800000,10469.621793504833
1723532400000,10469.621793504833
1723536000000,10469.621793504833
1723539600000,10469.621793504833
1723543200000,10469.621793504833
1723546800000,10469.621793504833
1723550400000,10469.621793504833
1723554000000,10469.621793504833
1723557600000,10469.621793504833
1723561200000,10469.621793504833
1723564800000,10469.621793504833
1723568400000,10469.621793504833
1723572000000,10469.621793504833
1723575600000,10469.621793504833
1723579200000,10469.621793504833
1723582800000,10469.621793504833
1723586400000,10469.621793504833
1723590000000,10469.621793504833
1723593600000,10469.621793504833
1723597200000,10469.621793504833
1723600800000,10469.621793504833
1723604400000,10469.621793504833
1723608000000,10469.621793504833
1723611600000,10469.621793504833
1723615200000,10469.621793504833
1723618800000,10469.621793504833
1723622400000,10469.621793504833
1723626000000,10469.621793504833
1723629600000,10469.621793504833
1723633200000,10469.621793504833
1723636800000,10469.621793504833
1723640400000,10469.621793504833
1723644000000,10469.621793504833
1723647600000,10469.621793504833
1723651200000,10469.621793504833
1723654800000,10469.621793504833
1723658400000,10469.621793504833
1723662000000,10469.621793504833
1723665600000,10469.621793504833
1723669200000,10469.621793504833
1723672800000,10469.621793504833
1723676400000,10469.621793504833
1723680000000,10469.621793504833
1723683600000,10469.621793504833
1723687200000,10469.621793504833
1723690800000,10469.621793504833
1723694400000,10469.621793504833
1723698000000,10469.621793504833
1723701600000,10469.621793504833
1723705200000,10469.621793504833
1723708800000,10469.429822478514
1723712400000,10469.011862478514
1723716000000,10468.711622478513
1723719600000,10469.025902478514
1723723200000,10466.878862478514
1723726800000,10466.882102478514
1723730400000,10464.547142478514
1723734000000,10465.297742478513
1723737600000,10463.506849412675
1723741200000,10464.986449412674
1723744800000,10470.984769412675
1723748400000,10476.751969412675
1723752000000,10476.454969412674
1723755600000,10476.802729412675
1723759200000,10474.637329412675
1723762800000,10473.457969412675
1723766400000,10474.582210160637
1723770000000,10473.906130160638
1723773600000,10474.159930160637
1723777200000,10472.034490160637
1723780800000,10473.379090160637
1723784400000,10471.497730160638
1723788000000,10471.188850160637
1723791600000,10468.267450160638
1723795200000,10469.044517400424
1723798800000,10469.148197400424
1723802400000,10468.332797400422
1723806000000,10469.157917400424
1723809600000,10469.556437400423
1723813200000,10474.332197400423
1723816800000,10472.139797400423
1723820400000,10473.082637400423
1723824000000,10474.448445720887
1723827600000,10472.051925720887
1723831200000,10470.156525720888
1723834800000,10469.593845720887
1723838400000,10469.162925720888
1723842000000,10469.904885720887
1723845600000,10470.889845720887
1723849200000,10471.477365720888
1723852800000,10472.083617285123
1723856400000,10471.473417285124
1723860000000,10470.883737285123
1723863600000,10471.463697285124
1723867200000,10471.687257285124
1723870800000,10471.107297285123
1723874400000,10470.983097285123
1723878000000,10471.447497285124
1723881600000,10471.035522031527
1723885200000,10471.047402031527
1723888800000,10470.430722031528
1723892400000,10471.437282031528
1723896000000,10471.339002031527
1723899600000,10470.647802031526
1723903200000,10470.357282031528
1723906800000,10469.431722031528
1723910400000,10470.281634620867
1723914000000,10468.733994620867
1723917600000,10469.269674620868
1723921200000,10470.144474620867
1723924800000,10469.377674620868
1723928400000,10469.418714620868
1723932000000,10470.271914620867
1723935600000,10470.129354620867
1723939200000,10469.519201599722
1723942800000,10469.184401599723
1723946400000,10470.166121599723
1723950000000,10467.520121599722
1723953600000,10470.782801599722
1723957200000,10470.842201599722
1723960800000,10470.799001599722
1723964400000,10470.495521599723
1723968000000,10470.404512357027
1723971600000,10469.162512357027
1723975200000,10465.909552357027
1723978800000,10466.122312357025
1723982400000,10465.854472357027
1723986000000,10461.814774140987
1723989600000,10461.814774140987
1723993200000,10461.814774140987
1723996800000,10461.814774140987
1724000400000,10461.814774140987
1724004000000,10461.814774140987
1724007600000,10461.814774140987
1724011200000,10461.814774140987
1724014800000,10461.814774140987
1724018400000,10461.814774140987
1724022000000,10461.814774140987
1724025600000,10461.814774140987
1724029200000,10461.814774140987
1724032800000,10461.814774140987
1724036400000,10461.814774140987
1724040000000,10461.814774140987
1724043600000,10461.814774140987
1724047200000,10461.814774140987
1724050800000,10461.814774140987
1724054400000,10461.814774140987
1724058000000,10461.814774140987
1724061600000,10461.814774140987
1724065200000,10461.814774140987
1724068800000,10461.814774140987
1724072400000,10461.814774140987
1724076000000,10461.814774140987
1724079600000,10461.814774140987
1724083200000,10461.814774140987
1724086800000,10461.814774140987
1724090400000,10461.814774140987
1724094000000,10461.814774140987
1724097600000,10461.814774140987
1724101200000,10461.814774140987
1724104800000,10461.814774140987
1724108400000,10461.814774140987
1724112000000,10461.614046665372
1724115600000,10470.261246665374
1724119200000,10470.132446665373
1724122800000,10470.513246665372
1724126400000,10471.033246665373
1724130000000,10473.096446665373
1724133600000,10474.790846665373
1724137200000,10474.052446665373
1724140800000,10473.704274705959
1724144400000,10472.946674705958
1724148000000,10473.109874705959
1724151600000,10471.965874705958
1724155200000,10470.285074705958
1724158800000,10471.033874705958
1724162400000,10472.504274705958
1724166000000,10459.401074705958
1724169600000,10456.239200595495
1724173200000,10455.735200595496
1724176800000,10458.476000595496
1724180400000,10459.501600595497
1724184000000,10461.908000595497
1724187600000,10460.418400595496
1724191200000,10460.816000595496
1724194800000,10460.719200595497
1724198400000,10458.61188226759
1724202000000,10458.450282267591
1724205600000,10460.397482267592
1724209200000,10461.03908226759
1724212800000,10460.576682267592
1724216400000,10461.19108226759
1724220000000,10461.306282267591
1724223600000,10463.431882267592
1724227200000,10464.260304458072
1724230800000,10462.103504458071
1724234400000,10460.28910445807
1724238000000,10461.857904458071
1724241600000,10461.198704458071
1724245200000,10462.495504458071
1724248800000,10465.067504458071
1724252400000,10461.36830445807
1724256000000,10462.06881994159
1724259600000,10464.81601994159
1724263200000,10466.241619941591
1724266800000,10472.416019941591
1724270400000,10479.27281994159
1724274000000,10475.552019941591
1724277600000,10476.356019941592
1724281200000,10475.512819941592
1724284800000,10475.58291884216
1724288400000,10472.44531884216
1724292000000,10473.715718842159
1724295600000,10466.805318842158
1724299200000,10470.218118842158
1724302800000,10472.354918842158
1724306400000,10471.811718842158
1724310000000,10472.276518842158
1724313600000,10474.011594444066
1724317200000,10473.621194444066
1724320800000,10473.345994444066
1724324400000,10476.756394444066
1724328000000,10476.894794444066
1724331600000,10473.067594444066
1724335200000,10472.482794444066
1724338800000,10470.422794444066
1724342400000,10469.22986815292
1724346000000,10468.56106815292
1724349600000,10467.239468152919
1724353200000,10468.941068152919
1724356800000,10468.484268152919
1724360400000,10471.071468152919
1724364000000,10470.354668152919
1724367600000,10469.57546815292
1724371200000,10469.19234056492
1724374800000,10472.166740564919
1724378400000,10472.233140564918
1724382000000,10471.12754056492
1724385600000,10471.06194056492
1724389200000,10472.51154056492
1724392800000,10473.085940564919
1724396400000,10475.98834056492
1724400000000,10474.48386387732
1724403600000,10476.52706387732
1724407200000,10474.51586387732
1724410800000,10474.683063877319
1724414400000,10472.34066387732
1724418000000,10475.02786387732
1724421600000,10476.99826387732
1724425200000,10473.80386387732
1724428800000,10477.87710558948
1724432400000,10480.025105589479
1724436000000,10491.453105589479
1724439600000,10490.786705589479
1724443200000,10494.97070558948
1724446800000,10495.39310558948
1724450400000,10501.62830558948
1724454000000,10499.52990558948
1724457600000,10498.941859458502
1724461200000,10498.161059458504
1724464800000,10496.635459458503
1724468400000,10497.751459458503
1724472000000,10497.059459458504
1724475600000,10497.253059458502
1724479200000,10497.872259458503
1724482800000,10498.700259458503
1724486400000,10500.072777212345
1724490000000,10501.673577212345
1724493600000,10500.704777212344
1724497200000,10499.264777212344
1724500800000,10497.753577212345
1724504400000,10499.111177212344
1724508000000,10499.816777212345
1724511600000,10499.408777212344
1724515200000,10498.088063820063
1724518800000,10500.551263820063
1724522400000,10498.294463820064
1724526000000,10500.064863820064
1724529600000,10499.712863820065
1724533200000,10498.456063820064
1724536800000,10495.968863820064
1724540400000,10496.758463820064
1724544000000,10499.20391737084
1724547600000,10500.05591737084
1724551200000,10499.31031737084
1724554800000,10499.29351737084
1724558400000,10498.95751737084
1724562000000,10499.37431737084
1724565600000,10499.28791737084
1724569200000,10498.11191737084
1724572800000,10497.100536265116
1724576400000,10497.938136265115
1724580000000,10497.182936265115
1724583600000,10497.514136265116
1724587200000,10497.310136265116
1724590800000,10497.707736265116
1724594400000,10498.902936265114
1724598000000,10499.264536265115
1724601600000,10499.100598465979
1724605200000,10498.509398465978
1724608800000,10499.302998465979
1724612400000,10499.577398465979
1724616000000,10499.738998465979
1724619600000,10500.005398465979
1724623200000,10501.879798465978
1724626800000,10502.262198465978
1724630400000,10500.236871802928
1724634000000,10499.20407180293
1724637600000,10497.968871802928
1724641200000,10498.72487180293
1724644800000,10499.14327180293
1724648400000,10498.23207180293
1724652000000,10497.81287180293
1724655600000,10495.872071802929
1724659200000,10494.976927496242
1724662800000,10496.170527496242
1724666400000,10496.957727496241
1724670000000,10496.012127496242
1724673600000,10496.865727496242
1724677200000,10495.158527496242
1724680800000,10496.253727496241
1724684400000,10493.736927496242
1724688000000,10494.03927991396
1724691600000,10495.492079913962
1724695200000,10493.427279913962
1724698800000,10495.231279913962
1724702400000,10492.615279913962
1724706000000,10493.52567991396
1724709600000,10491.998479913962
1724713200000,10489.57687991396
1724716800000,10488.849234624055
1724720400000,10488.302034624054
1724724000000,10489.935634624055
1724727600000,10488.752434624055
1724731200000,10490.040434624054
1724734800000,10490.609234624055
1724738400000,10490.889234624054
1724742000000,10488.369234624055
1724745600000,10489.416426463693
1724749200000,10488.486826463693
1724752800000,10487.419626463694
1724756400000,10484.880426463693
1724760000000,10485.387160138658
1724763600000,10486.409620138658
1724767200000,10486.51088013866
1724770800000,10488.922028988753
1724774400000,10490.627105685242
1724778000000,10491.980005685242
1724781600000,10489.061725685242
1724785200000,10488.947185685241
1724788800000,10489.491665685242
1724792400000,10489.453485685242
1724796000000,10504.934645685242
1724799600000,10510.334625685242
1724803200000,10510.422647611224
1724806800000,10512.947507611223
1724810400000,10512.230387611224
1724814000000,10509.745367611224
1724817600000,10506.991427611223
1724821200000,10508.101967611223
1724824800000,10509.033227611224
1724828400000,10509.267287611223
1724832000000,10513.294686253455
1724835600000,10508.517206253455
1724839200000,10496.387586253455
1724842800000,10499.649486253455
1724846400000,10499.114288454131
1724850000000,10498.55072845413
1724853600000,10502.371608454132
1724857200000,10498.607248454133
1724860800000,10499.212121923998
1724864400000,10496.766281924
1724868000000,10496.529081923998
1724871600000,10494.818241923998
1724875200000,10496.528741923998
1724878800000,10493.581721923998
1724882400000,10493.490981923998
1724886000000,10493.872641923997
1724889600000,10493.5296065774
1724893200000,10493.7585265774
1724896800000,10494.703826577399
1724900400000,10494.0337265774
1724904000000,10495.0735265774
1724907600000,10495.0688665774
1724911200000,10493.675966577399
1724914800000,10492.403666577398
1724918400000,10493.147437529522
1724922000000,10493.631317529522
1724925600000,10493.872477529521
1724929200000,10494.689717529522
1724932800000,10494.385157529521
1724936400000,10492.54891752952
1724940000000,10494.558997529522
1724943600000,10495.820577529521
1724947200000,10494.462831502007
1724950800000,10492.899891502007
1724954400000,10493.165191502008
1724958000000,10495.511731502007
1724961600000,10494.182531502007
1724965200000,10494.451151502006
1724968800000,10496.028311502007
1724972400000,10495.222871502006
1724976000000,10495.424721237461
1724979600000,10495.397261237462
1724983200000,10495.336141237462
1724986800000,10497.064001237462
1724990400000,10495.385721237462
1724994000000,10495.421841237461
1724997600000,10495.29462123746
1725001200000,10495.35922123746
1725004800000,10496.675888876662
1725008400000,10496.908268876661
1725012000000,10497.22874887666
1725015600000,10498.084268876662
1725019200000,10498.212028876662
1725022800000,10496.918328876662
1725026400000,10497.268548876662
1725030000000,10501.460388876661
1725033600000,10502.681985184305
1725037200000,10502.085725184304
1725040800000,10502.025605184304
1725044400000,10494.424085184304
1725048000000,10495.681845184305
1725051600000,10495.376125184304
1725055200000,10495.510565184304
1725058800000,10494.827765184304
1725062400000,10494.468101667591
1725066000000,10495.42710166759
1725069600000,10495.18672166759
1725073200000,10495.320481667592
1725076800000,10495.582381667591
1725080400000,10495.16636166759
1725084000000,10495.47604166759
1725087600000,10495.363201667591
1725091200000,10495.264786592881
1725094800000,10495.887566592883
1725098400000,10495.418946592883
1725102000000,10494.484266592883
1725105600000,10494.852326592882
1725109200000,10495.459446592882
1725112800000,10495.43148659288
1725116400000,10495.17834659288
1725120000000,10495.274228871995
1725123600000,10496.824788871994
1725127200000,10497.927288871995
1725130800000,10498.602728871994
1725134400000,10497.853668871994
1725138000000,10497.085268871995
1725141600000,10495.765268871994
1725145200000,10495.638908871995
1725148800000,10496.048268176293
1725152400000,10496.822468176293
1725156000000,10498.355648176293
1725159600000,10498.166148176293
1725163200000,10497.873968176295
1725166800000,10497.606908176294
1725170400000,10497.914655304088
1725174000000,10496.002335304089
1725177600000,10494.292707557108
1725181200000,10495.816587557109
1725184800000,10495.056307557108
1725188400000,10498.698347557109
1725192000000,10495.690427557109
1725195600000,10497.742187557109
1725199200000,10497.280707557109
1725202800000,10500.089427557108
1725206400000,10495.978226326126
1725210000000,10496.836446326126
1725213600000,10497.158486326125
1725217200000,10493.141286326125
1725220800000,10492.219986326125
1725224400000,10492.166866326126
1725228000000,10494.547306326125
1725231600000,10508.428226326125
1725235200000,10504.26853989527
1725238800000,10502.09393989527
1725242400000,10502.71477989527
1725246000000,10502.43755989527
1725249600000,10500.550139895271
1725253200000,10502.902359895272
1725256800000,10500.10691989527
1725260400000,10501.29879989527
1725264000000,10502.013472203225
1725267600000,10497.234332203225
1725271200000,10489.604972203226
1725274800000,10488.437992203226
1725278400000,10489.985112203225
1725282000000,10488.740112203226
1725285600000,10491.303152203225
1725289200000,10489.626552203226
1725292800000,10490.217090980615
1725296400000,10490.230370980615
1725300000000,10488.387770980615
1725303600000,10488.746330980615
1725307200000,10488.273230980616
1725310800000,10482.700610980615
1725314400000,10485.177330980616
1725318000000,10484.619570980614
1725321600000,10485.617679116516
1725325200000,10487.195279116517
1725328800000,10488.013119116516
1725332400000,10488.645979116518
1725336000000,10489.438859116517
1725339600000,10488.931899116516
1725343200000,10488.828799116516
1725346800000,10488.334399116517
1725350400000,10488.760109507391
1725354000000,10489.739109507393
1725357600000,10489.634249507391
1725361200000,10490.878449507392
1725364800000,10490.180349507393
1725368400000,10490.537689507393
1725372000000,10493.011749507392
1725375600000,10490.475269507391
1725379200000,10491.875552947275
1725382800000,10492.097252947273
1725386400000,10491.694752947275
1725390000000,10491.467072947273
1725393600000,10492.754932947273
1725397200000,10492.016952947275
1725400800000,10491.135992947273
1725404400000,10491.104772947274
1725408000000,10492.865921376537
1725411600000,10495.247661376538
1725415200000,10491.946713483785
1725418800000,10491.810593483786
1725422400000,10490.600453483785
1725426000000,10490.235253483785
1725429600000,10491.455353483785
1725433200000,10490.583853483786
1725436800000,10485.514775388394
1725440400000,10485.790335388394
1725444000000,10486.711635388394
1725447600000,10487.581475388393
1725451200000,10485.820215388394
1725454800000,10485.335495388394
1725458400000,10486.060915388394
1725462000000,10479.497275388394
1725465600000,10476.456678690653
1725469200000,10473.438798690653
1725472800000,10477.764758690653
1725476400000,10479.230538690652
1725480000000,10477.610378690651
1725483600000,10476.561258690652
1725487200000,10475.080538690652
1725490800000,10475.681458690653
1725494400000,10477.70353645133
1725498000000,10476.92001645133
1725501600000,10476.22115645133
1725505200000,10478.71447645133
1725508800000,10485.32625645133
1725512400000,10483.63637645133
1725516000000,10484.90129645133
1725519600000,10486.46003645133
1725523200000,10484.072643858224
1725526800000,10485.145003858224
1725530400000,10487.520463858224
1725534000000,10487.386003858224
1725537600000,10487.849143858224
1725541200000,10487.233283858224
1725544800000,10484.290103858224
1725548400000,10491.245503858225
1725552000000,10490.779882362158
1725555600000,10490.278562362158
1725559200000,10487.278942362158
1725562800000,10488.052502362158
1725566400000,10492.041482362158
1725570000000,10491.174962362158
1725573600000,10490.409702362158
1725577200000,10490.909362362157
1725580800000,10491.461594569993
1725584400000,10491.064854569993
1725588000000,10487.650234569994
1725591600000,10485.610094569993
1725595200000,10487.014454569993
1725598800000,10488.290994569994
1725602400000,10488.704334569993
1725606000000,10489.587454569993
1725609600000,10495.207244025478
1725613200000,10494.458584025479
1725616800000,10492.926404025478
1725620400000,10491.688044025479
1725624000000,10490.383284025478
1725627600000,10486.570264025479
1725631200000,10492.981184025479
1725634800000,10496.636504025479
1725638400000,10504.664552529672
1725642000000,10508.482552529671
1725645600000,10511.497112529672
1725649200000,10516.810772529672
1725652800000,10515.046192529671
1725656400000,10525.470992529672
1725660000000,10517.006652529672
1725663600000,10517.622512529671
1725667200000,10514.945822261958
1725670800000,10513.760582261957
1725674400000,10514.982342261957
1725678000000,10513.614502261957
1725681600000,10512.678262261958
1725685200000,10511.219122261957
1725688800000,10508.583042261958
1725692400000,10506.240782261957
1725696000000,10505.033583318896
1725699600000,10503.418403318896
1725703200000,10505.486763318897
1725706800000,10505.280923318896
1725710400000,10505.000383318897
1725714000000,10504.646803318896
1725717600000,10504.045883318897
1725721200000,10503.297223318896
1725724800000,10502.475685573272
1725728400000,10504.223665573272
1725732000000,10507.080525573272
1725735600000,10505.500205573273
1725739200000,10504.344845573272
1725742800000,10507.674805573273
1725746400000,10508.327185573273
1725750000000,10508.483225573273
1725753600000,10507.040997879065
1725757200000,10507.807917879065
1725760800000,10505.957017879065
1725764400000,10505.266457879066
1725768000000,10505.238237879066
1725771600000,10502.907597879066
1725775200000,10505.062277879066
1725778800000,10504.721977879066
1725782400000,10503.746039352336
1725786000000,10503.397439352335
1725789600000,10503.248039352335
1725793200000,10501.798859352335
1725796800000,10503.621539352336
1725800400000,10506.916639352336
1725804000000,10505.253319352336
1725807600000,10508.022199352336
1725811200000,10511.498406365185
1725814800000,10510.685006365185
1725818400000,10506.290986365184
1725822000000,10506.812226365184
1725825600000,10507.471246365185
1725829200000,10506.710966365185
1725832800000,10505.724926365185
1725836400000,10503.948726365184
1725840000000,10503.460290028701
1725843600000,10501.2840300287
1725847200000,10501.2873500287
1725850800000,10501.5911300287
1725854400000,10501.8036100287
1725858000000,10503.0618900287
1725861600000,10504.6056900287
1725865200000,10501.637610028702
1725868800000,10500.064157730523
1725872400000,10498.590077730523
1725876000000,10499.826777730523
1725879600000,10499.840057730524
1725883200000,10500.238457730524
1725886800000,10500.919057730523
1725890400000,10499.559517730524
1725894000000,10506.350577730524
1725897600000,10503.967400452872
1725901200000,10495.801860452872
1725904800000,10495.571120452872
1725908400000,10497.656080452873
1725912000000,10494.863960452873
1725915600000,10495.961220452871
1725919200000,10491.055999191685
1725922800000,10491.055999191685
1725926400000,10491.055999191685
1725930000000,10491.055999191685
1725933600000,10491.055999191685
1725937200000,10491.055999191685
1725940800000,10491.055999191685
1725944400000,10491.055999191685
1725948000000,10491.055999191685
1725951600000,10491.055999191685
1725955200000,10491.055999191685
1725958800000,10491.055999191685
1725962400000,10491.055999191685
1725966000000,10491.055999191685
1725969600000,10491.055999191685
1725973200000,10491.055999191685
1725976800000,10491.055999191685
1725980400000,10491.055999191685
1725984000000,10491.055999191685
1725987600000,10491.055999191685
1725991200000,10491.055999191685
1725994800000,10491.055999191685
1725998400000,10491.055999191685
1726002000000,10491.055999191685
1726005600000,10491.055999191685
1726009200000,10491.055999191685
1726012800000,10491.055999191685
1726016400000,10491.055999191685
1726020000000,10491.055999191685
1726023600000,10491.055999191685
1726027200000,10491.055999191685
1726030800000,10491.055999191685
1726034400000,10491.055999191685
1726038000000,10491.055999191685
1726041600000,10491.055999191685
1726045200000,10491.055999191685
1726048800000,10491.055999191685
1726052400000,10491.055999191685
1726056000000,10491.055999191685
1726059600000,10491.055999191685
1726063200000,10491.055999191685
1726066800000,10491.055999191685
1726070400000,10491.055999191685
1726074000000,10491.055999191685
1726077600000,10491.055999191685
1726081200000,10491.055999191685
1726084800000,10491.055999191685
1726088400000,10491.055999191685
1726092000000,10491.055999191685
1726095600000,10491.055999191685
1726099200000,10491.055999191685
1726102800000,10491.055999191685
1726106400000,10491.055999191685
1726110000000,10491.055999191685
1726113600000,10491.055999191685
1726117200000,10491.055999191685
1726120800000,10491.055999191685
1726124400000,10491.055999191685
1726128000000,10491.055999191685
1726131600000,10491.055999191685
1726135200000,10491.055999191685
1726138800000,10491.055999191685
1726142400000,10491.055999191685
1726146000000,10491.055999191685
1726149600000,10491.055999191685
1726153200000,10491.055999191685
1726156800000,10491.055999191685
1726160400000,10491.055999191685
1726164000000,10491.055999191685
1726167600000,10491.055999191685
1726171200000,10491.055999191685
1726174800000,10491.055999191685
1726178400000,10491.055999191685
1726182000000,10491.055999191685
1726185600000,10491.055999191685
1726189200000,10491.055999191685
1726192800000,10491.055999191685
1726196400000,10491.055999191685
1726200000000,10491.055999191685
1726203600000,10491.055999191685
1726207200000,10491.055999191685
1726210800000,10491.055999191685
1726214400000,10491.055999191685
1726218000000,10491.055999191685
1726221600000,10491.055999191685
1726225200000,10491.055999191685
1726228800000,10491.055999191685
1726232400000,10491.055999191685
1726236000000,10491.055999191685
1726239600000,10491.055999191685
1726243200000,10491.055999191685
1726246800000,10491.055999191685
1726250400000,10491.055999191685
1726254000000,10491.055999191685
1726257600000,10490.394395182466
1726261200000,10491.684995182466
1726264800000,10494.114395182467
1726268400000,10495.877795182467
1726272000000,10495.543949691495
1726275600000,10495.102349691495
1726279200000,10494.981749691495
1726282800000,10494.405749691496
1726286400000,10494.35117389516
1726290000000,10494.67162389516
1726293600000,10494.72687389516
1726297200000,10494.94607389516
1726300800000,10495.192618789995
1726304400000,10495.369418789996
1726308000000,10494.965618789996
1726311600000,10494.739918789995
1726315200000,10493.324568789996
1726318800000,10493.130168789996
1726322400000,10493.577968789996
1726326000000,10493.943268789995
1726329600000,10494.110987865037
1726333200000,10494.889637865037
1726336800000,10494.912237865035
1726340400000,10495.550787865037
1726344000000,10495.292787865037
1726347600000,10495.259787865038
1726351200000,10495.567237865038
1726354800000,10495.136337865037
1726358400000,10494.833575220091
1726362000000,10494.565625220092
1726365600000,10494.848525220092
1726369200000,10494.95217522009
1726372800000,10495.243775220091
1726376400000,10495.76042522009
1726380000000,10495.629075220091
1726383600000,10495.12067522009
1726387200000,10495.199314018753
1726390800000,10495.798014018752
1726394400000,10495.873864018753
1726398000000,10496.350364018754
1726401600000,10496.900264018754
1726405200000,10496.747264018753
1726408800000,10497.379114018753
1726412400000,10497.633114018754
1726416000000,10498.590387974398
1726419600000,10499.749637974399
1726423200000,10499.936787974399
1726426800000,10501.4788879744
1726430400000,10502.430537974398
1726434000000,10503.395137974398
1726437600000,10504.630487974398
1726441200000,10504.204837974397
1726444800000,10507.962196966664
1726448400000,10507.184946966665
1726452000000,10510.659696966664
1726455600000,10510.730697292161
1726459200000,10508.32094729216
1726462800000,10507.431947292162
1726466400000,10505.797447292161
1726470000000,10505.97419729216
1726473600000,10502.500392013426
1726477200000,10501.656892013425
1726480800000,10505.629392013425
1726484400000,10503.564392013426
1726488000000,10502.888892013425
1726491600000,10504.063142013425
1726495200000,10503.930142013425
1726498800000,10507.788892013425
1726502400000,10506.1742941527
1726506000000,10506.6695441527
1726509600000,10503.8625441527
1726513200000,10505.9940441527
1726516800000,10508.5770441527
1726520400000,10508.7187941527
1726524000000,10505.925794152701
1726527600000,10506.2495441527
1726531200000,10504.773823818956
1726534800000,10503.578773818956
1726538400000,10505.680423818954
1726542000000,10505.223423818954
1726545600000,10505.494723818956
1726549200000,10506.253373818956
1726552800000,10507.395423818956
1726556400000,10506.898373818956
1726560000000,10506.809420667552
1726563600000,10507.473720667555
1726567200000,10508.230120667553
1726570800000,10509.840820667554
1726574400000,10510.307170667553
1726578000000,10510.927420667553
1726581600000,10509.466520667553
1726585200000,10514.173420667552
1726588800000,10515.298164043148
1726592400000,10516.233864043148
1726596000000,10516.880664043148
1726599600000,10516.437614043149
1726603200000,10509.848364043148
1726606800000,10513.287664043148
1726610400000,10514.618814043148
1726614000000,10515.309764043148
1726617600000,10516.069550844617
1726621200000,10517.757750844617
1726624800000,10516.376750844616
1726628400000,10517.726800844617
1726632000000,10518.591700844616
1726635600000,10519.715100844616
1726639200000,10518.304600844616
1726642800000,10519.209050844616
1726646400000,10518.188556563935
1726650000000,10518.112556563936
1726653600000,10517.506356563936
1726657200000,10518.266356563934
1726660800000,10518.460756563936
1726664400000,10518.125556563935
1726668000000,10516.093856563935
1726671600000,10515.762156563937
1726675200000,10515.557109694135
1726678800000,10518.178459694136
1726682400000,10520.731359694135
1726686000000,10519.384659694135
1726689600000,10517.181309694135
1726693200000,10517.827309694134
1726696800000,10516.029359694136
1726700400000,10519.080109694134
1726704000000,10522.799951289244
1726707600000,10522.212907582925
1726711200000,10519.478707582926
1726714800000,10521.638707582926
1726718400000,10520.748607582926
1726722000000,10520.393107582926
1726725600000,10519.379707582926
1726729200000,10519.981807582926
1726732800000,10520.036437618457
1726736400000,10518.981637618457
1726740000000,10522.336837618457
1726743600000,10522.451137618456
1726747200000,10525.755937618456
1726750800000,10527.673837618457
1726754400000,10529.711437618456
1726758000000,10527.483037618456
1726761600000,10529.636395235046
1726765200000,10529.436855235044
1726768800000,10529.869735235045
1726772400000,10529.153995235045
1726776000000,10527.675235235045
1726779600000,10525.412075235045
1726783200000,10524.318965235045
1726786800000,10523.740195235045
1726790400000,10524.773396590224
1726794000000,10525.030376590224
1726797600000,10526.781766590226
1726801200000,10527.195746590225
1726804800000,10523.813976590225
1726808400000,10522.419776590225
1726812000000,10521.958826590226
1726815600000,10518.840156590224
1726819200000,10516.819118897722
1726822800000,10517.001068897724
1726826400000,10519.053118897722
1726830000000,10519.475718897722
1726833600000,10518.266008897723
1726837200000,10517.103908897721
1726840800000,10515.166748897722
1726844400000,10514.767408897724
1726848000000,10514.065197251348
1726851600000,10512.895537251348
1726855200000,10513.02076725135
1726858800000,10513.31930725135
1726862400000,10513.51869725135
1726866000000,10513.50515725135
1726869600000,10515.611197251348
1726873200000,10515.22684725135
1726876800000,10513.964449368512
1726880400000,10512.938299368512
1726884000000,10513.298219368513
1726887600000,10514.042609368513
1726891200000,10513.670029368512
1726894800000,10514.093999368512
1726898400000,10513.902039368513
1726902000000,10514.077769368512
1726905600000,10513.93951850624
1726909200000,10514.35785850624
1726912800000,10514.45278850624
1726916400000,10514.131958506241
1726920000000,10513.79078850624
1726923600000,10513.261168506238
1726927200000,10512.98127850624
1726930800000,10514.39688850624
1726934400000,10513.87985910148
1726938000000,10514.18144910148
1726941600000,10513.60342910148
1726945200000,10513.50712910148
1726948800000,10512.73009910148
1726952400000,10512.94129910148
1726956000000,10513.10531910148
1726959600000,10512.31423910148
1726963200000,10510.543442150543
1726966800000,10509.056642150543
1726970400000,10507.464542150543
1726974000000,10506.562742150543
1726977600000,10508.048642150543
1726981200000,10507.699442150542
1726984800000,10506.269342150543
1726988400000,10506.047042150543
1726992000000,10506.289847594231
1726995600000,10506.97114759423
1726999200000,10504.29814759423
1727002800000,10503.71584759423
1727006400000,10505.02984759423
1727010000000,10504.63024759423
1727013600000,10503.41704759423
1727017200000,10503.92914759423
1727020800000,10503.878138043125
1727024400000,10505.042738043125
1727028000000,10507.127138043124
1727031600000,10506.733838043125
1727035200000,10508.478938043125
1727038800000,10508.621138043125
1727042400000,10505.066138043125
1727046000000,10514.812238043125
1727049600000,10511.79489648762
1727053200000,10511.461896487619
1727056800000,10513.679496487619
1727060400000,10515.08709648762
1727064000000,10519.347696487619
1727067600000,10515.13839648762
1727071200000,10513.066596487619
1727074800000,10512.47799648762
1727078400000,10511.875298784696
1727082000000,10511.539598784697
1727085600000,10512.700598784697
1727089200000,10511.151698784697
1727092800000,10510.773698784697
1727096400000,10509.783698784697
1727100000000,10508.848598784696
1727103600000,10509.870098784697
1727107200000,10512.546043557768
1727110800000,10508.485243557767
1727114400000,10509.923443557767
1727118000000,10510.480543557767
1727121600000,10509.287143557767
1727125200000,10509.546343557768
1727128800000,10509.744343557768
1727132400000,10508.910943557768
1727136000000,10510.048802704883
1727139600000,10505.686502704883
1727143200000,10506.592802704883
1727146800000,10507.639502704884
1727150400000,10508.116502704883
1727154000000,10507.760102704884
1727157600000,10508.843702704884
1727161200000,10509.808502704884
1727164800000,10511.723349448832
1727168400000,10514.689749448831
1727172000000,10511.500149448832
1727175600000,10511.595549448832
1727179200000,10511.411049448832
1727182800000,10510.659549448832
1727186400000,10510.307649448832
1727190000000,10508.768649448832
1727193600000,10508.528483498576
1727197200000,10509.305183498576
1727200800000,10513.131083498576
1727204400000,10513.034783498577
1727208000000,10519.010783498577
1727211600000,10518.062183498576
1727215200000,10516.924583498576
1727218800000,10520.594783498576
1727222400000,10518.33951226056
1727226000000,10516.66191226056
1727229600000,10519.69311226056
1727233200000,10519.23321226056
1727236800000,10519.50861226056
1727240400000,10517.33961226056
1727244000000,10517.06961226056
1727247600000,10514.17431226056
1727251200000,10514.346859053621
1727254800000,10514.134459053621
1727258400000,10512.618859053622
1727262000000,10512.491959053621
1727265600000,10514.147959053622
1727269200000,10512.061759053622
1727272800000,10513.600759053621
1727276400000,10515.116359053622
1727280000000,10511.48172768535
1727283600000,10510.83822768535
1727287200000,10508.34432768535
1727290800000,10510.25052768535
1727294400000,10508.85822768535
1727298000000,10511.013727685351
1727301600000,10510.81932768535
1727305200000,10508.98152768535
1727308800000,10507.8453539644
1727312400000,10506.0129539644
1727316000000,10508.143253964401
1727319600000,10509.832553964401
1727323200000,10511.3841539644
1727326800000,10510.6119539644
1727330400000,10512.4317539644
1727334000000,10513.3308539644
1727337600000,10514.496476222112
1727341200000,10513.25537622211
1727344800000,10513.88807622211
1727348400000,10519.70297622211
1727352000000,10519.63907622211
1727355600000,10519.702076222111
1727359200000,10519.57607622211
1727362800000,10519.970276222111
1727366400000,10526.150399833492
1727370000000,10527.775799833493
1727373600000,10526.412299833491
1727377200000,10526.240399833492
1727380800000,10523.046299833492
1727384400000,10521.627899833493
1727388000000,10525.101899833493
1727391600000,10525.297199833492
1727395200000,10526.037769888811
1727398800000,10526.957569888811
1727402400000,10525.404169888812
1727406000000,10523.363869888812
1727409600000,10527.668569888812
1727413200000,10527.074569888811
1727416800000,10527.995269888812
1727420400000,10527.93676988881
1727424000000,10528.436277903334
1727427600000,10531.334277903334
1727431200000,10531.505277903334
1727434800000,10529.139177903333
1727438400000,10528.344477903334
1727442000000,10530.924777903334
1727445600000,10530.587277903334
1727449200000,10535.276277903333
1727452800000,10533.81196955154
1727456400000,10536.100669551539
1727460000000,10532.83456955154
1727463600000,10532.79316955154
1727467200000,10530.917569551539
1727470800000,10532.049769551539
1727474400000,10532.07226955154
1727478000000,10532.533069551539
1727481600000,10531.721389834514
1727485200000,10532.615989834514
1727488800000,10533.210889834514
1727492400000,10534.713889834515
1727496000000,10534.113589834515
1727499600000,10533.630289834515
1727503200000,10533.101989834515
1727506800000,10531.853689834514
1727510400000,10531.475141508716
1727514000000,10530.178241508715
1727517600000,10529.963141508715
1727521200000,10531.244741508715
1727524800000,10531.274441508715
1727528400000,10529.480741508716
1727532000000,10529.595941508715
1727535600000,10530.885641508716
1727539200000,10529.962893854037
1727542800000,10529.131293854036
1727546400000,10530.349893854036
1727550000000,10530.794493854037
1727553600000,10530.983493854037
1727557200000,10530.364293854036
1727560800000,10530.534393854037
1727564400000,10530.627093854037
1727568000000,10532.301298665101
1727571600000,10530.651598665101
1727575200000,10532.0330986651
1727578800000,10531.8260986651
1727582400000,10531.586698665102
1727586000000,10531.118698665101
1727589600000,10529.8208986651
1727593200000,10528.9793986651
1727596800000,10528.735974637117
1727600400000,10529.477574637116
1727604000000,10529.660274637115
1727607600000,10529.661174637116
1727611200000,10531.011174637117
1727614800000,10530.047274637116
1727618400000,10531.552074637117
1727622000000,10530.620574637116
1727625600000,10531.004274592717
1727629200000,10531.338174592716
1727632800000,10531.724274592716
1727636400000,10531.470474592716
1727640000000,10532.969874592716
1727643600000,10531.743174592715
1727647200000,10532.470374592716
1727650800000,10530.397674592716
1727654400000,10529.6928158401
1727658000000,10528.4130158401
1727661600000,10522.2687158401
1727665200000,10518.7551158401
1727668800000,10517.865933741967
1727672400000,10517.865933741967
1727676000000,10517.865933741967
1727679600000,10517.865933741967
1727683200000,10517.865933741967
1727686800000,10517.865933741967
1727690400000,10517.865933741967
1727694000000,10517.865933741967
1727697600000,10517.865933741967
1727701200000,10517.865933741967
1727704800000,10517.865933741967
1727708400000,10517.865933741967
1727712000000,10517.865933741967
1727715600000,10517.865933741967
1727719200000,10517.865933741967
1727722800000,10517.865933741967
1727726400000,10517.865933741967
1727730000000,10517.865933741967
1727733600000,10517.865933741967
1727737200000,10517.865933741967
1727740800000,10517.865933741967
