ts,equity
1633737600000,10000.0
1633741200000,10000.0
1633744800000,10000.0
1633748400000,10000.0
1633752000000,10000.0
1633755600000,10000.0
1633759200000,10000.0
1633762800000,10000.0
1633766400000,10000.0
1633770000000,10000.0
1633773600000,10000.0
1633777200000,10000.0
1633780800000,10000.0
1633784400000,10000.0
1633788000000,10000.0
1633791600000,10000.0
1633795200000,10000.0
1633798800000,10000.0
1633802400000,10000.0
1633806000000,10000.0
1633809600000,10000.0
1633813200000,10000.0
1633816800000,10000.0
1633820400000,10000.0
1633824000000,10000.0
1633827600000,10000.0
1633831200000,10000.0
1633834800000,10000.0
1633838400000,10000.0
1633842000000,10000.0
1633845600000,10000.0
1633849200000,10000.0
1633852800000,10000.0
1633856400000,10000.0
1633860000000,10000.0
1633863600000,10000.0
1633867200000,10000.0
1633870800000,10000.0
1633874400000,10000.0
1633878000000,10000.0
1633881600000,10000.0
1633885200000,10000.0
1633888800000,10000.0
1633892400000,10000.0
1633896000000,10000.0
1633899600000,10000.0
1633903200000,10000.0
1633906800000,10000.0
1633910400000,10000.0
1633914000000,10000.0
1633917600000,10000.0
1633921200000,10000.0
1633924800000,10000.0
1633928400000,10000.0
1633932000000,10000.0
1633935600000,10000.0
1633939200000,10000.0
1633942800000,10000.0
1633946400000,10000.0
1633950000000,10000.0
1633953600000,10000.0
1633957200000,10000.0
1633960800000,10000.0
1633964400000,10000.0
1633968000000,10000.0
1633971600000,10000.0
1633975200000,10000.0
1633978800000,10000.0
1633982400000,10000.0
1633986000000,10000.0
1633989600000,10000.0
1633993200000,10000.0
1633996800000,10000.0
1634000400000,10000.0
1634004000000,10000.0
1634007600000,10000.0
1634011200000,10000.0
1634014800000,10000.0
1634018400000,10000.0
1634022000000,10000.0
1634025600000,10000.0
1634029200000,10000.0
1634032800000,10000.0
1634036400000,10000.0
1634040000000,10000.0
1634043600000,10000.0
1634047200000,10000.0
1634050800000,10000.0
1634054400000,10000.0
1634058000000,10000.0
1634061600000,10000.0
1634065200000,10000.0
1634068800000,10000.0
1634072400000,10000.0
1634076000000,10000.0
1634079600000,10000.0
1634083200000,10000.0
1634086800000,10000.0
1634090400000,10000.0
1634094000000,10000.0
1634097600000,10000.0
1634101200000,10000.0
1634104800000,10000.0
1634108400000,10000.0
1634112000000,10000.0
1634115600000,10000.0
1634119200000,10000.0
1634122800000,10000.0
1634126400000,10000.0
1634130000000,10000.0
1634133600000,10000.0
1634137200000,10000.0
1634140800000,10000.0
1634144400000,10000.0
1634148000000,10000.0
1634151600000,10000.0
1634155200000,10000.0
1634158800000,10000.0
1634162400000,10000.0
1634166000000,10000.0
1634169600000,10000.0
1634173200000,10000.0
1634176800000,10000.0
1634180400000,10000.0
1634184000000,10000.0
1634187600000,10000.0
1634191200000,10000.0
1634194800000,10000.0
1634198400000,10000.0
1634202000000,10000.0
1634205600000,10000.0
1634209200000,10000.0
1634212800000,10000.0
1634216400000,10000.0
1634220000000,10000.0
1634223600000,10000.0
1634227200000,10000.0
1634230800000,10000.0
1634234400000,10000.0
1634238000000,10000.0
1634241600000,10000.0
1634245200000,10000.0
1634248800000,10000.0
1634252400000,10000.0
1634256000000,10000.0
1634259600000,10000.0
1634263200000,10000.0
1634266800000,10000.0
1634270400000,10000.0
1634274000000,10000.0
1634277600000,10000.0
1634281200000,10000.0
1634284800000,10000.0
1634288400000,10000.0
1634292000000,10000.0
1634295600000,10000.0
1634299200000,10000.0
1634302800000,10000.0
1634306400000,10000.0
1634310000000,10000.0
1634313600000,10000.0
1634317200000,10000.0
1634320800000,10000.0
1634324400000,10000.0
1634328000000,10000.0
1634331600000,10000.0
1634335200000,10000.0
1634338800000,10000.0
1634342400000,10000.0
1634346000000,10000.0
1634349600000,10000.0
1634353200000,10000.0
1634356800000,10000.0
1634360400000,10000.0
1634364000000,10000.0
1634367600000,10000.0
1634371200000,10000.0
1634374800000,10000.0
1634378400000,10000.0
1634382000000,10000.0
1634385600000,10000.0
1634389200000,10000.0
1634392800000,10000.0
1634396400000,10000.0
1634400000000,10000.0
1634403600000,10000.0
1634407200000,10000.0
1634410800000,10000.0
1634414400000,10000.0
1634418000000,10000.0
1634421600000,10000.0
1634425200000,10000.0
1634428800000,10000.0
1634432400000,10000.0
1634436000000,10000.0
1634439600000,10000.0
1634443200000,10000.0
1634446800000,10000.0
1634450400000,10000.0
1634454000000,10000.0
1634457600000,10000.0
1634461200000,10000.0
1634464800000,10000.0
1634468400000,10000.0
1634472000000,10000.0
1634475600000,10000.0
1634479200000,10000.0
1634482800000,10000.0
1634486400000,10000.0
1634490000000,10000.0
1634493600000,10000.0
1634497200000,10000.0
1634500800000,10000.0
1634504400000,10000.0
1634508000000,10000.0
1634511600000,10000.0
1634515200000,10000.0
1634518800000,10000.0
1634522400000,10000.0
1634526000000,10000.0
1634529600000,10000.0
1634533200000,10000.0
1634536800000,10000.0
1634540400000,10000.0
1634544000000,10000.0
1634547600000,10000.0
1634551200000,10000.0
1634554800000,10000.0
1634558400000,10000.0
1634562000000,10000.0
1634565600000,10000.0
1634569200000,10000.0
1634572800000,10000.0
1634576400000,10000.0
1634580000000,10000.0
1634583600000,10000.0
1634587200000,10000.0
1634590800000,10000.0
1634594400000,10000.0
1634598000000,10000.0
1634601600000,10000.0
1634605200000,10000.0
1634608800000,10000.0
1634612400000,10000.0
1634616000000,10000.0
1634619600000,10000.0
1634623200000,10000.0
1634626800000,10000.0
1634630400000,10000.0
1634634000000,10000.0
1634637600000,10000.0
1634641200000,10000.0
1634644800000,10000.0
1634648400000,10000.0
1634652000000,10000.0
1634655600000,10000.0
1634659200000,10000.0
1634662800000,10000.0
1634666400000,10000.0
1634670000000,10000.0
1634673600000,10000.0
1634677200000,10000.0
1634680800000,10000.0
1634684400000,10000.0
1634688000000,10000.0
1634691600000,10000.0
1634695200000,10000.0
1634698800000,10000.0
1634702400000,10000.0
1634706000000,10000.0
1634709600000,10000.0
1634713200000,10000.0
1634716800000,10000.0
1634720400000,10000.0
1634724000000,10000.0
1634727600000,10000.0
1634731200000,10000.0
1634734800000,10000.0
1634738400000,10000.0
1634742000000,10000.0
1634745600000,10000.0
1634749200000,10000.0
1634752800000,10000.0
1634756400000,10000.0
1634760000000,10000.0
1634763600000,10000.0
1634767200000,10000.0
1634770800000,10000.0
1634774400000,10000.0
1634778000000,10000.0
1634781600000,10000.0
1634785200000,10000.0
1634788800000,10000.0
1634792400000,10000.0
1634796000000,10000.0
1634799600000,10000.0
1634803200000,10000.0
1634806800000,10000.0
1634810400000,10000.0
1634814000000,10000.0
1634817600000,10000.0
1634821200000,10000.0
1634824800000,10000.0
1634828400000,10000.0
1634832000000,10000.0
1634835600000,10000.0
1634839200000,10000.0
1634842800000,10000.0
1634846400000,10000.0
1634850000000,10000.0
1634853600000,10000.0
1634857200000,10000.0
1634860800000,10000.0
1634864400000,10000.0
1634868000000,10000.0
1634871600000,10000.0
1634875200000,10000.0
1634878800000,10000.0
1634882400000,10000.0
1634886000000,10000.0
1634889600000,10000.0
1634893200000,10000.0
1634896800000,10000.0
1634900400000,10000.0
1634904000000,10000.0
1634907600000,10000.0
1634911200000,10000.0
1634914800000,10000.0
1634918400000,10000.0
1634922000000,10000.0
1634925600000,10000.0
1634929200000,10000.0
1634932800000,10000.0
1634936400000,10000.0
1634940000000,10000.0
1634943600000,10000.0
1634947200000,10000.0
1634950800000,10000.0
1634954400000,10000.0
1634958000000,10000.0
1634961600000,10000.0
1634965200000,10000.0
1634968800000,10000.0
1634972400000,10000.0
1634976000000,10000.0
1634979600000,10000.0
1634983200000,10000.0
1634986800000,10000.0
1634990400000,10000.0
1634994000000,10000.0
1634997600000,10000.0
1635001200000,10000.0
1635004800000,10000.0
1635008400000,10000.0
1635012000000,10000.0
1635015600000,10000.0
1635019200000,10000.0
1635022800000,10000.0
1635026400000,10000.0
1635030000000,10000.0
1635033600000,10000.0
1635037200000,10000.0
1635040800000,10000.0
1635044400000,10000.0
1635048000000,10000.0
1635051600000,10000.0
1635055200000,10000.0
1635058800000,10000.0
1635062400000,10000.0
1635066000000,10000.0
1635069600000,10000.0
1635073200000,10000.0
1635076800000,10000.0
1635080400000,10000.0
1635084000000,10000.0
1635087600000,10000.0
1635091200000,10000.0
1635094800000,10000.0
1635098400000,10000.0
1635102000000,10000.0
1635105600000,10000.0
1635109200000,10000.0
1635112800000,10000.0
1635116400000,10000.0
1635120000000,10000.0
1635123600000,10000.0
1635127200000,10000.0
1635130800000,10000.0
1635134400000,10000.0
1635138000000,10000.0
1635141600000,10000.0
1635145200000,10000.0
1635148800000,10000.0
1635152400000,10000.0
1635156000000,10000.0
1635159600000,10000.0
1635163200000,10000.0
1635166800000,10000.0
1635170400000,10000.0
1635174000000,10000.0
1635177600000,10000.0
1635181200000,10000.0
1635184800000,10000.0
1635188400000,10000.0
1635192000000,10000.0
1635195600000,10000.0
1635199200000,10000.0
1635202800000,10000.0
1635206400000,10000.0
1635210000000,10000.0
1635213600000,10000.0
1635217200000,10000.0
1635220800000,10000.0
1635224400000,10000.0
1635228000000,10000.0
1635231600000,10000.0
1635235200000,10000.0
1635238800000,10000.0
1635242400000,10000.0
1635246000000,10000.0
1635249600000,10000.0
1635253200000,10000.0
1635256800000,10000.0
1635260400000,10000.0
1635264000000,10000.0
1635267600000,10000.0
1635271200000,10000.0
1635274800000,10000.0
1635278400000,10000.0
1635282000000,10000.0
1635285600000,10000.0
1635289200000,10000.0
1635292800000,10000.0
1635296400000,10000.0
1635300000000,10000.0
1635303600000,10000.0
1635307200000,10000.0
1635310800000,10000.0
1635314400000,10000.0
1635318000000,10000.0
1635321600000,10000.0
1635325200000,10000.0
1635328800000,10000.0
1635332400000,10000.0
1635336000000,10000.0
1635339600000,10000.0
1635343200000,10000.0
1635346800000,10000.0
1635350400000,10000.0
1635354000000,10000.0
1635357600000,10000.0
1635361200000,10000.0
1635364800000,10000.0
1635368400000,10000.0
1635372000000,10000.0
1635375600000,10000.0
1635379200000,10000.0
1635382800000,10000.0
1635386400000,10000.0
1635390000000,10000.0
1635393600000,10000.0
1635397200000,10000.0
1635400800000,10000.0
1635404400000,10000.0
1635408000000,10000.0
1635411600000,10000.0
1635415200000,10000.0
1635418800000,10000.0
1635422400000,10000.0
1635426000000,10000.0
1635429600000,10000.0
1635433200000,10000.0
1635436800000,10000.0
1635440400000,10000.0
1635444000000,10000.0
1635447600000,10000.0
1635451200000,10000.0
1635454800000,10000.0
1635458400000,10000.0
1635462000000,10000.0
1635465600000,10000.0
1635469200000,10000.0
1635472800000,10000.0
1635476400000,10000.0
1635480000000,10000.0
1635483600000,10000.0
1635487200000,10000.0
1635490800000,10000.0
1635494400000,10000.0
1635498000000,10000.0
1635501600000,10000.0
1635505200000,10000.0
1635508800000,10000.0
1635512400000,10000.0
1635516000000,10000.0
1635519600000,10000.0
1635523200000,10000.0
1635526800000,10000.0
1635530400000,10000.0
1635534000000,10000.0
1635537600000,10000.0
1635541200000,10000.0
1635544800000,10000.0
1635548400000,10000.0
1635552000000,10000.0
1635555600000,10000.0
1635559200000,10000.0
1635562800000,10000.0
1635566400000,10000.0
1635570000000,10000.0
1635573600000,10000.0
1635577200000,10000.0
1635580800000,10000.0
1635584400000,10000.0
1635588000000,10000.0
1635591600000,10000.0
1635595200000,10000.0
1635598800000,10000.0
1635602400000,10000.0
1635606000000,10000.0
1635609600000,10000.0
1635613200000,10000.0
1635616800000,10000.0
1635620400000,10000.0
1635624000000,10000.0
1635627600000,10000.0
1635631200000,10000.0
1635634800000,10000.0
1635638400000,10000.0
1635642000000,10000.0
1635645600000,10000.0
1635649200000,10000.0
1635652800000,10000.0
1635656400000,10000.0
1635660000000,10000.0
1635663600000,10000.0
1635667200000,10000.0
1635670800000,10000.0
1635674400000,10000.0
1635678000000,10000.0
1635681600000,10000.0
1635685200000,10000.0
1635688800000,10000.0
1635692400000,10000.0
1635696000000,10000.0
1635699600000,10000.0
1635703200000,10000.0
1635706800000,10000.0
1635710400000,10000.0
1635714000000,10000.0
1635717600000,10000.0
1635721200000,10000.0
1635724800000,10000.0
1635728400000,10000.0
1635732000000,10000.0
1635735600000,10000.0
1635739200000,10000.0
1635742800000,10000.0
1635746400000,10000.0
1635750000000,10000.0
1635753600000,10000.0
1635757200000,10000.0
1635760800000,10000.0
1635764400000,10000.0
1635768000000,10000.0
1635771600000,10000.0
1635775200000,10000.0
1635778800000,10000.0
1635782400000,10000.0
1635786000000,10000.0
1635789600000,10000.0
1635793200000,10000.0
1635796800000,10000.0
1635800400000,10000.0
1635804000000,10000.0
1635807600000,10000.0
1635811200000,10000.0
1635814800000,10000.0
1635818400000,10000.0
1635822000000,10000.0
1635825600000,10000.0
1635829200000,10000.0
1635832800000,10000.0
1635836400000,10000.0
1635840000000,10000.0
1635843600000,10000.0
1635847200000,10000.0
1635850800000,10000.0
1635854400000,10000.0
1635858000000,10000.0
1635861600000,10000.0
1635865200000,10000.0
1635868800000,10000.0
1635872400000,10000.0
1635876000000,10000.0
1635879600000,10000.0
1635883200000,10000.0
1635886800000,10000.0
1635890400000,10000.0
1635894000000,10000.0
1635897600000,10000.0
1635901200000,10000.0
1635904800000,10000.0
1635908400000,10000.0
1635912000000,10000.0
1635915600000,10000.0
1635919200000,10000.0
1635922800000,10000.0
1635926400000,10000.0
1635930000000,10000.0
1635933600000,10000.0
1635937200000,10000.0
1635940800000,10000.0
1635944400000,10000.0
1635948000000,10000.0
1635951600000,10000.0
1635955200000,10000.0
1635958800000,10000.0
1635962400000,10000.0
1635966000000,10000.0
1635969600000,10000.0
1635973200000,10000.0
1635976800000,10000.0
1635980400000,10000.0
1635984000000,10000.0
1635987600000,10000.0
1635991200000,10000.0
1635994800000,10000.0
1635998400000,10000.0
1636002000000,10000.0
1636005600000,10000.0
1636009200000,10000.0
1636012800000,10000.0
1636016400000,10000.0
1636020000000,10000.0
1636023600000,10000.0
1636027200000,10000.0
1636030800000,10000.0
1636034400000,10000.0
1636038000000,10000.0
1636041600000,10000.0
1636045200000,10000.0
1636048800000,10000.0
1636052400000,10000.0
1636056000000,10000.0
1636059600000,10000.0
1636063200000,10000.0
1636066800000,10000.0
1636070400000,10000.0
1636074000000,10000.0
1636077600000,10000.0
1636081200000,10000.0
1636084800000,10000.0
1636088400000,10000.0
1636092000000,10000.0
1636095600000,10000.0
1636099200000,10000.0
1636102800000,10000.0
1636106400000,10000.0
1636110000000,10000.0
1636113600000,10000.0
1636117200000,10000.0
1636120800000,10000.0
1636124400000,10000.0
1636128000000,10000.0
1636131600000,10000.0
1636135200000,10000.0
1636138800000,10000.0
1636142400000,10000.0
1636146000000,10000.0
1636149600000,10000.0
1636153200000,10000.0
1636156800000,10000.0
1636160400000,10000.0
1636164000000,10000.0
1636167600000,10000.0
1636171200000,10000.0
1636174800000,10000.0
1636178400000,10000.0
1636182000000,10000.0
1636185600000,10000.0
1636189200000,10000.0
1636192800000,10000.0
1636196400000,10000.0
1636200000000,10000.0
1636203600000,10000.0
1636207200000,10000.0
1636210800000,10000.0
1636214400000,10000.0
1636218000000,10000.0
1636221600000,10000.0
1636225200000,10000.0
1636228800000,10000.0
1636232400000,10000.0
1636236000000,10000.0
1636239600000,10000.0
1636243200000,10000.0
1636246800000,10000.0
1636250400000,10000.0
1636254000000,10000.0
1636257600000,10000.0
1636261200000,10000.0
1636264800000,10000.0
1636268400000,10000.0
1636272000000,10000.0
1636275600000,10000.0
1636279200000,10000.0
1636282800000,10000.0
1636286400000,10000.0
1636290000000,10000.0
1636293600000,10000.0
1636297200000,10000.0
1636300800000,10000.0
1636304400000,10000.0
1636308000000,10000.0
1636311600000,10000.0
1636315200000,10000.0
1636318800000,10000.0
1636322400000,10000.0
1636326000000,10000.0
1636329600000,10000.0
1636333200000,10000.0
1636336800000,10000.0
1636340400000,10000.0
1636344000000,10000.0
1636347600000,10000.0
1636351200000,10000.0
1636354800000,10000.0
1636358400000,10000.0
1636362000000,10000.0
1636365600000,10000.0
1636369200000,10000.0
1636372800000,10000.0
1636376400000,10000.0
1636380000000,10000.0
1636383600000,10000.0
1636387200000,10000.0
1636390800000,10000.0
1636394400000,10000.0
1636398000000,10000.0
1636401600000,10000.0
1636405200000,10000.0
1636408800000,10000.0
1636412400000,10000.0
1636416000000,10000.0
1636419600000,10000.0
1636423200000,10000.0
1636426800000,10000.0
1636430400000,10000.0
1636434000000,10000.0
1636437600000,10000.0
1636441200000,10000.0
1636444800000,10000.0
1636448400000,10000.0
1636452000000,10000.0
1636455600000,10000.0
1636459200000,10000.0
1636462800000,10000.0
1636466400000,10000.0
1636470000000,10000.0
1636473600000,10000.0
1636477200000,10000.0
1636480800000,10000.0
1636484400000,10000.0
1636488000000,10000.0
1636491600000,10000.0
1636495200000,10000.0
1636498800000,10000.0
1636502400000,10000.0
1636506000000,10000.0
1636509600000,10000.0
1636513200000,10000.0
1636516800000,10000.0
1636520400000,10000.0
1636524000000,10000.0
1636527600000,10000.0
1636531200000,10000.0
1636534800000,10000.0
1636538400000,10000.0
1636542000000,10000.0
1636545600000,10000.0
1636549200000,10000.0
1636552800000,10000.0
1636556400000,10000.0
1636560000000,10000.0
1636563600000,10000.0
1636567200000,10000.0
1636570800000,10000.0
1636574400000,10000.0
1636578000000,10000.0
1636581600000,10000.0
1636585200000,10000.0
1636588800000,10000.0
1636592400000,10000.0
1636596000000,10000.0
1636599600000,10000.0
1636603200000,10000.0
1636606800000,10000.0
1636610400000,10000.0
1636614000000,10000.0
1636617600000,10000.0
1636621200000,10000.0
1636624800000,10000.0
1636628400000,10000.0
1636632000000,10000.0
1636635600000,10000.0
1636639200000,10000.0
1636642800000,10000.0
1636646400000,10000.0
1636650000000,10000.0
1636653600000,10000.0
1636657200000,10000.0
1636660800000,10000.0
1636664400000,10000.0
1636668000000,10000.0
1636671600000,10000.0
1636675200000,10000.0
1636678800000,10000.0
1636682400000,10000.0
1636686000000,10000.0
1636689600000,10000.0
1636693200000,10000.0
1636696800000,10000.0
1636700400000,10000.0
1636704000000,10000.0
1636707600000,10000.0
1636711200000,10000.0
1636714800000,10000.0
1636718400000,10000.0
1636722000000,10000.0
1636725600000,10000.0
1636729200000,10000.0
1636732800000,10000.0
1636736400000,10000.0
1636740000000,10000.0
1636743600000,10000.0
1636747200000,10000.0
1636750800000,10000.0
1636754400000,10000.0
1636758000000,10000.0
1636761600000,10000.0
1636765200000,10000.0
1636768800000,10000.0
1636772400000,10000.0
1636776000000,10000.0
1636779600000,10000.0
1636783200000,10000.0
1636786800000,10000.0
1636790400000,10000.0
1636794000000,10000.0
1636797600000,10000.0
1636801200000,10000.0
1636804800000,10000.0
1636808400000,10000.0
1636812000000,10000.0
1636815600000,10000.0
1636819200000,10000.0
1636822800000,10000.0
1636826400000,10000.0
1636830000000,10000.0
1636833600000,10000.0
1636837200000,10000.0
1636840800000,10000.0
1636844400000,10000.0
1636848000000,10000.0
1636851600000,10000.0
1636855200000,10000.0
1636858800000,10000.0
1636862400000,10000.0
1636866000000,10000.0
1636869600000,10000.0
1636873200000,10000.0
1636876800000,10000.0
1636880400000,10000.0
1636884000000,10000.0
1636887600000,10000.0
1636891200000,10000.0
1636894800000,10000.0
1636898400000,10000.0
1636902000000,10000.0
1636905600000,10000.0
1636909200000,10000.0
1636912800000,10000.0
1636916400000,10000.0
1636920000000,10000.0
1636923600000,10000.0
1636927200000,10000.0
1636930800000,10000.0
1636934400000,10000.0
1636938000000,10000.0
1636941600000,10000.0
1636945200000,10000.0
1636948800000,10000.0
1636952400000,10000.0
1636956000000,10000.0
1636959600000,10000.0
1636963200000,10000.0
1636966800000,10000.0
1636970400000,10000.0
1636974000000,10000.0
1636977600000,10000.0
1636981200000,10000.0
1636984800000,10000.0
1636988400000,10000.0
1636992000000,10000.0
1636995600000,10000.0
1636999200000,10000.0
1637002800000,10000.0
1637006400000,10000.0
1637010000000,10000.0
1637013600000,10000.0
1637017200000,10000.0
1637020800000,10000.0
1637024400000,10000.0
1637028000000,10000.0
1637031600000,10000.0
1637035200000,10000.0
1637038800000,10000.0
1637042400000,10000.0
1637046000000,10000.0
1637049600000,10000.0
1637053200000,10000.0
1637056800000,10000.0
1637060400000,10000.0
1637064000000,10000.0
1637067600000,10000.0
1637071200000,10000.0
1637074800000,10000.0
1637078400000,10000.0
1637082000000,10000.0
1637085600000,10000.0
1637089200000,10000.0
1637092800000,10000.0
1637096400000,10000.0
1637100000000,10000.0
1637103600000,10000.0
1637107200000,10000.0
1637110800000,10000.0
1637114400000,10000.0
1637118000000,10000.0
1637121600000,9999.445478175057
1637125200000,10001.984638175058
1637128800000,10004.876068175057
1637132400000,10005.735398175058
1637136000000,10007.389892291718
1637139600000,10005.577372291718
1637143200000,9999.633292291717
1637146800000,10013.012212291718
1637150400000,10015.060432291719
1637154000000,10014.64566229172
1637157600000,10011.951842291717
1637161200000,10005.20341229172
1637164800000,10005.346124914733
1637168400000,10012.450504914734
1637172000000,10012.686214914733
1637175600000,10013.947534914732
1637179200000,10012.093324914733
1637182800000,10013.677254914734
1637186400000,10013.109874914733
1637190000000,10011.649214914734
1637193600000,10015.77653199774
1637197200000,10018.52248199774
1637200800000,10018.841941997742
1637204400000,10020.204261997742
1637208000000,10012.95037199774
1637211600000,10010.87618199774
1637215200000,10010.78558199774
1637218800000,10011.189501997742
1637222400000,10010.231382438742
1637226000000,10010.087852438743
1637229600000,10006.624272438743
1637233200000,10009.753872438741
1637236800000,10004.190212438742
1637240400000,10004.459522438743
1637244000000,10001.768492438741
1637247600000,10000.706912438744
1637251200000,9990.267477438472
1637254800000,9981.983407438473
1637258400000,9986.852907438473
1637262000000,9991.338107438474
1637265600000,9989.787117438473
1637269200000,9989.786017438473
1637272800000,9985.791967438472
1637276400000,9977.818887438472
1637280000000,9982.028407621792
1637283600000,9990.001727621793
1637287200000,9982.199927621792
1637290800000,9977.779697621792
1637294400000,9976.855477621792
1637298000000,9981.067797621792
1637301600000,9983.369497621792
1637305200000,9983.325447621792
1637308800000,9980.466907512866
1637312400000,9990.536267512867
1637316000000,9991.113767512867
1637319600000,9991.829217512866
1637323200000,9989.664517512867
1637326800000,9989.766197512867
1637330400000,9997.600097512866
1637334000000,10000.094247512867
1637337600000,9999.02310385621
1637341200000,10002.773123856212
1637344800000,10001.971753856209
1637348400000,10001.67302385621
1637352000000,10004.231823856211
1637355600000,10001.696833856211
1637359200000,10003.12060385621
1637362800000,10001.700483856212
1637366400000,10005.117249794184
1637370000000,10005.490879794183
1637373600000,10010.128939794184
1637377200000,10009.196529794182
1637380800000,10005.756761383913
1637384400000,10005.756761383913
1637388000000,10005.756761383913
1637391600000,10005.756761383913
1637395200000,10005.491150047967
1637398800000,10006.827590047966
1637402400000,10006.240490047967
1637406000000,10007.611370047965
1637409600000,10010.359370047967
1637413200000,10009.340270047966
1637416800000,10007.892590047966
1637420400000,10005.554630047965
1637424000000,9994.987038115967
1637427600000,9998.324538115967
1637431200000,9999.630738115968
1637434800000,10019.706258115968
1637438400000,10022.361798115966
1637442000000,10022.259558115966
1637445600000,10025.903238115967
1637449200000,10024.102038115965
1637452800000,10024.162900087862
1637456400000,10021.373800087862
1637460000000,10019.335120087862
1637463600000,10016.80114008786
1637467200000,10011.903340087862
1637470800000,10010.679820087862
1637474400000,10016.287720087863
1637478000000,10017.719740087863
1637481600000,10015.120481983862
1637485200000,10012.489001983862
1637488800000,10015.183961983861
1637492400000,10013.346461983863
1637496000000,10010.267021983862
1637499600000,10013.068901983863
1637503200000,10010.322461983862
1637506800000,10012.307141983862
1637510400000,10018.376160697862
1637514000000,10025.469720697862
1637517600000,10018.810980697861
1637521200000,10018.518480697863
1637524800000,10016.616780697863
1637528400000,10021.497180697861
1637532000000,10018.199580697863
1637535600000,10011.973080697862
1637539200000,10005.38127514924
1637542800000,10000.264235149241
1637546400000,9997.05315514924
1637550000000,9992.580275149241
1637553600000,9989.03667514924
1637557200000,9986.616635149241
1637560800000,9990.219095149241
1637564400000,9991.271675149243
1637568000000,9990.896183681241
1637571600000,9992.615063681242
1637575200000,9990.578183681242
1637578800000,9991.913603681242
1637582400000,9988.419863681242
1637586000000,9989.439563681242
1637589600000,10008.162143681242
1637593200000,10000.269083681242
1637596800000,9999.371191608858
1637600400000,9997.26483160886
1637604000000,9992.798311608858
1637607600000,9981.163591608858
1637611200000,9970.816411608857
1637614800000,9970.262251608858
1637618400000,9975.359911608859
1637622000000,9980.473171608859
1637625600000,9975.065859860137
1637629200000,9982.681599860138
1637632800000,9983.160219860138
1637636400000,9985.808499860137
1637640000000,9987.190839860137
1637643600000,9986.119599860138
1637647200000,9983.420259860137
1637650800000,9980.713359860138
1637654400000,9975.742743630604
1637658000000,9975.742743630604
1637661600000,9975.742743630604
1637665200000,9975.742743630604
1637668800000,9975.734372981853
1637672400000,9975.678282981853
1637676000000,9979.412172981853
1637679600000,9988.860852981852
1637683200000,9985.481457674854
1637686800000,9991.051407674853
1637690400000,9988.373287674853
1637694000000,9989.443257674853
1637697600000,9991.321917674853
1637701200000,9992.727717674854
1637704800000,9991.074837674852
1637708400000,9990.340697674854
1637712000000,9990.309883603853
1637715600000,9991.112893603853
1637719200000,9987.428703603853
1637722800000,9984.034903603853
1637726400000,9984.218083603853
1637730000000,9984.754133603852
1637733600000,9984.826553603853
1637737200000,9984.816613603853
1637740800000,9985.139861196854
1637744400000,9986.932611196853
1637748000000,9986.345441196854
1637751600000,9984.923311196853
1637755200000,9986.467451649332
1637758800000,9984.997171649333
1637762400000,9977.633031649331
1637766000000,9979.688171649332
1637769600000,9985.273050535237
1637773200000,9981.446750535237
1637776800000,9980.626530535237
1637780400000,9983.611880535238
1637784000000,9981.285280535238
1637787600000,9989.408260535238
1637791200000,9988.143170535239
1637794800000,9985.699820535237
1637798400000,9988.15881743779
1637802000000,9996.307907437791
1637805600000,9994.966827437791
1637809200000,9993.43265743779
1637812800000,9994.11870743779
1637816400000,9989.067847437791
1637820000000,9988.075527437792
1637823600000,9988.88370743779
1637827200000,9991.955694695273
1637830800000,9990.810404695274
1637834400000,9992.319484695272
1637838000000,9999.228394695274
1637841600000,9999.720594695273
1637845200000,10008.497074695271
1637848800000,10008.169664695271
1637852400000,10011.361924695273
1637856000000,10013.298110770977
1637859600000,10012.722680770976
1637863200000,10014.818190770977
1637866800000,10013.360000770976
1637870400000,10013.280110770977
1637874000000,10012.964530770976
1637877600000,10011.865670770976
1637881200000,10013.931750770977
1637884800000,10014.924079117369
1637888400000,10010.637109117368
1637892000000,10010.187749117367
1637895600000,10005.457919117369
1637899200000,10003.032959117369
1637902800000,10001.316619117368
1637906400000,10002.44234911737
1637910000000,9999.15763911737
1637913600000,9989.663731334298
1637917200000,9965.273801334299
1637920800000,9959.244161334298
1637924400000,9957.467971334298
1637928000000,9950.155755214444
1637931600000,9952.303705214443
1637935200000,9953.116105214443
1637938800000,9953.494655214443
1637942400000,9951.86707703323
1637946000000,9952.30212703323
1637949600000,9951.74337703323
1637953200000,9950.86102703323
1637956800000,9951.84777703323
1637960400000,9952.922777033229
1637964000000,9949.79702703323
1637967600000,9951.00692703323
1637971200000,9949.579179021475
1637974800000,9951.324479021474
1637978400000,9951.438629021475
1637982000000,9952.217179021474
1637985600000,9952.375479021475
1637989200000,9953.045179021474
1637992800000,9952.044829021475
1637996400000,9951.799479021474
1638000000000,9952.535022686474
1638003600000,9955.611822686475
1638007200000,9953.575022686475
1638010800000,9954.087072686474
1638014400000,9953.498386732741
1638018000000,9953.58286673274
1638021600000,9954.959626732742
1638025200000,9953.330746732741
1638028800000,9954.491475571607
1638032400000,9954.952815571607
1638036000000,9954.608955571608
1638039600000,9954.470355571608
1638043200000,9953.182035571606
1638046800000,9948.915135571608
1638050400000,9951.373635571606
1638054000000,9953.418975571607
1638057600000,9951.466062754535
1638061200000,9950.781642754535
1638064800000,9947.842662754536
1638068400000,9949.705182754535
1638072000000,9947.680263425287
1638075600000,9945.742993425287
1638079200000,9950.091183425286
1638082800000,9952.688563425287
1638086400000,9952.885738387955
1638090000000,9951.373928387955
1638093600000,9950.465678387955
1638097200000,9956.960028387955
1638100800000,9955.187338387954
1638104400000,9953.537048387954
1638108000000,9952.344158387956
1638111600000,9952.626768387954
1638115200000,9951.74939764284
1638118800000,9950.45539764284
1638122400000,9947.32201764284
1638126000000,9947.85426764284
1638129600000,9955.674537642839
1638133200000,9960.21777764284
1638136800000,9979.86533764284
1638140400000,9975.00804764284
1638144000000,9988.457602312275
1638147600000,9993.735392312274
1638151200000,9992.619102312274
1638154800000,9988.580762312275
1638158400000,9988.683362312275
1638162000000,9988.597852312274
1638165600000,9990.071922312276
1638169200000,9990.622042312274
1638172800000,9992.516737896249
1638176400000,9988.41778789625
1638180000000,9983.74638789625
1638183600000,9988.88583789625
1638187200000,9984.590257896249
1638190800000,9986.07645789625
1638194400000,9990.51187789625
1638198000000,9986.99114789625
1638201600000,9988.6276157741
1638205200000,9995.264555774098
1638208800000,10004.9379457741
1638212400000,10005.228875774099
1638216000000,9997.530595774098
1638219600000,9999.856935774098
1638223200000,10003.279475774098
1638226800000,10000.179285774098
1638230400000,9999.891307049698
1638234000000,10002.749857049697
1638237600000,9997.968017049698
1638241200000,9998.902107049698
1638244800000,9993.812427049697
1638248400000,9995.883537049698
1638252000000,9986.140597049698
1638255600000,9988.491187049698
1638259200000,9988.305285051249
1638262800000,9992.438005051248
1638266400000,9990.988865051248
1638270000000,9997.385355051247
1638273600000,10008.28655098115
1638277200000,10010.344480981152
1638280800000,10013.145320981152
1638284400000,10013.804720981152
1638288000000,10006.976530943457
1638291600000,10002.536780943456
1638295200000,10006.724950943457
1638298800000,10012.434220943456
1638302400000,10009.153180943456
1638306000000,10007.648530943456
1638309600000,10004.379880943456
1638313200000,10006.503330943457
1638316800000,10002.880866189575
1638320400000,10007.345186189576
1638324000000,10004.092986189575
1638327600000,10006.124736189575
1638331200000,10006.519530885593
1638334800000,10006.519530885593
1638338400000,10006.519530885593
1638342000000,10006.519530885593
1638345600000,10006.519530885593
1638349200000,10006.519530885593
1638352800000,10006.519530885593
1638356400000,10006.519530885593
1638360000000,10006.519530885593
1638363600000,10006.519530885593
1638367200000,10006.519530885593
1638370800000,10006.519530885593
1638374400000,10006.519530885593
1638378000000,10006.519530885593
1638381600000,10006.519530885593
1638385200000,10006.519530885593
1638388800000,10006.519530885593
1638392400000,10006.519530885593
1638396000000,10006.519530885593
1638399600000,10006.519530885593
1638403200000,10006.519530885593
1638406800000,10006.519530885593
1638410400000,10006.519530885593
1638414000000,10006.519530885593
1638417600000,10006.519530885593
1638421200000,10006.519530885593
1638424800000,10006.519530885593
1638428400000,10006.519530885593
1638432000000,10006.519530885593
1638435600000,10006.519530885593
1638439200000,10006.519530885593
1638442800000,10006.519530885593
1638446400000,10006.519530885593
1638450000000,10006.519530885593
1638453600000,10006.519530885593
1638457200000,10006.519530885593
1638460800000,10006.519530885593
1638464400000,10006.519530885593
1638468000000,10006.519530885593
1638471600000,10006.519530885593
1638475200000,10006.519530885593
1638478800000,10006.519530885593
1638482400000,10006.519530885593
1638486000000,10006.519530885593
1638489600000,10006.519530885593
1638493200000,10006.519530885593
1638496800000,10006.519530885593
1638500400000,10006.519530885593
1638504000000,10006.519530885593
1638507600000,10006.519530885593
1638511200000,10006.519530885593
1638514800000,10006.519530885593
1638518400000,10006.519530885593
1638522000000,10006.519530885593
1638525600000,10006.519530885593
1638529200000,10006.519530885593
1638532800000,10006.519530885593
1638536400000,10006.519530885593
1638540000000,10006.519530885593
1638543600000,10006.519530885593
1638547200000,10006.519530885593
1638550800000,10006.519530885593
1638554400000,10006.519530885593
1638558000000,10006.519530885593
1638561600000,10006.519530885593
1638565200000,10006.519530885593
1638568800000,10006.519530885593
1638572400000,10006.519530885593
1638576000000,10006.519530885593
1638579600000,10006.519530885593
1638583200000,10006.519530885593
1638586800000,10006.519530885593
1638590400000,10006.519530885593
1638594000000,10006.519530885593
1638597600000,10006.519530885593
1638601200000,10006.519530885593
1638604800000,10006.519530885593
1638608400000,10006.519530885593
1638612000000,10006.519530885593
1638615600000,10006.519530885593
1638619200000,10006.969933228835
1638622800000,10008.179493228836
1638626400000,10010.463973228834
1638630000000,10013.175253228836
1638633600000,10013.404586898523
1638637200000,10010.577526898524
1638640800000,10012.662876898525
1638644400000,10016.513926898524
1638648000000,10019.683206898524
1638651600000,10019.849136898525
1638655200000,10016.626356898523
1638658800000,10020.054926898525
1638662400000,10020.820140271586
1638666000000,10018.385320271585
1638669600000,10019.086760271584
1638673200000,10018.675740271585
1638676800000,10022.193800271585
1638680400000,10021.349260271585
1638684000000,10024.018190271585
1638687600000,10025.783590271585
1638691200000,10024.12662713533
1638694800000,10025.107657135331
1638698400000,10022.40573713533
1638702000000,10023.842107135331
1638705600000,10023.895537135331
1638709200000,10025.483927135332
1638712800000,10024.390767135332
1638716400000,10020.617017135331
1638720000000,10014.49121177041
1638723600000,10018.08759177041
1638727200000,10022.12671177041
1638730800000,10021.49868177041
1638734400000,10020.71379177041
1638738000000,10020.75112177041
1638741600000,10021.36693177041
1638745200000,10021.680811770411
1638748800000,10024.790044791544
1638752400000,10018.951394791544
1638756000000,10020.491204791544
1638759600000,10020.778274791544
1638763200000,10022.305004791544
1638766800000,10022.097064791544
1638770400000,10019.897714791545
1638774000000,10014.469044791544
1638777600000,10016.390829641692
1638781200000,10013.995729641692
1638784800000,10007.967729641692
1638788400000,10008.444669641693
1638792000000,10014.983789641692
1638795600000,10015.13583964169
1638799200000,10013.864479641692
1638802800000,10013.183369641692
1638806400000,10019.29514842669
1638810000000,10022.070318426691
1638813600000,10021.57638842669
1638817200000,10023.34333842669
1638820800000,10023.34066842669
1638824400000,10022.96226842669
1638828000000,10032.81520842669
1638831600000,10034.98468842669
1638835200000,10034.431865534685
1638838800000,10034.361915534686
1638842400000,10033.997025534685
1638846000000,10033.279905534686
1638849600000,10035.281615534686
1638853200000,10035.568895534687
1638856800000,10035.018455534684
1638860400000,10036.529745534684
1638864000000,10035.422393852592
1638867600000,10038.56213385259
1638871200000,10038.586463852593
1638874800000,10039.212953852591
1638878400000,10039.731299040664
1638882000000,10038.038729040665
1638885600000,10037.904059040666
1638889200000,10039.499849040665
1638892800000,10040.329854101363
1638896400000,10040.329854101363
1638900000000,10040.329854101363
1638903600000,10040.329854101363
1638907200000,10040.329854101363
1638910800000,10040.329854101363
1638914400000,10040.329854101363
1638918000000,10040.329854101363
1638921600000,10040.329854101363
1638925200000,10040.329854101363
1638928800000,10040.329854101363
1638932400000,10040.329854101363
1638936000000,10040.329854101363
1638939600000,10040.329854101363
1638943200000,10040.329854101363
1638946800000,10040.329854101363
1638950400000,10040.329854101363
1638954000000,10040.329854101363
1638957600000,10040.329854101363
1638961200000,10040.329854101363
1638964800000,10040.329854101363
1638968400000,10040.329854101363
1638972000000,10040.329854101363
1638975600000,10040.329854101363
1638979200000,10040.329854101363
1638982800000,10040.329854101363
1638986400000,10040.329854101363
1638990000000,10040.329854101363
1638993600000,10040.329854101363
1638997200000,10040.329854101363
1639000800000,10040.329854101363
1639004400000,10040.329854101363
1639008000000,10040.329854101363
1639011600000,10040.329854101363
1639015200000,10040.329854101363
1639018800000,10040.329854101363
1639022400000,10040.329854101363
1639026000000,10040.329854101363
1639029600000,10040.329854101363
1639033200000,10040.329854101363
1639036800000,10040.329854101363
1639040400000,10040.329854101363
1639044000000,10040.329854101363
1639047600000,10040.329854101363
1639051200000,10040.329854101363
1639054800000,10040.329854101363
1639058400000,10040.329854101363
1639062000000,10040.329854101363
1639065600000,10040.329854101363
1639069200000,10040.329854101363
1639072800000,10040.329854101363
1639076400000,10040.329854101363
1639080000000,10040.329854101363
1639083600000,10040.329854101363
1639087200000,10040.329854101363
1639090800000,10040.329854101363
1639094400000,10040.329854101363
1639098000000,10040.329854101363
1639101600000,10040.329854101363
1639105200000,10040.329854101363
1639108800000,10040.329854101363
1639112400000,10040.329854101363
1639116000000,10040.329854101363
1639119600000,10040.329854101363
1639123200000,10040.329854101363
1639126800000,10040.329854101363
1639130400000,10040.329854101363
1639134000000,10040.329854101363
1639137600000,10040.329854101363
1639141200000,10040.329854101363
1639144800000,10040.329854101363
1639148400000,10040.329854101363
1639152000000,10040.329854101363
1639155600000,10040.329854101363
1639159200000,10040.329854101363
1639162800000,10040.329854101363
1639166400000,10040.49879299422
1639170000000,10041.83469299422
1639173600000,10039.20803299422
1639177200000,10035.34429299422
1639180800000,10033.331298519994
1639184400000,10035.184478519994
1639188000000,10037.317648519995
1639191600000,10038.288158519994
1639195200000,10040.095588519995
1639198800000,10041.114898519994
1639202400000,10041.013638519993
1639206000000,10037.168198519994
1639209600000,10037.800901217399
1639213200000,10040.3805912174
1639216800000,10039.855991217399
1639220400000,10040.2707912174
1639224000000,10039.985311217399
1639227600000,10041.6933112174
1639231200000,10039.8078012174
1639234800000,10041.340731217399
1639238400000,10042.76240938971
1639242000000,10043.38277938971
1639245600000,10041.95964938971
1639249200000,10041.564369389711
1639252800000,10039.64469938971
1639256400000,10039.98019938971
1639260000000,10040.736599389711
1639263600000,10040.28031938971
1639267200000,10044.364363756711
1639270800000,10043.20719375671
1639274400000,10041.286303756711
1639278000000,10041.522373756712
1639281600000,10041.81578375671
1639285200000,10040.123033756712
1639288800000,10041.44978375671
1639292400000,10042.594753756712
1639296000000,10042.576120304175
1639299600000,10039.946410304176
1639303200000,10039.610910304176
1639306800000,10040.212980304175
1639310400000,10041.396990304176
1639314000000,10041.187150304175
1639317600000,10041.782510304176
1639321200000,10042.074700304176
1639324800000,10040.518449114423
1639328400000,10041.895829114423
1639332000000,10044.468199114423
1639335600000,10048.444179114424
1639339200000,10047.745729114424
1639342800000,10048.086109114423
1639346400000,10046.647729114424
1639350000000,10048.640599114424
1639353600000,10046.795168815104
1639357200000,10041.488168815105
1639360800000,10037.382258815105
1639364400000,10037.642728815104
1639368000000,10038.765128815105
1639371600000,10039.767358815105
1639375200000,10041.070318815106
1639378800000,10038.477818815105
1639382400000,10038.575301569364
1639386000000,10040.208271569365
1639389600000,10038.871151569365
1639393200000,10038.401451569365
1639396800000,10039.701971569364
1639400400000,10038.251391569365
1639404000000,10037.176571569365
1639407600000,10033.672731569364
1639411200000,10027.442284361703
1639414800000,10027.413614361703
1639418400000,10028.013244361702
1639422000000,10027.822924361702
1639425600000,10024.448278812331
1639429200000,10024.448278812331
1639432800000,10024.448278812331
1639436400000,10024.448278812331
1639440000000,10023.828461046345
1639443600000,10026.377621046344
1639447200000,10024.218281046344
1639450800000,10024.481811046344
1639454400000,10023.858911552965
1639458000000,10023.495781552965
1639461600000,10019.701001552963
1639465200000,10019.593441552965
1639468800000,10025.073854210494
1639472400000,10030.227124210493
1639476000000,10022.053644210493
1639479600000,10029.532914210493
1639483200000,10032.862974210493
1639486800000,10031.804374210493
1639490400000,10025.457394210493
1639494000000,10029.211704210495
1639497600000,10023.064592031378
1639501200000,10022.131212031378
1639504800000,10020.587972031379
1639508400000,10019.915252031378
1639512000000,10023.444962031379
1639515600000,10033.44803203138
1639519200000,10038.625942031378
1639522800000,10036.494332031378
1639526400000,10038.869980093166
1639530000000,10036.845980093167
1639533600000,10035.792420093167
1639537200000,10034.437350093167
1639540800000,10038.669260093167
1639544400000,10037.545790093167
1639548000000,10037.382940093166
1639551600000,10037.417280093168
1639555200000,10038.655224002187
1639558800000,10042.674134002185
1639562400000,10042.182824002186
1639566000000,10039.433834002186
1639569600000,10037.533034002186
1639573200000,10031.333424002187
1639576800000,10031.213644002188
1639580400000,10026.505184002188
1639584000000,10012.211313208187
1639587600000,10019.053613208187
1639591200000,10020.578453208187
1639594800000,10028.704173208187
1639598400000,10050.656603208186
1639602000000,10060.726533208186
1639605600000,10060.489483208186
1639609200000,10052.999993208186
1639612800000,10055.12035491461
1639616400000,10057.22495491461
1639620000000,10057.67140491461
1639623600000,10056.973644914611
1639627200000,10054.87482491461
1639630800000,10053.28136491461
1639634400000,10050.11278491461
1639638000000,10054.504094914611
1639641600000,10054.394667716324
1639645200000,10054.612177716324
1639648800000,10056.651907716325
1639652400000,10058.020667716324
1639656000000,10060.283157716323
1639659600000,10054.259187716325
1639663200000,10058.503047716325
1639666800000,10055.072907716325
1639670400000,10057.269120955267
1639674000000,10055.844200955267
1639677600000,10050.906720955267
1639681200000,10048.910040955267
1639684800000,10046.765860955265
1639688400000,10048.783690955266
1639692000000,10050.721860955266
1639695600000,10044.861820955266
1639699200000,10041.06988683236
1639702800000,10042.67246683236
1639706400000,10042.718386832361
1639710000000,10042.28795683236
1639713600000,10042.026833125265
1639717200000,10042.026833125265
1639720800000,10042.026833125265
1639724400000,10042.026833125265
1639728000000,10041.528642295261
1639731600000,10042.102642295262
1639735200000,10041.706442295263
1639738800000,10037.513442295261
1639742400000,10039.020542295262
1639746000000,10037.382542295261
1639749600000,10037.059842295263
1639753200000,10030.689842295262
1639756800000,10038.262925295263
1639760400000,10043.281925295263
1639764000000,10040.393025295261
1639767600000,10042.990025295263
1639771200000,10041.6469043578
1639774800000,10034.276954357798
1639778400000,10044.7144443578
1639782000000,10039.932814357799
1639785600000,10037.921788678743
1639789200000,10038.371888678743
1639792800000,10027.478488678742
1639796400000,10028.628308678743
1639800000000,10038.385538678742
1639803600000,10038.647688678742
1639807200000,10041.647748678743
1639810800000,10039.340548678741
1639814400000,10039.75493374003
1639818000000,10039.62417374003
1639821600000,10047.09191374003
1639825200000,10050.84643374003
1639828800000,10048.82329374003
1639832400000,10049.589163740031
1639836000000,10044.18747374003
1639839600000,10048.490793740031
1639843200000,10046.888202155928
1639846800000,10044.976642155927
1639850400000,10044.932752155928
1639854000000,10045.294862155926
1639857600000,10045.252372155926
1639861200000,10047.118572155929
1639864800000,10048.740962155927
1639868400000,10047.060262155926
1639872000000,10046.608851222163
1639875600000,10045.263451222163
1639879200000,10042.072921222163
1639882800000,10049.940851222162
1639886400000,10057.023731222163
1639890000000,10058.543991222163
1639893600000,10054.647791222164
1639897200000,10052.378041222162
1639900800000,10054.1510877321
1639904400000,10053.1150877321
1639908000000,10047.8750277321
1639911600000,10046.0212177321
1639915200000,10047.5439277321
1639918800000,10048.9178877321
1639922400000,10054.5780177321
1639926000000,10049.8623277321
1639929600000,10046.945798237866
1639933200000,10047.956248237866
1639936800000,10046.182658237865
1639940400000,10047.502578237865
1639944000000,10041.883118237865
1639947600000,10043.770038237866
1639951200000,10042.943968237865
1639954800000,10051.972498237865
1639958400000,10044.029809085836
1639962000000,10046.633669085837
1639965600000,10043.978849085837
1639969200000,10043.770739085836
1639972800000,10043.016699085836
1639976400000,10045.953689085836
1639980000000,10035.688889085837
1639983600000,10037.360769085835
1639987200000,10034.846695790773
1639990800000,10033.790745790773
1639994400000,10030.516215790774
1639998000000,10030.569205790775
1640001600000,10032.250675790774
1640005200000,10029.949985790774
1640008800000,10029.765185790773
1640012400000,10032.697415790773
1640016000000,10031.615592245582
1640019600000,10034.106752245581
1640023200000,10032.721662245582
1640026800000,10033.34585224558
1640030400000,10035.497980155114
1640034000000,10035.497980155114
1640037600000,10035.497980155114
1640041200000,10035.497980155114
1640044800000,10035.497980155114
1640048400000,10035.497980155114
1640052000000,10035.497980155114
1640055600000,10035.497980155114
1640059200000,10035.497980155114
1640062800000,10035.497980155114
1640066400000,10035.497980155114
1640070000000,10035.497980155114
1640073600000,10035.497980155114
1640077200000,10035.497980155114
1640080800000,10035.497980155114
1640084400000,10035.497980155114
1640088000000,10035.497980155114
1640091600000,10035.497980155114
1640095200000,10035.497980155114
1640098800000,10035.497980155114
1640102400000,10035.497980155114
1640106000000,10035.497980155114
1640109600000,10035.497980155114
1640113200000,10035.497980155114
1640116800000,10035.497980155114
1640120400000,10035.497980155114
1640124000000,10035.497980155114
1640127600000,10035.497980155114
1640131200000,10035.497980155114
1640134800000,10035.497980155114
1640138400000,10035.497980155114
1640142000000,10035.497980155114
1640145600000,10035.497980155114
1640149200000,10035.497980155114
1640152800000,10035.497980155114
1640156400000,10035.497980155114
1640160000000,10035.497980155114
1640163600000,10035.497980155114
1640167200000,10035.497980155114
1640170800000,10035.497980155114
1640174400000,10035.497980155114
1640178000000,10035.497980155114
1640181600000,10035.497980155114
1640185200000,10035.497980155114
1640188800000,10035.497980155114
1640192400000,10035.497980155114
1640196000000,10035.497980155114
1640199600000,10035.497980155114
1640203200000,10035.497980155114
1640206800000,10035.497980155114
1640210400000,10035.497980155114
1640214000000,10035.497980155114
1640217600000,10035.497980155114
1640221200000,10035.497980155114
1640224800000,10035.497980155114
1640228400000,10035.497980155114
1640232000000,10035.497980155114
1640235600000,10035.497980155114
1640239200000,10035.497980155114
1640242800000,10035.497980155114
1640246400000,10035.497980155114
1640250000000,10035.497980155114
1640253600000,10035.497980155114
1640257200000,10035.497980155114
1640260800000,10035.497980155114
1640264400000,10035.497980155114
1640268000000,10035.497980155114
1640271600000,10035.497980155114
1640275200000,10035.497980155114
1640278800000,10035.497980155114
1640282400000,10035.497980155114
1640286000000,10035.497980155114
1640289600000,10035.497980155114
1640293200000,10035.497980155114
1640296800000,10035.497980155114
1640300400000,10035.497980155114
1640304000000,10035.497980155114
1640307600000,10035.497980155114
1640311200000,10035.497980155114
1640314800000,10035.497980155114
1640318400000,10035.497980155114
1640322000000,10035.497980155114
1640325600000,10035.497980155114
1640329200000,10035.497980155114
1640332800000,10035.497980155114
1640336400000,10035.497980155114
1640340000000,10035.497980155114
1640343600000,10035.497980155114
1640347200000,10035.497980155114
1640350800000,10035.497980155114
1640354400000,10035.497980155114
1640358000000,10035.497980155114
1640361600000,10035.497980155114
1640365200000,10035.497980155114
1640368800000,10035.497980155114
1640372400000,10035.497980155114
1640376000000,10035.497980155114
1640379600000,10035.497980155114
1640383200000,10035.497980155114
1640386800000,10035.497980155114
1640390400000,10035.497980155114
1640394000000,10035.497980155114
1640397600000,10035.497980155114
1640401200000,10035.497980155114
1640404800000,10035.497980155114
1640408400000,10035.497980155114
1640412000000,10035.497980155114
1640415600000,10035.497980155114
1640419200000,10035.497980155114
1640422800000,10035.497980155114
1640426400000,10035.497980155114
1640430000000,10035.497980155114
1640433600000,10035.497980155114
1640437200000,10035.497980155114
1640440800000,10035.497980155114
1640444400000,10035.497980155114
1640448000000,10035.497980155114
1640451600000,10035.497980155114
1640455200000,10035.497980155114
1640458800000,10035.497980155114
1640462400000,10035.497980155114
1640466000000,10035.497980155114
1640469600000,10035.497980155114
1640473200000,10035.497980155114
1640476800000,10035.497980155114
1640480400000,10035.497980155114
1640484000000,10035.497980155114
1640487600000,10035.497980155114
1640491200000,10035.497980155114
1640494800000,10035.497980155114
1640498400000,10035.497980155114
1640502000000,10035.497980155114
1640505600000,10035.497980155114
1640509200000,10035.497980155114
1640512800000,10035.497980155114
1640516400000,10035.497980155114
1640520000000,10035.497980155114
1640523600000,10035.497980155114
1640527200000,10035.497980155114
1640530800000,10035.497980155114
1640534400000,10035.497980155114
1640538000000,10035.497980155114
1640541600000,10035.497980155114
1640545200000,10035.497980155114
1640548800000,10035.497980155114
1640552400000,10035.497980155114
1640556000000,10035.497980155114
1640559600000,10035.497980155114
1640563200000,10035.497980155114
1640566800000,10035.497980155114
1640570400000,10035.497980155114
1640574000000,10035.497980155114
1640577600000,10035.497980155114
1640581200000,10035.497980155114
1640584800000,10035.497980155114
1640588400000,10035.497980155114
1640592000000,10035.497980155114
1640595600000,10035.497980155114
1640599200000,10035.497980155114
1640602800000,10035.497980155114
1640606400000,10035.497980155114
1640610000000,10035.497980155114
1640613600000,10035.497980155114
1640617200000,10035.497980155114
1640620800000,10035.497980155114
1640624400000,10035.497980155114
1640628000000,10035.497980155114
1640631600000,10035.497980155114
1640635200000,10035.497980155114
1640638800000,10035.497980155114
1640642400000,10035.497980155114
1640646000000,10035.497980155114
1640649600000,10035.497980155114
1640653200000,10035.497980155114
1640656800000,10035.497980155114
1640660400000,10035.497980155114
1640664000000,10035.497980155114
1640667600000,10035.497980155114
1640671200000,10035.497980155114
1640674800000,10035.497980155114
1640678400000,10035.497980155114
1640682000000,10035.497980155114
1640685600000,10035.497980155114
1640689200000,10035.497980155114
1640692800000,10035.497980155114
1640696400000,10035.497980155114
1640700000000,10035.497980155114
1640703600000,10035.497980155114
1640707200000,10035.736093429785
1640710800000,10029.961753429785
1640714400000,10023.798453429785
1640718000000,10020.648163429783
1640721600000,10021.982353429785
1640725200000,10024.268923429785
1640728800000,10022.612983429784
1640732400000,10022.720233429784
1640736000000,10020.83324582305
1640739600000,10023.673225823051
1640743200000,10021.093505823052
1640746800000,10023.08549582305
1640750400000,10023.56597582305
1640754000000,10021.508205823051
1640757600000,10021.47388582305
1640761200000,10021.29227582305
1640764800000,10020.88908088805
1640768400000,10020.38286088805
1640772000000,10022.71376088805
1640775600000,10020.886220888051
1640779200000,10019.74937088805
1640782800000,10009.870292254509
1640786400000,10009.870292254509
1640790000000,10009.870292254509
1640793600000,10009.870292254509
1640797200000,10009.870292254509
1640800800000,10009.870292254509
1640804400000,10009.870292254509
1640808000000,10009.870292254509
1640811600000,10009.870292254509
1640815200000,10009.870292254509
1640818800000,10009.870292254509
1640822400000,10009.870292254509
1640826000000,10009.870292254509
1640829600000,10009.870292254509
1640833200000,10009.870292254509
1640836800000,10009.870292254509
1640840400000,10009.870292254509
1640844000000,10009.870292254509
1640847600000,10009.870292254509
1640851200000,10009.870292254509
1640854800000,10009.870292254509
1640858400000,10009.870292254509
1640862000000,10009.870292254509
1640865600000,10009.870292254509
1640869200000,10009.870292254509
1640872800000,10009.870292254509
1640876400000,10009.870292254509
1640880000000,10009.870292254509
1640883600000,10009.870292254509
1640887200000,10009.870292254509
1640890800000,10009.870292254509
1640894400000,10009.870292254509
1640898000000,10009.870292254509
1640901600000,10009.870292254509
1640905200000,10009.870292254509
1640908800000,10009.870292254509
1640912400000,10009.870292254509
1640916000000,10009.870292254509
1640919600000,10009.870292254509
1640923200000,10009.79470462103
1640926800000,10010.86534462103
1640930400000,10010.09917462103
1640934000000,10011.51505462103
1640937600000,10009.174174557249
1640941200000,10020.983884557249
1640944800000,10019.554864557249
1640948400000,10017.236914557248
1640952000000,10016.363104557247
1640955600000,10016.528974557248
1640959200000,10016.206684557248
1640962800000,10017.246634557248
1640966400000,10016.926725849247
1640970000000,10012.632375849247
1640973600000,10007.758335849248
1640977200000,10004.566665849248
1640980800000,9997.177935849248
1640984400000,9997.865355849248
1640988000000,10002.038925849249
1640991600000,10002.072945849248
1640995200000,10001.069076630103
1640998800000,10004.611836630103
1641002400000,10006.013586630103
1641006000000,10006.089186630103
1641009600000,10006.307796630103
1641013200000,10005.372606630102
1641016800000,10009.448166630104
1641020400000,10007.855706630104
1641024000000,10009.242966883286
1641027600000,10009.035246883286
1641031200000,10009.737606883285
1641034800000,10006.755456883286
1641038400000,10006.187826883286
1641042000000,10008.932736883286
1641045600000,10007.926536883286
1641049200000,10006.778316883287
1641052800000,10010.077809658065
1641056400000,10010.535909658065
1641060000000,10014.416799658065
1641063600000,10012.933959658065
1641067200000,10010.705019658066
1641070800000,10011.466329658066
1641074400000,10010.869089658065
1641078000000,10011.459759658066
1641081600000,10014.239129884554
1641085200000,10013.332919884553
1641088800000,10010.998409884554
1641092400000,10011.237629884554
1641096000000,10010.311948742496
1641099600000,10002.455658742496
1641103200000,10005.861528742496
1641106800000,10005.730708742496
1641110400000,10007.069123116775
1641114000000,10007.284873116774
1641117600000,10009.302023116774
1641121200000,10006.967923116774
1641124800000,10007.862043116775
1641128400000,10009.178583116774
1641132000000,10006.946893116774
1641135600000,10008.112133116774
1641139200000,10012.956654235111
1641142800000,10027.18941423511
1641146400000,10017.54963423511
1641150000000,10011.555944235111
1641153600000,10011.03087423511
1641157200000,10012.996534235112
1641160800000,10014.55985423511
1641164400000,10017.746554235111
1641168000000,10017.186208761555
1641171600000,10013.027528761555
1641175200000,10013.415378761556
1641178800000,10012.793748761555
1641182400000,10008.221317203104
1641186000000,10009.269157203104
1641189600000,10011.609097203103
1641193200000,10010.334697203103
1641196800000,10011.898954899983
1641200400000,10011.875354899983
1641204000000,10011.803374899982
1641207600000,10013.383394899984
1641211200000,10013.928554899983
1641214800000,10013.029394899982
1641218400000,10012.834694899982
1641222000000,10011.205114899984
1641225600000,10006.754583450558
1641229200000,10000.865603450557
1641232800000,10004.948903450557
1641236400000,10001.873803450559
1641240000000,9998.457803450558
1641243600000,9987.887763450559
1641247200000,9992.221303450557
1641250800000,9999.987383450558
1641254400000,10004.326237123421
1641258000000,9997.037657123421
1641261600000,9996.14833712342
1641265200000,9994.879797123422
1641268800000,9998.376957123422
1641272400000,9993.916597123422
1641276000000,9995.408117123423
1641279600000,10000.554617123424
1641283200000,10003.385977170532
1641286800000,10003.290617170533
1641290400000,10002.425077170532
1641294000000,10010.785137170531
1641297600000,10014.965877170533
1641301200000,10012.811477170531
1641304800000,10021.937397170532
1641308400000,10027.474777170532
1641312000000,10015.814091328379
1641315600000,10017.116491328377
1641319200000,10012.007711328379
1641322800000,9993.547931328378
1641326400000,10005.627771328378
1641330000000,10006.333031328379
1641333600000,10005.84709132838
1641337200000,10004.074891328379
1641340800000,9998.95392718863
1641344400000,10004.455307188631
1641348000000,10003.61276718863
1641351600000,10005.551867188631
1641355200000,10007.048945944645
1641358800000,10006.959185944645
1641362400000,10005.702065944644
1641366000000,10007.561225944644
1641369600000,10007.217066819283
1641373200000,10009.866186819283
1641376800000,10012.639506819281
1641380400000,10011.613986819282
1641384000000,10005.835506819283
1641387600000,10004.588106819283
1641391200000,10007.218386819282
1641394800000,10011.137346819281
1641398400000,10009.166573619283
1641402000000,10006.038893619283
1641405600000,10001.661053619284
1641409200000,10001.186693619284
1641412800000,9985.147343816188
1641416400000,9985.147343816188
1641420000000,9985.147343816188
1641423600000,9985.147343816188
1641427200000,9984.80298156506
1641430800000,9986.66771156506
1641434400000,9985.42535156506
1641438000000,9983.67535156506
1641441600000,9981.845567873728
1641445200000,9981.41247787373
1641448800000,9981.98182787373
1641452400000,9980.40655787373
1641456000000,9983.902629843335
1641459600000,9977.843259843334
1641463200000,9968.233849843333
1641466800000,9972.724829843335
1641470400000,9973.101659843334
1641474000000,9975.839049843335
1641477600000,9979.215859843334
1641481200000,9974.457699843335
1641484800000,9977.217242308066
1641488400000,9976.489642308066
1641492000000,9979.104142308068
1641495600000,9983.911302308066
1641499200000,9984.686842308067
1641502800000,9980.869002308067
1641506400000,9980.959752308067
1641510000000,9980.936232308066
1641513600000,9979.46344642168
1641517200000,9973.51588642168
1641520800000,9975.869246421678
1641524400000,9972.131226421678
1641528000000,9955.180636421679
1641531600000,9947.5858081152
1641535200000,9948.4085881152
1641538800000,9946.244468115201
1641542400000,9947.303290622956
1641546000000,9950.332750622956
1641549600000,9952.340070622957
1641553200000,9951.064460622956
1641556800000,9951.903760622956
1641560400000,9952.547130622956
1641564000000,9945.994150622957
1641567600000,9948.289030622956
1641571200000,9945.511906629956
1641574800000,9950.143036629956
1641578400000,9949.172766629956
1641582000000,9947.696186629955
1641585600000,9948.214466629955
1641589200000,9949.089326629955
1641592800000,9948.420126629955
1641596400000,9946.188876629956
1641600000000,9947.272441314955
1641603600000,9949.320011314956
1641607200000,9948.736071314956
1641610800000,9948.583471314956
1641614400000,9948.392581314956
1641618000000,9948.608461314956
1641621600000,9949.141371314956
1641625200000,9948.804741314956
1641628800000,9949.101608745956
1641632400000,9949.472958745955
1641636000000,9950.880728745955
1641639600000,9948.862278745955
1641643200000,9948.855978745956
1641646800000,9948.347148745956
1641650400000,9948.659698745956
1641654000000,9948.009398745955
1641657600000,9946.794614818244
1641661200000,9945.322444818243
1641664800000,9942.327984818243
1641668400000,9940.037024818243
1641672000000,9941.950404818244
1641675600000,9942.459094818243
1641679200000,9948.221424818243
1641682800000,9948.751044818244
1641686400000,9947.189756079235
1641690000000,9947.189756079235
1641693600000,9947.189756079235
1641697200000,9947.189756079235
1641700800000,9947.189756079235
1641704400000,9947.189756079235
1641708000000,9947.189756079235
1641711600000,9947.189756079235
1641715200000,9947.370196795498
1641718800000,9946.053116795498
1641722400000,9944.960236795498
1641726000000,9945.936836795498
1641729600000,9947.451516795498
1641733200000,9945.304516795499
1641736800000,9944.251916795498
1641740400000,9944.962516795498
1641744000000,9945.118361823856
1641747600000,9950.016561823855
1641751200000,9950.089521823855
1641754800000,9949.942841823855
1641758400000,9952.886321823855
1641762000000,9952.367241823855
1641765600000,9951.756201823855
1641769200000,9951.110201823856
1641772800000,9948.63865740049
1641776400000,9947.76237740049
1641780000000,9948.89097740049
1641783600000,9948.951777400489
1641787200000,9949.27401740049
1641790800000,9950.68685740049
1641794400000,9950.455817400489
1641798000000,9950.05833740049
1641801600000,9950.175462486564
1641805200000,9948.555902486563
1641808800000,9948.437342486564
1641812400000,9947.732062486564
1641816000000,9945.970045019993
1641819600000,9933.493485019993
1641823200000,9930.622745019993
1641826800000,9930.037505019995
1641830400000,9930.299025472528
1641834000000,9946.774345472528
1641837600000,9933.574865472528
1641841200000,9939.652405472529
1641844800000,9938.669145472528
1641848400000,9944.689185472529
1641852000000,9944.87098547253
1641855600000,9941.507605472529
1641859200000,9946.47498445796
1641862800000,9941.60248445796
1641866400000,9947.232584457961
1641870000000,9951.836324457961
1641873600000,9952.773464457961
1641877200000,9952.96518445796
1641880800000,9950.48086445796
1641884400000,9950.982864457961
1641888000000,9953.774483273413
1641891600000,9949.924963273414
1641895200000,9950.094563273413
1641898800000,9945.054823273413
1641902400000,9947.857403273412
1641906000000,9948.755623273413
1641909600000,9946.421323273413
1641913200000,9948.881463273412
1641916800000,9949.090532851407
1641920400000,9965.821792851408
1641924000000,9963.211912851408
1641927600000,9966.473192851407
1641931200000,9969.413752851407
1641934800000,9966.869492851409
1641938400000,9965.871072851407
1641942000000,9965.510852851407
1641945600000,9967.0818307835
1641949200000,9966.0239507835
1641952800000,9965.3360707835
1641956400000,9963.996890783501
1641960000000,9965.324650783501
1641963600000,9964.6978707835
1641967200000,9966.2295707835
1641970800000,9965.2690707835
1641974400000,9963.058466067552
1641978000000,9963.436166067553
1641981600000,9965.560866067552
1641985200000,9965.194566067552
1641988800000,9966.417566067552
1641992400000,9969.940066067553
1641996000000,9976.175966067553
1641999600000,9975.807166067552
1642003200000,9973.61442539731
1642006800000,9973.454325397312
1642010400000,9976.240025397312
1642014000000,9973.625125397311
1642017600000,9974.52312539731
1642021200000,9975.89942539731
1642024800000,9975.279425397312
1642028400000,9976.240025397312
1642032000000,9976.247362265744
1642035600000,9975.442362265743
1642039200000,9973.383862265744
1642042800000,9973.672262265743
1642046400000,9972.952362265743
1642050000000,9973.814962265744
1642053600000,9974.204662265744
1642057200000,9974.710562265744
1642060800000,9974.3652766685
1642064400000,9976.121676668501
1642068000000,9976.1885766685
1642071600000,9975.8120766685
1642075200000,9973.455869106561
1642078800000,9973.455869106561
1642082400000,9973.455869106561
1642086000000,9973.455869106561
1642089600000,9973.455869106561
1642093200000,9973.455869106561
1642096800000,9973.455869106561
1642100400000,9973.455869106561
1642104000000,9973.455869106561
1642107600000,9973.455869106561
1642111200000,9973.455869106561
1642114800000,9973.455869106561
1642118400000,9973.455869106561
1642122000000,9973.455869106561
1642125600000,9973.455869106561
1642129200000,9973.455869106561
1642132800000,9973.455869106561
1642136400000,9973.455869106561
1642140000000,9973.455869106561
1642143600000,9973.455869106561
1642147200000,9973.455869106561
1642150800000,9973.455869106561
1642154400000,9973.455869106561
1642158000000,9973.455869106561
1642161600000,9973.455869106561
1642165200000,9973.455869106561
1642168800000,9973.455869106561
1642172400000,9973.455869106561
1642176000000,9973.455869106561
1642179600000,9973.455869106561
1642183200000,9973.455869106561
1642186800000,9973.455869106561
1642190400000,9973.455869106561
1642194000000,9973.455869106561
1642197600000,9973.455869106561
1642201200000,9973.455869106561
1642204800000,9973.455869106561
1642208400000,9973.455869106561
1642212000000,9973.455869106561
1642215600000,9973.455869106561
1642219200000,9973.455869106561
1642222800000,9973.455869106561
1642226400000,9973.455869106561
1642230000000,9973.455869106561
1642233600000,9973.455869106561
1642237200000,9973.455869106561
1642240800000,9973.455869106561
1642244400000,9973.455869106561
1642248000000,9973.455869106561
1642251600000,9973.455869106561
1642255200000,9973.455869106561
1642258800000,9973.455869106561
1642262400000,9973.455869106561
1642266000000,9973.455869106561
1642269600000,9973.455869106561
1642273200000,9973.455869106561
1642276800000,9973.455869106561
1642280400000,9973.455869106561
1642284000000,9973.455869106561
1642287600000,9973.455869106561
1642291200000,9973.455869106561
1642294800000,9973.455869106561
1642298400000,9973.455869106561
1642302000000,9973.455869106561
1642305600000,9973.455869106561
1642309200000,9973.455869106561
1642312800000,9973.455869106561
1642316400000,9973.455869106561
1642320000000,9973.455869106561
1642323600000,9973.455869106561
1642327200000,9973.455869106561
1642330800000,9973.455869106561
1642334400000,9973.455869106561
1642338000000,9973.455869106561
1642341600000,9973.455869106561
1642345200000,9973.455869106561
1642348800000,9973.455869106561
1642352400000,9973.455869106561
1642356000000,9973.455869106561
1642359600000,9973.455869106561
1642363200000,9973.455869106561
1642366800000,9973.455869106561
1642370400000,9973.455869106561
1642374000000,9973.455869106561
1642377600000,9973.455869106561
1642381200000,9973.455869106561
1642384800000,9973.455869106561
1642388400000,9973.455869106561
1642392000000,9973.455869106561
1642395600000,9973.455869106561
1642399200000,9973.455869106561
1642402800000,9973.455869106561
1642406400000,9973.455869106561
1642410000000,9973.455869106561
1642413600000,9973.455869106561
1642417200000,9973.455869106561
1642420800000,9973.455869106561
1642424400000,9973.455869106561
1642428000000,9973.455869106561
1642431600000,9973.455869106561
1642435200000,9973.455869106561
1642438800000,9973.455869106561
1642442400000,9973.455869106561
1642446000000,9973.455869106561
1642449600000,9973.455869106561
1642453200000,9973.455869106561
1642456800000,9973.455869106561
1642460400000,9973.455869106561
1642464000000,9973.455869106561
1642467600000,9973.455869106561
1642471200000,9973.455869106561
1642474800000,9973.455869106561
1642478400000,9973.455869106561
1642482000000,9973.455869106561
1642485600000,9973.455869106561
1642489200000,9973.455869106561
1642492800000,9973.455869106561
1642496400000,9973.455869106561
1642500000000,9973.455869106561
1642503600000,9973.455869106561
1642507200000,9973.455869106561
1642510800000,9973.455869106561
1642514400000,9973.455869106561
1642518000000,9973.455869106561
1642521600000,9973.455869106561
1642525200000,9973.455869106561
1642528800000,9973.455869106561
1642532400000,9973.455869106561
1642536000000,9973.455869106561
1642539600000,9973.455869106561
1642543200000,9973.455869106561
1642546800000,9973.455869106561
1642550400000,9973.455869106561
1642554000000,9973.455869106561
1642557600000,9973.455869106561
1642561200000,9973.455869106561
1642564800000,9973.455869106561
1642568400000,9973.455869106561
1642572000000,9973.455869106561
1642575600000,9973.455869106561
1642579200000,9973.455869106561
1642582800000,9973.455869106561
1642586400000,9973.455869106561
1642590000000,9973.455869106561
1642593600000,9973.455869106561
1642597200000,9973.455869106561
1642600800000,9973.455869106561
1642604400000,9973.455869106561
1642608000000,9973.455869106561
1642611600000,9973.455869106561
1642615200000,9973.455869106561
1642618800000,9973.455869106561
1642622400000,9973.455869106561
1642626000000,9973.455869106561
1642629600000,9973.455869106561
1642633200000,9973.455869106561
1642636800000,9973.455869106561
1642640400000,9973.455869106561
1642644000000,9973.455869106561
1642647600000,9973.455869106561
1642651200000,9973.455869106561
1642654800000,9973.455869106561
1642658400000,9973.455869106561
1642662000000,9973.455869106561
1642665600000,9973.455869106561
1642669200000,9973.455869106561
1642672800000,9973.455869106561
1642676400000,9973.455869106561
1642680000000,9973.455869106561
1642683600000,9973.455869106561
1642687200000,9973.455869106561
1642690800000,9973.455869106561
1642694400000,9973.455869106561
1642698000000,9973.455869106561
1642701600000,9973.455869106561
1642705200000,9973.455869106561
1642708800000,9973.455869106561
1642712400000,9973.455869106561
1642716000000,9973.455869106561
1642719600000,9973.455869106561
1642723200000,9973.455869106561
1642726800000,9973.455869106561
1642730400000,9973.455869106561
1642734000000,9973.455869106561
1642737600000,9974.1546973873
1642741200000,9974.886857387299
1642744800000,9974.7645373873
1642748400000,9974.735497387299
1642752000000,9976.870407946884
1642755600000,9977.724887946884
1642759200000,9975.568887946883
1642762800000,9975.919127946883
1642766400000,9974.124876240978
1642770000000,9962.405916240978
1642773600000,9967.884156240976
1642777200000,9964.794556240977
1642780800000,9970.973398255348
1642784400000,9968.706278255348
1642788000000,9964.971718255349
1642791600000,9962.959798255348
1642795200000,9959.138038255349
1642798800000,9961.475558255348
1642802400000,9937.365638255349
1642806000000,9924.269819515075
1642809600000,9924.269819515075
1642813200000,9924.269819515075
1642816800000,9924.269819515075
1642820400000,9924.269819515075
1642824000000,9924.269819515075
1642827600000,9924.269819515075
1642831200000,9924.269819515075
1642834800000,9924.269819515075
1642838400000,9924.269819515075
1642842000000,9924.269819515075
1642845600000,9924.269819515075
1642849200000,9924.269819515075
1642852800000,9924.269819515075
1642856400000,9924.269819515075
1642860000000,9924.269819515075
1642863600000,9924.269819515075
1642867200000,9924.269819515075
1642870800000,9924.269819515075
1642874400000,9924.269819515075
1642878000000,9924.269819515075
1642881600000,9924.269819515075
1642885200000,9924.269819515075
1642888800000,9924.269819515075
1642892400000,9924.269819515075
1642896000000,9924.269819515075
1642899600000,9924.269819515075
1642903200000,9924.269819515075
1642906800000,9924.269819515075
1642910400000,9924.269819515075
1642914000000,9924.269819515075
1642917600000,9924.269819515075
1642921200000,9924.269819515075
1642924800000,9924.269819515075
1642928400000,9924.269819515075
1642932000000,9924.269819515075
1642935600000,9924.269819515075
1642939200000,9924.208559934988
1642942800000,9923.829039934988
1642946400000,9924.717359934988
1642950000000,9919.955759934988
1642953600000,9919.894566531248
1642957200000,9919.827366531248
1642960800000,9920.453926531247
1642964400000,9919.316006531248
1642968000000,9916.952486531247
1642971600000,9919.253286531248
1642975200000,9919.339046531248
1642978800000,9920.514086531248
1642982400000,9926.550320707249
1642986000000,9923.886000707249
1642989600000,9921.574320707248
1642993200000,9920.217520707249
1642996800000,9922.081840707247
1643000400000,9920.124080707248
1643004000000,9920.498480707249
1643007600000,9919.846960707247
1643011200000,9916.862692710767
1643014800000,9917.169892710768
1643018400000,9914.037732710767
1643022000000,9906.725732710767
1643025600000,9907.182052710768
1643029200000,9904.929892710768
1643032800000,9903.802852710767
1643036400000,9905.832292710767
1643040000000,9909.379989585583
1643043600000,9908.707989585582
1643047200000,9914.932629585583
1643050800000,9916.940949585582
1643054400000,9916.999189585582
1643058000000,9921.429909585582
1643061600000,9920.218389585581
1643065200000,9918.917269585581
1643068800000,9920.21126404043
1643072400000,9917.55206404043
1643076000000,9917.244864040431
1643079600000,9918.34054404043
1643083200000,9918.84166404043
1643086800000,9916.54406404043
1643090400000,9917.71206404043
1643094000000,9915.71974404043
1643097600000,9916.64396897588
1643101200000,9916.730368975881
1643104800000,9919.539328975881
1643108400000,9919.637248975881
1643112000000,9919.67884897588
1643115600000,9920.277888975881
1643119200000,9919.28332897588
1643122800000,9917.41004897588
1643126400000,9919.24623808769
1643130000000,9920.10575808769
1643133600000,9922.54287808769
1643137200000,9924.17359808769
1643140800000,9922.103198087689
1643144400000,9920.19919808769
1643148000000,9918.963358087689
1643151600000,9919.891998087689
1643155200000,9921.387644445294
1643158800000,9919.458044445295
1643162400000,9920.846204445295
1643166000000,9920.702204445295
1643169600000,9922.824444445296
1643173200000,9924.167164445294
1643176800000,9922.807804445296
1643180400000,9921.034364445295
1643184000000,9922.076627558592
1643187600000,9923.576787558593
1643191200000,9923.508947558592
1643194800000,9926.773587558593
1643198400000,9927.116763774
1643202000000,9927.116763774
1643205600000,9927.116763774
1643209200000,9927.116763774
1643212800000,9927.116763774
1643216400000,9927.116763774
1643220000000,9927.116763774
1643223600000,9927.116763774
1643227200000,9927.116763774
1643230800000,9927.116763774
1643234400000,9927.116763774
1643238000000,9927.116763774
1643241600000,9927.116763774
1643245200000,9927.116763774
1643248800000,9927.116763774
1643252400000,9927.116763774
1643256000000,9927.116763774
1643259600000,9927.116763774
1643263200000,9927.116763774
1643266800000,9927.116763774
1643270400000,9927.116763774
1643274000000,9927.116763774
1643277600000,9927.116763774
1643281200000,9927.116763774
1643284800000,9927.116763774
1643288400000,9927.116763774
1643292000000,9927.116763774
1643295600000,9927.116763774
1643299200000,9927.116763774
1643302800000,9927.116763774
1643306400000,9927.116763774
1643310000000,9927.116763774
1643313600000,9927.116763774
1643317200000,9927.116763774
1643320800000,9927.116763774
1643324400000,9927.116763774
1643328000000,9927.116763774
1643331600000,9927.116763774
1643335200000,9927.116763774
1643338800000,9927.116763774
1643342400000,9927.116763774
1643346000000,9927.116763774
1643349600000,9927.116763774
1643353200000,9927.116763774
1643356800000,9927.116763774
1643360400000,9927.116763774
1643364000000,9927.116763774
1643367600000,9927.116763774
1643371200000,9927.116763774
1643374800000,9927.116763774
1643378400000,9927.116763774
1643382000000,9927.116763774
1643385600000,9927.116763774
1643389200000,9927.116763774
1643392800000,9927.116763774
1643396400000,9927.116763774
1643400000000,9927.116763774
1643403600000,9927.116763774
1643407200000,9927.116763774
1643410800000,9927.116763774
1643414400000,9927.116763774
1643418000000,9927.116763774
1643421600000,9927.116763774
1643425200000,9927.116763774
1643428800000,9927.116763774
1643432400000,9927.116763774
1643436000000,9927.116763774
1643439600000,9927.116763774
1643443200000,9927.116763774
1643446800000,9927.116763774
1643450400000,9927.116763774
1643454000000,9927.116763774
1643457600000,9927.116763774
1643461200000,9927.116763774
1643464800000,9927.116763774
1643468400000,9927.116763774
1643472000000,9927.116763774
1643475600000,9927.116763774
1643479200000,9927.116763774
1643482800000,9927.116763774
1643486400000,9927.116763774
1643490000000,9927.116763774
1643493600000,9927.116763774
1643497200000,9927.116763774
1643500800000,9927.116763774
1643504400000,9927.116763774
1643508000000,9927.116763774
1643511600000,9927.116763774
1643515200000,9927.116763774
1643518800000,9927.116763774
1643522400000,9927.116763774
1643526000000,9927.116763774
1643529600000,9927.116763774
1643533200000,9927.116763774
1643536800000,9927.116763774
1643540400000,9927.116763774
1643544000000,9927.116763774
1643547600000,9927.116763774
1643551200000,9927.116763774
1643554800000,9927.116763774
1643558400000,9927.116763774
1643562000000,9927.116763774
1643565600000,9927.116763774
1643569200000,9927.116763774
1643572800000,9927.116763774
1643576400000,9927.116763774
1643580000000,9927.116763774
1643583600000,9927.116763774
1643587200000,9927.116763774
1643590800000,9927.116763774
1643594400000,9927.116763774
1643598000000,9927.116763774
1643601600000,9927.116763774
1643605200000,9927.116763774
1643608800000,9927.116763774
1643612400000,9927.116763774
1643616000000,9927.116763774
1643619600000,9927.116763774
1643623200000,9927.116763774
1643626800000,9927.116763774
1643630400000,9927.116763774
1643634000000,9927.116763774
1643637600000,9927.116763774
1643641200000,9927.116763774
1643644800000,9927.116763774
1643648400000,9927.116763774
1643652000000,9927.116763774
1643655600000,9927.116763774
1643659200000,9927.116763774
1643662800000,9927.116763774
1643666400000,9927.116763774
1643670000000,9927.116763774
1643673600000,9927.116763774
1643677200000,9927.116763774
1643680800000,9927.116763774
1643684400000,9927.116763774
1643688000000,9927.116763774
1643691600000,9927.116763774
1643695200000,9927.116763774
1643698800000,9927.116763774
1643702400000,9927.116763774
1643706000000,9927.116763774
1643709600000,9927.116763774
1643713200000,9927.116763774
1643716800000,9927.116763774
1643720400000,9927.116763774
1643724000000,9927.116763774
1643727600000,9927.116763774
1643731200000,9927.116763774
1643734800000,9927.116763774
1643738400000,9927.116763774
1643742000000,9927.116763774
1643745600000,9927.757067303435
1643749200000,9929.642467303434
1643752800000,9932.069067303435
1643756400000,9930.656667303434
1643760000000,9931.209345428028
1643763600000,9929.528545428027
1643767200000,9927.440745428026
1643770800000,9929.700145428027
1643774400000,9929.941045428026
1643778000000,9928.154645428027
1643781600000,9928.327345428026
1643785200000,9927.411045428027
1643788800000,9926.411196819554
1643792400000,9927.936896819554
1643796000000,9929.085296819554
1643799600000,9928.360396819555
1643803200000,9929.166696819553
1643806800000,9932.368796819554
1643810400000,9929.098496819553
1643814000000,9920.857296819555
1643817600000,9915.643805327303
1643821200000,9915.657775327303
1643824800000,9919.027735327303
1643828400000,9920.557505327302
1643832000000,9922.528265327303
1643835600000,9925.928475327302
1643839200000,9912.859925327302
1643842800000,9915.819035327304
1643846400000,9913.057561661295
1643850000000,9914.288351661295
1643853600000,9913.707991661295
1643857200000,9914.564451661296
1643860800000,9909.475741661296
1643864400000,9910.778361661294
1643868000000,9911.361911661295
1643871600000,9910.612151661295
1643875200000,9913.378984540179
1643878800000,9914.42475454018
1643882400000,9902.95857454018
1643886000000,9899.227924540179
1643889600000,9904.19420454018
1643893200000,9903.144034540179
1643896800000,9903.05053454018
1643900400000,9901.197914540178
1643904000000,9907.848133219837
1643907600000,9904.802563219835
1643911200000,9905.690813219837
1643914800000,9905.831613219838
1643918400000,9900.175413219837
1643922000000,9900.878973219837
1643925600000,9911.079163219836
1643929200000,9911.018993219837
1643932800000,9917.673553885481
1643936400000,9916.026193885482
1643940000000,9916.259283885482
1643943600000,9918.495473885481
1643947200000,9918.51516388548
1643950800000,9917.555083885482
1643954400000,9931.541143885483
1643958000000,9938.613153885482
1643961600000,9940.579088984516
1643965200000,9942.292118984515
1643968800000,9943.141208984516
1643972400000,9941.444788984516
1643976000000,9940.833958984515
1643979600000,9941.959478984516
1643983200000,9929.195188984515
1643986800000,9942.276828984515
1643990400000,9963.900853493167
1643994000000,9976.694733493168
1643997600000,9985.346343493167
1644001200000,9982.123123493167
1644004800000,9986.074600812117
1644008400000,9983.721920812117
1644012000000,9984.471240812118
1644015600000,9984.705760812118
1644019200000,9994.21155500722
1644022800000,9993.968125007219
1644026400000,9991.78231500722
1644030000000,9992.87879500722
1644033600000,9993.221225007219
1644037200000,9993.64483500722
1644040800000,9994.725035007219
1644044400000,9993.96328500722
1644048000000,9993.07066910722
1644051600000,9993.11829910722
1644055200000,9994.38692910722
1644058800000,9994.83572910722
1644062400000,9993.82955910722
1644066000000,9992.75507910722
1644069600000,9993.84726910722
1644073200000,9993.19166910722
1644076800000,9996.534509240362
1644080400000,9996.534509240362
1644084000000,9996.534509240362
1644087600000,9996.534509240362
1644091200000,9996.534509240362
1644094800000,9996.534509240362
1644098400000,9996.534509240362
1644102000000,9996.534509240362
1644105600000,9996.534509240362
1644109200000,9996.534509240362
1644112800000,9996.534509240362
1644116400000,9996.534509240362
1644120000000,9996.534509240362
1644123600000,9996.534509240362
1644127200000,9996.534509240362
1644130800000,9996.534509240362
1644134400000,9996.534509240362
1644138000000,9996.534509240362
1644141600000,9996.534509240362
1644145200000,9996.534509240362
1644148800000,9996.534509240362
1644152400000,9996.534509240362
1644156000000,9996.534509240362
1644159600000,9996.534509240362
1644163200000,9996.534509240362
1644166800000,9996.534509240362
1644170400000,9996.534509240362
1644174000000,9996.534509240362
1644177600000,9996.534509240362
1644181200000,9996.534509240362
1644184800000,9996.534509240362
1644188400000,9996.534509240362
1644192000000,9996.534509240362
1644195600000,9996.534509240362
1644199200000,9996.534509240362
1644202800000,9996.534509240362
1644206400000,9996.534509240362
1644210000000,9996.534509240362
1644213600000,9996.534509240362
1644217200000,9996.534509240362
1644220800000,9996.534509240362
1644224400000,9996.534509240362
1644228000000,9996.534509240362
1644231600000,9996.534509240362
1644235200000,9996.534509240362
1644238800000,9996.534509240362
1644242400000,9996.534509240362
1644246000000,9996.534509240362
1644249600000,9996.534509240362
1644253200000,9996.534509240362
1644256800000,9996.534509240362
1644260400000,9996.534509240362
1644264000000,9996.534509240362
1644267600000,9996.534509240362
1644271200000,9996.534509240362
1644274800000,9996.534509240362
1644278400000,9996.534509240362
1644282000000,9996.534509240362
1644285600000,9996.534509240362
1644289200000,9996.534509240362
1644292800000,9996.534509240362
1644296400000,9996.534509240362
1644300000000,9996.534509240362
1644303600000,9996.534509240362
1644307200000,9996.534509240362
1644310800000,9996.534509240362
1644314400000,9996.534509240362
1644318000000,9996.534509240362
1644321600000,9996.534509240362
1644325200000,9996.534509240362
1644328800000,9996.534509240362
1644332400000,9996.534509240362
1644336000000,9996.534509240362
1644339600000,9996.534509240362
1644343200000,9996.534509240362
1644346800000,9996.534509240362
1644350400000,9996.534509240362
1644354000000,9996.534509240362
1644357600000,9996.534509240362
1644361200000,9996.534509240362
1644364800000,9996.534509240362
1644368400000,9996.534509240362
1644372000000,9996.534509240362
1644375600000,9996.534509240362
1644379200000,9996.534509240362
1644382800000,9996.534509240362
1644386400000,9996.534509240362
1644390000000,9996.534509240362
1644393600000,9996.534509240362
1644397200000,9996.534509240362
1644400800000,9996.534509240362
1644404400000,9996.534509240362
1644408000000,9996.534509240362
1644411600000,9996.534509240362
1644415200000,9996.534509240362
1644418800000,9996.534509240362
1644422400000,9996.534509240362
1644426000000,9996.534509240362
1644429600000,9996.534509240362
1644433200000,9996.534509240362
1644436800000,9996.534509240362
1644440400000,9996.534509240362
1644444000000,9996.534509240362
1644447600000,9996.534509240362
1644451200000,9996.534509240362
1644454800000,9996.534509240362
1644458400000,9996.534509240362
1644462000000,9996.534509240362
1644465600000,9996.534509240362
1644469200000,9996.534509240362
1644472800000,9996.534509240362
1644476400000,9996.534509240362
1644480000000,9996.534509240362
1644483600000,9996.534509240362
1644487200000,9996.534509240362
1644490800000,9996.534509240362
1644494400000,9996.534509240362
1644498000000,9996.534509240362
1644501600000,9996.534509240362
1644505200000,9996.534509240362
1644508800000,9996.534509240362
1644512400000,9996.534509240362
1644516000000,9996.534509240362
1644519600000,9996.534509240362
1644523200000,9996.534509240362
1644526800000,9996.534509240362
1644530400000,9996.534509240362
1644534000000,9996.534509240362
1644537600000,9996.534509240362
1644541200000,9996.534509240362
1644544800000,9996.534509240362
1644548400000,9996.534509240362
1644552000000,9996.534509240362
1644555600000,9996.534509240362
1644559200000,9996.534509240362
1644562800000,9996.534509240362
1644566400000,9996.534509240362
1644570000000,9996.534509240362
1644573600000,9996.534509240362
1644577200000,9996.534509240362
1644580800000,9996.534509240362
1644584400000,9996.534509240362
1644588000000,9996.534509240362
1644591600000,9996.534509240362
1644595200000,9996.534509240362
1644598800000,9996.534509240362
1644602400000,9996.534509240362
1644606000000,9996.534509240362
1644609600000,9996.976296425863
1644613200000,9995.068026425863
1644616800000,9995.334026425862
1644620400000,9992.474946425864
1644624000000,9993.810569133864
1644627600000,9993.214029133864
1644631200000,9993.915709133864
1644634800000,9994.191789133863
1644638400000,9993.320149133864
1644642000000,9993.548419133864
1644645600000,9993.143539133864
1644649200000,9992.041669133863
1644652800000,9992.09886441708
1644656400000,9992.925704417079
1644660000000,9993.750304417079
1644663600000,9993.020344417078
1644667200000,9994.064184417079
1644670800000,9993.047714417078
1644674400000,9992.19714441708
1644678000000,9992.467834417079
1644681600000,9992.34119207608
1644685200000,9995.823062076079
1644688800000,9996.293882076077
1644692400000,9997.070602076079
1644696000000,9995.753132076079
1644699600000,9995.207412076079
1644703200000,9990.731612076079
1644706800000,9991.859032076078
1644710400000,9992.411573018075
1644714000000,9993.514143018076
1644717600000,9992.829823018075
1644721200000,9992.611983018074
1644724800000,9992.918653018074
1644728400000,9992.271153018075
1644732000000,9992.878263018074
1644735600000,9993.826763018074
1644739200000,9993.656143947012
1644742800000,9993.96876394701
1644746400000,9992.938713947011
1644750000000,9994.855663947012
1644753600000,9994.380433947012
1644757200000,9994.125773947011
1644760800000,9994.52736394701
1644764400000,9994.56495394701
1644768000000,9995.063078409852
1644771600000,9992.945718409852
1644775200000,9993.010118409853
1644778800000,9991.041438409853
1644782400000,9991.148258409852
1644786000000,9993.657758409852
1644789600000,9992.439408409853
1644793200000,9993.521748409852
1644796800000,9991.574660553615
1644800400000,9991.938310553614
1644804000000,9988.449300553615
1644807600000,9988.772000553616
1644811200000,9990.433450553615
1644814800000,9990.713310553616
1644818400000,9989.589250553616
1644822000000,9992.335140553616
1644825600000,9993.1548926716
1644829200000,9991.126992671601
1644832800000,9991.207352671601
1644836400000,9992.4553126716
1644840000000,9991.521652671601
1644843600000,9994.999112671601
1644847200000,9994.3086326716
1644850800000,9994.2104926716
1644854400000,9994.906132355278
1644858000000,9995.305622355278
1644861600000,9994.899902355279
1644865200000,9993.002902355278
1644868800000,9991.583453267825
1644872400000,9991.583453267825
1644876000000,9991.583453267825
1644879600000,9991.583453267825
1644883200000,9991.583453267825
1644886800000,9991.583453267825
1644890400000,9991.583453267825
1644894000000,9991.583453267825
1644897600000,9991.583453267825
1644901200000,9991.583453267825
1644904800000,9991.583453267825
1644908400000,9991.583453267825
1644912000000,9991.583453267825
1644915600000,9991.583453267825
1644919200000,9991.583453267825
1644922800000,9991.583453267825
1644926400000,9991.583453267825
1644930000000,9991.583453267825
1644933600000,9991.583453267825
1644937200000,9991.583453267825
1644940800000,9991.583453267825
1644944400000,9991.583453267825
1644948000000,9991.583453267825
1644951600000,9991.583453267825
1644955200000,9991.583453267825
1644958800000,9991.583453267825
1644962400000,9991.583453267825
1644966000000,9991.583453267825
1644969600000,9991.583453267825
1644973200000,9991.583453267825
1644976800000,9991.583453267825
1644980400000,9991.583453267825
1644984000000,9991.583453267825
1644987600000,9991.583453267825
1644991200000,9991.583453267825
1644994800000,9991.583453267825
1644998400000,9991.583453267825
1645002000000,9991.583453267825
1645005600000,9991.583453267825
1645009200000,9991.583453267825
1645012800000,9991.583453267825
1645016400000,9991.583453267825
1645020000000,9991.583453267825
1645023600000,9991.583453267825
1645027200000,9991.583453267825
1645030800000,9991.583453267825
1645034400000,9991.583453267825
1645038000000,9991.583453267825
1645041600000,9991.583453267825
1645045200000,9991.583453267825
1645048800000,9991.583453267825
1645052400000,9991.583453267825
1645056000000,9991.583453267825
1645059600000,9991.583453267825
1645063200000,9991.583453267825
1645066800000,9991.583453267825
1645070400000,9991.583453267825
1645074000000,9991.583453267825
1645077600000,9991.583453267825
1645081200000,9991.583453267825
1645084800000,9991.583453267825
1645088400000,9991.583453267825
1645092000000,9991.583453267825
1645095600000,9991.583453267825
1645099200000,9991.583453267825
1645102800000,9991.583453267825
1645106400000,9991.583453267825
1645110000000,9991.583453267825
1645113600000,9991.583453267825
1645117200000,9991.583453267825
1645120800000,9991.583453267825
1645124400000,9991.583453267825
1645128000000,9991.583453267825
1645131600000,9991.583453267825
1645135200000,9991.583453267825
1645138800000,9991.583453267825
1645142400000,9991.583453267825
1645146000000,9991.583453267825
1645149600000,9991.583453267825
1645153200000,9991.583453267825
1645156800000,9991.583453267825
1645160400000,9991.583453267825
1645164000000,9991.583453267825
1645167600000,9991.583453267825
1645171200000,9991.583453267825
1645174800000,9991.583453267825
1645178400000,9991.583453267825
1645182000000,9991.583453267825
1645185600000,9991.583453267825
1645189200000,9991.583453267825
1645192800000,9991.583453267825
1645196400000,9991.583453267825
1645200000000,9991.583453267825
1645203600000,9991.583453267825
1645207200000,9991.583453267825
1645210800000,9991.583453267825
1645214400000,9991.583453267825
1645218000000,9991.583453267825
1645221600000,9991.583453267825
1645225200000,9991.583453267825
1645228800000,9991.583453267825
1645232400000,9991.583453267825
1645236000000,9991.583453267825
1645239600000,9991.583453267825
1645243200000,9991.583453267825
1645246800000,9991.583453267825
1645250400000,9991.583453267825
1645254000000,9991.583453267825
1645257600000,9991.583453267825
1645261200000,9991.583453267825
1645264800000,9991.583453267825
1645268400000,9991.583453267825
1645272000000,9991.583453267825
1645275600000,9991.583453267825
1645279200000,9991.583453267825
1645282800000,9991.583453267825
1645286400000,9991.583453267825
1645290000000,9991.583453267825
1645293600000,9991.583453267825
1645297200000,9991.583453267825
1645300800000,9991.583453267825
1645304400000,9991.583453267825
1645308000000,9991.583453267825
1645311600000,9991.583453267825
1645315200000,9991.583453267825
1645318800000,9991.583453267825
1645322400000,9991.583453267825
1645326000000,9991.583453267825
1645329600000,9991.469758342377
1645333200000,9984.204658342376
1645336800000,9978.996708342376
1645340400000,9968.018508342377
1645344000000,9970.091792400948
1645347600000,9958.20154240095
1645351200000,9959.85224240095
1645354800000,9958.252642400948
1645358400000,9963.551392400948
1645362000000,9960.38524240095
1645365600000,9960.301992400948
1645369200000,9959.719342400947
1645372800000,9964.204214336107
1645376400000,9962.466664336107
1645380000000,9962.677364336108
1645383600000,9966.570664336106
1645387200000,9964.709714336106
1645390800000,9961.199614336108
1645394400000,9958.122764336107
1645398000000,9974.293664336108
1645401600000,9961.945422584256
1645405200000,9971.519172584256
1645408800000,9982.534622584257
1645412400000,9982.871572584258
1645416000000,9979.886372584257
1645419600000,9987.907922584258
1645423200000,9985.843222584255
1645426800000,9987.045822584258
1645430400000,9988.794103688559
1645434000000,9982.210403688558
1645437600000,9979.62800368856
1645441200000,9968.11745368856
1645444800000,9955.499948545868
1645448400000,9953.407448545868
1645452000000,9952.109948545867
1645455600000,9964.583698545868
1645459200000,9967.096104425567
1645462800000,9966.062354425567
1645466400000,9964.344854425568
1645470000000,9956.542354425568
1645473600000,9957.723604425568
1645477200000,9957.894854425567
1645480800000,9948.088604425568
1645484400000,9955.244854425568
1645488000000,9948.63457730402
1645491600000,9951.49207730402
1645495200000,9951.24832730402
1645498800000,9948.420827304019
1645502400000,9940.84165593936
1645506000000,9940.84165593936
1645509600000,9940.84165593936
1645513200000,9940.84165593936
1645516800000,9940.897096960882
1645520400000,9943.433496960883
1645524000000,9943.267746960883
1645527600000,9947.090196960882
1645531200000,9946.385546960882
1645534800000,9948.020946960882
1645538400000,9948.632096960882
1645542000000,9951.000196960882
1645545600000,9950.31965053233
1645549200000,9948.08500053233
1645552800000,9947.325950532331
1645556400000,9946.90605053233
1645560000000,9951.18495053233
1645563600000,9948.46070053233
1645567200000,9948.40630053233
1645570800000,9948.518500532331
1645574400000,9951.130359447945
1645578000000,9950.142659447945
1645581600000,9949.421009447946
1645585200000,9948.842159447946
1645588800000,9949.823059447945
1645592400000,9952.662909447945
1645596000000,9953.036059447946
1645599600000,9953.085359447945
1645603200000,9956.165400229394
1645606800000,9956.420400229394
1645610400000,9957.647800229395
1645614000000,9957.724300229394
1645617600000,9958.172250229394
1645621200000,9959.550100229395
1645624800000,9959.182050229394
1645628400000,9956.711100229395
1645632000000,9955.400225514037
1645635600000,9957.182675514036
1645639200000,9953.568475514036
1645642800000,9952.290925514037
1645646400000,9950.353775514037
1645650000000,9949.971275514035
1645653600000,9949.547125514036
1645657200000,9950.687825514036
1645660800000,9945.655714251187
1645664400000,9944.741964251187
1645668000000,9945.558814251186
1645671600000,9937.234764251187
1645675200000,9930.216314251187
1645678800000,9930.601364251186
1645682400000,9925.072114251187
1645686000000,9926.036864251186
1645689600000,9927.901281725572
1645693200000,9928.724931725572
1645696800000,9928.755531725572
1645700400000,9927.834981725571
1645704000000,9929.716031725571
1645707600000,9927.93868172557
1645711200000,9930.501431725572
1645714800000,9933.681281725572
1645718400000,9935.615085934569
1645722000000,9937.14253593457
1645725600000,9933.84198593457
1645729200000,9941.61438593457
1645732800000,9948.45518593457
1645736400000,9951.64693593457
1645740000000,9950.56488593457
1645743600000,9945.626385934569
1645747200000,9947.885723401825
1645750800000,9946.620923401826
1645754400000,9950.632923401825
1645758000000,9951.076623401827
1645761600000,9950.859873401825
1645765200000,9949.561073401826
1645768800000,9948.521523401825
1645772400000,9950.553023401826
1645776000000,9948.927997338453
1645779600000,9948.927997338453
1645783200000,9948.927997338453
1645786800000,9948.927997338453
1645790400000,9948.927997338453
1645794000000,9948.927997338453
1645797600000,9948.927997338453
1645801200000,9948.927997338453
1645804800000,9948.927997338453
1645808400000,9948.927997338453
1645812000000,9948.927997338453
1645815600000,9948.927997338453
1645819200000,9948.927997338453
1645822800000,9948.927997338453
1645826400000,9948.927997338453
1645830000000,9948.927997338453
1645833600000,9948.927997338453
1645837200000,9948.927997338453
1645840800000,9948.927997338453
1645844400000,9948.927997338453
1645848000000,9948.927997338453
1645851600000,9948.927997338453
1645855200000,9948.927997338453
1645858800000,9948.927997338453
1645862400000,9948.927997338453
1645866000000,9948.927997338453
1645869600000,9948.927997338453
1645873200000,9948.927997338453
1645876800000,9948.927997338453
1645880400000,9948.927997338453
1645884000000,9948.927997338453
1645887600000,9948.927997338453
1645891200000,9948.927997338453
1645894800000,9948.927997338453
1645898400000,9948.927997338453
1645902000000,9948.927997338453
1645905600000,9948.927997338453
1645909200000,9948.927997338453
1645912800000,9948.927997338453
1645916400000,9948.927997338453
1645920000000,9948.927997338453
1645923600000,9948.927997338453
1645927200000,9948.927997338453
1645930800000,9948.927997338453
1645934400000,9948.927997338453
1645938000000,9948.927997338453
1645941600000,9948.927997338453
1645945200000,9948.927997338453
1645948800000,9948.927997338453
1645952400000,9948.927997338453
1645956000000,9948.927997338453
1645959600000,9948.927997338453
1645963200000,9948.927997338453
1645966800000,9948.927997338453
1645970400000,9948.927997338453
1645974000000,9948.927997338453
1645977600000,9948.927997338453
1645981200000,9948.927997338453
1645984800000,9948.927997338453
1645988400000,9948.927997338453
1645992000000,9948.786698795637
1645995600000,9951.906698795638
1645999200000,9947.240298795638
1646002800000,9949.291498795637
1646006400000,9949.19965105153
1646010000000,9948.62517105153
1646013600000,9954.232151051528
1646017200000,9948.968631051528
1646020800000,9950.236671051529
1646024400000,9949.12591105153
1646028000000,9949.680071051529
1646031600000,9950.216771051528
1646035200000,9955.218348739445
1646038800000,9954.753728739446
1646042400000,9953.293828739445
1646046000000,9957.149248739444
1646049600000,9956.519388739445
1646053200000,9953.931308739446
1646056800000,9951.968668739446
1646060400000,9977.312868739447
1646064000000,9990.122429940991
1646067600000,9990.93048994099
1646071200000,9994.912609940991
1646074800000,9991.973069940992
1646078400000,9993.604429940991
1646082000000,9998.894389940991
1646085600000,9997.144929940992
1646089200000,10013.964649940992
1646092800000,10017.176516062991
1646096400000,10021.727996062991
1646100000000,10017.82673606299
1646103600000,10016.418316062991
1646107200000,10016.61827606299
1646110800000,10019.285236062991
1646114400000,10016.573476062991
1646118000000,10018.62083606299
1646121600000,10019.49560159361
1646125200000,10019.27166159361
1646128800000,10016.218141593608
1646132400000,10020.271421593608
1646136000000,10019.53338159361
1646139600000,10030.38226159361
1646143200000,10035.390521593608
1646146800000,10027.251341593608
1646150400000,10022.928797097271
1646154000000,10018.012697097269
1646157600000,10022.53027709727
1646161200000,10024.304157097271
1646164800000,10024.07119709727
1646168400000,10029.58731709727
1646172000000,10025.199677097271
1646175600000,10028.35465709727
1646179200000,10030.455789887637
1646182800000,10027.507969887636
1646186400000,10023.283529887638
1646190000000,10027.483549887636
1646193600000,10032.966689887637
1646197200000,10032.269369887637
1646200800000,10031.005649887638
1646204400000,10027.109089887635
1646208000000,10027.177665793637
1646211600000,10025.701045793636
1646215200000,10028.499865793638
1646218800000,10031.325905793638
1646222400000,10030.406025793638
1646226000000,10028.623505793637
1646229600000,10022.302365793637
1646233200000,10043.277445793638
1646236800000,10026.171711812236
1646240400000,10027.617591812237
1646244000000,10024.607191812238
1646247600000,10020.969351812237
1646251200000,10021.8096574836
1646254800000,10022.8876174836
1646258400000,10025.7595774836
1646262000000,10024.2050374836
1646265600000,10022.879968775955
1646269200000,10022.879968775955
1646272800000,10022.879968775955
1646276400000,10022.879968775955
1646280000000,10022.879968775955
1646283600000,10022.879968775955
1646287200000,10022.879968775955
1646290800000,10022.879968775955
1646294400000,10022.879968775955
1646298000000,10022.879968775955
1646301600000,10022.879968775955
1646305200000,10022.879968775955
1646308800000,10022.879968775955
1646312400000,10022.879968775955
1646316000000,10022.879968775955
1646319600000,10022.879968775955
1646323200000,10022.879968775955
1646326800000,10022.879968775955
1646330400000,10022.879968775955
1646334000000,10022.879968775955
1646337600000,10022.879968775955
1646341200000,10022.879968775955
1646344800000,10022.879968775955
1646348400000,10022.879968775955
1646352000000,10022.879968775955
1646355600000,10022.879968775955
1646359200000,10022.879968775955
1646362800000,10022.879968775955
1646366400000,10022.879968775955
1646370000000,10022.879968775955
1646373600000,10022.879968775955
1646377200000,10022.879968775955
1646380800000,10022.879968775955
1646384400000,10022.879968775955
1646388000000,10022.879968775955
1646391600000,10022.879968775955
1646395200000,10022.879968775955
1646398800000,10022.879968775955
1646402400000,10022.879968775955
1646406000000,10022.879968775955
1646409600000,10022.879968775955
1646413200000,10022.879968775955
1646416800000,10022.879968775955
1646420400000,10022.879968775955
1646424000000,10022.879968775955
1646427600000,10022.879968775955
1646431200000,10022.879968775955
1646434800000,10022.879968775955
1646438400000,10022.879968775955
1646442000000,10022.879968775955
1646445600000,10022.879968775955
1646449200000,10022.879968775955
1646452800000,10022.879968775955
1646456400000,10022.879968775955
1646460000000,10022.879968775955
1646463600000,10022.879968775955
1646467200000,10022.879968775955
1646470800000,10022.879968775955
1646474400000,10022.879968775955
1646478000000,10022.879968775955
1646481600000,10022.879968775955
1646485200000,10022.879968775955
1646488800000,10022.879968775955
1646492400000,10022.879968775955
1646496000000,10022.879968775955
1646499600000,10022.879968775955
1646503200000,10022.879968775955
1646506800000,10022.879968775955
1646510400000,10022.879968775955
1646514000000,10022.879968775955
1646517600000,10022.879968775955
1646521200000,10022.879968775955
1646524800000,10022.879968775955
1646528400000,10022.879968775955
1646532000000,10022.879968775955
1646535600000,10022.879968775955
1646539200000,10023.229370494519
1646542800000,10023.734890494517
1646546400000,10024.236150494518
1646550000000,10024.060070494517
1646553600000,10023.053305252733
1646557200000,10022.564825252733
1646560800000,10017.978225252733
1646564400000,10017.178765252733
1646568000000,10018.663188878763
1646571600000,10021.615648878764
1646575200000,10028.011588878762
1646578800000,10025.409328878763
1646582400000,10024.89872196544
1646586000000,10032.498161965439
1646589600000,10027.521901965438
1646593200000,10025.053481965439
1646596800000,10020.896901965438
1646600400000,10023.977321965438
1646604000000,10027.81776196544
1646607600000,10027.836081965439
1646611200000,10011.07699213879
1646614800000,10009.21779213879
1646618400000,10009.175652138789
1646622000000,9999.509612138789
1646625600000,10001.556632138789
1646629200000,10002.304972138789
1646632800000,10003.36263213879
1646636400000,10006.410932138788
1646640000000,10001.898395986249
1646643600000,10006.42899598625
1646647200000,10005.48845598625
1646650800000,10001.938435986249
1646654400000,10008.797455986249
1646658000000,10013.594335986249
1646661600000,10025.89903598625
1646665200000,10024.155455986249
1646668800000,10027.098658406065
1646672400000,10019.247918406065
1646676000000,10011.022418406064
1646679600000,10003.241178406064
1646683200000,9987.087424958105
1646686800000,9989.328424958105
1646690400000,9992.108424958104
1646694000000,9995.360424958104
1646697600000,9993.670591812883
1646701200000,9995.553591812883
1646704800000,9996.339591812883
1646708400000,9999.976591812883
1646712000000,9999.931520516848
1646715600000,9998.337440516847
1646719200000,9994.796640516848
1646722800000,9992.200920516849
1646726400000,9998.034075204849
1646730000000,10004.696035204848
1646733600000,10007.34871520485
1646737200000,10009.107115204848
1646740800000,10007.44887520485
1646744400000,10004.797675204849
1646748000000,10006.065115204849
1646751600000,10004.453515204848
1646755200000,10000.557245992848
1646758800000,9995.815845992847
1646762400000,10010.62536599285
1646766000000,10002.336325992848
1646769600000,10004.714765992849
1646773200000,9999.213405992848
1646776800000,10000.768165992848
1646780400000,10001.770285992849
1646784000000,10003.617429022886
1646787600000,10008.622789022887
1646791200000,10013.577189022888
1646794800000,10015.205869022888
1646798400000,10043.565309022888
1646802000000,10048.271869022887
1646805600000,10046.680429022887
1646809200000,10048.196509022888
1646812800000,10052.650722200946
1646816400000,10056.409362200946
1646820000000,10056.277642200945
1646823600000,10058.620082200945
1646827200000,10057.498141448603
1646830800000,10056.450941448602
1646834400000,10054.570461448602
1646838000000,10055.897661448602
1646841600000,10057.526627640602
1646845200000,10057.208547640603
1646848800000,10056.533187640602
1646852400000,10052.808067640603
1646856000000,10053.489027640602
1646859600000,10050.013667640602
1646863200000,10052.364547640602
1646866800000,10053.436387640602
1646870400000,10054.911128824602
1646874000000,10052.924248824602
1646877600000,10048.282968824602
1646881200000,10047.019608824603
1646884800000,10047.578488824603
1646888400000,10040.679288824602
1646892000000,10039.915448824602
1646895600000,10039.403608824603
1646899200000,10039.275473588954
1646902800000,10040.384273588954
1646906400000,10040.443633588955
1646910000000,10038.945073588955
1646913600000,10039.461393588954
1646917200000,10040.883793588955
1646920800000,10037.310993588955
1646924400000,10039.400913588954
1646928000000,10039.777523236029
1646931600000,10039.45832323603
1646935200000,10039.317203236029
1646938800000,10040.02056323603
1646942400000,10041.78904323603
1646946000000,10042.66152323603
1646949600000,10040.775443236029
1646953200000,10041.565043236029
1646956800000,10041.388505345181
1646960400000,10039.79474534518
1646964000000,10036.10434534518
1646967600000,10032.81826534518
1646971200000,10034.76176946615
1646974800000,10034.76176946615
1646978400000,10034.76176946615
1646982000000,10034.76176946615
1646985600000,10034.247544480466
1646989200000,10034.073244480465
1646992800000,10034.008144480465
1646996400000,10033.683344480465
1647000000000,10039.891644480465
1647003600000,10039.950444480466
1647007200000,10035.444544480466
1647010800000,10035.204444480465
1647014400000,10033.927087696966
1647018000000,10031.985287696965
1647021600000,10032.137187696964
1647025200000,10031.154387696964
1647028800000,10032.143487696965
1647032400000,10029.591987696966
1647036000000,10032.974387696964
1647039600000,10032.727287696966
1647043200000,10031.319019672736
1647046800000,10034.717519672735
1647050400000,10035.147319672737
1647054000000,10034.611819672735
1647057600000,10034.172219672735
1647061200000,10034.394119672736
1647064800000,10034.991919672735
1647068400000,10034.359819672736
1647072000000,10034.318950009889
1647075600000,10034.311250009889
1647079200000,10035.165950009889
1647082800000,10035.354250009888
1647086400000,10034.211850009888
1647090000000,10034.961550009888
1647093600000,10033.869550009887
1647097200000,10033.003650009889
1647100800000,10034.045889188776
1647104400000,10034.644389188776
1647108000000,10034.334289188775
1647111600000,10033.676989188776
1647115200000,10033.866689188775
1647118800000,10034.756389188775
1647122400000,10034.397989188776
1647126000000,10034.694789188776
1647129600000,10032.07448944248
1647133200000,10033.008289442481
1647136800000,10033.66348944248
1647140400000,10035.193689442482
1647144000000,10035.092189442481
1647147600000,10034.673589442482
1647151200000,10034.52378944248
1647154800000,10034.716289442482
1647158400000,10034.365312652702
1647162000000,10034.324712652702
1647165600000,10033.600212652702
1647169200000,10033.696812652703
1647172800000,10032.098712652702
1647176400000,10030.082012652701
1647180000000,10031.958012652702
1647183600000,10032.918412652702
1647187200000,10032.987251946182
1647190800000,10033.056551946182
1647194400000,10033.241351946182
1647198000000,10033.914751946182
1647201600000,10032.262751946182
1647205200000,10031.398251946182
1647208800000,10031.926751946183
1647212400000,10024.135051946183
1647216000000,10024.964713766478
1647219600000,10025.828513766477
1647223200000,10026.943613766478
1647226800000,10026.875713766478
1647230400000,10027.958708262908
1647234000000,10038.450108262907
1647237600000,10037.000708262907
1647241200000,10039.522708262906
1647244800000,10044.328008635557
1647248400000,10046.350008635558
1647252000000,10046.470008635557
1647255600000,10045.914008635556
1647259200000,10043.987232399364
1647262800000,10040.828232399364
1647266400000,10041.392032399364
1647270000000,10046.455532399365
1647273600000,10041.991470523659
1647277200000,10038.051670523659
1647280800000,10031.721370523659
1647284400000,10030.194770523658
1647288000000,10033.33397052366
1647291600000,10030.403470523657
1647295200000,10032.457770523659
1647298800000,10048.732570523658
1647302400000,10054.515065111136
1647306000000,10053.069865111136
1647309600000,10035.220765111137
1647313200000,10040.749165111136
1647316800000,10032.667165111136
1647320400000,10032.840365111137
1647324000000,10034.183165111135
1647327600000,10032.992065111135
1647331200000,10026.597228655653
1647334800000,10024.105028655653
1647338400000,10028.097128655654
1647342000000,10030.897128655653
1647345600000,10031.001128655653
1647349200000,10035.138228655653
1647352800000,10032.296128655653
1647356400000,10039.406028655652
1647360000000,10042.291466847493
1647363600000,10051.320966847492
1647367200000,10052.339366847491
1647370800000,10060.631766847491
1647374400000,10070.995266847493
1647378000000,10056.889466847491
1647381600000,10062.587066847493
1647385200000,10059.547766847492
1647388800000,10057.077865233752
1647392400000,10051.879765233753
1647396000000,10062.495065233752
1647399600000,10091.021065233752
1647403200000,10052.134965233752
1647406800000,10053.273965233753
1647410400000,10057.367265233752
1647414000000,10064.457065233752
1647417600000,10064.522267109522
1647421200000,10081.260267109521
1647424800000,10084.619667109522
1647428400000,10080.709167109522
1647432000000,10086.326367109521
1647435600000,10080.544367109522
1647439200000,10090.838567109522
1647442800000,10092.74896710952
1647446400000,10088.96713505623
1647450000000,10082.514935056228
1647453600000,10078.758735056228
1647457200000,10074.081835056228
1647460800000,10100.01053505623
1647464400000,10112.03273505623
1647468000000,10107.703835056229
1647471600000,10101.48243505623
1647475200000,10109.509035352827
1647478800000,10107.265335352826
1647482400000,10112.666235352826
1647486000000,10108.523835352826
1647489600000,10106.935068829782
1647493200000,10112.39636882978
1647496800000,10107.38096882978
1647500400000,10103.53296882978
1647504000000,10102.819639589781
1647507600000,10104.326339589781
1647511200000,10102.51543958978
1647514800000,10103.23303958978
1647518400000,10103.17308997753
1647522000000,10103.17308997753
1647525600000,10103.17308997753
1647529200000,10103.17308997753
1647532800000,10103.17308997753
1647536400000,10103.17308997753
1647540000000,10103.17308997753
1647543600000,10103.17308997753
1647547200000,10103.17308997753
1647550800000,10103.17308997753
1647554400000,10103.17308997753
1647558000000,10103.17308997753
1647561600000,10103.17308997753
1647565200000,10103.17308997753
1647568800000,10103.17308997753
1647572400000,10103.17308997753
1647576000000,10103.17308997753
1647579600000,10103.17308997753
1647583200000,10103.17308997753
1647586800000,10103.17308997753
1647590400000,10103.17308997753
1647594000000,10103.17308997753
1647597600000,10103.17308997753
1647601200000,10103.17308997753
1647604800000,10103.17308997753
1647608400000,10103.17308997753
1647612000000,10103.17308997753
1647615600000,10103.17308997753
1647619200000,10103.17308997753
1647622800000,10103.17308997753
1647626400000,10103.17308997753
1647630000000,10103.17308997753
1647633600000,10103.17308997753
1647637200000,10103.17308997753
1647640800000,10103.17308997753
1647644400000,10103.17308997753
1647648000000,10103.17308997753
1647651600000,10103.17308997753
1647655200000,10103.17308997753
1647658800000,10103.17308997753
1647662400000,10103.17308997753
1647666000000,10103.17308997753
1647669600000,10103.17308997753
1647673200000,10103.17308997753
1647676800000,10103.17308997753
1647680400000,10103.17308997753
1647684000000,10103.17308997753
1647687600000,10103.17308997753
1647691200000,10103.17308997753
1647694800000,10103.17308997753
1647698400000,10103.17308997753
1647702000000,10103.17308997753
1647705600000,10103.17308997753
1647709200000,10103.17308997753
1647712800000,10103.17308997753
1647716400000,10103.17308997753
1647720000000,10103.17308997753
1647723600000,10103.17308997753
1647727200000,10103.17308997753
1647730800000,10103.17308997753
1647734400000,10103.17308997753
1647738000000,10103.17308997753
1647741600000,10103.17308997753
1647745200000,10103.17308997753
1647748800000,10103.17308997753
1647752400000,10103.17308997753
1647756000000,10103.17308997753
1647759600000,10103.17308997753
1647763200000,10103.17308997753
1647766800000,10103.17308997753
1647770400000,10103.17308997753
1647774000000,10103.17308997753
1647777600000,10103.17308997753
1647781200000,10103.17308997753
1647784800000,10103.17308997753
1647788400000,10103.17308997753
1647792000000,10103.17308997753
1647795600000,10103.17308997753
1647799200000,10103.17308997753
1647802800000,10103.17308997753
1647806400000,10103.17308997753
1647810000000,10103.17308997753
1647813600000,10103.17308997753
1647817200000,10103.17308997753
1647820800000,10103.17308997753
1647824400000,10103.17308997753
1647828000000,10103.17308997753
1647831600000,10103.17308997753
1647835200000,10103.17308997753
1647838800000,10103.17308997753
1647842400000,10103.17308997753
1647846000000,10103.17308997753
1647849600000,10103.17308997753
1647853200000,10103.17308997753
1647856800000,10103.17308997753
1647860400000,10103.17308997753
1647864000000,10103.17308997753
1647867600000,10103.17308997753
1647871200000,10103.17308997753
1647874800000,10103.17308997753
1647878400000,10103.17308997753
1647882000000,10103.17308997753
1647885600000,10103.17308997753
1647889200000,10103.17308997753
1647892800000,10103.17308997753
1647896400000,10103.17308997753
1647900000000,10103.17308997753
1647903600000,10103.17308997753
1647907200000,10103.17308997753
1647910800000,10103.17308997753
1647914400000,10103.17308997753
1647918000000,10103.17308997753
1647921600000,10103.17308997753
1647925200000,10103.17308997753
1647928800000,10103.17308997753
1647932400000,10103.17308997753
1647936000000,10103.17308997753
1647939600000,10103.17308997753
1647943200000,10103.17308997753
1647946800000,10103.17308997753
1647950400000,10103.17308997753
1647954000000,10103.17308997753
1647957600000,10103.17308997753
1647961200000,10103.17308997753
1647964800000,10103.17308997753
1647968400000,10103.17308997753
1647972000000,10103.17308997753
1647975600000,10103.17308997753
1647979200000,10103.17308997753
1647982800000,10103.17308997753
1647986400000,10103.17308997753
1647990000000,10103.17308997753
1647993600000,10103.17308997753
1647997200000,10103.17308997753
1648000800000,10103.17308997753
1648004400000,10103.17308997753
1648008000000,10103.17308997753
1648011600000,10103.17308997753
1648015200000,10103.17308997753
1648018800000,10103.17308997753
1648022400000,10103.17308997753
1648026000000,10103.17308997753
1648029600000,10103.17308997753
1648033200000,10103.17308997753
1648036800000,10103.17308997753
1648040400000,10103.17308997753
1648044000000,10103.17308997753
1648047600000,10103.17308997753
1648051200000,10103.17308997753
1648054800000,10103.17308997753
1648058400000,10103.17308997753
1648062000000,10103.17308997753
1648065600000,10103.17308997753
1648069200000,10103.17308997753
1648072800000,10103.17308997753
1648076400000,10103.17308997753
1648080000000,10103.17308997753
1648083600000,10103.17308997753
1648087200000,10103.17308997753
1648090800000,10103.17308997753
1648094400000,10103.17308997753
1648098000000,10103.17308997753
1648101600000,10103.17308997753
1648105200000,10103.17308997753
1648108800000,10103.17308997753
1648112400000,10103.17308997753
1648116000000,10103.17308997753
1648119600000,10103.17308997753
1648123200000,10103.17308997753
1648126800000,10103.17308997753
1648130400000,10103.17308997753
1648134000000,10103.17308997753
1648137600000,10103.17308997753
1648141200000,10103.17308997753
1648144800000,10103.17308997753
1648148400000,10103.17308997753
1648152000000,10103.17308997753
1648155600000,10103.17308997753
1648159200000,10103.17308997753
1648162800000,10103.17308997753
1648166400000,10103.17308997753
1648170000000,10103.17308997753
1648173600000,10103.17308997753
1648177200000,10103.17308997753
1648180800000,10103.17308997753
1648184400000,10103.17308997753
1648188000000,10103.17308997753
1648191600000,10103.17308997753
1648195200000,10103.17308997753
1648198800000,10103.17308997753
1648202400000,10103.17308997753
1648206000000,10103.17308997753
1648209600000,10103.17308997753
1648213200000,10103.17308997753
1648216800000,10103.17308997753
1648220400000,10103.17308997753
1648224000000,10103.17308997753
1648227600000,10103.17308997753
1648231200000,10103.17308997753
1648234800000,10103.17308997753
1648238400000,10103.17308997753
1648242000000,10103.17308997753
1648245600000,10103.17308997753
1648249200000,10103.17308997753
1648252800000,10103.17308997753
1648256400000,10103.17308997753
1648260000000,10103.17308997753
1648263600000,10103.17308997753
1648267200000,10103.17308997753
1648270800000,10103.17308997753
1648274400000,10103.17308997753
1648278000000,10103.17308997753
1648281600000,10103.17308997753
1648285200000,10103.17308997753
1648288800000,10103.17308997753
1648292400000,10103.17308997753
1648296000000,10103.17308997753
1648299600000,10103.17308997753
1648303200000,10103.17308997753
1648306800000,10103.17308997753
1648310400000,10103.17308997753
1648314000000,10103.17308997753
1648317600000,10103.17308997753
1648321200000,10103.17308997753
1648324800000,10103.17308997753
1648328400000,10103.17308997753
1648332000000,10103.17308997753
1648335600000,10103.17308997753
1648339200000,10103.17308997753
1648342800000,10103.17308997753
1648346400000,10103.17308997753
1648350000000,10103.17308997753
1648353600000,10103.17308997753
1648357200000,10103.17308997753
1648360800000,10103.17308997753
1648364400000,10103.17308997753
1648368000000,10103.17308997753
1648371600000,10103.17308997753
1648375200000,10103.17308997753
1648378800000,10103.17308997753
1648382400000,10103.17308997753
1648386000000,10103.17308997753
1648389600000,10103.17308997753
1648393200000,10103.17308997753
1648396800000,10103.17308997753
1648400400000,10103.17308997753
1648404000000,10103.17308997753
1648407600000,10103.17308997753
1648411200000,10103.17308997753
1648414800000,10103.17308997753
1648418400000,10103.17308997753
1648422000000,10103.17308997753
1648425600000,10103.17308997753
1648429200000,10103.17308997753
1648432800000,10103.17308997753
1648436400000,10103.17308997753
1648440000000,10103.17308997753
1648443600000,10103.17308997753
1648447200000,10103.17308997753
1648450800000,10103.17308997753
1648454400000,10103.17308997753
1648458000000,10103.17308997753
1648461600000,10103.17308997753
1648465200000,10103.17308997753
1648468800000,10103.17308997753
1648472400000,10103.17308997753
1648476000000,10103.17308997753
1648479600000,10103.17308997753
1648483200000,10103.17308997753
1648486800000,10103.17308997753
1648490400000,10103.17308997753
1648494000000,10103.17308997753
1648497600000,10103.17308997753
1648501200000,10103.17308997753
1648504800000,10103.17308997753
1648508400000,10103.17308997753
1648512000000,10103.17308997753
1648515600000,10103.17308997753
1648519200000,10103.17308997753
1648522800000,10103.17308997753
1648526400000,10103.17308997753
1648530000000,10103.17308997753
1648533600000,10103.17308997753
1648537200000,10103.17308997753
1648540800000,10103.17308997753
1648544400000,10103.17308997753
1648548000000,10103.17308997753
1648551600000,10103.17308997753
1648555200000,10103.17308997753
1648558800000,10103.17308997753
1648562400000,10103.17308997753
1648566000000,10103.17308997753
1648569600000,10103.17308997753
1648573200000,10103.17308997753
1648576800000,10103.17308997753
1648580400000,10103.17308997753
1648584000000,10103.17308997753
1648587600000,10103.17308997753
1648591200000,10103.17308997753
1648594800000,10103.17308997753
1648598400000,10103.17308997753
1648602000000,10103.17308997753
1648605600000,10103.17308997753
1648609200000,10103.17308997753
1648612800000,10103.17308997753
1648616400000,10103.17308997753
1648620000000,10103.17308997753
1648623600000,10103.17308997753
1648627200000,10103.17308997753
1648630800000,10103.17308997753
1648634400000,10103.17308997753
1648638000000,10103.17308997753
1648641600000,10103.17308997753
1648645200000,10103.17308997753
1648648800000,10103.17308997753
1648652400000,10103.17308997753
1648656000000,10103.17308997753
1648659600000,10103.17308997753
1648663200000,10103.17308997753
1648666800000,10103.17308997753
1648670400000,10103.17308997753
1648674000000,10103.17308997753
1648677600000,10103.17308997753
1648681200000,10103.17308997753
1648684800000,10103.17308997753
1648688400000,10103.17308997753
1648692000000,10103.17308997753
1648695600000,10103.17308997753
1648699200000,10103.17308997753
1648702800000,10103.17308997753
1648706400000,10103.17308997753
1648710000000,10103.17308997753
1648713600000,10103.17308997753
1648717200000,10103.17308997753
1648720800000,10103.17308997753
1648724400000,10103.17308997753
1648728000000,10103.17308997753
1648731600000,10103.17308997753
1648735200000,10103.17308997753
1648738800000,10103.17308997753
1648742400000,10103.17308997753
1648746000000,10103.17308997753
1648749600000,10103.17308997753
1648753200000,10103.17308997753
1648756800000,10103.17308997753
1648760400000,10103.17308997753
1648764000000,10103.17308997753
1648767600000,10103.17308997753
1648771200000,10103.17308997753
1648774800000,10103.17308997753
1648778400000,10103.17308997753
1648782000000,10103.17308997753
1648785600000,10103.17308997753
1648789200000,10103.17308997753
1648792800000,10103.17308997753
1648796400000,10103.17308997753
1648800000000,10103.17308997753
1648803600000,10103.17308997753
1648807200000,10103.17308997753
1648810800000,10103.17308997753
1648814400000,10103.17308997753
1648818000000,10103.17308997753
1648821600000,10103.17308997753
1648825200000,10103.17308997753
1648828800000,10103.17308997753
1648832400000,10103.17308997753
1648836000000,10103.17308997753
1648839600000,10103.17308997753
1648843200000,10103.17308997753
1648846800000,10103.17308997753
1648850400000,10103.17308997753
1648854000000,10103.17308997753
1648857600000,10103.17308997753
1648861200000,10103.17308997753
1648864800000,10103.17308997753
1648868400000,10103.17308997753
1648872000000,10103.17308997753
1648875600000,10103.17308997753
1648879200000,10103.17308997753
1648882800000,10103.17308997753
1648886400000,10103.17308997753
1648890000000,10103.17308997753
1648893600000,10103.17308997753
1648897200000,10103.17308997753
1648900800000,10103.17308997753
1648904400000,10103.17308997753
1648908000000,10103.17308997753
1648911600000,10103.17308997753
1648915200000,10103.17308997753
1648918800000,10103.17308997753
1648922400000,10103.17308997753
1648926000000,10103.17308997753
1648929600000,10103.17308997753
1648933200000,10103.17308997753
1648936800000,10103.17308997753
1648940400000,10103.17308997753
1648944000000,10103.17308997753
1648947600000,10103.17308997753
1648951200000,10103.17308997753
1648954800000,10103.17308997753
1648958400000,10103.17308997753
1648962000000,10103.17308997753
1648965600000,10103.17308997753
1648969200000,10103.17308997753
1648972800000,10103.17308997753
1648976400000,10103.17308997753
1648980000000,10103.17308997753
1648983600000,10103.17308997753
1648987200000,10103.17308997753
1648990800000,10103.17308997753
1648994400000,10103.17308997753
1648998000000,10103.17308997753
1649001600000,10103.17308997753
1649005200000,10103.17308997753
1649008800000,10103.17308997753
1649012400000,10103.17308997753
1649016000000,10103.17308997753
1649019600000,10103.17308997753
1649023200000,10103.17308997753
1649026800000,10103.17308997753
1649030400000,10103.17308997753
1649034000000,10103.17308997753
1649037600000,10103.17308997753
1649041200000,10103.17308997753
1649044800000,10103.17308997753
1649048400000,10103.17308997753
1649052000000,10103.17308997753
1649055600000,10103.17308997753
1649059200000,10103.17308997753
1649062800000,10103.17308997753
1649066400000,10103.17308997753
1649070000000,10103.17308997753
1649073600000,10103.17308997753
1649077200000,10103.17308997753
1649080800000,10103.17308997753
1649084400000,10103.17308997753
1649088000000,10103.17308997753
1649091600000,10103.17308997753
1649095200000,10103.17308997753
1649098800000,10103.17308997753
1649102400000,10103.17308997753
1649106000000,10103.17308997753
1649109600000,10103.17308997753
1649113200000,10103.17308997753
1649116800000,10103.17308997753
1649120400000,10103.17308997753
1649124000000,10103.17308997753
1649127600000,10103.17308997753
1649131200000,10103.17308997753
1649134800000,10103.17308997753
1649138400000,10103.17308997753
1649142000000,10103.17308997753
1649145600000,10103.17308997753
1649149200000,10103.17308997753
1649152800000,10103.17308997753
1649156400000,10103.17308997753
1649160000000,10103.17308997753
1649163600000,10103.17308997753
1649167200000,10103.17308997753
1649170800000,10103.17308997753
1649174400000,10103.17308997753
1649178000000,10103.17308997753
1649181600000,10103.17308997753
1649185200000,10103.17308997753
1649188800000,10103.17308997753
1649192400000,10103.17308997753
1649196000000,10103.17308997753
1649199600000,10103.17308997753
1649203200000,10103.17308997753
1649206800000,10103.17308997753
1649210400000,10103.17308997753
1649214000000,10103.17308997753
1649217600000,10103.17308997753
1649221200000,10103.17308997753
1649224800000,10103.17308997753
1649228400000,10103.17308997753
1649232000000,10103.17308997753
1649235600000,10103.17308997753
1649239200000,10103.17308997753
1649242800000,10103.17308997753
1649246400000,10103.17308997753
1649250000000,10103.17308997753
1649253600000,10103.17308997753
1649257200000,10103.17308997753
1649260800000,10103.17308997753
1649264400000,10103.17308997753
1649268000000,10103.17308997753
1649271600000,10103.17308997753
1649275200000,10103.17308997753
1649278800000,10103.17308997753
1649282400000,10103.17308997753
1649286000000,10103.17308997753
1649289600000,10103.17308997753
1649293200000,10103.17308997753
1649296800000,10103.17308997753
1649300400000,10103.17308997753
1649304000000,10103.17308997753
1649307600000,10103.17308997753
1649311200000,10103.17308997753
1649314800000,10103.17308997753
1649318400000,10103.17308997753
1649322000000,10103.17308997753
1649325600000,10103.17308997753
1649329200000,10103.17308997753
1649332800000,10103.17308997753
1649336400000,10103.17308997753
1649340000000,10103.17308997753
1649343600000,10103.17308997753
1649347200000,10103.17308997753
1649350800000,10103.17308997753
1649354400000,10103.17308997753
1649358000000,10103.17308997753
1649361600000,10103.17308997753
1649365200000,10103.17308997753
1649368800000,10103.17308997753
1649372400000,10103.17308997753
1649376000000,10103.17308997753
1649379600000,10103.17308997753
1649383200000,10103.17308997753
1649386800000,10103.17308997753
1649390400000,10103.17308997753
1649394000000,10103.17308997753
1649397600000,10103.17308997753
1649401200000,10103.17308997753
1649404800000,10103.17308997753
1649408400000,10103.17308997753
1649412000000,10103.17308997753
1649415600000,10103.17308997753
1649419200000,10103.17308997753
1649422800000,10103.17308997753
1649426400000,10103.17308997753
1649430000000,10103.17308997753
1649433600000,10103.17308997753
1649437200000,10103.17308997753
1649440800000,10103.17308997753
1649444400000,10103.17308997753
1649448000000,10103.17308997753
1649451600000,10103.17308997753
1649455200000,10103.17308997753
1649458800000,10103.17308997753
1649462400000,10103.17308997753
1649466000000,10103.17308997753
1649469600000,10103.17308997753
1649473200000,10103.17308997753
1649476800000,10103.17308997753
1649480400000,10103.17308997753
1649484000000,10103.17308997753
1649487600000,10103.17308997753
1649491200000,10103.17308997753
1649494800000,10103.17308997753
1649498400000,10103.17308997753
1649502000000,10103.17308997753
1649505600000,10103.17308997753
1649509200000,10103.17308997753
1649512800000,10103.17308997753
1649516400000,10103.17308997753
1649520000000,10103.17308997753
1649523600000,10103.17308997753
1649527200000,10103.17308997753
1649530800000,10103.17308997753
1649534400000,10103.17308997753
1649538000000,10103.17308997753
1649541600000,10103.17308997753
1649545200000,10103.17308997753
1649548800000,10103.17308997753
1649552400000,10103.17308997753
1649556000000,10103.17308997753
1649559600000,10103.17308997753
1649563200000,10103.17308997753
1649566800000,10103.17308997753
1649570400000,10103.17308997753
1649574000000,10103.17308997753
1649577600000,10103.17308997753
1649581200000,10103.17308997753
1649584800000,10103.17308997753
1649588400000,10103.17308997753
1649592000000,10103.17308997753
1649595600000,10103.17308997753
1649599200000,10103.17308997753
1649602800000,10103.17308997753
1649606400000,10103.17308997753
1649610000000,10103.17308997753
1649613600000,10103.17308997753
1649617200000,10103.17308997753
1649620800000,10103.17308997753
1649624400000,10103.17308997753
1649628000000,10103.17308997753
1649631600000,10103.17308997753
1649635200000,10103.17308997753
1649638800000,10103.17308997753
1649642400000,10103.17308997753
1649646000000,10103.17308997753
1649649600000,10103.17308997753
1649653200000,10103.17308997753
1649656800000,10103.17308997753
1649660400000,10103.17308997753
1649664000000,10103.17308997753
1649667600000,10103.17308997753
1649671200000,10103.17308997753
1649674800000,10103.17308997753
1649678400000,10103.17308997753
1649682000000,10103.17308997753
1649685600000,10103.17308997753
1649689200000,10103.17308997753
1649692800000,10103.17308997753
1649696400000,10103.17308997753
1649700000000,10103.17308997753
1649703600000,10103.17308997753
1649707200000,10103.17308997753
1649710800000,10103.17308997753
1649714400000,10103.17308997753
1649718000000,10103.17308997753
1649721600000,10103.17308997753
1649725200000,10103.17308997753
1649728800000,10103.17308997753
1649732400000,10103.17308997753
1649736000000,10103.17308997753
1649739600000,10103.17308997753
1649743200000,10103.17308997753
1649746800000,10103.17308997753
1649750400000,10103.17308997753
1649754000000,10103.17308997753
1649757600000,10103.17308997753
1649761200000,10103.17308997753
1649764800000,10102.862442206655
1649768400000,10109.146682206654
1649772000000,10103.461912206656
1649775600000,10096.818732206655
1649779200000,10101.121204399971
1649782800000,10100.363504399971
1649786400000,10096.706174399971
1649790000000,10089.790874399972
1649793600000,10082.086194399972
1649797200000,10085.641324399972
1649800800000,10089.30413439997
1649804400000,10092.834954399972
1649808000000,10098.273381498539
1649811600000,10095.711251498538
1649815200000,10095.298321498538
1649818800000,10099.31735149854
1649822400000,10100.884851498538
1649826000000,10103.366061498538
1649829600000,10104.308611498538
1649833200000,10098.267841498538
1649836800000,10101.84899379799
1649840400000,10102.45748379799
1649844000000,10101.63322379799
1649847600000,10096.54923379799
1649851200000,10091.553503797992
1649854800000,10091.32997379799
1649858400000,10110.94274379799
1649862000000,10111.037403797991
1649865600000,10117.91658460535
1649869200000,10116.04756460535
1649872800000,10114.74344460535
1649876400000,10121.994144605349
1649880000000,10116.04739460535
1649883600000,10121.80749460535
1649887200000,10121.032524605349
1649890800000,10125.52725460535
1649894400000,10121.385719633487
1649898000000,10122.433279633486
1649901600000,10128.353179633488
1649905200000,10126.961669633487
1649908800000,10124.856839633487
1649912400000,10123.309519633487
1649916000000,10123.574819633486
1649919600000,10120.970459633487
1649923200000,10122.752119586057
1649926800000,10121.049419586057
1649930400000,10120.314839586057
1649934000000,10115.249599586057
1649937600000,10114.022929586057
1649941200000,10117.847389586057
1649944800000,10106.495909586058
1649948400000,10105.112579586057
1649952000000,10094.145895586154
1649955600000,10093.650445586154
1649959200000,10096.152015586154
1649962800000,10086.979025586154
1649966400000,10089.586995586154
1649970000000,10094.020935586155
1649973600000,10094.395765586154
1649977200000,10093.060755586153
1649980800000,10094.513217467123
1649984400000,10093.373437467124
1649988000000,10095.504257467124
1649991600000,10096.224027467124
1649995200000,10101.278767467124
1649998800000,10098.405367467125
1650002400000,10099.636487467125
1650006000000,10097.007577467124
1650009600000,10099.760190974948
1650013200000,10098.516240974948
1650016800000,10098.073220974948
1650020400000,10100.621070974947
1650024000000,10099.068200269503
1650027600000,10099.068200269503
1650031200000,10099.068200269503
1650034800000,10099.068200269503
1650038400000,10098.077950841753
1650042000000,10096.672720841752
1650045600000,10099.085950841752
1650049200000,10098.623740841753
1650052800000,10096.975150841752
1650056400000,10099.054690841753
1650060000000,10100.220040841754
1650063600000,10099.534390841753
1650067200000,10102.58130935405
1650070800000,10102.395129354049
1650074400000,10102.21497935405
1650078000000,10101.226569354048
1650081600000,10100.071809354049
1650085200000,10102.23297935405
1650088800000,10100.36019935405
1650092400000,10100.52981935405
1650096000000,10098.923547257822
1650099600000,10099.256667257823
1650103200000,10098.771927257823
1650106800000,10100.623707257824
1650110400000,10100.408277257822
1650114000000,10101.517137257822
1650117600000,10100.951067257824
1650121200000,10104.991917257823
1650124800000,10092.465179294843
1650128400000,10096.204109294844
1650132000000,10093.971479294843
1650135600000,10095.611999294842
1650139200000,10095.011309294843
1650142800000,10098.294419294843
1650146400000,10103.853179294843
1650150000000,10104.095009294842
1650153600000,10102.827443719974
1650157200000,10102.617893719975
1650160800000,10102.509803719975
1650164400000,10095.311543719974
1650168000000,10096.966973719975
1650171600000,10097.894303719975
1650175200000,10099.687163719975
1650178800000,10099.941053719975
1650182400000,10098.438782518906
1650186000000,10100.453342518906
1650189600000,10101.485432518904
1650193200000,10101.017702518906
1650196800000,10102.710872518906
1650200400000,10101.529202518906
1650204000000,10100.182592518904
1650207600000,10103.580962518907
1650211200000,10105.577211035132
1650214800000,10100.677251035131
1650218400000,10097.391771035132
1650222000000,10094.592651035131
1650225600000,10102.131411035132
1650229200000,10099.910241035133
1650232800000,10099.097361035132
1650236400000,10095.467391035132
1650240000000,10082.647773466639
1650243600000,10084.046973466639
1650247200000,10083.65175346664
1650250800000,10085.812653466639
1650254400000,10085.409723466639
1650258000000,10060.847283466639
1650261600000,10061.99976346664
1650265200000,10064.02605346664
1650268800000,10059.404887564915
1650272400000,10059.018697564916
1650276000000,10061.582797564914
1650279600000,10061.827687564914
1650283200000,10063.257007564915
1650286800000,10071.471427564915
1650290400000,10068.937447564915
1650294000000,10069.534837564914
1650297600000,10066.1248695469
1650301200000,10066.1248695469
1650304800000,10066.1248695469
1650308400000,10066.1248695469
1650312000000,10066.829558353056
1650315600000,10065.700358353055
1650319200000,10067.339558353056
1650322800000,10069.218758353056
1650326400000,10067.325415633057
1650330000000,10068.359815633057
1650333600000,10066.504615633057
1650337200000,10065.613015633056
1650340800000,10066.076215633057
1650344400000,10067.717815633056
1650348000000,10065.790615633057
1650351600000,10065.998215633057
1650355200000,10065.730108327669
1650358800000,10066.26530832767
1650362400000,10065.548908327668
1650366000000,10067.092108327668
1650369600000,10066.134508327668
1650373200000,10069.354108327669
1650376800000,10075.284508327668
1650380400000,10076.172508327669
1650384000000,10074.979511566067
1650387600000,10073.693111566068
1650391200000,10073.828711566068
1650394800000,10074.666311566069
1650398400000,10073.687111566067
1650402000000,10073.172311566068
1650405600000,10073.238311566069
1650409200000,10074.673511566069
1650412800000,10075.057281297468
1650416400000,10073.299281297466
1650420000000,10073.850081297467
1650423600000,10074.240081297467
1650427200000,10073.854881297468
1650430800000,10073.480481297467
1650434400000,10074.686481297467
1650438000000,10074.856881297466
1650441600000,10073.59155687337
1650445200000,10075.30635687337
1650448800000,10075.69035687337
1650452400000,10078.84515687337
1650456000000,10083.087156873371
1650459600000,10082.17035687337
1650463200000,10076.83875687337
1650466800000,10074.83835687337
1650470400000,10072.314373063618
1650474000000,10074.247573063618
1650477600000,10073.551573063618
1650481200000,10069.379173063619
1650484800000,10072.297573063617
1650488400000,10074.463573063618
1650492000000,10075.212373063618
1650495600000,10075.015573063618
1650499200000,10073.343095048745
1650502800000,10075.789895048745
1650506400000,10077.429095048745
1650510000000,10076.964695048744
1650513600000,10077.647495048745
1650517200000,10076.773895048746
1650520800000,10074.671495048746
1650524400000,10075.938695048744
1650528000000,10080.466427309817
1650531600000,10080.272827309816
1650535200000,10076.798027309816
1650538800000,10088.131227309817
1650542400000,10096.054827309816
1650546000000,10099.311627309817
1650549600000,10097.691227309815
1650553200000,10095.650027309815
1650556800000,10083.83407147082
1650560400000,10076.039671470819
1650564000000,10068.445271470819
1650567600000,10067.339671470818
1650571200000,10059.723468387509
1650574800000,10055.936268387508
1650578400000,10055.270668387508
1650582000000,10046.422535001539
1650585600000,10045.97667094622
1650589200000,10045.42007094622
1650592800000,10046.60807094622
1650596400000,10046.27367094622
1650600000000,10046.12407094622
1650603600000,10047.469370946219
1650607200000,10048.30427094622
1650610800000,10048.45277094622
1650614400000,10048.703684213924
1650618000000,10045.441084213924
1650621600000,10044.569884213925
1650625200000,10046.557584213924
1650628800000,10047.217584213924
1650632400000,10045.912984213925
1650636000000,10044.980184213924
1650639600000,10040.052184213924
1650643200000,10035.30198388162
1650646800000,10033.52988388162
1650650400000,10033.67178388162
1650654000000,10035.39658388162
1650657600000,10035.36138388162
1650661200000,10036.73088388162
1650664800000,10036.83868388162
1650668400000,10038.06848388162
1650672000000,10037.78886555553
1650675600000,10036.686665555531
1650679200000,10036.543665555531
1650682800000,10035.681265555531
1650686400000,10035.303965555531
1650690000000,10036.12346555553
1650693600000,10036.304965555531
1650697200000,10036.546965555532
1650700800000,10036.765787980332
1650704400000,10036.804287980332
1650708000000,10036.113487980332
1650711600000,10036.919787980332
1650715200000,10037.075987980332
1650718800000,10038.045087980332
1650722400000,10037.995587980333
1650726000000,10037.821787980332
1650729600000,10038.81425933842
1650733200000,10038.94625933842
1650736800000,10039.16515933842
1650740400000,10037.70875933842
1650744000000,10038.546959338419
1650747600000,10039.00675933842
1650751200000,10039.94725933842
1650754800000,10038.773559338419
1650758400000,10035.226090499957
1650762000000,10036.456990499957
1650765600000,10035.593490499956
1650769200000,10036.152290499957
1650772800000,10038.787890499956
1650776400000,10038.046490499957
1650780000000,10037.903490499957
1650783600000,10038.628390499956
1650787200000,10038.514740616489
1650790800000,10038.207840616487
1650794400000,10038.725940616489
1650798000000,10037.949340616487
1650801600000,10037.152940616488
1650805200000,10036.745940616487
1650808800000,10036.786640616489
1650812400000,10038.896440616489
1650816000000,10037.883871186836
1650819600000,10035.378071186835
1650823200000,10035.273571186835
1650826800000,10038.218271186835
1650830400000,10038.174271186836
1650834000000,10035.950071186835
1650837600000,10037.483471186835
1650841200000,10036.483571186835
1650844800000,10035.175820210174
1650848400000,10035.175820210174
1650852000000,10035.175820210174
1650855600000,10035.175820210174
1650859200000,10035.175820210174
1650862800000,10035.175820210174
1650866400000,10035.175820210174
1650870000000,10035.175820210174
1650873600000,10035.175820210174
1650877200000,10035.175820210174
1650880800000,10035.175820210174
1650884400000,10035.175820210174
1650888000000,10035.175820210174
1650891600000,10035.175820210174
1650895200000,10035.175820210174
1650898800000,10035.175820210174
1650902400000,10035.175820210174
1650906000000,10035.175820210174
1650909600000,10035.175820210174
1650913200000,10035.175820210174
1650916800000,10035.175820210174
1650920400000,10035.175820210174
1650924000000,10035.175820210174
1650927600000,10035.175820210174
1650931200000,10035.175820210174
1650934800000,10035.175820210174
1650938400000,10035.175820210174
1650942000000,10035.175820210174
1650945600000,10035.175820210174
1650949200000,10035.175820210174
1650952800000,10035.175820210174
1650956400000,10035.175820210174
1650960000000,10035.175820210174
1650963600000,10035.175820210174
1650967200000,10035.175820210174
1650970800000,10035.175820210174
1650974400000,10035.175820210174
1650978000000,10035.175820210174
1650981600000,10035.175820210174
1650985200000,10035.175820210174
1650988800000,10035.54582035356
1650992400000,10037.495100353559
1650996000000,10034.92582035356
1650999600000,10034.95310035356
1651003200000,10032.85874035356
1651006800000,10030.81398035356
1651010400000,10032.07506035356
1651014000000,10029.91498035356
1651017600000,10028.86717561104
1651021200000,10029.51197561104
1651024800000,10031.86177561104
1651028400000,10032.12837561104
1651032000000,10031.54805561104
1651035600000,10032.94429561104
1651039200000,10033.24065561104
1651042800000,10036.71265561104
1651046400000,10038.147393962588
1651050000000,10038.440033962588
1651053600000,10040.087993962588
1651057200000,10039.771793962587
1651060800000,10037.849793962587
1651064400000,10036.157193962588
1651068000000,10040.148753962587
1651071600000,10033.797473962588
1651075200000,10035.965712485213
1651078800000,10037.277632485213
1651082400000,10037.012272485214
1651086000000,10033.604752485213
1651089600000,10033.77297247471
1651093200000,10037.37033247471
1651096800000,10041.67175247471
1651100400000,10038.570852474708
1651104000000,10040.660241014057
1651107600000,10044.221281014055
1651111200000,10040.887241014056
1651114800000,10044.552721014055
1651118400000,10042.297761014055
1651122000000,10044.227221014056
1651125600000,10041.911641014056
1651129200000,10042.944721014057
1651132800000,10045.329448811623
1651136400000,10052.522648811622
1651140000000,10053.593128811623
1651143600000,10051.606888811622
1651147200000,10051.509548811622
1651150800000,10048.039088811622
1651154400000,10035.976048811623
1651158000000,10042.510888811623
1651161600000,10043.431543120854
1651165200000,10054.487243120853
1651168800000,10060.210863120856
1651172400000,10058.858323120854
1651176000000,10055.829483120855
1651179600000,10054.704583120854
1651183200000,10053.767823120854
1651186800000,10051.969043120855
1651190400000,10052.519937163153
1651194000000,10053.988257163153
1651197600000,10052.351857163154
1651201200000,10047.062037163154
1651204800000,10049.397557163153
1651208400000,10049.169497163153
1651212000000,10048.224637163154
1651215600000,10048.541257163153
1651219200000,10049.734287561825
1651222800000,10044.070607561827
1651226400000,10039.660487561827
1651230000000,10034.180347561827
1651233600000,10032.393627561825
1651237200000,10035.359207561825
1651240800000,10040.062027561826
1651244400000,10034.555067561827
1651248000000,10035.161580429783
1651251600000,10031.685780429783
1651255200000,10031.566080429784
1651258800000,10031.083680429783
1651262400000,10029.627480429785
1651266000000,10031.566980429785
1651269600000,10030.941480429785
1651273200000,10031.615580429783
1651276800000,10031.81101501788
1651280400000,10032.226815017879
1651284000000,10032.88381501788
1651287600000,10032.728115017879
1651291200000,10032.39331501788
1651294800000,10031.37361501788
1651298400000,10032.77041501788
1651302000000,10032.906315017879
1651305600000,10032.143542747128
1651309200000,10031.748442747128
1651312800000,10032.049042747129
1651316400000,10031.554942747129
1651320000000,10031.71496382932
1651323600000,10030.16716382932
1651327200000,10029.93886382932
1651330800000,10021.982663829318
1651334400000,10028.700768273326
1651338000000,10025.682018273326
1651341600000,10022.186768273325
1651345200000,10024.010418273325
1651348800000,10026.600170675873
1651352400000,10024.441120675872
1651356000000,10024.909470675871
1651359600000,10023.589970675872
1651363200000,10015.43733759674
1651366800000,10016.39868759674
1651370400000,10020.96473759674
1651374000000,10019.85693759674
1651377600000,10022.44663759674
1651381200000,10022.01598759674
1651384800000,10023.21803759674
1651388400000,10022.62353759674
1651392000000,10020.939842623142
1651395600000,10022.940842623142
1651399200000,10021.485042623142
1651402800000,10021.158792623142
1651406400000,10020.114792623142
1651410000000,10021.026842623141
1651413600000,10019.424592623142
1651417200000,10020.465692623142
1651420800000,10026.95506800817
1651424400000,10027.76271800817
1651428000000,10026.88546800817
1651431600000,10022.02506800817
1651435200000,10021.08256800817
1651438800000,10027.26971800817
1651442400000,10027.76851800817
1651446000000,10026.58676800817
1651449600000,10030.007464882008
1651453200000,10032.147664882008
1651456800000,10030.591814882007
1651460400000,10032.189714882008
1651464000000,10032.020064882008
1651467600000,10034.596714882007
1651471200000,10034.675014882007
1651474800000,10034.182014882008
1651478400000,10032.856589217236
1651482000000,10031.516789217236
1651485600000,10027.768539217235
1651489200000,10027.210289217235
1651492800000,10024.739489217236
1651496400000,10025.423889217236
1651500000000,10030.572839217235
1651503600000,10029.414289217235
1651507200000,10030.162006329401
1651510800000,10027.022756329401
1651514400000,10025.124706329401
1651518000000,10026.009206329401
1651521600000,10032.622656329402
1651525200000,10030.183756329401
1651528800000,10035.979406329401
1651532400000,10035.102156329402
1651536000000,10033.965333204656
1651539600000,10031.616333204658
1651543200000,10032.605233204657
1651546800000,10031.698983204657
1651550400000,10033.453483204657
1651554000000,10033.053283204657
1651557600000,10032.328283204657
1651561200000,10031.578633204657
1651564800000,10032.614898666248
1651568400000,10032.437998666248
1651572000000,10030.774848666248
1651575600000,10030.190498666248
1651579200000,10032.816299439346
1651582800000,10032.816299439346
1651586400000,10032.816299439346
1651590000000,10032.816299439346
1651593600000,10032.816299439346
1651597200000,10032.816299439346
1651600800000,10032.816299439346
1651604400000,10032.816299439346
1651608000000,10032.816299439346
1651611600000,10032.816299439346
1651615200000,10032.816299439346
1651618800000,10032.816299439346
1651622400000,10032.816299439346
1651626000000,10032.816299439346
1651629600000,10032.816299439346
1651633200000,10032.816299439346
1651636800000,10032.816299439346
1651640400000,10032.816299439346
1651644000000,10032.816299439346
1651647600000,10032.816299439346
1651651200000,10032.816299439346
1651654800000,10032.816299439346
1651658400000,10032.816299439346
1651662000000,10032.816299439346
1651665600000,10032.816299439346
1651669200000,10032.816299439346
1651672800000,10032.816299439346
1651676400000,10032.816299439346
1651680000000,10032.816299439346
1651683600000,10032.816299439346
1651687200000,10032.816299439346
1651690800000,10032.816299439346
1651694400000,10032.816299439346
1651698000000,10032.816299439346
1651701600000,10032.816299439346
1651705200000,10032.816299439346
1651708800000,10032.816299439346
1651712400000,10032.816299439346
1651716000000,10032.816299439346
1651719600000,10032.816299439346
1651723200000,10032.816299439346
1651726800000,10032.816299439346
1651730400000,10032.816299439346
1651734000000,10032.816299439346
1651737600000,10032.816299439346
1651741200000,10032.816299439346
1651744800000,10032.816299439346
1651748400000,10032.816299439346
1651752000000,10032.816299439346
1651755600000,10032.816299439346
1651759200000,10032.816299439346
1651762800000,10032.816299439346
1651766400000,10032.816299439346
1651770000000,10032.816299439346
1651773600000,10032.816299439346
1651777200000,10032.816299439346
1651780800000,10032.816299439346
1651784400000,10032.816299439346
1651788000000,10032.816299439346
1651791600000,10032.816299439346
1651795200000,10032.816299439346
1651798800000,10032.816299439346
1651802400000,10032.816299439346
1651806000000,10032.816299439346
1651809600000,10032.816299439346
1651813200000,10032.816299439346
1651816800000,10032.816299439346
1651820400000,10032.816299439346
1651824000000,10032.816299439346
1651827600000,10032.816299439346
1651831200000,10032.816299439346
1651834800000,10032.816299439346
1651838400000,10033.26071172079
1651842000000,10034.456571720792
1651845600000,10032.076711720789
1651849200000,10038.83118172079
1651852800000,10035.746971374567
1651856400000,10039.541531374565
1651860000000,10034.668431374566
1651863600000,10034.279051374566
1651867200000,10034.809121374567
1651870800000,10038.765341374565
1651874400000,10035.426201374567
1651878000000,10036.739371374566
1651881600000,10036.762464093705
1651885200000,10035.575754093705
1651888800000,10035.978194093705
1651892400000,10034.603524093705
1651896000000,10032.171914093706
1651899600000,10030.200684093705
1651903200000,10033.707504093705
1651906800000,10031.081624093706
1651910400000,10033.554303942241
1651914000000,10035.26591394224
1651917600000,10034.443513942242
1651921200000,10036.746173942242
1651924800000,10035.687413942242
1651928400000,10035.779173942241
1651932000000,10033.126243942243
1651935600000,10035.337303942242
1651939200000,10035.669726713104
1651942800000,10035.832806713104
1651946400000,10034.188116713103
1651950000000,10034.850806713104
1651953600000,10033.915916713104
1651957200000,10032.104036713105
1651960800000,10021.903486713105
1651964400000,10018.023596713105
1651968000000,10025.138895550208
1651971600000,10020.279095550208
1651975200000,10015.662695550209
1651978800000,10007.937315550209
1651982400000,10006.54745555021
1651986000000,10004.87077555021
1651989600000,10005.544755550209
1651993200000,10010.672555550209
1651996800000,10008.372792266457
1652000400000,10009.577822266456
1652004000000,10007.950022266456
1652007600000,10010.710242266456
1652011200000,10010.670522266457
1652014800000,10008.348362266455
1652018400000,10003.356972266456
1652022000000,10003.630162266458
1652025600000,10002.170330206676
1652029200000,10001.242810206677
1652032800000,10001.378860206676
1652036400000,10007.997120206677
1652040000000,10009.118760206677
1652043600000,10003.798880206677
1652047200000,10006.644880206675
1652050800000,10003.215250206677
1652054400000,10000.270704843115
1652058000000,10000.637324843114
1652061600000,9997.914244843114
1652065200000,9988.658405634373
1652068800000,9989.361605634373
1652072400000,9990.256805634373
1652076000000,9988.875205634373
1652079600000,9989.708805634373
1652083200000,9988.981193954374
1652086800000,9989.987593954374
1652090400000,9988.716393954373
1652094000000,9984.349331899219
1652097600000,9984.349331899219
1652101200000,9984.349331899219
1652104800000,9984.349331899219
1652108400000,9984.349331899219
1652112000000,9984.349331899219
1652115600000,9984.349331899219
1652119200000,9984.349331899219
1652122800000,9984.349331899219
1652126400000,9984.349331899219
1652130000000,9984.349331899219
1652133600000,9984.349331899219
1652137200000,9984.349331899219
1652140800000,9984.349331899219
1652144400000,9984.349331899219
1652148000000,9984.349331899219
1652151600000,9984.349331899219
1652155200000,9984.349331899219
1652158800000,9984.349331899219
1652162400000,9984.349331899219
1652166000000,9984.349331899219
1652169600000,9984.349331899219
1652173200000,9984.349331899219
1652176800000,9984.349331899219
1652180400000,9984.349331899219
1652184000000,9984.349331899219
1652187600000,9984.349331899219
1652191200000,9984.349331899219
1652194800000,9984.349331899219
1652198400000,9984.349331899219
1652202000000,9984.349331899219
1652205600000,9984.349331899219
1652209200000,9984.349331899219
1652212800000,9984.349331899219
1652216400000,9984.349331899219
1652220000000,9984.349331899219
1652223600000,9984.349331899219
1652227200000,9984.349331899219
1652230800000,9984.349331899219
1652234400000,9984.349331899219
1652238000000,9984.349331899219
1652241600000,9984.349331899219
1652245200000,9984.349331899219
1652248800000,9984.349331899219
1652252400000,9984.349331899219
1652256000000,9984.349331899219
1652259600000,9984.349331899219
1652263200000,9984.349331899219
1652266800000,9984.349331899219
1652270400000,9984.349331899219
1652274000000,9984.349331899219
1652277600000,9984.349331899219
1652281200000,9984.349331899219
1652284800000,9984.349331899219
1652288400000,9984.349331899219
1652292000000,9984.349331899219
1652295600000,9984.349331899219
1652299200000,9984.349331899219
1652302800000,9984.349331899219
1652306400000,9984.349331899219
1652310000000,9984.349331899219
1652313600000,9984.349331899219
1652317200000,9984.349331899219
1652320800000,9984.349331899219
1652324400000,9984.349331899219
1652328000000,9984.844793579618
1652331600000,9976.820233579618
1652335200000,9970.766723579616
1652338800000,9971.096613579617
1652342400000,9980.865119495384
1652346000000,9980.901099495382
1652349600000,9979.454339495383
1652353200000,9984.761299495383
1652356800000,9984.550199495383
1652360400000,9983.764069495384
1652364000000,9979.285719495383
1652367600000,9991.341449495383
1652371200000,9986.973005827378
1652374800000,9992.934715827378
1652378400000,9983.466755827378
1652382000000,9981.58010582738
1652385600000,9983.906255827378
1652389200000,9982.44622582738
1652392800000,9981.176415827378
1652396400000,9983.980605827379
1652400000000,9986.906540429078
1652403600000,9991.649760429078
1652407200000,9991.567780429079
1652410800000,9997.553970429077
1652414400000,9999.396650429078
1652418000000,9999.434140429077
1652421600000,10001.174840429077
1652425200000,9998.927470429078
1652428800000,9996.64104190003
1652432400000,9997.94652190003
1652436000000,9998.64715190003
1652439600000,10000.42985190003
1652443200000,10001.49736190003
1652446800000,10002.09299190003
1652450400000,10002.92296190003
1652454000000,10002.232581900029
1652457600000,9999.125528881359
1652461200000,9997.00914888136
1652464800000,9993.964688881359
1652468400000,9997.170198881358
1652472000000,9996.94467888136
1652475600000,9994.17817888136
1652479200000,9996.883208881358
1652482800000,9995.264658881359
1652486400000,9990.806560364028
1652490000000,9992.307830364027
1652493600000,9994.948690364028
1652497200000,9993.288510364027
1652500800000,9993.917850364029
1652504400000,9991.676700364027
1652508000000,9992.196370364029
1652511600000,9993.285400364028
1652515200000,9992.296489397524
1652518800000,9992.990449397525
1652522400000,9991.886189397525
1652526000000,9990.143519397525
1652529600000,9987.828239397524
1652533200000,9988.421869397525
1652536800000,9985.939789397524
1652540400000,9986.737229397524
1652544000000,9985.994992602715
1652547600000,9990.074332602715
1652551200000,9991.937902602715
1652554800000,9991.292452602716
1652558400000,9989.459942602714
1652562000000,9990.116882602715
1652565600000,9993.227112602714
1652569200000,9997.127082602716
1652572800000,9995.908633043955
1652576400000,9995.611143043954
1652580000000,9994.857833043954
1652583600000,9993.835793043956
1652587200000,9992.086655357307
1652590800000,9992.086655357307
1652594400000,9992.086655357307
1652598000000,9992.086655357307
1652601600000,9992.086655357307
1652605200000,9992.086655357307
1652608800000,9992.086655357307
1652612400000,9992.086655357307
1652616000000,9992.086655357307
1652619600000,9992.086655357307
1652623200000,9992.086655357307
1652626800000,9992.086655357307
1652630400000,9992.086655357307
1652634000000,9992.086655357307
1652637600000,9992.086655357307
1652641200000,9992.086655357307
1652644800000,9992.086655357307
1652648400000,9992.086655357307
1652652000000,9992.086655357307
1652655600000,9992.086655357307
1652659200000,9992.086655357307
1652662800000,9992.086655357307
1652666400000,9992.086655357307
1652670000000,9992.086655357307
1652673600000,9992.086655357307
1652677200000,9992.086655357307
1652680800000,9992.086655357307
1652684400000,9992.086655357307
1652688000000,9992.086655357307
1652691600000,9992.086655357307
1652695200000,9992.086655357307
1652698800000,9992.086655357307
1652702400000,9992.086655357307
1652706000000,9992.086655357307
1652709600000,9992.086655357307
1652713200000,9992.086655357307
1652716800000,9992.086655357307
1652720400000,9992.086655357307
1652724000000,9992.086655357307
1652727600000,9992.086655357307
1652731200000,9992.086655357307
1652734800000,9992.086655357307
1652738400000,9992.086655357307
1652742000000,9992.086655357307
1652745600000,9992.086655357307
1652749200000,9992.086655357307
1652752800000,9992.086655357307
1652756400000,9992.086655357307
1652760000000,9992.086655357307
1652763600000,9992.086655357307
1652767200000,9992.086655357307
1652770800000,9992.086655357307
1652774400000,9992.086655357307
1652778000000,9992.086655357307
1652781600000,9992.086655357307
1652785200000,9992.086655357307
1652788800000,9991.909068070063
1652792400000,9994.103988070063
1652796000000,9994.184388070064
1652799600000,9988.351368070063
1652803200000,9989.363407489489
1652806800000,9988.90512748949
1652810400000,9988.46024748949
1652814000000,9984.501887489489
1652817600000,9987.12828748949
1652821200000,9988.06226748949
1652824800000,9993.59646748949
1652828400000,9992.59146748949
1652832000000,9993.00706362529
1652835600000,9993.414423625289
1652839200000,9989.903623625289
1652842800000,9990.668763625288
1652846400000,9985.752329210132
1652850000000,9984.835009210132
1652853600000,9989.239209210133
1652857200000,9983.685909210133
1652860800000,9986.050801158719
1652864400000,9985.90576115872
1652868000000,9987.29526115872
1652871600000,9987.88276115872
1652875200000,9984.755081158719
1652878800000,9978.84052115872
1652882400000,9975.441021158718
1652886000000,9972.05948115872
1652889600000,9967.647723937062
1652893200000,9971.39532393706
1652896800000,9968.022083937061
1652900400000,9971.787763937062
1652904000000,9972.955983937061
1652907600000,9971.117283937061
1652911200000,9969.583443937061
1652914800000,9967.41770393706
1652918400000,9961.257164150618
1652922000000,9963.564584150618
1652925600000,9959.704724150619
1652929200000,9968.630184150617
1652932800000,9969.244884150618
1652936400000,9967.549864150618
1652940000000,9967.26828415062
1652943600000,9971.805384150619
1652947200000,9968.781930645364
1652950800000,9964.416690645365
1652954400000,9963.907870645364
1652958000000,9967.085430645364
1652961600000,9973.323870645363
1652965200000,9971.979550645363
1652968800000,9974.042370645364
1652972400000,9979.032730645364
1652976000000,9988.73333292383
1652979600000,9985.81495292383
1652983200000,9985.93759292383
1652986800000,9987.01837292383
1652990400000,9981.68089292383
1652994000000,9986.37863292383
1652997600000,9986.91361292383
1653001200000,9986.82113292383
1653004800000,9988.118073255468
1653008400000,9986.423613255467
1653012000000,9991.897633255468
1653015600000,9989.416673255468
1653019200000,9987.382233255468
1653022800000,9985.949733255467
1653026400000,9987.622833255467
1653030000000,9984.734733255467
1653033600000,9988.42062046365
1653037200000,9987.45418046365
1653040800000,9990.04874046365
1653044400000,9992.28174046365
1653048000000,9993.102405169457
1653051600000,9991.540905169457
1653055200000,9992.511105169457
1653058800000,9984.790905169457
1653062400000,9981.242077999457
1653066000000,9979.134277999457
1653069600000,9979.711177999458
1653073200000,9980.704777999457
1653076800000,9982.819777999457
1653080400000,9982.040377999458
1653084000000,9982.471477999457
1653087600000,9981.972877999457
1653091200000,9982.168708693656
1653094800000,9983.040808693657
1653098400000,9981.989608693655
1653102000000,9982.490908693657
1653105600000,9982.65137689987
1653109200000,9982.65137689987
1653112800000,9982.65137689987
1653116400000,9982.65137689987
1653120000000,9982.65137689987
1653123600000,9982.65137689987
1653127200000,9982.65137689987
1653130800000,9982.65137689987
1653134400000,9982.65137689987
1653138000000,9982.65137689987
1653141600000,9982.65137689987
1653145200000,9982.65137689987
1653148800000,9982.65137689987
1653152400000,9982.65137689987
1653156000000,9982.65137689987
1653159600000,9982.65137689987
1653163200000,9982.238803548267
1653166800000,9981.769803548268
1653170400000,9980.476203548267
1653174000000,9981.645203548267
1653177600000,9982.378674002373
1653181200000,9982.832274002372
1653184800000,9982.801474002372
1653188400000,9981.170474002372
1653192000000,9980.935274002373
1653195600000,9980.054674002373
1653199200000,9981.331474002372
1653202800000,9981.437874002373
1653206400000,9982.210695118376
1653210000000,9983.851495118377
1653213600000,9992.426495118378
1653217200000,9992.768095118377
1653220800000,9988.815895118376
1653224400000,9992.188495118377
1653228000000,9991.018095118377
1653231600000,9989.696495118376
1653235200000,9987.72832818899
1653238800000,9988.59072818899
1653242400000,9988.818928188992
1653246000000,9990.37852818899
1653249600000,9989.308928188992
1653253200000,9988.831528188992
1653256800000,9991.36412818899
1653260400000,9994.21592818899
1653264000000,9993.42732890899
1653267600000,9993.57572890899
1653271200000,9992.90652890899
1653274800000,9991.99652890899
1653278400000,9992.437528908991
1653282000000,9991.698328908991
1653285600000,9994.04472890899
1653289200000,9996.885328908991
1653292800000,9996.347100387227
1653296400000,9994.931700387227
1653300000000,9995.873900387227
1653303600000,9996.513700387228
1653307200000,9995.340500387227
1653310800000,9994.737100387227
1653314400000,9992.803700387227
1653318000000,9993.128500387227
1653321600000,9994.854192781846
1653325200000,9993.042592781845
1653328800000,9990.687792781846
1653332400000,9987.204592781845
1653336000000,9977.540392781846
1653339600000,9980.453792781846
1653343200000,9979.703392781845
1653346800000,9977.998192781846
1653350400000,9977.599191979645
1653354000000,9977.748991979646
1653357600000,9979.133591979646
1653361200000,9979.582991979645
1653364800000,9979.914791979645
1653368400000,9980.854191979646
1653372000000,9980.967591979646
1653375600000,9980.726791979645
1653379200000,9981.087167640131
1653382800000,9974.356387640131
1653386400000,9977.960067640131
1653390000000,9978.993107640132
1653393600000,9975.762187640132
1653397200000,9975.032827640132
1653400800000,9964.024367640131
1653404400000,9966.685167640131
1653408000000,9977.874488141515
1653411600000,9974.083468141514
1653415200000,9975.887368141515
1653418800000,9970.608068141513
1653422400000,9976.048074595506
1653426000000,9978.495354595507
1653429600000,9980.756514595507
1653433200000,9980.465454595507
1653436800000,9978.883855087155
1653440400000,9977.812935087155
1653444000000,9983.953595087154
1653447600000,9994.241635087155
1653451200000,9993.422235087155
1653454800000,9990.931395087155
1653458400000,9984.265795087154
1653462000000,9982.575995087154
1653465600000,9980.157181463155
1653469200000,9980.824101463155
1653472800000,9981.389501463156
1653476400000,9977.944281463155
1653480000000,9968.389561463155
1653483600000,9974.459321463155
1653487200000,9978.804441463155
1653490800000,9978.715841463156
1653494400000,9975.934915223273
1653498000000,9973.352255223273
1653501600000,9978.208875223272
1653505200000,9982.720435223273
1653508800000,9972.395475223273
1653512400000,9978.065195223273
1653516000000,9980.328815223273
1653519600000,9977.186995223274
1653523200000,9970.234237484841
1653526800000,9977.553997484843
1653530400000,9973.800817484842
1653534000000,9976.387377484842
1653537600000,9975.494437484842
1653541200000,9973.417517484842
1653544800000,9969.923297484842
1653548400000,9967.941817484842
1653552000000,9970.01548358972
1653555600000,9945.447056453282
1653559200000,9948.434656453283
1653562800000,9948.381456453282
1653566400000,9946.590856453282
1653570000000,9944.973856453282
1653573600000,9944.139456453282
1653577200000,9949.596656453283
1653580800000,9950.823612695645
1653584400000,9957.088362695646
1653588000000,9956.724312695645
1653591600000,9954.040662695646
1653595200000,9946.516912695646
1653598800000,9948.202462695646
1653602400000,9948.449862695645
1653606000000,9945.983662695646
1653609600000,9938.798324670646
1653613200000,9934.461724670648
1653616800000,9926.393274670645
1653620400000,9930.282274670646
1653624000000,9931.998224670646
1653627600000,9928.106124670647
1653631200000,9923.429974670646
1653634800000,9933.228974670646
1653638400000,9930.809791286027
1653642000000,9931.450541286027
1653645600000,9934.854241286026
1653649200000,9928.384191286026
1653652800000,9930.090091286027
1653656400000,9942.134441286027
1653660000000,9943.084041286027
1653663600000,9928.983991286028
1653667200000,9928.700835797228
1653670800000,9925.463835797229
1653674400000,9916.718785797228
1653678000000,9919.529685797228
1653681600000,9927.061085797228
1653685200000,9925.678585797228
1653688800000,9921.442885797227
1653692400000,9926.502485797228
1653696000000,9921.029859471557
1653699600000,9924.066159471557
1653703200000,9921.258959471555
1653706800000,9920.635459471556
1653710400000,9926.004809471557
1653714000000,9925.524859471556
1653717600000,9927.512809471556
1653721200000,9926.593509471557
1653724800000,9926.722194559568
1653728400000,9925.248994559568
1653732000000,9925.088044559569
1653735600000,9925.67384455957
1653739200000,9927.729944559569
1653742800000,9929.06394455957
1653746400000,9929.66569455957
1653750000000,9928.83484455957
1653753600000,9929.993946606759
1653757200000,9930.552196606759
1653760800000,9928.158246606758
1653764400000,9929.828646606758
1653768000000,9929.909846606759
1653771600000,9930.716046606758
1653775200000,9928.687496606759
1653778800000,9929.035496606759
1653782400000,9930.095566376758
1653786000000,9929.576466376757
1653789600000,9927.639266376758
1653793200000,9926.882366376758
1653796800000,9927.820516376758
1653800400000,9927.534866376758
1653804000000,9929.517016376758
1653807600000,9929.008066376757
1653811200000,9928.588806382073
1653814800000,9929.351506382072
1653818400000,9928.793256382074
1653822000000,9930.817456382074
1653825600000,9931.523606382074
1653829200000,9933.404256382073
1653832800000,9932.676356382073
1653836400000,9931.580156382073
1653840000000,9930.756782842904
1653843600000,9930.756782842904
1653847200000,9930.756782842904
1653850800000,9930.756782842904
1653854400000,9930.756782842904
1653858000000,9930.756782842904
1653861600000,9930.756782842904
1653865200000,9930.756782842904
1653868800000,9930.756782842904
1653872400000,9930.756782842904
1653876000000,9930.756782842904
1653879600000,9930.756782842904
1653883200000,9930.756782842904
1653886800000,9930.756782842904
1653890400000,9930.756782842904
1653894000000,9930.756782842904
1653897600000,9930.756782842904
1653901200000,9930.756782842904
1653904800000,9930.756782842904
1653908400000,9930.756782842904
1653912000000,9930.756782842904
1653915600000,9930.756782842904
1653919200000,9930.756782842904
1653922800000,9930.756782842904
1653926400000,9930.756782842904
1653930000000,9930.756782842904
1653933600000,9930.756782842904
1653937200000,9930.756782842904
1653940800000,9930.756782842904
1653944400000,9930.756782842904
1653948000000,9930.756782842904
1653951600000,9930.756782842904
1653955200000,9930.756782842904
1653958800000,9930.756782842904
1653962400000,9930.756782842904
1653966000000,9930.756782842904
1653969600000,9930.756782842904
1653973200000,9930.756782842904
1653976800000,9930.756782842904
1653980400000,9930.756782842904
1653984000000,9930.756782842904
1653987600000,9930.756782842904
1653991200000,9930.756782842904
1653994800000,9930.756782842904
1653998400000,9930.756782842904
1654002000000,9930.756782842904
1654005600000,9930.756782842904
1654009200000,9930.756782842904
1654012800000,9930.756782842904
1654016400000,9930.756782842904
1654020000000,9930.756782842904
1654023600000,9930.756782842904
1654027200000,9930.756782842904
1654030800000,9930.756782842904
1654034400000,9930.756782842904
1654038000000,9930.756782842904
1654041600000,9930.756782842904
1654045200000,9930.756782842904
1654048800000,9930.756782842904
1654052400000,9930.756782842904
1654056000000,9930.756782842904
1654059600000,9930.756782842904
1654063200000,9930.756782842904
1654066800000,9930.756782842904
1654070400000,9930.756782842904
1654074000000,9930.756782842904
1654077600000,9930.756782842904
1654081200000,9930.756782842904
1654084800000,9930.756782842904
1654088400000,9930.756782842904
1654092000000,9930.756782842904
1654095600000,9930.756782842904
1654099200000,9930.756782842904
1654102800000,9930.756782842904
1654106400000,9930.756782842904
1654110000000,9930.756782842904
1654113600000,9930.756782842904
1654117200000,9930.756782842904
1654120800000,9930.756782842904
1654124400000,9930.756782842904
1654128000000,9930.756782842904
1654131600000,9930.756782842904
1654135200000,9930.756782842904
1654138800000,9930.756782842904
1654142400000,9930.756782842904
1654146000000,9930.756782842904
1654149600000,9930.756782842904
1654153200000,9930.756782842904
1654156800000,9930.756782842904
1654160400000,9930.756782842904
1654164000000,9930.756782842904
1654167600000,9930.756782842904
1654171200000,9930.756782842904
1654174800000,9930.756782842904
1654178400000,9930.756782842904
1654182000000,9930.756782842904
1654185600000,9930.756782842904
1654189200000,9930.756782842904
1654192800000,9930.756782842904
1654196400000,9930.756782842904
1654200000000,9930.296441214186
1654203600000,9930.902341214187
1654207200000,9931.841901214188
1654210800000,9932.803041214187
1654214400000,9932.53470727666
1654218000000,9931.28472727666
1654221600000,9934.04032727666
1654225200000,9932.16950727666
1654228800000,9931.46068727666
1654232400000,9929.90692727666
1654236000000,9931.11374727666
1654239600000,9929.28276727666
1654243200000,9929.08998317666
1654246800000,9928.56542317666
1654250400000,9926.58504317666
1654254000000,9921.30292317666
1654257600000,9921.03400317666
1654261200000,9918.152243176659
1654264800000,9921.91878317666
1654268400000,9921.26474317666
1654272000000,9921.361315035436
1654275600000,9920.596055035436
1654279200000,9918.532675035436
1654282800000,9918.763415035435
1654286400000,9918.645555035437
1654290000000,9920.448315035435
1654293600000,9924.409075035435
1654297200000,9923.866255035437
1654300800000,9923.104741655436
1654304400000,9922.842461655435
1654308000000,9920.164881655435
1654311600000,9919.306661655435
1654315200000,9918.906601655435
1654318800000,9921.585841655435
1654322400000,9921.610741655435
1654326000000,9921.871361655436
1654329600000,9921.508347316743
1654333200000,9922.700227316744
1654336800000,9922.945907316744
1654340400000,9922.593987316743
1654344000000,9921.368907316742
1654347600000,9920.316467316743
1654351200000,9921.400447316742
1654354800000,9923.128507316744
1654358400000,9922.84077387311
1654362000000,9922.28965387311
1654365600000,9923.013413873108
1654369200000,9923.142893873108
1654372800000,9922.067213873108
1654376400000,9923.283993873109
1654380000000,9924.477533873109
1654383600000,9926.270333873108
1654387200000,9927.539993396877
1654390800000,9926.343133396877
1654394400000,9924.512153396876
1654398000000,9925.782053396877
1654401600000,9925.433453396876
1654405200000,9925.473293396877
1654408800000,9926.364713396877
1654412400000,9925.285713396877
1654416000000,9924.64268973064
1654419600000,9924.828609730639
1654423200000,9923.545429730639
1654426800000,9923.71806973064
1654430400000,9924.79374973064
1654434000000,9925.573949730639
1654437600000,9923.71972973064
1654441200000,9926.35414973064
1654444800000,9928.799961423305
1654448400000,9926.603781423306
1654452000000,9931.125621423305
1654455600000,9929.629961423305
1654459200000,9930.087844821477
1654462800000,9930.087844821477
1654466400000,9930.087844821477
1654470000000,9930.087844821477
1654473600000,9930.087844821477
1654477200000,9930.087844821477
1654480800000,9930.087844821477
1654484400000,9930.087844821477
1654488000000,9930.087844821477
1654491600000,9930.087844821477
1654495200000,9930.087844821477
1654498800000,9930.087844821477
1654502400000,9930.087844821477
1654506000000,9930.087844821477
1654509600000,9930.087844821477
1654513200000,9930.087844821477
1654516800000,9930.087844821477
1654520400000,9930.087844821477
1654524000000,9930.087844821477
1654527600000,9930.087844821477
1654531200000,9930.087844821477
1654534800000,9930.087844821477
1654538400000,9930.087844821477
1654542000000,9930.087844821477
1654545600000,9930.087844821477
1654549200000,9930.087844821477
1654552800000,9930.087844821477
1654556400000,9930.087844821477
1654560000000,9930.087844821477
1654563600000,9930.087844821477
1654567200000,9930.087844821477
1654570800000,9930.087844821477
1654574400000,9930.087844821477
1654578000000,9930.087844821477
1654581600000,9930.087844821477
1654585200000,9930.087844821477
1654588800000,9930.087844821477
1654592400000,9930.087844821477
1654596000000,9930.087844821477
1654599600000,9930.087844821477
1654603200000,9930.087844821477
1654606800000,9930.087844821477
1654610400000,9930.087844821477
1654614000000,9930.087844821477
1654617600000,9930.087844821477
1654621200000,9930.087844821477
1654624800000,9930.087844821477
1654628400000,9930.087844821477
1654632000000,9930.087844821477
1654635600000,9930.087844821477
1654639200000,9930.087844821477
1654642800000,9930.087844821477
1654646400000,9930.087844821477
1654650000000,9930.087844821477
1654653600000,9930.087844821477
1654657200000,9930.087844821477
1654660800000,9930.087844821477
1654664400000,9930.087844821477
1654668000000,9930.087844821477
1654671600000,9930.087844821477
1654675200000,9930.087844821477
1654678800000,9930.087844821477
1654682400000,9930.087844821477
1654686000000,9930.087844821477
1654689600000,9930.087844821477
1654693200000,9930.087844821477
1654696800000,9930.087844821477
1654700400000,9930.087844821477
1654704000000,9930.087844821477
1654707600000,9930.087844821477
1654711200000,9930.087844821477
1654714800000,9930.087844821477
1654718400000,9930.087844821477
1654722000000,9930.087844821477
1654725600000,9930.087844821477
1654729200000,9930.087844821477
1654732800000,9930.087844821477
1654736400000,9930.087844821477
1654740000000,9930.087844821477
1654743600000,9930.087844821477
1654747200000,9930.087844821477
1654750800000,9930.087844821477
1654754400000,9930.087844821477
1654758000000,9930.087844821477
1654761600000,9930.087844821477
1654765200000,9930.087844821477
1654768800000,9930.087844821477
1654772400000,9930.087844821477
1654776000000,9930.087844821477
1654779600000,9930.087844821477
1654783200000,9930.087844821477
1654786800000,9930.087844821477
1654790400000,9930.087844821477
1654794000000,9930.087844821477
1654797600000,9930.087844821477
1654801200000,9930.087844821477
1654804800000,9930.087844821477
1654808400000,9930.087844821477
1654812000000,9930.087844821477
1654815600000,9930.087844821477
1654819200000,9930.087844821477
1654822800000,9930.087844821477
1654826400000,9930.087844821477
1654830000000,9930.087844821477
1654833600000,9930.087844821477
1654837200000,9930.087844821477
1654840800000,9930.087844821477
1654844400000,9930.087844821477
1654848000000,9930.087844821477
1654851600000,9930.087844821477
1654855200000,9930.087844821477
1654858800000,9930.087844821477
1654862400000,9930.087844821477
1654866000000,9930.087844821477
1654869600000,9930.087844821477
1654873200000,9930.087844821477
1654876800000,9930.087844821477
1654880400000,9930.087844821477
1654884000000,9930.087844821477
1654887600000,9930.087844821477
1654891200000,9930.087844821477
1654894800000,9930.087844821477
1654898400000,9930.087844821477
1654902000000,9930.087844821477
1654905600000,9930.087844821477
1654909200000,9930.087844821477
1654912800000,9930.087844821477
1654916400000,9930.087844821477
1654920000000,9930.477644115213
1654923600000,9931.726144115213
1654927200000,9929.517434115214
1654930800000,9929.494734115215
1654934400000,9929.86701575272
1654938000000,9904.761167264334
1654941600000,9904.761167264334
1654945200000,9904.761167264334
1654948800000,9905.663457520423
1654952400000,9900.546457520422
1654956000000,9904.912057520422
1654959600000,9899.830757520422
1654963200000,9898.870670960625
1654966800000,9899.295670960626
1654970400000,9900.640370960626
1654974000000,9902.318270960624
1654977600000,9901.643370960624
1654981200000,9898.641170960625
1654984800000,9901.605970960625
1654988400000,9902.525670960626
1654992000000,9898.912476850626
1654995600000,9900.303076850625
1654999200000,9895.911976850626
1655002800000,9879.848752419277
1655006400000,9879.848752419277
1655010000000,9879.848752419277
1655013600000,9879.848752419277
1655017200000,9879.848752419277
1655020800000,9879.848752419277
1655024400000,9879.848752419277
1655028000000,9879.848752419277
1655031600000,9879.848752419277
1655035200000,9879.848752419277
1655038800000,9879.848752419277
1655042400000,9879.848752419277
1655046000000,9879.848752419277
1655049600000,9879.848752419277
1655053200000,9879.848752419277
1655056800000,9879.848752419277
1655060400000,9879.848752419277
1655064000000,9879.848752419277
1655067600000,9879.848752419277
1655071200000,9879.848752419277
1655074800000,9879.848752419277
1655078400000,9879.848752419277
1655082000000,9879.848752419277
1655085600000,9879.848752419277
1655089200000,9879.848752419277
1655092800000,9878.647335681968
1655096400000,9879.165335681968
1655100000000,9876.488335681968
1655103600000,9878.727335681968
1655107200000,9871.999222119515
1655110800000,9866.442222119515
1655114400000,9865.263222119514
1655118000000,9865.164222119514
1655121600000,9862.937222119515
1655125200000,9861.824222119514
1655128800000,9861.501222119514
1655132400000,9856.000703158852
1655136000000,9856.000703158852
1655139600000,9856.000703158852
1655143200000,9856.000703158852
1655146800000,9856.000703158852
1655150400000,9856.000703158852
1655154000000,9856.000703158852
1655157600000,9856.000703158852
1655161200000,9856.000703158852
1655164800000,9856.000703158852
1655168400000,9856.000703158852
1655172000000,9856.000703158852
1655175600000,9856.000703158852
1655179200000,9856.000703158852
1655182800000,9856.000703158852
1655186400000,9856.000703158852
1655190000000,9856.000703158852
1655193600000,9856.000703158852
1655197200000,9856.000703158852
1655200800000,9856.000703158852
1655204400000,9856.000703158852
1655208000000,9856.000703158852
1655211600000,9856.000703158852
1655215200000,9856.000703158852
1655218800000,9856.000703158852
1655222400000,9856.000703158852
1655226000000,9856.000703158852
1655229600000,9856.000703158852
1655233200000,9856.000703158852
1655236800000,9856.000703158852
1655240400000,9856.000703158852
1655244000000,9856.000703158852
1655247600000,9856.000703158852
1655251200000,9856.000703158852
1655254800000,9856.000703158852
1655258400000,9856.000703158852
1655262000000,9856.000703158852
1655265600000,9856.000703158852
1655269200000,9856.000703158852
1655272800000,9856.000703158852
1655276400000,9856.000703158852
1655280000000,9856.000703158852
1655283600000,9856.000703158852
1655287200000,9856.000703158852
1655290800000,9856.000703158852
1655294400000,9856.000703158852
1655298000000,9856.000703158852
1655301600000,9856.000703158852
1655305200000,9856.000703158852
1655308800000,9856.000703158852
1655312400000,9856.000703158852
1655316000000,9856.000703158852
1655319600000,9856.000703158852
1655323200000,9856.000703158852
1655326800000,9856.000703158852
1655330400000,9856.000703158852
1655334000000,9856.000703158852
1655337600000,9856.000703158852
1655341200000,9856.000703158852
1655344800000,9856.000703158852
1655348400000,9856.000703158852
1655352000000,9856.000703158852
1655355600000,9856.000703158852
1655359200000,9856.000703158852
1655362800000,9856.000703158852
1655366400000,9856.000703158852
1655370000000,9856.000703158852
1655373600000,9856.000703158852
1655377200000,9856.000703158852
1655380800000,9856.000703158852
1655384400000,9856.000703158852
1655388000000,9856.000703158852
1655391600000,9856.000703158852
1655395200000,9855.829649224617
1655398800000,9856.943789224617
1655402400000,9855.187019224617
1655406000000,9855.385109224617
1655409600000,9854.861519224618
1655413200000,9854.454179224618
1655416800000,9854.595539224618
1655420400000,9851.806469224617
1655424000000,9851.454228129534
1655427600000,9851.751828129534
1655431200000,9855.756408129535
1655434800000,9853.543938129535
1655438400000,9852.050358129534
1655442000000,9853.543008129534
1655445600000,9854.791998129534
1655449200000,9855.377898129535
1655452800000,9854.612683013765
1655456400000,9854.268583013765
1655460000000,9853.917043013766
1655463600000,9855.156733013766
1655467200000,9854.035153013765
1655470800000,9852.270013013765
1655474400000,9854.009113013764
1655478000000,9852.307213013764
1655481600000,9853.273714609562
1655485200000,9852.293494609563
1655488800000,9852.862654609564
1655492400000,9852.902644609563
1655496000000,9853.037494609564
1655499600000,9854.356234609562
1655503200000,9853.004944609564
1655506800000,9853.195594609562
1655510400000,9853.073673624938
1655514000000,9853.746993624938
1655517600000,9852.602163624939
1655521200000,9853.017873624938
1655524800000,9852.742593624938
1655528400000,9853.086693624939
1655532000000,9852.567753624939
1655535600000,9847.826613624939
1655539200000,9845.544615307364
1655542800000,9844.168215307365
1655546400000,9845.096355307365
1655550000000,9845.973345307364
1655553600000,9845.931495307364
1655557200000,9845.287005307364
1655560800000,9845.452545307364
1655564400000,9844.673205307365
1655568000000,9844.474672549817
1655571600000,9843.787402549819
1655575200000,9841.840912549818
1655578800000,9839.559622549818
1655582400000,9837.331342549818
1655586000000,9836.598502549818
1655589600000,9840.086002549819
1655593200000,9845.492092549817
1655596800000,9845.162521272652
1655600400000,9844.790521272651
1655604000000,9842.030281272651
1655607600000,9840.881731272651
1655611200000,9840.931021272652
1655614800000,9842.460871272651
1655618400000,9840.26979127265
1655622000000,9841.217461272652
1655625600000,9841.26014593649
1655629200000,9842.44310593649
1655632800000,9844.62953593649
1655636400000,9851.351575936491
1655640000000,9850.64012593649
1655643600000,9848.876845936491
1655647200000,9847.605535936491
1655650800000,9849.00797593649
1655654400000,9851.996286222782
1655658000000,9851.996286222782
1655661600000,9851.996286222782
1655665200000,9851.996286222782
1655668800000,9851.996286222782
1655672400000,9851.996286222782
1655676000000,9851.996286222782
1655679600000,9851.996286222782
1655683200000,9851.996286222782
1655686800000,9851.996286222782
1655690400000,9851.996286222782
1655694000000,9851.996286222782
1655697600000,9851.794178282487
1655701200000,9851.046178282488
1655704800000,9852.718178282486
1655708400000,9853.159778282487
1655712000000,9852.743045246008
1655715600000,9856.469445246008
1655719200000,9857.343045246007
1655722800000,9859.001445246007
1655726400000,9858.217445246008
1655730000000,9856.338245246008
1655733600000,9856.499845246008
1655737200000,9858.775045246008
1655740800000,9858.480923612664
1655744400000,9854.416923612664
1655748000000,9852.102523612664
1655751600000,9852.368923612663
1655755200000,9852.972923612664
1655758800000,9855.625723612664
1655762400000,9855.218523612664
1655766000000,9855.951323612664
1655769600000,9856.565267932665
1655773200000,9857.955667932665
1655776800000,9857.422867932664
1655780400000,9855.628467932664
1655784000000,9856.970867932665
1655787600000,9857.463667932665
1655791200000,9859.583667932664
1655794800000,9861.890867932665
1655798400000,9860.875279717171
1655802000000,9862.92727971717
1655805600000,9861.548879717171
1655809200000,9862.21287971717
1655812800000,9859.976879717171
1655816400000,9860.67447971717
1655820000000,9864.66007971717
1655823600000,9864.43687971717
1655827200000,9863.353409980456
1655830800000,9863.115009980456
1655834400000,9862.067009980457
1655838000000,9860.871009980458
1655841600000,9859.486209980456
1655845200000,9859.053409980457
1655848800000,9859.747009980456
1655852400000,9859.447009980457
1655856000000,9857.646714986042
1655859600000,9856.146714986042
1655863200000,9855.705914986042
1655866800000,9855.837914986041
1655870400000,9854.495514986042
1655874000000,9855.61471498604
1655877600000,9855.010714986041
1655881200000,9853.081914986042
1655884800000,9852.79710701233
1655888400000,9854.07950701233
1655892000000,9855.52750701233
1655895600000,9855.46190701233
1655899200000,9856.08590701233
1655902800000,9855.23150701233
1655906400000,9858.31230701233
1655910000000,9857.43390701233
1655913600000,9853.018140773609
1655917200000,9854.21974077361
1655920800000,9854.127740773609
1655924400000,9853.72774077361
1655928000000,9853.663634862069
1655931600000,9847.516134862068
1655935200000,9850.229934862067
1655938800000,9851.045684862069
1655942400000,9848.60593333256
1655946000000,9856.82778333256
1655949600000,9857.922333332559
1655953200000,9857.44903333256
1655956800000,9854.37070507693
1655960400000,9856.95330507693
1655964000000,9856.18370507693
1655967600000,9859.01790507693
1655971200000,9857.90181598587
1655974800000,9860.360765985868
1655978400000,9863.907015985871
1655982000000,9863.533265985869
1655985600000,9862.36941598587
1655989200000,9863.483365985869
1655992800000,9860.32006598587
1655996400000,9862.670565985869
1656000000000,9856.50451771683
1656003600000,9854.25986771683
1656007200000,9856.167517716829
1656010800000,9858.71631771683
1656014400000,9869.79206771683
1656018000000,9870.64346771683
1656021600000,9866.464517716831
1656025200000,9873.54586771683
1656028800000,9876.184834156698
1656032400000,9874.060334156697
1656036000000,9876.191734156697
1656039600000,9878.049884156697
1656043200000,9876.124884156698
1656046800000,9875.703334156698
1656050400000,9871.375984156699
1656054000000,9870.850234156698
1656057600000,9873.734883513482
1656061200000,9877.59963351348
1656064800000,9872.40578351348
1656068400000,9877.35503351348
1656072000000,9885.76438351348
1656075600000,9889.213233513481
1656079200000,9888.93678351348
1656082800000,9886.19483351348
1656086400000,9882.129487089154
1656090000000,9886.623187089155
1656093600000,9885.098337089155
1656097200000,9889.487437089156
1656100800000,9892.250237089154
1656104400000,9890.492787089155
1656108000000,9893.318537089155
1656111600000,9894.040137089156
1656115200000,9891.711050568363
1656118800000,9889.592850568364
1656122400000,9893.002800568363
1656126000000,9887.654900568365
1656129600000,9892.270900568363
1656133200000,9891.535500568365
1656136800000,9890.217600568363
1656140400000,9892.119950568363
1656144000000,9897.337900012899
1656147600000,9894.7258500129
1656151200000,9895.249000012898
1656154800000,9894.977300012899
1656158400000,9891.809900012899
1656162000000,9885.2895000129
1656165600000,9886.1247500129
1656169200000,9884.6116500129
1656172800000,9880.564298565349
1656176400000,9882.531898565348
1656180000000,9884.837548565349
1656183600000,9889.335448565349
1656187200000,9887.900436262866
1656190800000,9888.147436262867
1656194400000,9891.764036262866
1656198000000,9890.852736262867
1656201600000,9891.487802512867
1656205200000,9891.359102512866
1656208800000,9890.507602512867
1656212400000,9889.621002512868
1656216000000,9890.589502512867
1656219600000,9890.709102512867
1656223200000,9890.914502512867
1656226800000,9891.413702512868
1656230400000,9890.154304408701
1656234000000,9890.154304408701
1656237600000,9890.154304408701
1656241200000,9890.154304408701
1656244800000,9890.154304408701
1656248400000,9890.154304408701
1656252000000,9890.154304408701
1656255600000,9890.154304408701
1656259200000,9890.154304408701
1656262800000,9890.154304408701
1656266400000,9890.154304408701
1656270000000,9890.154304408701
1656273600000,9890.154304408701
1656277200000,9890.154304408701
1656280800000,9890.154304408701
1656284400000,9890.154304408701
1656288000000,9890.154304408701
1656291600000,9890.154304408701
1656295200000,9890.154304408701
1656298800000,9890.154304408701
1656302400000,9890.113676953786
1656306000000,9890.654116953785
1656309600000,9888.918296953785
1656313200000,9890.340386953785
1656316800000,9892.010495927807
1656320400000,9892.825735927807
1656324000000,9893.276865927806
1656327600000,9892.967715927807
1656331200000,9890.025065927806
1656334800000,9888.788465927808
1656338400000,9881.236045927808
1656342000000,9883.919925927807
1656345600000,9882.361075977396
1656349200000,9883.343485977397
1656352800000,9882.260315977397
1656356400000,9885.015185977396
1656360000000,9885.138845977397
1656363600000,9886.077745977396
1656367200000,9885.338075977395
1656370800000,9886.173925977397
1656374400000,9883.611244157184
1656378000000,9882.555554157185
1656381600000,9878.708354157185
1656385200000,9879.887704157185
1656388800000,9881.380784157185
1656392400000,9882.459374157184
1656396000000,9882.422734157184
1656399600000,9885.754684157184
1656403200000,9887.564399628489
1656406800000,9891.73906962849
1656410400000,9890.86657962849
1656414000000,9890.507049628488
1656417600000,9890.607456714866
1656421200000,9890.050946714866
1656424800000,9893.303386714866
1656428400000,9882.735006714865
1656432000000,9873.535702356117
1656435600000,9876.867712356117
1656439200000,9872.191332356118
1656442800000,9862.990882356118
1656446400000,9861.405712356118
1656450000000,9861.54345235612
1656453600000,9864.63483235612
1656457200000,9858.753882356119
1656460800000,9857.260188052862
1656464400000,9856.870188052862
1656468000000,9860.460708052862
1656471600000,9860.321708052861
1656475200000,9857.573768052862
1656478800000,9859.469548052863
1656482400000,9852.225268052862
1656486000000,9844.403178052862
1656489600000,9849.704809260873
1656493200000,9847.576679260872
1656496800000,9849.601729260874
1656500400000,9850.179129260872
1656504000000,9840.049834071937
1656507600000,9840.049834071937
1656511200000,9840.049834071937
1656514800000,9840.049834071937
1656518400000,9840.049834071937
1656522000000,9840.049834071937
1656525600000,9840.049834071937
1656529200000,9840.049834071937
1656532800000,9840.049834071937
1656536400000,9840.049834071937
1656540000000,9840.049834071937
1656543600000,9840.049834071937
1656547200000,9840.049834071937
1656550800000,9840.049834071937
1656554400000,9840.049834071937
1656558000000,9840.049834071937
1656561600000,9840.049834071937
1656565200000,9840.049834071937
1656568800000,9840.049834071937
1656572400000,9840.049834071937
1656576000000,9839.815929532011
1656579600000,9835.88052953201
1656583200000,9833.534829532011
1656586800000,9832.407129532012
1656590400000,9833.247129532012
1656594000000,9835.303029532011
1656597600000,9828.45072953201
1656601200000,9832.953129532012
1656604800000,9833.672660201371
1656608400000,9834.011530201373
1656612000000,9833.740630201371
1656615600000,9827.186390201372
1656619200000,9827.019440201371
1656622800000,9821.520660201373
1656626400000,9825.262370201372
1656630000000,9826.58628020137
1656633600000,9855.001513188443
1656637200000,9871.851493188442
1656640800000,9874.809063188442
1656644400000,9871.239903188442
1656648000000,9849.597793188443
1656651600000,9843.88957318844
1656655200000,9845.342563188442
1656658800000,9843.869343188442
1656662400000,9849.91393812521
1656666000000,9850.18056812521
1656669600000,9846.61168812521
1656673200000,9832.87040812521
1656676800000,9838.51317812521
1656680400000,9841.201178125211
1656684000000,9847.150338125211
1656687600000,9844.73778812521
1656691200000,9842.38798237218
1656694800000,9845.568152372178
1656698400000,9850.015252372179
1656702000000,9847.99323237218
1656705600000,9847.450522372179
1656709200000,9848.40917237218
1656712800000,9846.605342372179
1656716400000,9843.837542372179
1656720000000,9843.26901282745
1656723600000,9839.640772827452
1656727200000,9841.094182827452
1656730800000,9836.87465282745
1656734400000,9834.76632282745
1656738000000,9838.06703282745
1656741600000,9838.90423282745
1656745200000,9838.71838282745
1656748800000,9835.993771738296
1656752400000,9835.170711738298
1656756000000,9836.335861738296
1656759600000,9838.674771738297
1656763200000,9837.207781738296
1656766800000,9843.497981738295
1656770400000,9840.456481738298
1656774000000,9841.846891738298
1656777600000,9840.271976313832
1656781200000,9843.245856313832
1656784800000,9843.886986313832
1656788400000,9845.736106313832
1656792000000,9843.937386313833
1656795600000,9843.269376313832
1656799200000,9847.370256313832
1656802800000,9846.090656313832
1656806400000,9843.230530309584
1656810000000,9842.244020309583
1656813600000,9839.996460309581
1656817200000,9842.289240309583
1656820800000,9843.443050309583
1656824400000,9848.525820309582
1656828000000,9837.398340309583
1656831600000,9840.862360309584
1656835200000,9840.31292987803
1656838800000,9838.874219878031
1656842400000,9839.27783987803
1656846000000,9839.78344987803
1656849600000,9839.83335987803
1656853200000,9838.06263987803
1656856800000,9835.80583987803
1656860400000,9837.58089987803
1656864000000,9837.254265155549
1656867600000,9837.254265155549
1656871200000,9837.254265155549
1656874800000,9837.254265155549
1656878400000,9837.254265155549
1656882000000,9837.254265155549
1656885600000,9837.254265155549
1656889200000,9837.254265155549
1656892800000,9837.254265155549
1656896400000,9837.254265155549
1656900000000,9837.254265155549
1656903600000,9837.254265155549
1656907200000,9837.254265155549
1656910800000,9837.254265155549
1656914400000,9837.254265155549
1656918000000,9837.254265155549
1656921600000,9837.254265155549
1656925200000,9837.254265155549
1656928800000,9837.254265155549
1656932400000,9837.254265155549
1656936000000,9837.254265155549
1656939600000,9837.254265155549
1656943200000,9837.254265155549
1656946800000,9837.254265155549
1656950400000,9837.254265155549
1656954000000,9837.254265155549
1656957600000,9837.254265155549
1656961200000,9837.254265155549
1656964800000,9837.254265155549
1656968400000,9837.254265155549
1656972000000,9837.254265155549
1656975600000,9837.254265155549
1656979200000,9837.254265155549
1656982800000,9837.254265155549
1656986400000,9837.254265155549
1656990000000,9837.254265155549
1656993600000,9837.254265155549
1656997200000,9837.254265155549
1657000800000,9837.254265155549
1657004400000,9837.254265155549
1657008000000,9837.254265155549
1657011600000,9837.254265155549
1657015200000,9837.254265155549
1657018800000,9837.254265155549
1657022400000,9837.254265155549
1657026000000,9837.254265155549
1657029600000,9837.254265155549
1657033200000,9837.254265155549
1657036800000,9837.254265155549
1657040400000,9837.254265155549
1657044000000,9837.254265155549
1657047600000,9837.254265155549
1657051200000,9837.254265155549
1657054800000,9837.254265155549
1657058400000,9837.254265155549
1657062000000,9837.254265155549
1657065600000,9837.254265155549
1657069200000,9837.254265155549
1657072800000,9837.254265155549
1657076400000,9837.254265155549
1657080000000,9837.254265155549
1657083600000,9837.254265155549
1657087200000,9837.254265155549
1657090800000,9837.254265155549
1657094400000,9837.254265155549
1657098000000,9837.254265155549
1657101600000,9837.254265155549
1657105200000,9837.254265155549
1657108800000,9837.254265155549
1657112400000,9837.254265155549
1657116000000,9837.254265155549
1657119600000,9837.254265155549
1657123200000,9837.254265155549
1657126800000,9837.254265155549
1657130400000,9837.254265155549
1657134000000,9837.254265155549
1657137600000,9837.254265155549
1657141200000,9837.254265155549
1657144800000,9837.254265155549
1657148400000,9837.254265155549
1657152000000,9837.254265155549
1657155600000,9837.254265155549
1657159200000,9837.254265155549
1657162800000,9837.254265155549
1657166400000,9837.254265155549
1657170000000,9837.254265155549
1657173600000,9837.254265155549
1657177200000,9837.254265155549
1657180800000,9837.254265155549
1657184400000,9837.254265155549
1657188000000,9837.254265155549
1657191600000,9837.254265155549
1657195200000,9837.254265155549
1657198800000,9837.254265155549
1657202400000,9837.254265155549
1657206000000,9837.254265155549
1657209600000,9837.254265155549
1657213200000,9837.254265155549
1657216800000,9837.254265155549
1657220400000,9837.254265155549
1657224000000,9837.254265155549
1657227600000,9837.254265155549
1657231200000,9837.254265155549
1657234800000,9837.254265155549
1657238400000,9837.254265155549
1657242000000,9837.254265155549
1657245600000,9837.254265155549
1657249200000,9837.254265155549
1657252800000,9837.254265155549
1657256400000,9837.254265155549
1657260000000,9837.254265155549
1657263600000,9837.254265155549
1657267200000,9837.254265155549
1657270800000,9837.254265155549
1657274400000,9837.254265155549
1657278000000,9837.254265155549
1657281600000,9837.254265155549
1657285200000,9837.254265155549
1657288800000,9837.254265155549
1657292400000,9837.254265155549
1657296000000,9837.254265155549
1657299600000,9837.254265155549
1657303200000,9837.254265155549
1657306800000,9837.254265155549
1657310400000,9837.254265155549
1657314000000,9837.254265155549
1657317600000,9837.254265155549
1657321200000,9837.254265155549
1657324800000,9837.254265155549
1657328400000,9837.254265155549
1657332000000,9837.254265155549
1657335600000,9837.254265155549
1657339200000,9837.254265155549
1657342800000,9837.254265155549
1657346400000,9837.254265155549
1657350000000,9837.254265155549
1657353600000,9837.254265155549
1657357200000,9837.254265155549
1657360800000,9837.254265155549
1657364400000,9837.254265155549
1657368000000,9837.254265155549
1657371600000,9837.254265155549
1657375200000,9837.254265155549
1657378800000,9837.254265155549
1657382400000,9837.254265155549
1657386000000,9837.254265155549
1657389600000,9837.254265155549
1657393200000,9837.254265155549
1657396800000,9837.254265155549
1657400400000,9837.254265155549
1657404000000,9837.254265155549
1657407600000,9837.254265155549
1657411200000,9837.254265155549
1657414800000,9837.254265155549
1657418400000,9837.254265155549
1657422000000,9837.254265155549
1657425600000,9837.254265155549
1657429200000,9837.254265155549
1657432800000,9837.254265155549
1657436400000,9837.254265155549
1657440000000,9837.254265155549
1657443600000,9837.254265155549
1657447200000,9837.254265155549
1657450800000,9837.254265155549
1657454400000,9837.254265155549
1657458000000,9837.254265155549
1657461600000,9837.254265155549
1657465200000,9837.254265155549
1657468800000,9837.254265155549
1657472400000,9837.254265155549
1657476000000,9837.254265155549
1657479600000,9837.254265155549
1657483200000,9837.254265155549
1657486800000,9837.254265155549
1657490400000,9837.254265155549
1657494000000,9837.254265155549
1657497600000,9837.254265155549
1657501200000,9837.254265155549
1657504800000,9837.254265155549
1657508400000,9837.254265155549
1657512000000,9837.254265155549
1657515600000,9837.254265155549
1657519200000,9837.254265155549
1657522800000,9837.254265155549
1657526400000,9837.254265155549
1657530000000,9837.254265155549
1657533600000,9837.254265155549
1657537200000,9837.254265155549
1657540800000,9837.254265155549
1657544400000,9837.254265155549
1657548000000,9837.254265155549
1657551600000,9837.254265155549
1657555200000,9837.254265155549
1657558800000,9837.254265155549
1657562400000,9837.254265155549
1657566000000,9837.254265155549
1657569600000,9837.254265155549
1657573200000,9837.254265155549
1657576800000,9837.254265155549
1657580400000,9837.254265155549
1657584000000,9837.254265155549
1657587600000,9837.254265155549
1657591200000,9837.254265155549
1657594800000,9837.254265155549
1657598400000,9837.254265155549
1657602000000,9837.254265155549
1657605600000,9837.254265155549
1657609200000,9837.254265155549
1657612800000,9837.254265155549
1657616400000,9837.254265155549
1657620000000,9837.254265155549
1657623600000,9837.254265155549
1657627200000,9837.254265155549
1657630800000,9837.254265155549
1657634400000,9837.254265155549
1657638000000,9837.254265155549
1657641600000,9837.254265155549
1657645200000,9837.254265155549
1657648800000,9837.254265155549
1657652400000,9837.254265155549
1657656000000,9837.254265155549
1657659600000,9837.254265155549
1657663200000,9837.254265155549
1657666800000,9837.254265155549
1657670400000,9837.254265155549
1657674000000,9837.254265155549
1657677600000,9837.254265155549
1657681200000,9837.254265155549
1657684800000,9837.004734742275
1657688400000,9836.867894742274
1657692000000,9839.079104742275
1657695600000,9840.260904742276
1657699200000,9842.683918319062
1657702800000,9844.808048319062
1657706400000,9843.859498319061
1657710000000,9843.296588319063
1657713600000,9846.369268319062
1657717200000,9829.898708319062
1657720800000,9832.716368319063
1657724400000,9841.775798319062
1657728000000,9839.746545563337
1657731600000,9846.591245563337
1657735200000,9854.549525563336
1657738800000,9855.045525563337
1657742400000,9848.649405563337
1657746000000,9848.524645563337
1657749600000,9856.912795563336
1657753200000,9854.526045563338
1657756800000,9869.821080219686
1657760400000,9872.198210219685
1657764000000,9870.888130219686
1657767600000,9870.049380219685
1657771200000,9869.420370219686
1657774800000,9865.770480219686
1657778400000,9865.153920219687
1657782000000,9863.334890219687
1657785600000,9861.380439375012
1657789200000,9852.273109375012
1657792800000,9854.50579937501
1657796400000,9854.006189375012
1657800000000,9851.309889375012
1657803600000,9853.889649375013
1657807200000,9852.549539375012
1657810800000,9860.47505937501
1657814400000,9882.636935539393
1657818000000,9877.334315539394
1657821600000,9903.697965539393
1657825200000,9904.222135539394
1657828800000,9902.815405539393
1657832400000,9902.464625539395
1657836000000,9897.005955539393
1657839600000,9898.114875539393
1657843200000,9901.368409772873
1657846800000,9894.999779772874
1657850400000,9912.027799772872
1657854000000,9900.353459772872
1657857600000,9903.546839772873
1657861200000,9900.55137977287
1657864800000,9906.684369772873
1657868400000,9902.908479772874
1657872000000,9910.608805522574
1657875600000,9910.427145522573
1657879200000,9914.698475522575
1657882800000,9914.362785522573
1657886400000,9910.291785522575
1657890000000,9919.347215522574
1657893600000,9921.278235522574
1657897200000,9917.785745522575
1657900800000,9913.443026247243
1657904400000,9910.387876247245
1657908000000,9913.163096247245
1657911600000,9928.117256247244
1657915200000,9932.651456247244
1657918800000,9927.309836247243
1657922400000,9928.669766247243
1657926000000,9924.191016247245
1657929600000,9917.707879651163
1657933200000,9910.357499651163
1657936800000,9911.939969651165
1657940400000,9910.848809651163
1657944000000,9912.632916707602
1657947600000,9912.677916707602
1657951200000,9909.835716707603
1657954800000,9909.227316707602
1657958400000,9909.109547684544
1657962000000,9910.097747684546
1657965600000,9910.238147684544
1657969200000,9910.619747684545
1657972800000,9910.396547684544
1657976400000,9911.877947684545
1657980000000,9913.937147684544
1657983600000,9914.142347684545
1657987200000,9916.038160175087
1657990800000,9916.038160175087
1657994400000,9916.038160175087
1657998000000,9916.038160175087
1658001600000,9916.038160175087
1658005200000,9916.038160175087
1658008800000,9916.038160175087
1658012400000,9916.038160175087
1658016000000,9916.038160175087
1658019600000,9916.038160175087
1658023200000,9916.038160175087
1658026800000,9916.038160175087
1658030400000,9916.038160175087
1658034000000,9916.038160175087
1658037600000,9916.038160175087
1658041200000,9916.038160175087
1658044800000,9916.038160175087
1658048400000,9916.038160175087
1658052000000,9916.038160175087
1658055600000,9916.038160175087
1658059200000,9916.038160175087
1658062800000,9916.038160175087
1658066400000,9916.038160175087
1658070000000,9916.038160175087
1658073600000,9916.038160175087
1658077200000,9916.038160175087
1658080800000,9916.038160175087
1658084400000,9916.038160175087
1658088000000,9916.038160175087
1658091600000,9916.038160175087
1658095200000,9916.038160175087
1658098800000,9916.038160175087
1658102400000,9916.038160175087
1658106000000,9916.038160175087
1658109600000,9916.038160175087
1658113200000,9916.038160175087
1658116800000,9916.038160175087
1658120400000,9916.038160175087
1658124000000,9916.038160175087
1658127600000,9916.038160175087
1658131200000,9916.038160175087
1658134800000,9916.038160175087
1658138400000,9916.038160175087
1658142000000,9916.038160175087
1658145600000,9916.038160175087
1658149200000,9916.038160175087
1658152800000,9916.038160175087
1658156400000,9916.038160175087
1658160000000,9916.038160175087
1658163600000,9916.038160175087
1658167200000,9916.038160175087
1658170800000,9916.038160175087
1658174400000,9916.038160175087
1658178000000,9916.038160175087
1658181600000,9916.038160175087
1658185200000,9916.038160175087
1658188800000,9916.038160175087
1658192400000,9916.038160175087
1658196000000,9916.038160175087
1658199600000,9916.038160175087
1658203200000,9916.038160175087
1658206800000,9916.038160175087
1658210400000,9916.038160175087
1658214000000,9916.038160175087
1658217600000,9916.038160175087
1658221200000,9916.038160175087
1658224800000,9916.038160175087
1658228400000,9916.038160175087
1658232000000,9916.038160175087
1658235600000,9916.038160175087
1658239200000,9916.038160175087
1658242800000,9916.038160175087
1658246400000,9916.038160175087
1658250000000,9916.038160175087
1658253600000,9916.038160175087
1658257200000,9916.038160175087
1658260800000,9916.038160175087
1658264400000,9916.038160175087
1658268000000,9916.038160175087
1658271600000,9916.038160175087
1658275200000,9916.038160175087
1658278800000,9916.038160175087
1658282400000,9916.038160175087
1658286000000,9916.038160175087
1658289600000,9916.038160175087
1658293200000,9916.038160175087
1658296800000,9916.038160175087
1658300400000,9916.038160175087
1658304000000,9916.038160175087
1658307600000,9916.038160175087
1658311200000,9916.038160175087
1658314800000,9916.038160175087
1658318400000,9916.038160175087
1658322000000,9916.038160175087
1658325600000,9916.038160175087
1658329200000,9916.038160175087
1658332800000,9916.038160175087
1658336400000,9916.038160175087
1658340000000,9916.038160175087
1658343600000,9916.038160175087
1658347200000,9916.038160175087
1658350800000,9916.038160175087
1658354400000,9916.038160175087
1658358000000,9916.038160175087
1658361600000,9916.038160175087
1658365200000,9916.038160175087
1658368800000,9916.038160175087
1658372400000,9916.038160175087
1658376000000,9916.038160175087
1658379600000,9916.038160175087
1658383200000,9916.038160175087
1658386800000,9916.038160175087
1658390400000,9916.038160175087
1658394000000,9916.038160175087
1658397600000,9916.038160175087
1658401200000,9916.038160175087
1658404800000,9916.038160175087
1658408400000,9916.038160175087
1658412000000,9916.038160175087
1658415600000,9916.038160175087
1658419200000,9916.038160175087
1658422800000,9916.038160175087
1658426400000,9916.038160175087
1658430000000,9916.038160175087
1658433600000,9916.038160175087
1658437200000,9916.038160175087
1658440800000,9916.038160175087
1658444400000,9916.038160175087
1658448000000,9916.038160175087
1658451600000,9916.038160175087
1658455200000,9916.038160175087
1658458800000,9916.038160175087
1658462400000,9916.038160175087
1658466000000,9916.038160175087
1658469600000,9916.038160175087
1658473200000,9916.038160175087
1658476800000,9916.038160175087
1658480400000,9916.038160175087
1658484000000,9916.038160175087
1658487600000,9916.038160175087
1658491200000,9916.038160175087
1658494800000,9916.038160175087
1658498400000,9916.038160175087
1658502000000,9916.038160175087
1658505600000,9916.038160175087
1658509200000,9916.038160175087
1658512800000,9916.038160175087
1658516400000,9916.038160175087
1658520000000,9916.038160175087
1658523600000,9916.038160175087
1658527200000,9916.038160175087
1658530800000,9916.038160175087
1658534400000,9916.038160175087
1658538000000,9916.038160175087
1658541600000,9916.038160175087
1658545200000,9916.038160175087
1658548800000,9916.038160175087
1658552400000,9916.038160175087
1658556000000,9916.038160175087
1658559600000,9916.038160175087
1658563200000,9916.038160175087
1658566800000,9916.038160175087
1658570400000,9916.038160175087
1658574000000,9916.038160175087
1658577600000,9916.038160175087
1658581200000,9916.038160175087
1658584800000,9916.038160175087
1658588400000,9916.038160175087
1658592000000,9916.038160175087
1658595600000,9916.038160175087
1658599200000,9916.038160175087
1658602800000,9916.038160175087
1658606400000,9916.038160175087
1658610000000,9916.038160175087
1658613600000,9916.038160175087
1658617200000,9916.038160175087
1658620800000,9916.038160175087
1658624400000,9916.038160175087
1658628000000,9916.038160175087
1658631600000,9916.038160175087
1658635200000,9916.038160175087
1658638800000,9916.038160175087
1658642400000,9916.038160175087
1658646000000,9916.038160175087
1658649600000,9916.038160175087
1658653200000,9916.038160175087
1658656800000,9916.038160175087
1658660400000,9916.038160175087
1658664000000,9916.038160175087
1658667600000,9916.038160175087
1658671200000,9916.038160175087
1658674800000,9916.038160175087
1658678400000,9916.038160175087
1658682000000,9916.038160175087
1658685600000,9916.038160175087
1658689200000,9916.038160175087
1658692800000,9916.038160175087
1658696400000,9916.038160175087
1658700000000,9916.038160175087
1658703600000,9916.038160175087
1658707200000,9916.038160175087
1658710800000,9916.038160175087
1658714400000,9916.038160175087
1658718000000,9916.038160175087
1658721600000,9916.038160175087
1658725200000,9916.038160175087
1658728800000,9916.038160175087
1658732400000,9916.038160175087
1658736000000,9916.038160175087
1658739600000,9916.038160175087
1658743200000,9916.038160175087
1658746800000,9916.038160175087
1658750400000,9916.038160175087
1658754000000,9916.038160175087
1658757600000,9916.038160175087
1658761200000,9916.038160175087
1658764800000,9916.038160175087
1658768400000,9916.038160175087
1658772000000,9916.038160175087
1658775600000,9916.038160175087
1658779200000,9916.038160175087
1658782800000,9916.038160175087
1658786400000,9916.038160175087
1658790000000,9916.038160175087
1658793600000,9916.038160175087
1658797200000,9916.038160175087
1658800800000,9916.038160175087
1658804400000,9916.038160175087
1658808000000,9916.038160175087
1658811600000,9916.038160175087
1658815200000,9916.038160175087
1658818800000,9916.038160175087
1658822400000,9916.038160175087
1658826000000,9916.038160175087
1658829600000,9916.038160175087
1658833200000,9916.038160175087
1658836800000,9916.038160175087
1658840400000,9916.038160175087
1658844000000,9916.038160175087
1658847600000,9916.038160175087
1658851200000,9916.038160175087
1658854800000,9916.038160175087
1658858400000,9916.038160175087
1658862000000,9916.038160175087
1658865600000,9916.038160175087
1658869200000,9916.038160175087
1658872800000,9916.038160175087
1658876400000,9916.038160175087
1658880000000,9916.038160175087
1658883600000,9916.038160175087
1658887200000,9916.038160175087
1658890800000,9916.038160175087
1658894400000,9916.038160175087
1658898000000,9916.038160175087
1658901600000,9916.038160175087
1658905200000,9916.038160175087
1658908800000,9916.038160175087
1658912400000,9916.038160175087
1658916000000,9916.038160175087
1658919600000,9916.038160175087
1658923200000,9916.038160175087
1658926800000,9916.038160175087
1658930400000,9916.038160175087
1658934000000,9916.038160175087
1658937600000,9916.038160175087
1658941200000,9916.038160175087
1658944800000,9916.038160175087
1658948400000,9916.038160175087
1658952000000,9916.038160175087
1658955600000,9916.038160175087
1658959200000,9916.038160175087
1658962800000,9916.038160175087
1658966400000,9916.038160175087
1658970000000,9916.038160175087
1658973600000,9916.038160175087
1658977200000,9916.038160175087
1658980800000,9916.038160175087
1658984400000,9916.038160175087
1658988000000,9916.038160175087
1658991600000,9916.038160175087
1658995200000,9916.038160175087
1658998800000,9916.038160175087
1659002400000,9916.038160175087
1659006000000,9916.038160175087
1659009600000,9916.038160175087
1659013200000,9916.038160175087
1659016800000,9916.038160175087
1659020400000,9916.038160175087
1659024000000,9916.038160175087
1659027600000,9916.038160175087
1659031200000,9916.038160175087
1659034800000,9916.038160175087
1659038400000,9916.038160175087
1659042000000,9916.038160175087
1659045600000,9916.038160175087
1659049200000,9916.038160175087
1659052800000,9916.038160175087
1659056400000,9916.038160175087
1659060000000,9916.038160175087
1659063600000,9916.038160175087
1659067200000,9916.038160175087
1659070800000,9916.038160175087
1659074400000,9916.038160175087
1659078000000,9916.038160175087
1659081600000,9916.038160175087
1659085200000,9916.038160175087
1659088800000,9916.038160175087
1659092400000,9916.038160175087
1659096000000,9916.038160175087
1659099600000,9916.038160175087
1659103200000,9916.038160175087
1659106800000,9916.038160175087
1659110400000,9916.038160175087
1659114000000,9916.038160175087
1659117600000,9916.038160175087
1659121200000,9916.038160175087
1659124800000,9916.038160175087
1659128400000,9916.038160175087
1659132000000,9916.038160175087
1659135600000,9916.038160175087
1659139200000,9916.038160175087
1659142800000,9916.038160175087
1659146400000,9916.038160175087
1659150000000,9916.038160175087
1659153600000,9916.038160175087
1659157200000,9916.038160175087
1659160800000,9916.038160175087
1659164400000,9916.038160175087
1659168000000,9916.038160175087
1659171600000,9916.038160175087
1659175200000,9916.038160175087
1659178800000,9916.038160175087
1659182400000,9916.038160175087
1659186000000,9916.038160175087
1659189600000,9916.038160175087
1659193200000,9916.038160175087
1659196800000,9916.038160175087
1659200400000,9916.038160175087
1659204000000,9916.038160175087
1659207600000,9916.038160175087
1659211200000,9916.038160175087
1659214800000,9916.038160175087
1659218400000,9916.038160175087
1659222000000,9916.038160175087
1659225600000,9916.038160175087
1659229200000,9916.038160175087
1659232800000,9916.038160175087
1659236400000,9916.038160175087
1659240000000,9916.038160175087
1659243600000,9916.038160175087
1659247200000,9916.038160175087
1659250800000,9916.038160175087
1659254400000,9916.038160175087
1659258000000,9916.038160175087
1659261600000,9916.038160175087
1659265200000,9916.038160175087
1659268800000,9916.038160175087
1659272400000,9916.038160175087
1659276000000,9916.038160175087
1659279600000,9916.038160175087
1659283200000,9916.038160175087
1659286800000,9916.038160175087
1659290400000,9916.038160175087
1659294000000,9916.038160175087
1659297600000,9916.038160175087
1659301200000,9916.038160175087
1659304800000,9916.038160175087
1659308400000,9916.038160175087
1659312000000,9916.038160175087
1659315600000,9916.038160175087
1659319200000,9916.038160175087
1659322800000,9916.038160175087
1659326400000,9916.038160175087
1659330000000,9916.038160175087
1659333600000,9916.038160175087
1659337200000,9916.038160175087
1659340800000,9916.038160175087
1659344400000,9916.038160175087
1659348000000,9916.038160175087
1659351600000,9916.038160175087
1659355200000,9916.038160175087
1659358800000,9916.038160175087
1659362400000,9916.038160175087
1659366000000,9916.038160175087
1659369600000,9916.038160175087
1659373200000,9916.038160175087
1659376800000,9916.038160175087
1659380400000,9916.038160175087
1659384000000,9916.038160175087
1659387600000,9916.038160175087
1659391200000,9916.038160175087
1659394800000,9916.038160175087
1659398400000,9916.038160175087
1659402000000,9916.038160175087
1659405600000,9916.038160175087
1659409200000,9916.038160175087
1659412800000,9916.038160175087
1659416400000,9916.038160175087
1659420000000,9916.038160175087
1659423600000,9916.038160175087
1659427200000,9916.038160175087
1659430800000,9916.038160175087
1659434400000,9916.038160175087
1659438000000,9916.038160175087
1659441600000,9916.038160175087
1659445200000,9916.038160175087
1659448800000,9916.038160175087
1659452400000,9916.038160175087
1659456000000,9916.038160175087
1659459600000,9916.038160175087
1659463200000,9916.038160175087
1659466800000,9916.038160175087
1659470400000,9916.038160175087
1659474000000,9916.038160175087
1659477600000,9916.038160175087
1659481200000,9916.038160175087
1659484800000,9916.038160175087
1659488400000,9916.038160175087
1659492000000,9916.038160175087
1659495600000,9916.038160175087
1659499200000,9916.038160175087
1659502800000,9916.038160175087
1659506400000,9916.038160175087
1659510000000,9916.038160175087
1659513600000,9916.038160175087
1659517200000,9916.038160175087
1659520800000,9916.038160175087
1659524400000,9916.038160175087
1659528000000,9916.038160175087
1659531600000,9916.038160175087
1659535200000,9916.038160175087
1659538800000,9916.038160175087
1659542400000,9916.038160175087
1659546000000,9916.038160175087
1659549600000,9916.038160175087
1659553200000,9916.038160175087
1659556800000,9916.038160175087
1659560400000,9916.038160175087
1659564000000,9916.038160175087
1659567600000,9916.038160175087
1659571200000,9916.038160175087
1659574800000,9916.038160175087
1659578400000,9916.038160175087
1659582000000,9916.038160175087
1659585600000,9916.038160175087
1659589200000,9916.038160175087
1659592800000,9916.038160175087
1659596400000,9916.038160175087
1659600000000,9916.038160175087
1659603600000,9916.038160175087
1659607200000,9916.038160175087
1659610800000,9916.038160175087
1659614400000,9916.038160175087
1659618000000,9916.038160175087
1659621600000,9916.038160175087
1659625200000,9916.038160175087
1659628800000,9916.038160175087
1659632400000,9916.038160175087
1659636000000,9916.038160175087
1659639600000,9916.038160175087
1659643200000,9916.038160175087
1659646800000,9916.038160175087
1659650400000,9916.038160175087
1659654000000,9916.038160175087
1659657600000,9916.038160175087
1659661200000,9916.038160175087
1659664800000,9916.038160175087
1659668400000,9916.038160175087
1659672000000,9916.038160175087
1659675600000,9916.038160175087
1659679200000,9916.038160175087
1659682800000,9916.038160175087
1659686400000,9916.038160175087
1659690000000,9916.038160175087
1659693600000,9916.038160175087
1659697200000,9916.038160175087
1659700800000,9916.038160175087
1659704400000,9916.038160175087
1659708000000,9916.038160175087
1659711600000,9916.038160175087
1659715200000,9916.038160175087
1659718800000,9916.038160175087
1659722400000,9916.038160175087
1659726000000,9916.038160175087
1659729600000,9916.038160175087
1659733200000,9916.038160175087
1659736800000,9916.038160175087
1659740400000,9916.038160175087
1659744000000,9916.038160175087
1659747600000,9916.038160175087
1659751200000,9916.038160175087
1659754800000,9916.038160175087
1659758400000,9916.038160175087
1659762000000,9916.038160175087
1659765600000,9916.038160175087
1659769200000,9916.038160175087
1659772800000,9916.038160175087
1659776400000,9916.038160175087
1659780000000,9916.038160175087
1659783600000,9916.038160175087
1659787200000,9916.038160175087
1659790800000,9916.038160175087
1659794400000,9916.038160175087
1659798000000,9916.038160175087
1659801600000,9916.038160175087
1659805200000,9916.038160175087
1659808800000,9916.038160175087
1659812400000,9916.038160175087
1659816000000,9916.038160175087
1659819600000,9916.038160175087
1659823200000,9916.038160175087
1659826800000,9916.038160175087
1659830400000,9916.038160175087
1659834000000,9916.038160175087
1659837600000,9916.038160175087
1659841200000,9916.038160175087
1659844800000,9916.038160175087
1659848400000,9916.038160175087
1659852000000,9916.038160175087
1659855600000,9916.038160175087
1659859200000,9916.038160175087
1659862800000,9916.038160175087
1659866400000,9916.038160175087
1659870000000,9916.038160175087
1659873600000,9916.038160175087
1659877200000,9916.038160175087
1659880800000,9916.038160175087
1659884400000,9916.038160175087
1659888000000,9916.038160175087
1659891600000,9916.038160175087
1659895200000,9916.038160175087
1659898800000,9916.038160175087
1659902400000,9916.038160175087
1659906000000,9916.038160175087
1659909600000,9916.038160175087
1659913200000,9916.038160175087
1659916800000,9916.038160175087
1659920400000,9916.038160175087
1659924000000,9916.038160175087
1659927600000,9916.038160175087
1659931200000,9916.038160175087
1659934800000,9916.038160175087
1659938400000,9916.038160175087
1659942000000,9916.038160175087
1659945600000,9916.038160175087
1659949200000,9916.038160175087
1659952800000,9916.038160175087
1659956400000,9916.038160175087
1659960000000,9916.038160175087
1659963600000,9916.038160175087
1659967200000,9916.038160175087
1659970800000,9916.038160175087
1659974400000,9916.038160175087
1659978000000,9916.038160175087
1659981600000,9916.038160175087
1659985200000,9916.038160175087
1659988800000,9916.038160175087
1659992400000,9916.038160175087
1659996000000,9916.038160175087
1659999600000,9916.038160175087
1660003200000,9916.038160175087
1660006800000,9916.038160175087
1660010400000,9916.038160175087
1660014000000,9916.038160175087
1660017600000,9916.038160175087
1660021200000,9916.038160175087
1660024800000,9916.038160175087
1660028400000,9916.038160175087
1660032000000,9916.038160175087
1660035600000,9916.038160175087
1660039200000,9916.038160175087
1660042800000,9916.038160175087
1660046400000,9916.038160175087
1660050000000,9916.038160175087
1660053600000,9916.038160175087
1660057200000,9916.038160175087
1660060800000,9916.038160175087
1660064400000,9916.038160175087
1660068000000,9916.038160175087
1660071600000,9916.038160175087
1660075200000,9916.038160175087
1660078800000,9916.038160175087
1660082400000,9916.038160175087
1660086000000,9916.038160175087
1660089600000,9916.038160175087
1660093200000,9916.038160175087
1660096800000,9916.038160175087
1660100400000,9916.038160175087
1660104000000,9916.038160175087
1660107600000,9916.038160175087
1660111200000,9916.038160175087
1660114800000,9916.038160175087
1660118400000,9916.038160175087
1660122000000,9916.038160175087
1660125600000,9916.038160175087
1660129200000,9916.038160175087
1660132800000,9916.038160175087
1660136400000,9916.038160175087
1660140000000,9916.038160175087
1660143600000,9916.038160175087
1660147200000,9916.038160175087
1660150800000,9916.038160175087
1660154400000,9916.038160175087
1660158000000,9916.038160175087
1660161600000,9916.038160175087
1660165200000,9916.038160175087
1660168800000,9916.038160175087
1660172400000,9916.038160175087
1660176000000,9916.038160175087
1660179600000,9916.038160175087
1660183200000,9916.038160175087
1660186800000,9916.038160175087
1660190400000,9916.038160175087
1660194000000,9916.038160175087
1660197600000,9916.038160175087
1660201200000,9916.038160175087
1660204800000,9916.038160175087
1660208400000,9916.038160175087
1660212000000,9916.038160175087
1660215600000,9916.038160175087
1660219200000,9916.038160175087
1660222800000,9916.038160175087
1660226400000,9916.038160175087
1660230000000,9916.038160175087
1660233600000,9916.038160175087
1660237200000,9916.038160175087
1660240800000,9916.038160175087
1660244400000,9916.038160175087
1660248000000,9916.038160175087
1660251600000,9916.038160175087
1660255200000,9916.038160175087
1660258800000,9916.038160175087
1660262400000,9916.038160175087
1660266000000,9916.038160175087
1660269600000,9916.038160175087
1660273200000,9916.038160175087
1660276800000,9916.038160175087
1660280400000,9916.038160175087
1660284000000,9916.038160175087
1660287600000,9916.038160175087
1660291200000,9916.038160175087
1660294800000,9916.038160175087
1660298400000,9916.038160175087
1660302000000,9916.038160175087
1660305600000,9916.038160175087
1660309200000,9916.038160175087
1660312800000,9916.038160175087
1660316400000,9916.038160175087
1660320000000,9916.038160175087
1660323600000,9916.038160175087
1660327200000,9916.038160175087
1660330800000,9916.038160175087
1660334400000,9916.038160175087
1660338000000,9916.038160175087
1660341600000,9916.038160175087
1660345200000,9916.038160175087
1660348800000,9916.038160175087
1660352400000,9916.038160175087
1660356000000,9916.038160175087
1660359600000,9916.038160175087
1660363200000,9916.038160175087
1660366800000,9916.038160175087
1660370400000,9916.038160175087
1660374000000,9916.038160175087
1660377600000,9916.038160175087
1660381200000,9916.038160175087
1660384800000,9916.038160175087
1660388400000,9916.038160175087
1660392000000,9916.038160175087
1660395600000,9916.038160175087
1660399200000,9916.038160175087
1660402800000,9916.038160175087
1660406400000,9916.038160175087
1660410000000,9916.038160175087
1660413600000,9916.038160175087
1660417200000,9916.038160175087
1660420800000,9916.038160175087
1660424400000,9916.038160175087
1660428000000,9916.038160175087
1660431600000,9916.038160175087
1660435200000,9916.038160175087
1660438800000,9916.038160175087
1660442400000,9916.038160175087
1660446000000,9916.038160175087
1660449600000,9916.038160175087
1660453200000,9916.038160175087
1660456800000,9916.038160175087
1660460400000,9916.038160175087
1660464000000,9916.038160175087
1660467600000,9916.038160175087
1660471200000,9916.038160175087
1660474800000,9916.038160175087
1660478400000,9916.038160175087
1660482000000,9916.038160175087
1660485600000,9916.038160175087
1660489200000,9916.038160175087
1660492800000,9916.038160175087
1660496400000,9916.038160175087
1660500000000,9916.038160175087
1660503600000,9916.038160175087
1660507200000,9916.038160175087
1660510800000,9916.038160175087
1660514400000,9916.038160175087
1660518000000,9916.038160175087
1660521600000,9916.038160175087
1660525200000,9916.038160175087
1660528800000,9916.038160175087
1660532400000,9916.038160175087
1660536000000,9916.038160175087
1660539600000,9916.038160175087
1660543200000,9916.038160175087
1660546800000,9916.038160175087
1660550400000,9916.038160175087
1660554000000,9916.038160175087
1660557600000,9916.038160175087
1660561200000,9916.038160175087
1660564800000,9916.038160175087
1660568400000,9916.038160175087
1660572000000,9916.038160175087
1660575600000,9916.038160175087
1660579200000,9916.038160175087
1660582800000,9916.038160175087
1660586400000,9916.038160175087
1660590000000,9916.038160175087
1660593600000,9916.038160175087
1660597200000,9916.038160175087
1660600800000,9916.038160175087
1660604400000,9916.038160175087
1660608000000,9916.038160175087
1660611600000,9916.038160175087
1660615200000,9916.038160175087
1660618800000,9916.038160175087
1660622400000,9916.038160175087
1660626000000,9916.038160175087
1660629600000,9916.038160175087
1660633200000,9916.038160175087
1660636800000,9916.038160175087
1660640400000,9916.038160175087
1660644000000,9916.038160175087
1660647600000,9916.038160175087
1660651200000,9916.038160175087
1660654800000,9916.038160175087
1660658400000,9916.038160175087
1660662000000,9916.038160175087
1660665600000,9916.038160175087
1660669200000,9916.038160175087
1660672800000,9916.038160175087
1660676400000,9916.038160175087
1660680000000,9916.038160175087
1660683600000,9916.038160175087
1660687200000,9916.038160175087
1660690800000,9916.038160175087
1660694400000,9916.038160175087
1660698000000,9916.038160175087
1660701600000,9916.038160175087
1660705200000,9916.038160175087
1660708800000,9916.038160175087
1660712400000,9916.038160175087
1660716000000,9916.038160175087
1660719600000,9916.038160175087
1660723200000,9916.038160175087
1660726800000,9916.038160175087
1660730400000,9916.038160175087
1660734000000,9916.038160175087
1660737600000,9916.038160175087
1660741200000,9916.038160175087
1660744800000,9916.038160175087
1660748400000,9916.038160175087
1660752000000,9916.038160175087
1660755600000,9916.038160175087
1660759200000,9916.038160175087
1660762800000,9916.038160175087
1660766400000,9916.038160175087
1660770000000,9916.038160175087
1660773600000,9916.038160175087
1660777200000,9916.038160175087
1660780800000,9916.038160175087
1660784400000,9916.038160175087
1660788000000,9916.038160175087
1660791600000,9916.038160175087
1660795200000,9916.038160175087
1660798800000,9916.038160175087
1660802400000,9916.038160175087
1660806000000,9916.038160175087
1660809600000,9916.038160175087
1660813200000,9916.038160175087
1660816800000,9916.038160175087
1660820400000,9916.038160175087
1660824000000,9916.038160175087
1660827600000,9916.038160175087
1660831200000,9916.038160175087
1660834800000,9916.038160175087
1660838400000,9916.038160175087
1660842000000,9916.038160175087
1660845600000,9916.038160175087
1660849200000,9916.038160175087
1660852800000,9916.038160175087
1660856400000,9916.038160175087
1660860000000,9916.038160175087
1660863600000,9916.038160175087
1660867200000,9916.038160175087
1660870800000,9916.038160175087
1660874400000,9916.038160175087
1660878000000,9916.038160175087
1660881600000,9916.038160175087
1660885200000,9916.038160175087
1660888800000,9916.038160175087
1660892400000,9916.038160175087
1660896000000,9916.038160175087
1660899600000,9916.038160175087
1660903200000,9916.038160175087
1660906800000,9916.038160175087
1660910400000,9916.038160175087
1660914000000,9916.038160175087
1660917600000,9916.038160175087
1660921200000,9916.038160175087
1660924800000,9916.038160175087
1660928400000,9916.038160175087
1660932000000,9916.038160175087
1660935600000,9916.038160175087
1660939200000,9916.207720487468
1660942800000,9915.012620487467
1660946400000,9910.568520487468
1660950000000,9909.622320487468
1660953600000,9906.762386968268
1660957200000,9909.589586968268
1660960800000,9909.382486968268
1660964400000,9911.956986968267
1660968000000,9912.002586968269
1660971600000,9913.661286968269
1660975200000,9912.065286968267
1660978800000,9916.266186968269
1660982400000,9914.913984644085
1660986000000,9913.407284644085
1660989600000,9913.435784644085
1660993200000,9913.861384644086
1660996800000,9914.180584644086
1661000400000,9914.347784644086
1661004000000,9915.740484644086
1661007600000,9914.410484644086
1661011200000,9915.375770406237
1661014800000,9910.61517040624
1661018400000,9910.679000406237
1661022000000,9900.397580406237
1661025600000,9896.737700406238
1661029200000,9888.560870406238
1661032800000,9900.51653040624
1661036400000,9901.135330406238
1661040000000,9901.904315797727
1661043600000,9902.406805797726
1661047200000,9906.678245797726
1661050800000,9906.811615797726
1661054400000,9904.575955797725
1661058000000,9904.320205797725
1661061600000,9905.368635797726
1661065200000,9900.227475797725
1661068800000,9905.616097189508
1661072400000,9909.212527189507
1661076000000,9914.512877189509
1661079600000,9914.241707189509
1661083200000,9918.500237189508
1661086800000,9916.219147189508
1661090400000,9913.376937189507
1661094000000,9914.021747189508
1661097600000,9915.474334450962
1661101200000,9915.046234450961
1661104800000,9916.166144450963
1661108400000,9916.33286445096
1661112000000,9917.425684450962
1661115600000,9916.254394450962
1661119200000,9915.791744450962
1661122800000,9917.74493445096
1661126400000,9916.405444869895
1661130000000,9913.591604869896
1661133600000,9912.723554869895
1661137200000,9913.844014869896
1661140800000,9910.011724869895
1661144400000,9913.585874869896
1661148000000,9911.740934869897
1661151600000,9906.895434869897
1661155200000,9897.51792836322
1661158800000,9899.378058363221
1661162400000,9900.46525836322
1661166000000,9904.32079836322
1661169600000,9903.134548363221
1661173200000,9900.573138363221
1661176800000,9903.221968363221
1661180400000,9900.71617836322
1661184000000,9910.480526350037
1661187600000,9906.010046350037
1661191200000,9903.220256350036
1661194800000,9896.308366350037
1661198400000,9898.25930290638
1661202000000,9900.409092906379
1661205600000,9898.88401290638
1661209200000,9901.70505290638
1661212800000,9908.466503807618
1661216400000,9908.069123807618
1661220000000,9908.419963807617
1661223600000,9908.867463807617
1661227200000,9906.184253807618
1661230800000,9905.872793807617
1661234400000,9899.405523807618
1661238000000,9899.187143807618
1661241600000,9904.576623840618
1661245200000,9905.91196384062
1661248800000,9906.327243840618
1661252400000,9905.562913840618
1661256000000,9907.614253840618
1661259600000,9906.185833840618
1661263200000,9911.539723840619
1661266800000,9909.547453840618
1661270400000,9911.174871914385
1661274000000,9911.174871914385
1661277600000,9911.174871914385
1661281200000,9911.174871914385
1661284800000,9911.032096417475
1661288400000,9910.651036417474
1661292000000,9910.346536417475
1661295600000,9911.752456417475
1661299200000,9913.512941425262
1661302800000,9909.204701425262
1661306400000,9906.10402142526
1661310000000,9904.243961425262
1661313600000,9904.851221425262
1661317200000,9906.323261425261
1661320800000,9909.02200142526
1661324400000,9910.68718142526
1661328000000,9906.924885014674
1661331600000,9908.610945014674
1661335200000,9908.419545014674
1661338800000,9907.410345014674
1661342400000,9911.588085014673
1661346000000,9911.970885014674
1661349600000,9911.622885014674
1661353200000,9910.853805014674
1661356800000,9917.238030156408
1661360400000,9915.906930156407
1661364000000,9914.071230156407
1661367600000,9914.332230156408
1661371200000,9916.046130156408
1661374800000,9916.609890156407
1661378400000,9915.344910156407
1661382000000,9912.816690156407
1661385600000,9911.980388117854
1661389200000,9914.106668117854
1661392800000,9915.422108117855
1661396400000,9915.740528117854
1661400000000,9914.546888117855
1661403600000,9915.585668117854
1661407200000,9916.365188117854
1661410800000,9919.610288117854
1661414400000,9921.273898635398
1661418000000,9921.115558635398
1661421600000,9920.419558635396
1661425200000,9918.902278635396
1661428800000,9921.409618635396
1661432400000,9920.504818635398
1661436000000,9921.345238635397
1661439600000,9921.891598635397
1661443200000,9919.726201737853
1661446800000,9918.854461737854
1661450400000,9920.721481737854
1661454000000,9920.119441737854
1661457600000,9921.031201737853
1661461200000,9921.081661737853
1661464800000,9919.703581737853
1661468400000,9918.889261737853
1661472000000,9918.294499960926
1661475600000,9915.614899960927
1661479200000,9917.133919960927
1661482800000,9917.758579960926
1661486400000,9917.339239960926
1661490000000,9916.540579960925
1661493600000,9912.733459960926
1661497200000,9912.813499960926
1661500800000,9912.597510661117
1661504400000,9912.712350661117
1661508000000,9912.877650661116
1661511600000,9911.315130661116
1661515200000,9907.407090661116
1661518800000,9917.171970661117
1661522400000,9917.408610661116
1661526000000,9906.559710661117
1661529600000,9900.130185045942
1661533200000,9896.267385045941
1661536800000,9893.831205045943
1661540400000,9892.975725045942
1661544000000,9891.916722578886
1661547600000,9892.121422578886
1661551200000,9891.475122578886
1661554800000,9890.936922578887
1661558400000,9882.035191559607
1661562000000,9884.151191559607
1661565600000,9883.086291559606
1661569200000,9881.664891559607
1661572800000,9881.105553708465
1661576400000,9878.425163708465
1661580000000,9877.286573708467
1661583600000,9879.273043708467
1661587200000,9883.683585387345
1661590800000,9880.895075387347
1661594400000,9879.591785387345
1661598000000,9881.076785387346
1661601600000,9882.135745387346
1661605200000,9881.336425387348
1661608800000,9880.271645387345
1661612400000,9876.866735387346
1661616000000,9871.625160340063
1661619600000,9871.723370340063
1661623200000,9871.399120340064
1661626800000,9870.127030340065
1661630400000,9873.450720340064
1661634000000,9873.124910340062
1661637600000,9867.168470340064
1661641200000,9873.717860340063
1661644800000,9875.19087351886
1661648400000,9873.75570351886
1661652000000,9876.096323518861
1661655600000,9875.28298351886
1661659200000,9874.952603518861
1661662800000,9873.98019351886
1661666400000,9875.827713518862
1661670000000,9876.59213351886
1661673600000,9877.530388617883
1661677200000,9875.852648617882
1661680800000,9875.107668617882
1661684400000,9873.678558617881
1661688000000,9874.772968617883
1661691600000,9869.158248617883
1661695200000,9870.990778617881
1661698800000,9869.861658617883
1661702400000,9875.911276261879
1661706000000,9873.29851626188
1661709600000,9873.456666261878
1661713200000,9874.69826626188
1661716800000,9872.777296261878
1661720400000,9873.174686261878
1661724000000,9870.85097626188
1661727600000,9867.445556261879
1661731200000,9857.42332340684
1661734800000,9857.83502340684
1661738400000,9858.63157340684
1661742000000,9860.49496340684
1661745600000,9862.30107340684
1661749200000,9861.074923406839
1661752800000,9859.775383406839
1661756400000,9861.80703340684
1661760000000,9862.060837410358
1661763600000,9860.329907410358
1661767200000,9861.556057410358
1661770800000,9861.251757410359
1661774400000,9861.088867410359
1661778000000,9866.041797410358
1661781600000,9869.569887410358
1661785200000,9872.306797410358
1661788800000,9873.771236329776
1661792400000,9876.434756329776
1661796000000,9877.063046329775
1661799600000,9876.108976329775
1661803200000,9875.765296329775
1661806800000,9877.868546329775
1661810400000,9877.709236329776
1661814000000,9877.089896329775
1661817600000,9879.262430486779
1661821200000,9877.944990486778
1661824800000,9875.562500486778
1661828400000,9876.486140486779
1661832000000,9877.789836575328
1661835600000,9877.789836575328
1661839200000,9877.789836575328
1661842800000,9877.789836575328
1661846400000,9877.789836575328
1661850000000,9877.789836575328
1661853600000,9877.789836575328
1661857200000,9877.789836575328
1661860800000,9877.789836575328
1661864400000,9877.789836575328
1661868000000,9877.789836575328
1661871600000,9877.789836575328
1661875200000,9877.789836575328
1661878800000,9877.789836575328
1661882400000,9877.789836575328
1661886000000,9877.789836575328
1661889600000,9877.789836575328
1661893200000,9877.789836575328
1661896800000,9877.789836575328
1661900400000,9877.789836575328
1661904000000,9877.789836575328
1661907600000,9877.789836575328
1661911200000,9877.789836575328
1661914800000,9877.789836575328
1661918400000,9877.789836575328
1661922000000,9877.789836575328
1661925600000,9877.789836575328
1661929200000,9877.789836575328
1661932800000,9877.789836575328
1661936400000,9877.789836575328
1661940000000,9877.789836575328
1661943600000,9877.789836575328
1661947200000,9877.789836575328
1661950800000,9877.789836575328
1661954400000,9877.789836575328
1661958000000,9877.789836575328
1661961600000,9877.789836575328
1661965200000,9877.789836575328
1661968800000,9877.789836575328
1661972400000,9877.789836575328
1661976000000,9877.789836575328
1661979600000,9877.789836575328
1661983200000,9877.789836575328
1661986800000,9877.789836575328
1661990400000,9877.789836575328
1661994000000,9877.789836575328
1661997600000,9877.789836575328
1662001200000,9877.789836575328
1662004800000,9877.789836575328
1662008400000,9877.789836575328
1662012000000,9877.789836575328
1662015600000,9877.789836575328
1662019200000,9877.789836575328
1662022800000,9877.789836575328
1662026400000,9877.789836575328
1662030000000,9877.789836575328
1662033600000,9877.789836575328
1662037200000,9877.789836575328
1662040800000,9877.789836575328
1662044400000,9877.789836575328
1662048000000,9877.789836575328
1662051600000,9877.789836575328
1662055200000,9877.789836575328
1662058800000,9877.789836575328
1662062400000,9877.733946247725
1662066000000,9879.973866247725
1662069600000,9880.725946247725
1662073200000,9880.768106247726
1662076800000,9880.269434073054
1662080400000,9880.190554073053
1662084000000,9879.393594073053
1662087600000,9880.148394073054
1662091200000,9881.949034073054
1662094800000,9881.604954073053
1662098400000,9881.135754073053
1662102000000,9880.771274073053
1662105600000,9881.600542128524
1662109200000,9881.095982128525
1662112800000,9881.491742128524
1662116400000,9881.149022128526
1662120000000,9881.780062128524
1662123600000,9885.502382128525
1662127200000,9886.050462128525
1662130800000,9887.749102128524
1662134400000,9887.672954983107
1662138000000,9883.592954983107
1662141600000,9879.896474983107
1662145200000,9879.749594983106
1662148800000,9876.879994983106
1662152400000,9878.647994983106
1662156000000,9879.463994983107
1662159600000,9879.896474983107
1662163200000,9878.87480533685
1662166800000,9879.375285336851
1662170400000,9878.926485336851
1662174000000,9877.958165336851
1662177600000,9877.037445336851
1662181200000,9877.801765336852
1662184800000,9878.50624533685
1662188400000,9877.72288533685
1662192000000,9874.885550003815
1662195600000,9875.010670003816
1662199200000,9876.041550003816
1662202800000,9876.479470003815
1662206400000,9875.357470003815
1662210000000,9876.752830003816
1662213600000,9877.171710003815
1662217200000,9875.497550003816
1662220800000,9875.588141452701
1662224400000,9875.695581452701
1662228000000,9876.1620614527
1662231600000,9875.8519814527
1662235200000,9875.554141452702
1662238800000,9876.170221452701
1662242400000,9876.179741452701
1662246000000,9876.5292614527
1662249600000,9876.61523444148
1662253200000,9876.88995444148
1662256800000,9876.44251444148
1662260400000,9876.23715444148
1662264000000,9876.04947444148
1662267600000,9876.60163444148
1662271200000,9876.10115444148
1662274800000,9875.45651444148
1662278400000,9875.0863742624
1662282000000,9876.1607742624
1662285600000,9876.2056542624
1662289200000,9876.3987742624
1662292800000,9878.7148542624
1662296400000,9878.4006942624
1662300000000,9875.7432542624
1662303600000,9876.4681342624
1662307200000,9877.181324586834
1662310800000,9878.316924586834
1662314400000,9878.395804586835
1662318000000,9877.881724586834
1662321600000,9877.995792928106
1662325200000,9877.995792928106
1662328800000,9877.995792928106
1662332400000,9877.995792928106
1662336000000,9877.995792928106
1662339600000,9877.995792928106
1662343200000,9877.995792928106
1662346800000,9877.995792928106
1662350400000,9877.995792928106
1662354000000,9877.995792928106
1662357600000,9877.995792928106
1662361200000,9877.995792928106
1662364800000,9877.572330730725
1662368400000,9879.438090730724
1662372000000,9878.778990730725
1662375600000,9877.646690730724
1662379200000,9878.789130730725
1662382800000,9881.236250730724
1662386400000,9881.743250730724
1662390000000,9887.421650730725
1662393600000,9890.49074308561
1662397200000,9889.68630308561
1662400800000,9888.88862308561
1662404400000,9885.62016308561
1662408000000,9885.87704308561
1662411600000,9889.79446308561
1662415200000,9888.37824308561
1662418800000,9892.54916308561
1662422400000,9896.922159146934
1662426000000,9913.460499146935
1662429600000,9903.377959146936
1662433200000,9905.024019146935
1662436800000,9904.576133618277
1662440400000,9902.100713618278
1662444000000,9908.672653618276
1662447600000,9915.351913618275
1662451200000,9914.788091180964
1662454800000,9919.279231180964
1662458400000,9913.374911180965
1662462000000,9915.775091180965
1662465600000,9918.634531180964
1662469200000,9915.769651180965
1662472800000,9904.194851180964
1662476400000,9912.823411180963
1662480000000,9914.712023713191
1662483600000,9909.76008371319
1662487200000,9861.137087955583
1662490800000,9855.374187955584
1662494400000,9856.536907955584
1662498000000,9858.612227955584
1662501600000,9859.507927955585
1662505200000,9858.220147955584
1662508800000,9850.418175809138
1662512400000,9844.152035809138
1662516000000,9841.46205580914
1662519600000,9823.002174372541
1662523200000,9825.74217437254
1662526800000,9825.43717437254
1662530400000,9826.37967437254
1662534000000,9827.22717437254
1662537600000,9827.296853871665
1662541200000,9827.476853871665
1662544800000,9827.236853871666
1662548400000,9826.124353871664
1662552000000,9825.405113612454
1662555600000,9828.181613612453
1662559200000,9831.861153612454
1662562800000,9835.380113612455
1662566400000,9835.205389377283
1662570000000,9837.524449377283
1662573600000,9842.235289377282
1662577200000,9844.597609377282
1662580800000,9842.999969377282
1662584400000,9866.793829377282
1662588000000,9866.093269377283
1662591600000,9863.953909377284
1662595200000,9861.259357361221
1662598800000,9860.908657361222
1662602400000,9856.559097361222
1662606000000,9860.429277361221
1662609600000,9859.711957361222
1662613200000,9864.815937361222
1662616800000,9862.40655736122
1662620400000,9859.390477361221
1662624000000,9854.984977002681
1662627600000,9858.582617002681
1662631200000,9856.148457002682
1662634800000,9862.860637002683
1662638400000,9862.481137002682
1662642000000,9855.966337002681
1662645600000,9859.063077002682
1662649200000,9864.70547700268
1662652800000,9859.387672796896
1662656400000,9858.425092796897
1662660000000,9858.719032796896
1662663600000,9859.247252796897
1662667200000,9865.799172796897
1662670800000,9865.589732796898
1662674400000,9863.675372796897
1662678000000,9861.742492796897
1662681600000,9862.36416779588
1662685200000,9864.52386779588
1662688800000,9863.126127795882
1662692400000,9865.751167795881
1662696000000,9885.25824779588
1662699600000,9900.05144779588
1662703200000,9905.660987795882
1662706800000,9911.77560779588
1662710400000,9908.928331292189
1662714000000,9912.663751292188
1662717600000,9909.863971292189
1662721200000,9919.906311292189
1662724800000,9914.839291292188
1662728400000,9922.608171292188
1662732000000,9920.813211292187
1662735600000,9924.560871292188
1662739200000,9926.050039645435
1662742800000,9925.869019645437
1662746400000,9922.839539645436
1662750000000,9922.595939645436
1662753600000,9926.548759645437
1662757200000,9927.245519645436
1662760800000,9925.845619645435
1662764400000,9928.944019645436
1662768000000,9928.486545061443
1662771600000,9928.810185061444
1662775200000,9929.991285061444
1662778800000,9932.682705061443
1662782400000,9931.843845061443
1662786000000,9931.270965061443
1662789600000,9931.323045061443
1662793200000,9931.934985061444
1662796800000,9927.24210117955
1662800400000,9928.63710117955
1662804000000,9929.634061179551
1662807600000,9930.197641179551
1662811200000,9929.70257681552
1662814800000,9929.70257681552
1662818400000,9929.70257681552
1662822000000,9929.70257681552
1662825600000,9929.70257681552
1662829200000,9929.70257681552
1662832800000,9929.70257681552
1662836400000,9929.70257681552
1662840000000,9929.70257681552
1662843600000,9929.70257681552
1662847200000,9929.70257681552
1662850800000,9929.70257681552
1662854400000,9929.70257681552
1662858000000,9929.70257681552
1662861600000,9929.70257681552
1662865200000,9929.70257681552
1662868800000,9929.691361079509
1662872400000,9929.328481079508
1662876000000,9930.553761079509
1662879600000,9927.794081079508
1662883200000,9929.541806800653
1662886800000,9930.368366800652
1662890400000,9929.445486800652
1662894000000,9929.998766800652
1662897600000,9931.667566800654
1662901200000,9932.232046800653
1662904800000,9930.995566800653
1662908400000,9929.685166800653
1662912000000,9931.295752702217
1662915600000,9932.554632702218
1662919200000,9931.862472702218
1662922800000,9929.837512702217
1662926400000,9930.240712702218
1662930000000,9929.734472702217
1662933600000,9923.903752702217
1662937200000,9926.112392702218
1662940800000,9930.217842593418
1662944400000,9924.70296259342
1662948000000,9930.632242593418
1662951600000,9924.947122593418
1662955200000,9922.207602593418
1662958800000,9922.389042593419
1662962400000,9922.216562593418
1662966000000,9924.49688259342
1662969600000,9928.953394099413
1662973200000,9928.429234099414
1662976800000,9927.450354099414
1662980400000,9925.980914099415
1662984000000,9926.955314099414
1662987600000,9926.359474099414
1662991200000,9927.878194099414
1662994800000,9923.606514099414
1662998400000,9918.363476547056
1663002000000,9919.337876547057
1663005600000,9922.016916547056
1663009200000,9922.845716547057
1663012800000,9921.584596547056
1663016400000,9921.461396547056
1663020000000,9919.810516547057
1663023600000,9917.559316547056
1663027200000,9920.454976529974
1663030800000,9913.853696529974
1663034400000,9915.320896529975
1663038000000,9918.288896529973
1663041600000,9919.695616529974
1663045200000,9919.429056529974
1663048800000,9920.808896529974
1663052400000,9918.835456529974
1663056000000,9920.386116166037
1663059600000,9920.227076166038
1663063200000,9921.488196166038
1663066800000,9924.332996166038
1663070400000,9925.446276166038
1663074000000,9905.168864187355
1663077600000,9905.168864187355
1663081200000,9905.168864187355
1663084800000,9905.168864187355
1663088400000,9905.168864187355
1663092000000,9905.168864187355
1663095600000,9905.168864187355
1663099200000,9905.245779597577
1663102800000,9905.393219597578
1663106400000,9903.984179597577
1663110000000,9902.421619597577
1663113600000,9900.399576956455
1663117200000,9900.235416956455
1663120800000,9901.480296956455
1663124400000,9904.153976956455
1663128000000,9904.430616956455
1663131600000,9907.166616956456
1663135200000,9906.563176956455
1663138800000,9906.538856956457
1663142400000,9906.471869892397
1663146000000,9905.044589892397
1663149600000,9905.496029892398
1663153200000,9905.155549892397
1663156800000,9903.893949892397
1663160400000,9905.374429892398
1663164000000,9905.302989892398
1663167600000,9905.088669892399
1663171200000,9904.284780069234
1663174800000,9902.395420069235
1663178400000,9903.366700069235
1663182000000,9902.340700069235
1663185600000,9904.883660069236
1663189200000,9904.904940069235
1663192800000,9907.476780069235
1663196400000,9911.273740069235
1663200000000,9910.661041057028
1663203600000,9909.302161057029
1663207200000,9908.557361057028
1663210800000,9907.218241057028
1663214400000,9905.485441057028
1663218000000,9905.262001057028
1663221600000,9907.678801057027
1663225200000,9907.808001057028
1663228800000,9911.534846386341
1663232400000,9907.95372638634
1663236000000,9904.99428638634
1663239600000,9904.46228638634
1663243200000,9905.85308638634
1663246800000,9905.36060638634
1663250400000,9905.45940638634
1663254000000,9890.71388638634
1663257600000,9889.866495721955
1663261200000,9893.169455721956
1663264800000,9892.423135721956
1663268400000,9891.070335721955
1663272000000,9891.828815721956
1663275600000,9892.173855721956
1663279200000,9889.667375721956
1663282800000,9888.317615721955
1663286400000,9887.650551865425
1663290000000,9888.358871865425
1663293600000,9887.712871865426
1663297200000,9886.633671865426
1663300800000,9887.811671865426
1663304400000,9887.358711865425
1663308000000,9887.316151865425
1663311600000,9887.839031865426
1663315200000,9887.334917185177
1663318800000,9884.884677185177
1663322400000,9886.345397185178
1663326000000,9887.192037185177
1663329600000,9888.321397185178
1663333200000,9885.254037185177
1663336800000,9882.41562857307
1663340400000,9882.41562857307
1663344000000,9882.41562857307
1663347600000,9882.41562857307
1663351200000,9882.41562857307
1663354800000,9882.41562857307
1663358400000,9882.41562857307
1663362000000,9882.41562857307
1663365600000,9882.41562857307
1663369200000,9882.41562857307
1663372800000,9882.41562857307
1663376400000,9882.41562857307
1663380000000,9882.41562857307
1663383600000,9882.41562857307
1663387200000,9882.41562857307
1663390800000,9882.41562857307
1663394400000,9882.41562857307
1663398000000,9882.41562857307
1663401600000,9882.41562857307
1663405200000,9882.41562857307
1663408800000,9882.41562857307
1663412400000,9882.41562857307
1663416000000,9882.41562857307
1663419600000,9882.41562857307
1663423200000,9882.41562857307
1663426800000,9882.41562857307
1663430400000,9882.41562857307
1663434000000,9882.41562857307
1663437600000,9882.41562857307
1663441200000,9882.41562857307
1663444800000,9882.41562857307
1663448400000,9882.41562857307
1663452000000,9882.41562857307
1663455600000,9882.41562857307
1663459200000,9882.41562857307
1663462800000,9882.41562857307
1663466400000,9882.41562857307
1663470000000,9882.41562857307
1663473600000,9882.41562857307
1663477200000,9882.41562857307
1663480800000,9882.41562857307
1663484400000,9882.41562857307
1663488000000,9882.41562857307
1663491600000,9882.41562857307
1663495200000,9882.41562857307
1663498800000,9882.41562857307
1663502400000,9882.41562857307
1663506000000,9882.41562857307
1663509600000,9882.41562857307
1663513200000,9882.41562857307
1663516800000,9882.41562857307
1663520400000,9882.41562857307
1663524000000,9882.41562857307
1663527600000,9882.41562857307
1663531200000,9882.41562857307
1663534800000,9882.41562857307
1663538400000,9882.41562857307
1663542000000,9882.41562857307
1663545600000,9882.41562857307
1663549200000,9882.41562857307
1663552800000,9882.41562857307
1663556400000,9882.41562857307
1663560000000,9882.41562857307
1663563600000,9882.41562857307
1663567200000,9882.41562857307
1663570800000,9882.41562857307
1663574400000,9882.41562857307
1663578000000,9882.41562857307
1663581600000,9882.41562857307
1663585200000,9882.41562857307
1663588800000,9882.175207427812
1663592400000,9885.768007427812
1663596000000,9891.115207427812
1663599600000,9897.403207427813
1663603200000,9892.528460858937
1663606800000,9894.671660858938
1663610400000,9888.753260858937
1663614000000,9893.946860858938
1663617600000,9903.60412438817
1663621200000,9901.61732438817
1663624800000,9906.57972438817
1663628400000,9909.36812438817
1663632000000,9906.056184669738
1663635600000,9902.682184669738
1663639200000,9901.560984669737
1663642800000,9901.435784669737
1663646400000,9895.964584669739
1663650000000,9896.259784669739
1663653600000,9896.038584669737
1663657200000,9899.368184669738
1663660800000,9897.372009820538
1663664400000,9896.482409820537
1663668000000,9892.764009820537
1663671600000,9896.547609820538
1663675200000,9893.594809820537
1663678800000,9890.384409820537
1663682400000,9884.402409820537
1663686000000,9892.546409820538
1663689600000,9898.442503957343
1663693200000,9893.368903957344
1663696800000,9880.176903957345
1663700400000,9886.284903957343
1663704000000,9887.904103957342
1663707600000,9885.308903957342
1663711200000,9880.029703957343
1663714800000,9882.089303957344
1663718400000,9878.271605887776
1663722000000,9882.228005887777
1663725600000,9880.699205887777
1663729200000,9885.486405887776
1663732800000,9885.055205887777
1663736400000,9885.081205887776
1663740000000,9881.272405887777
1663743600000,9879.533605887775
1663747200000,9881.50097255174
1663750800000,9879.92057255174
1663754400000,9885.27497255174
1663758000000,9889.12097255174
1663761600000,9890.75897255174
1663765200000,9895.28697255174
1663768800000,9894.30897255174
1663772400000,9891.83137255174
1663776000000,9890.196147589691
1663779600000,9891.86214758969
1663783200000,9877.448147589692
1663786800000,9906.482547589692
1663790400000,9881.404547589691
1663794000000,9876.70094758969
1663797600000,9854.690947589692
1663801200000,9851.836689569644
1663804800000,9852.26565757044
1663808400000,9849.63525757044
1663812000000,9852.63045757044
1663815600000,9857.80485757044
1663819200000,9857.409048891195
1663822800000,9857.477848891196
1663826400000,9855.980528891196
1663830000000,9859.061928891197
1663833600000,9865.847361555034
1663837200000,9874.508961555035
1663840800000,9873.244161555034
1663844400000,9872.800481555034
1663848000000,9877.957144059832
1663851600000,9877.403304059833
1663855200000,9871.329984059832
1663858800000,9869.771664059832
1663862400000,9871.392687940206
1663866000000,9874.190287940206
1663869600000,9875.972207940207
1663873200000,9880.516947940207
1663876800000,9885.520807940207
1663880400000,9884.671927940206
1663884000000,9881.119147940206
1663887600000,9885.920367940207
1663891200000,9886.84136588858
1663894800000,9885.62214588858
1663898400000,9887.50676588858
1663902000000,9885.921545888581
1663905600000,9889.37200588858
1663909200000,9890.96708588858
1663912800000,9889.45176588858
1663916400000,9886.60030588858
1663920000000,9885.415194673802
1663923600000,9880.387254673802
1663927200000,9879.587834673803
1663930800000,9875.580174673802
1663934400000,9871.853194673802
1663938000000,9873.928574673802
1663941600000,9866.772554673802
1663945200000,9867.5979946738
1663948800000,9871.54598241816
1663952400000,9871.457562418158
1663956000000,9871.610042418159
1663959600000,9869.127222418158
1663963200000,9872.307822418159
1663966800000,9874.005702418159
1663970400000,9881.625582418159
1663974000000,9886.60512241816
1663977600000,9885.903874883985
1663981200000,9881.890334883983
1663984800000,9881.683174883985
1663988400000,9882.668414883983
1663992000000,9882.139454883983
1663995600000,9883.738054883985
1663999200000,9884.224194883984
1664002800000,9881.683474883983
1664006400000,9880.34306278571
1664010000000,9882.568582785712
1664013600000,9881.497922785711
1664017200000,9881.235782785712
1664020800000,9882.084502785712
1664024400000,9883.872182785712
1664028000000,9885.610542785711
1664031600000,9885.36396278571
1664035200000,9885.073333088902
1664038800000,9884.452453088901
1664042400000,9883.337973088901
1664046000000,9885.571833088901
1664049600000,9885.2159530889
1664053200000,9885.6674730889
1664056800000,9878.9176530889
1664060400000,9876.894053088901
1664064000000,9878.616702917776
1664067600000,9879.132582917777
1664071200000,9879.763782917775
1664074800000,9879.165482917775
1664078400000,9882.068470337043
1664082000000,9881.388970337042
1664085600000,9881.172970337042
1664089200000,9881.582470337042
1664092800000,9882.734783659425
1664096400000,9881.869033659425
1664100000000,9879.202783659424
1664103600000,9880.565283659425
1664107200000,9882.161533659424
1664110800000,9879.553783659425
1664114400000,9872.367033659426
1664118000000,9872.295783659425
1664121600000,9874.934042686464
1664125200000,9871.678042686464
1664128800000,9870.748542686464
1664132400000,9870.583542686463
1664136000000,9871.455292686464
1664139600000,9869.632042686464
1664143200000,9867.223042686464
1664146800000,9868.862042686464
1664150400000,9870.010037138518
1664154000000,9870.04303713852
1664157600000,9871.78928713852
1664161200000,9873.051537138519
1664164800000,9872.53453713852
1664168400000,9870.389537138519
1664172000000,9869.380287138518
1664175600000,9867.040037138519
1664179200000,9870.75543068852
1664182800000,9878.44168068852
1664186400000,9874.817180688518
1664190000000,9875.345180688519
1664193600000,9871.12943068852
1664197200000,9876.25268068852
1664200800000,9879.442680688519
1664204400000,9880.171430688519
1664208000000,9878.210203495863
1664211600000,9877.753703495862
1664215200000,9878.377953495863
1664218800000,9880.775953495862
1664222400000,9879.909703495863
1664226000000,9878.504453495863
1664229600000,9875.963453495862
1664233200000,9879.587953495862
1664236800000,9881.568144875357
1664240400000,9883.523394875358
1664244000000,9890.307644875356
1664247600000,9891.693644875357
1664251200000,9895.692144875356
1664254800000,9893.923894875357
1664258400000,9895.428144875357
1664262000000,9895.029394875357
1664265600000,9894.599143732496
1664269200000,9893.424893732496
1664272800000,9894.824643732496
1664276400000,9895.459893732495
1664280000000,9895.982393732496
1664283600000,9896.790893732496
1664287200000,9894.852143732496
1664290800000,9895.787143732496
1664294400000,9890.03750223112
1664298000000,9879.75250223112
1664301600000,9875.707252231121
1664305200000,9877.42325223112
1664308800000,9878.00350223112
1664312400000,9878.71575223112
1664316000000,9877.984252231121
1664319600000,9879.931252231121
1664323200000,9879.808467733228
1664326800000,9881.208217733227
1664330400000,9874.148967733228
1664334000000,9865.453467733227
1664337600000,9867.477467733228
1664341200000,9867.169467733227
1664344800000,9868.065967733228
1664348400000,9865.755967733228
1664352000000,9867.425410022906
1664355600000,9867.425410022906
1664359200000,9867.425410022906
1664362800000,9867.425410022906
1664366400000,9867.425410022906
1664370000000,9867.425410022906
1664373600000,9867.425410022906
1664377200000,9867.425410022906
1664380800000,9867.425410022906
1664384400000,9867.425410022906
1664388000000,9867.425410022906
1664391600000,9867.425410022906
1664395200000,9867.425410022906
1664398800000,9867.425410022906
1664402400000,9867.425410022906
1664406000000,9867.425410022906
1664409600000,9867.425410022906
1664413200000,9867.425410022906
1664416800000,9867.425410022906
1664420400000,9867.425410022906
1664424000000,9867.425410022906
1664427600000,9867.425410022906
1664431200000,9867.425410022906
1664434800000,9867.425410022906
1664438400000,9867.425410022906
1664442000000,9867.425410022906
1664445600000,9867.425410022906
1664449200000,9867.425410022906
1664452800000,9867.425410022906
1664456400000,9867.425410022906
1664460000000,9867.425410022906
1664463600000,9867.425410022906
1664467200000,9867.425410022906
1664470800000,9867.425410022906
1664474400000,9867.425410022906
1664478000000,9867.425410022906
1664481600000,9867.425410022906
1664485200000,9867.425410022906
1664488800000,9867.425410022906
1664492400000,9867.425410022906
1664496000000,9867.425410022906
1664499600000,9867.425410022906
1664503200000,9867.425410022906
1664506800000,9867.425410022906
1664510400000,9867.425410022906
1664514000000,9867.425410022906
1664517600000,9867.425410022906
1664521200000,9867.425410022906
1664524800000,9867.425410022906
1664528400000,9867.425410022906
1664532000000,9867.425410022906
1664535600000,9867.425410022906
1664539200000,9867.425410022906
1664542800000,9867.425410022906
1664546400000,9867.425410022906
1664550000000,9867.425410022906
1664553600000,9867.425410022906
1664557200000,9867.425410022906
1664560800000,9867.425410022906
1664564400000,9867.425410022906
1664568000000,9867.425410022906
1664571600000,9867.425410022906
1664575200000,9867.425410022906
1664578800000,9867.425410022906
1664582400000,9867.425410022906
1664586000000,9867.425410022906
1664589600000,9867.425410022906
1664593200000,9867.425410022906
1664596800000,9867.425410022906
1664600400000,9867.425410022906
1664604000000,9867.425410022906
1664607600000,9867.425410022906
1664611200000,9867.425410022906
1664614800000,9867.425410022906
1664618400000,9867.425410022906
1664622000000,9867.425410022906
1664625600000,9867.425410022906
1664629200000,9867.425410022906
1664632800000,9867.425410022906
1664636400000,9867.425410022906
1664640000000,9867.425410022906
1664643600000,9867.425410022906
1664647200000,9867.425410022906
1664650800000,9867.425410022906
1664654400000,9867.425410022906
1664658000000,9867.425410022906
1664661600000,9867.425410022906
1664665200000,9867.425410022906
1664668800000,9867.425410022906
1664672400000,9867.425410022906
1664676000000,9867.425410022906
1664679600000,9867.425410022906
1664683200000,9867.425410022906
1664686800000,9867.425410022906
1664690400000,9867.425410022906
1664694000000,9867.425410022906
1664697600000,9867.425410022906
1664701200000,9867.425410022906
1664704800000,9867.425410022906
1664708400000,9867.425410022906
1664712000000,9867.425410022906
1664715600000,9867.425410022906
1664719200000,9867.425410022906
1664722800000,9867.425410022906
1664726400000,9867.425410022906
1664730000000,9867.425410022906
1664733600000,9867.425410022906
1664737200000,9867.425410022906
1664740800000,9867.425410022906
1664744400000,9867.425410022906
1664748000000,9867.425410022906
1664751600000,9867.425410022906
1664755200000,9867.425410022906
1664758800000,9867.425410022906
1664762400000,9867.425410022906
1664766000000,9867.425410022906
1664769600000,9867.425410022906
1664773200000,9867.425410022906
1664776800000,9867.425410022906
1664780400000,9867.425410022906
1664784000000,9867.425410022906
1664787600000,9867.425410022906
1664791200000,9867.425410022906
1664794800000,9867.425410022906
1664798400000,9867.425410022906
1664802000000,9867.425410022906
1664805600000,9867.425410022906
1664809200000,9867.425410022906
1664812800000,9867.425410022906
1664816400000,9867.425410022906
1664820000000,9867.425410022906
1664823600000,9867.425410022906
1664827200000,9867.425410022906
1664830800000,9867.425410022906
1664834400000,9867.425410022906
1664838000000,9867.425410022906
1664841600000,9867.425410022906
1664845200000,9867.425410022906
1664848800000,9867.425410022906
1664852400000,9867.425410022906
1664856000000,9867.425410022906
1664859600000,9867.425410022906
1664863200000,9867.425410022906
1664866800000,9867.425410022906
1664870400000,9867.425410022906
1664874000000,9867.425410022906
1664877600000,9867.425410022906
1664881200000,9867.425410022906
1664884800000,9867.425410022906
1664888400000,9867.425410022906
1664892000000,9867.425410022906
1664895600000,9867.425410022906
1664899200000,9867.425410022906
1664902800000,9867.425410022906
1664906400000,9867.425410022906
1664910000000,9867.425410022906
1664913600000,9867.425410022906
1664917200000,9867.425410022906
1664920800000,9867.425410022906
1664924400000,9867.425410022906
1664928000000,9867.425410022906
1664931600000,9867.425410022906
1664935200000,9867.425410022906
1664938800000,9867.425410022906
1664942400000,9867.425410022906
1664946000000,9867.425410022906
1664949600000,9867.425410022906
1664953200000,9867.425410022906
1664956800000,9867.425410022906
1664960400000,9867.425410022906
1664964000000,9867.425410022906
1664967600000,9867.425410022906
1664971200000,9867.425410022906
1664974800000,9867.425410022906
1664978400000,9867.425410022906
1664982000000,9867.425410022906
1664985600000,9867.425410022906
1664989200000,9867.425410022906
1664992800000,9867.425410022906
1664996400000,9867.425410022906
1665000000000,9867.425410022906
1665003600000,9867.425410022906
1665007200000,9867.425410022906
1665010800000,9867.425410022906
1665014400000,9867.425410022906
1665018000000,9867.425410022906
1665021600000,9867.425410022906
1665025200000,9867.425410022906
1665028800000,9867.425410022906
1665032400000,9867.425410022906
1665036000000,9867.425410022906
1665039600000,9867.425410022906
1665043200000,9867.425410022906
1665046800000,9867.425410022906
1665050400000,9867.425410022906
1665054000000,9867.425410022906
1665057600000,9867.425410022906
1665061200000,9867.425410022906
1665064800000,9867.425410022906
1665068400000,9867.425410022906
1665072000000,9867.425410022906
1665075600000,9867.425410022906
1665079200000,9867.425410022906
1665082800000,9867.425410022906
1665086400000,9867.425410022906
1665090000000,9867.425410022906
1665093600000,9867.425410022906
1665097200000,9867.425410022906
1665100800000,9867.425410022906
1665104400000,9867.425410022906
1665108000000,9867.425410022906
1665111600000,9867.425410022906
1665115200000,9867.425410022906
1665118800000,9867.425410022906
1665122400000,9867.425410022906
1665126000000,9867.425410022906
1665129600000,9867.425410022906
1665133200000,9867.425410022906
1665136800000,9867.425410022906
1665140400000,9867.425410022906
1665144000000,9867.425410022906
1665147600000,9867.425410022906
1665151200000,9867.425410022906
1665154800000,9867.425410022906
1665158400000,9867.425410022906
1665162000000,9867.425410022906
1665165600000,9867.425410022906
1665169200000,9867.425410022906
1665172800000,9867.425410022906
1665176400000,9867.425410022906
1665180000000,9867.425410022906
1665183600000,9867.425410022906
1665187200000,9867.425410022906
1665190800000,9867.425410022906
1665194400000,9867.425410022906
1665198000000,9867.425410022906
1665201600000,9867.425410022906
1665205200000,9867.425410022906
1665208800000,9867.425410022906
1665212400000,9867.425410022906
1665216000000,9867.425410022906
1665219600000,9867.425410022906
1665223200000,9867.425410022906
1665226800000,9867.425410022906
1665230400000,9867.425410022906
1665234000000,9867.425410022906
1665237600000,9867.425410022906
1665241200000,9867.425410022906
1665244800000,9867.425410022906
1665248400000,9867.425410022906
1665252000000,9867.425410022906
1665255600000,9867.425410022906
1665259200000,9867.425410022906
1665262800000,9867.425410022906
1665266400000,9867.425410022906
1665270000000,9867.425410022906
1665273600000,9867.425410022906
1665277200000,9867.425410022906
1665280800000,9867.425410022906
1665284400000,9867.425410022906
1665288000000,9867.425410022906
1665291600000,9867.425410022906
1665295200000,9867.425410022906
1665298800000,9867.425410022906
1665302400000,9867.425410022906
1665306000000,9867.425410022906
1665309600000,9867.425410022906
1665313200000,9867.425410022906
1665316800000,9867.425410022906
1665320400000,9867.425410022906
1665324000000,9867.425410022906
1665327600000,9867.425410022906
1665331200000,9867.425410022906
1665334800000,9867.425410022906
1665338400000,9867.425410022906
1665342000000,9867.425410022906
1665345600000,9867.425410022906
1665349200000,9867.425410022906
1665352800000,9867.425410022906
1665356400000,9867.425410022906
1665360000000,9867.425410022906
1665363600000,9867.425410022906
1665367200000,9867.425410022906
1665370800000,9867.425410022906
1665374400000,9867.425410022906
1665378000000,9867.425410022906
1665381600000,9867.425410022906
1665385200000,9867.425410022906
1665388800000,9867.425410022906
1665392400000,9867.425410022906
1665396000000,9867.425410022906
1665399600000,9867.425410022906
1665403200000,9867.425410022906
1665406800000,9867.425410022906
1665410400000,9867.425410022906
1665414000000,9867.425410022906
1665417600000,9867.425410022906
1665421200000,9867.425410022906
1665424800000,9867.425410022906
1665428400000,9867.425410022906
1665432000000,9867.425410022906
1665435600000,9867.425410022906
1665439200000,9867.425410022906
1665442800000,9867.425410022906
1665446400000,9867.425410022906
1665450000000,9867.425410022906
1665453600000,9867.425410022906
1665457200000,9867.425410022906
1665460800000,9867.425410022906
1665464400000,9867.425410022906
1665468000000,9867.425410022906
1665471600000,9867.425410022906
1665475200000,9867.425410022906
1665478800000,9867.425410022906
1665482400000,9867.425410022906
1665486000000,9867.425410022906
1665489600000,9867.425410022906
1665493200000,9867.425410022906
1665496800000,9867.425410022906
1665500400000,9867.425410022906
1665504000000,9867.425410022906
1665507600000,9867.425410022906
1665511200000,9867.425410022906
1665514800000,9867.425410022906
1665518400000,9867.425410022906
1665522000000,9867.425410022906
1665525600000,9867.425410022906
1665529200000,9867.425410022906
1665532800000,9867.425410022906
1665536400000,9867.425410022906
1665540000000,9867.425410022906
1665543600000,9867.425410022906
1665547200000,9867.425410022906
1665550800000,9867.425410022906
1665554400000,9867.425410022906
1665558000000,9867.425410022906
1665561600000,9867.425410022906
1665565200000,9867.425410022906
1665568800000,9867.425410022906
1665572400000,9867.425410022906
1665576000000,9867.425410022906
1665579600000,9867.425410022906
1665583200000,9867.425410022906
1665586800000,9867.425410022906
1665590400000,9867.425410022906
1665594000000,9867.425410022906
1665597600000,9867.425410022906
1665601200000,9867.425410022906
1665604800000,9867.425410022906
1665608400000,9867.425410022906
1665612000000,9867.425410022906
1665615600000,9867.425410022906
1665619200000,9867.425410022906
1665622800000,9867.425410022906
1665626400000,9867.425410022906
1665630000000,9867.425410022906
1665633600000,9866.844733073172
1665637200000,9866.024153073173
1665640800000,9867.540843073171
1665644400000,9865.664573073173
1665648000000,9862.555377658571
1665651600000,9863.163897658571
1665655200000,9861.015637658571
1665658800000,9841.742376640253
1665662400000,9841.742376640253
1665666000000,9841.742376640253
1665669600000,9841.742376640253
1665673200000,9841.742376640253
1665676800000,9841.742376640253
1665680400000,9841.742376640253
1665684000000,9841.742376640253
1665687600000,9841.742376640253
1665691200000,9841.742376640253
1665694800000,9841.742376640253
1665698400000,9841.742376640253
1665702000000,9841.742376640253
1665705600000,9841.742376640253
1665709200000,9841.742376640253
1665712800000,9841.742376640253
1665716400000,9841.742376640253
1665720000000,9841.742376640253
1665723600000,9841.742376640253
1665727200000,9841.742376640253
1665730800000,9841.742376640253
1665734400000,9841.742376640253
1665738000000,9841.742376640253
1665741600000,9841.742376640253
1665745200000,9841.742376640253
1665748800000,9841.742376640253
1665752400000,9841.742376640253
1665756000000,9841.742376640253
1665759600000,9841.742376640253
1665763200000,9841.742376640253
1665766800000,9841.742376640253
1665770400000,9841.742376640253
1665774000000,9841.742376640253
1665777600000,9841.742376640253
1665781200000,9841.742376640253
1665784800000,9841.742376640253
1665788400000,9841.742376640253
1665792000000,9841.742376640253
1665795600000,9841.742376640253
1665799200000,9841.742376640253
1665802800000,9841.742376640253
1665806400000,9841.742376640253
1665810000000,9841.742376640253
1665813600000,9841.742376640253
1665817200000,9841.742376640253
1665820800000,9841.742376640253
1665824400000,9841.742376640253
1665828000000,9841.742376640253
1665831600000,9841.742376640253
1665835200000,9841.742376640253
1665838800000,9841.742376640253
1665842400000,9841.742376640253
1665846000000,9841.742376640253
1665849600000,9841.742376640253
1665853200000,9841.742376640253
1665856800000,9841.742376640253
1665860400000,9841.742376640253
1665864000000,9841.742376640253
1665867600000,9841.742376640253
1665871200000,9841.742376640253
1665874800000,9841.742376640253
1665878400000,9841.742376640253
1665882000000,9841.742376640253
1665885600000,9841.742376640253
1665889200000,9841.742376640253
1665892800000,9841.742376640253
1665896400000,9841.742376640253
1665900000000,9841.742376640253
1665903600000,9841.742376640253
1665907200000,9841.742376640253
1665910800000,9841.742376640253
1665914400000,9841.742376640253
1665918000000,9841.742376640253
1665921600000,9841.742376640253
1665925200000,9841.742376640253
1665928800000,9841.742376640253
1665932400000,9841.742376640253
1665936000000,9841.742376640253
1665939600000,9841.742376640253
1665943200000,9841.742376640253
1665946800000,9841.742376640253
1665950400000,9841.742376640253
1665954000000,9841.742376640253
1665957600000,9841.742376640253
1665961200000,9841.742376640253
1665964800000,9841.742376640253
1665968400000,9841.742376640253
1665972000000,9841.742376640253
1665975600000,9841.742376640253
1665979200000,9841.742376640253
1665982800000,9841.742376640253
1665986400000,9841.742376640253
1665990000000,9841.742376640253
1665993600000,9841.742376640253
1665997200000,9841.742376640253
1666000800000,9841.742376640253
1666004400000,9841.742376640253
1666008000000,9841.742376640253
1666011600000,9841.742376640253
1666015200000,9841.742376640253
1666018800000,9841.742376640253
1666022400000,9841.742376640253
1666026000000,9841.742376640253
1666029600000,9841.742376640253
1666033200000,9841.742376640253
1666036800000,9841.742376640253
1666040400000,9841.742376640253
1666044000000,9841.742376640253
1666047600000,9841.742376640253
1666051200000,9841.742376640253
1666054800000,9841.742376640253
1666058400000,9841.742376640253
1666062000000,9841.742376640253
1666065600000,9841.742376640253
1666069200000,9841.742376640253
1666072800000,9841.742376640253
1666076400000,9841.742376640253
1666080000000,9841.742376640253
1666083600000,9841.742376640253
1666087200000,9841.742376640253
1666090800000,9841.742376640253
1666094400000,9841.742376640253
1666098000000,9841.742376640253
1666101600000,9841.742376640253
1666105200000,9841.742376640253
1666108800000,9841.742376640253
1666112400000,9841.742376640253
1666116000000,9841.742376640253
1666119600000,9841.742376640253
1666123200000,9841.742376640253
1666126800000,9841.742376640253
1666130400000,9841.742376640253
1666134000000,9841.742376640253
1666137600000,9841.742376640253
1666141200000,9841.742376640253
1666144800000,9841.742376640253
1666148400000,9841.742376640253
1666152000000,9841.742376640253
1666155600000,9841.742376640253
1666159200000,9841.742376640253
1666162800000,9841.742376640253
1666166400000,9841.742376640253
1666170000000,9841.742376640253
1666173600000,9841.742376640253
1666177200000,9841.742376640253
1666180800000,9841.742376640253
1666184400000,9841.742376640253
1666188000000,9841.742376640253
1666191600000,9841.742376640253
1666195200000,9841.742376640253
1666198800000,9841.742376640253
1666202400000,9841.742376640253
1666206000000,9841.742376640253
1666209600000,9841.742376640253
1666213200000,9841.742376640253
1666216800000,9841.742376640253
1666220400000,9841.742376640253
1666224000000,9841.742376640253
1666227600000,9841.742376640253
1666231200000,9841.742376640253
1666234800000,9841.742376640253
1666238400000,9841.742376640253
1666242000000,9841.742376640253
1666245600000,9841.742376640253
1666249200000,9841.742376640253
1666252800000,9841.742376640253
1666256400000,9841.742376640253
1666260000000,9841.742376640253
1666263600000,9841.742376640253
1666267200000,9841.742376640253
1666270800000,9841.742376640253
1666274400000,9841.742376640253
1666278000000,9841.742376640253
1666281600000,9841.742376640253
1666285200000,9841.742376640253
1666288800000,9841.742376640253
1666292400000,9841.742376640253
1666296000000,9841.742376640253
1666299600000,9841.742376640253
1666303200000,9841.742376640253
1666306800000,9841.742376640253
1666310400000,9841.742376640253
1666314000000,9841.742376640253
1666317600000,9841.742376640253
1666321200000,9841.742376640253
1666324800000,9841.742376640253
1666328400000,9841.742376640253
1666332000000,9841.742376640253
1666335600000,9841.742376640253
1666339200000,9841.742376640253
1666342800000,9841.742376640253
1666346400000,9841.742376640253
1666350000000,9841.742376640253
1666353600000,9841.742376640253
1666357200000,9841.742376640253
1666360800000,9841.742376640253
1666364400000,9841.742376640253
1666368000000,9841.742376640253
1666371600000,9841.742376640253
1666375200000,9841.742376640253
1666378800000,9841.742376640253
1666382400000,9841.742376640253
1666386000000,9841.742376640253
1666389600000,9841.742376640253
1666393200000,9841.742376640253
1666396800000,9841.742376640253
1666400400000,9841.742376640253
1666404000000,9841.742376640253
1666407600000,9841.742376640253
1666411200000,9841.742376640253
1666414800000,9841.742376640253
1666418400000,9841.742376640253
1666422000000,9841.742376640253
1666425600000,9841.742376640253
1666429200000,9841.742376640253
1666432800000,9841.742376640253
1666436400000,9841.742376640253
1666440000000,9841.742376640253
1666443600000,9841.742376640253
1666447200000,9841.742376640253
1666450800000,9841.742376640253
1666454400000,9841.742376640253
1666458000000,9841.742376640253
1666461600000,9841.742376640253
1666465200000,9841.742376640253
1666468800000,9841.742376640253
1666472400000,9841.742376640253
1666476000000,9841.742376640253
1666479600000,9841.742376640253
1666483200000,9841.742376640253
1666486800000,9841.742376640253
1666490400000,9841.742376640253
1666494000000,9841.742376640253
1666497600000,9841.742376640253
1666501200000,9841.742376640253
1666504800000,9841.742376640253
1666508400000,9841.742376640253
1666512000000,9841.742376640253
1666515600000,9841.742376640253
1666519200000,9841.742376640253
1666522800000,9841.742376640253
1666526400000,9841.200845078623
1666530000000,9841.194045078622
1666533600000,9842.941645078623
1666537200000,9843.757645078624
1666540800000,9843.771758932337
1666544400000,9842.826558932336
1666548000000,9866.089358932337
1666551600000,9861.791758932337
1666555200000,9864.872158932336
1666558800000,9864.987758932337
1666562400000,9872.154958932337
1666566000000,9871.794558932337
1666569600000,9868.968736010067
1666573200000,9865.487136010066
1666576800000,9858.680336010068
1666580400000,9858.041136010066
1666584000000,9856.817136010066
1666587600000,9852.981936010066
1666591200000,9853.124736010066
1666594800000,9848.976736010067
1666598400000,9852.537770890067
1666602000000,9853.088570890068
1666605600000,9856.298170890068
1666609200000,9857.617370890068
1666612800000,9858.786970890067
1666616400000,9855.182970890068
1666620000000,9852.932170890068
1666623600000,9848.382970890067
1666627200000,9851.732028393782
1666630800000,9848.502028393783
1666634400000,9850.236028393783
1666638000000,9853.867228393783
1666641600000,9853.595228393782
1666645200000,9856.206428393783
1666648800000,9854.934828393783
1666652400000,9854.805628393782
1666656000000,9852.688381103579
1666659600000,9851.260381103579
1666663200000,9850.933981103579
1666666800000,9851.661581103579
1666670400000,9853.619981103579
1666674000000,9853.76958110358
1666677600000,9853.42278110358
1666681200000,9852.78358110358
1666684800000,9850.972034146338
1666688400000,9849.911234146339
1666692000000,9847.898434146338
1666695600000,9850.27843414634
1666699200000,9850.366834146338
1666702800000,9852.97803414634
1666706400000,9865.190834146339
1666710000000,9864.14363414634
1666713600000,9881.59466256686
1666717200000,9894.52146256686
1666720800000,9908.07386256686
1666724400000,9917.29466256686
1666728000000,9916.723462566859
1666731600000,9911.48746256686
1666735200000,9911.82746256686
1666738800000,9902.97386256686
1666742400000,9905.663251305106
1666746000000,9910.253251305106
1666749600000,9914.979251305107
1666753200000,9912.429251305106
1666756800000,9915.224051305107
1666760400000,9912.266051305107
1666764000000,9910.967251305106
1666767600000,9912.871251305107
1666771200000,9921.551310263505
1666774800000,9945.004510263507
1666778400000,9938.252110263506
1666782000000,9944.100110263505
1666785600000,9938.539368871858
1666789200000,9938.539368871858
1666792800000,9938.539368871858
1666796400000,9938.539368871858
1666800000000,9938.539368871858
1666803600000,9938.539368871858
1666807200000,9938.539368871858
1666810800000,9938.539368871858
1666814400000,9938.539368871858
1666818000000,9938.539368871858
1666821600000,9938.539368871858
1666825200000,9938.539368871858
1666828800000,9938.539368871858
1666832400000,9938.539368871858
1666836000000,9938.539368871858
1666839600000,9938.539368871858
1666843200000,9938.539368871858
1666846800000,9938.539368871858
1666850400000,9938.539368871858
1666854000000,9938.539368871858
1666857600000,9938.539368871858
1666861200000,9938.539368871858
1666864800000,9938.539368871858
1666868400000,9938.539368871858
1666872000000,9938.539368871858
1666875600000,9938.539368871858
1666879200000,9938.539368871858
1666882800000,9938.539368871858
1666886400000,9938.539368871858
1666890000000,9938.539368871858
1666893600000,9938.539368871858
1666897200000,9938.539368871858
1666900800000,9938.539368871858
1666904400000,9938.539368871858
1666908000000,9938.539368871858
1666911600000,9938.539368871858
1666915200000,9938.539368871858
1666918800000,9938.539368871858
1666922400000,9938.539368871858
1666926000000,9938.539368871858
1666929600000,9938.539368871858
1666933200000,9938.539368871858
1666936800000,9938.539368871858
1666940400000,9938.539368871858
1666944000000,9938.539368871858
1666947600000,9938.539368871858
1666951200000,9938.539368871858
1666954800000,9938.539368871858
1666958400000,9938.539368871858
1666962000000,9938.539368871858
1666965600000,9938.539368871858
1666969200000,9938.539368871858
1666972800000,9938.539368871858
1666976400000,9938.539368871858
1666980000000,9938.539368871858
1666983600000,9938.539368871858
1666987200000,9938.539368871858
1666990800000,9938.539368871858
1666994400000,9938.539368871858
1666998000000,9938.539368871858
1667001600000,9938.539368871858
1667005200000,9938.539368871858
1667008800000,9938.539368871858
1667012400000,9938.539368871858
1667016000000,9938.539368871858
1667019600000,9938.539368871858
1667023200000,9938.539368871858
1667026800000,9938.539368871858
1667030400000,9938.539368871858
1667034000000,9938.539368871858
1667037600000,9938.539368871858
1667041200000,9938.539368871858
1667044800000,9938.539368871858
1667048400000,9938.539368871858
1667052000000,9938.539368871858
1667055600000,9938.539368871858
1667059200000,9938.539368871858
1667062800000,9938.539368871858
1667066400000,9938.539368871858
1667070000000,9938.539368871858
1667073600000,9938.539368871858
1667077200000,9938.539368871858
1667080800000,9938.539368871858
1667084400000,9938.539368871858
1667088000000,9938.539368871858
1667091600000,9938.539368871858
1667095200000,9938.539368871858
1667098800000,9938.539368871858
1667102400000,9938.539368871858
1667106000000,9938.539368871858
1667109600000,9938.539368871858
1667113200000,9938.539368871858
1667116800000,9938.539368871858
1667120400000,9938.539368871858
1667124000000,9938.539368871858
1667127600000,9938.539368871858
1667131200000,9938.539368871858
1667134800000,9938.539368871858
1667138400000,9938.539368871858
1667142000000,9938.539368871858
1667145600000,9938.539368871858
1667149200000,9938.539368871858
1667152800000,9938.539368871858
1667156400000,9938.539368871858
1667160000000,9938.539368871858
1667163600000,9938.539368871858
1667167200000,9938.539368871858
1667170800000,9938.539368871858
1667174400000,9938.539368871858
1667178000000,9938.539368871858
1667181600000,9938.539368871858
1667185200000,9938.539368871858
1667188800000,9938.539368871858
1667192400000,9938.539368871858
1667196000000,9938.539368871858
1667199600000,9938.539368871858
1667203200000,9938.539368871858
1667206800000,9938.539368871858
1667210400000,9938.539368871858
1667214000000,9938.539368871858
1667217600000,9938.539368871858
1667221200000,9938.539368871858
1667224800000,9938.539368871858
1667228400000,9938.539368871858
1667232000000,9938.539368871858
1667235600000,9938.539368871858
1667239200000,9938.539368871858
1667242800000,9938.539368871858
1667246400000,9938.539368871858
1667250000000,9938.539368871858
1667253600000,9938.539368871858
1667257200000,9938.539368871858
1667260800000,9938.539368871858
1667264400000,9938.539368871858
1667268000000,9938.539368871858
1667271600000,9938.539368871858
1667275200000,9938.539368871858
1667278800000,9938.539368871858
1667282400000,9938.539368871858
1667286000000,9938.539368871858
1667289600000,9938.539368871858
1667293200000,9938.539368871858
1667296800000,9938.539368871858
1667300400000,9938.539368871858
1667304000000,9938.539368871858
1667307600000,9938.539368871858
1667311200000,9938.539368871858
1667314800000,9938.539368871858
1667318400000,9938.539368871858
1667322000000,9938.539368871858
1667325600000,9938.539368871858
1667329200000,9938.539368871858
1667332800000,9938.539368871858
1667336400000,9938.539368871858
1667340000000,9938.539368871858
1667343600000,9938.539368871858
1667347200000,9938.539368871858
1667350800000,9938.539368871858
1667354400000,9938.539368871858
1667358000000,9938.539368871858
1667361600000,9938.539368871858
1667365200000,9938.539368871858
1667368800000,9938.539368871858
1667372400000,9938.539368871858
1667376000000,9938.539368871858
1667379600000,9938.539368871858
1667383200000,9938.539368871858
1667386800000,9938.539368871858
1667390400000,9938.539368871858
1667394000000,9938.539368871858
1667397600000,9938.539368871858
1667401200000,9938.539368871858
1667404800000,9938.539368871858
1667408400000,9938.539368871858
1667412000000,9938.539368871858
1667415600000,9938.539368871858
1667419200000,9938.539368871858
1667422800000,9938.539368871858
1667426400000,9938.539368871858
1667430000000,9938.539368871858
1667433600000,9938.539368871858
1667437200000,9938.539368871858
1667440800000,9938.539368871858
1667444400000,9938.539368871858
1667448000000,9938.539368871858
1667451600000,9938.539368871858
1667455200000,9938.539368871858
1667458800000,9938.539368871858
1667462400000,9938.539368871858
1667466000000,9938.539368871858
1667469600000,9938.539368871858
1667473200000,9938.539368871858
1667476800000,9938.539368871858
1667480400000,9938.539368871858
1667484000000,9938.539368871858
1667487600000,9938.539368871858
1667491200000,9938.539368871858
1667494800000,9938.539368871858
1667498400000,9938.539368871858
1667502000000,9938.539368871858
1667505600000,9938.539368871858
1667509200000,9938.539368871858
1667512800000,9938.539368871858
1667516400000,9938.539368871858
1667520000000,9938.539368871858
1667523600000,9938.539368871858
1667527200000,9938.539368871858
1667530800000,9938.539368871858
1667534400000,9938.539368871858
1667538000000,9938.539368871858
1667541600000,9938.539368871858
1667545200000,9938.539368871858
1667548800000,9938.539368871858
1667552400000,9938.539368871858
1667556000000,9938.539368871858
1667559600000,9938.539368871858
1667563200000,9938.539368871858
1667566800000,9938.539368871858
1667570400000,9938.539368871858
1667574000000,9938.539368871858
1667577600000,9938.539368871858
1667581200000,9938.539368871858
1667584800000,9938.539368871858
1667588400000,9938.539368871858
1667592000000,9938.539368871858
1667595600000,9938.539368871858
1667599200000,9938.539368871858
1667602800000,9938.539368871858
1667606400000,9938.539368871858
1667610000000,9938.539368871858
1667613600000,9938.539368871858
1667617200000,9938.539368871858
1667620800000,9938.539368871858
1667624400000,9938.539368871858
1667628000000,9938.539368871858
1667631600000,9938.539368871858
1667635200000,9938.539368871858
1667638800000,9938.539368871858
1667642400000,9938.539368871858
1667646000000,9938.539368871858
1667649600000,9938.539368871858
1667653200000,9938.539368871858
1667656800000,9938.539368871858
1667660400000,9938.539368871858
1667664000000,9938.539368871858
1667667600000,9938.539368871858
1667671200000,9938.539368871858
1667674800000,9938.539368871858
1667678400000,9938.539368871858
1667682000000,9938.539368871858
1667685600000,9938.539368871858
1667689200000,9938.539368871858
1667692800000,9938.539368871858
1667696400000,9938.539368871858
1667700000000,9938.539368871858
1667703600000,9938.539368871858
1667707200000,9938.539368871858
1667710800000,9938.539368871858
1667714400000,9938.539368871858
1667718000000,9938.539368871858
1667721600000,9938.539368871858
1667725200000,9938.539368871858
1667728800000,9938.539368871858
1667732400000,9938.539368871858
1667736000000,9938.539368871858
1667739600000,9938.539368871858
1667743200000,9938.539368871858
1667746800000,9938.539368871858
1667750400000,9938.539368871858
1667754000000,9938.539368871858
1667757600000,9938.539368871858
1667761200000,9938.539368871858
1667764800000,9938.539368871858
1667768400000,9938.539368871858
1667772000000,9938.539368871858
1667775600000,9938.539368871858
1667779200000,9938.539368871858
1667782800000,9938.539368871858
1667786400000,9938.539368871858
1667790000000,9938.539368871858
1667793600000,9938.539368871858
1667797200000,9938.539368871858
1667800800000,9938.539368871858
1667804400000,9938.539368871858
1667808000000,9938.539368871858
1667811600000,9938.539368871858
1667815200000,9938.539368871858
1667818800000,9938.539368871858
1667822400000,9938.539368871858
1667826000000,9938.539368871858
1667829600000,9938.539368871858
1667833200000,9938.539368871858
1667836800000,9938.539368871858
1667840400000,9938.539368871858
1667844000000,9938.539368871858
1667847600000,9938.539368871858
1667851200000,9938.539368871858
1667854800000,9938.539368871858
1667858400000,9938.539368871858
1667862000000,9938.539368871858
1667865600000,9938.539368871858
1667869200000,9938.539368871858
1667872800000,9938.539368871858
1667876400000,9938.539368871858
1667880000000,9938.539368871858
1667883600000,9938.539368871858
1667887200000,9938.539368871858
1667890800000,9938.539368871858
1667894400000,9938.539368871858
1667898000000,9938.539368871858
1667901600000,9938.539368871858
1667905200000,9938.539368871858
1667908800000,9938.539368871858
1667912400000,9938.539368871858
1667916000000,9938.539368871858
1667919600000,9938.539368871858
1667923200000,9938.539368871858
1667926800000,9938.539368871858
1667930400000,9938.539368871858
1667934000000,9938.539368871858
1667937600000,9939.299838579453
1667941200000,9938.047038579454
1667944800000,9940.247838579453
1667948400000,9938.768238579454
1667952000000,9941.024272252795
1667955600000,9935.534272252795
1667959200000,9935.806672252795
1667962800000,9930.999472252795
1667966400000,9934.687072252795
1667970000000,9933.022672252795
1667973600000,9934.976272252796
1667977200000,9933.283072252794
1667980800000,9930.231693092603
1667984400000,9926.990493092602
1667988000000,9918.729693092602
1667991600000,9913.360893092602
1667995200000,9918.122493092604
1667998800000,9917.956893092603
1668002400000,9914.488893092603
1668006000000,9917.586093092603
1668009600000,9902.805647037612
1668013200000,9903.921647037612
1668016800000,9901.248047037612
1668020400000,9896.871738861322
1668024000000,9900.753738861322
1668027600000,9896.566938861322
1668031200000,9889.63039142762
1668034800000,9889.63039142762
1668038400000,9889.63039142762
1668042000000,9889.63039142762
1668045600000,9889.63039142762
1668049200000,9889.63039142762
1668052800000,9889.63039142762
1668056400000,9889.63039142762
1668060000000,9889.63039142762
1668063600000,9889.63039142762
1668067200000,9889.63039142762
1668070800000,9889.63039142762
1668074400000,9889.63039142762
1668078000000,9889.63039142762
1668081600000,9889.63039142762
1668085200000,9889.63039142762
1668088800000,9889.63039142762
1668092400000,9889.63039142762
1668096000000,9889.63039142762
1668099600000,9889.63039142762
1668103200000,9889.63039142762
1668106800000,9889.63039142762
1668110400000,9889.63039142762
1668114000000,9889.63039142762
1668117600000,9889.63039142762
1668121200000,9889.63039142762
1668124800000,9889.63039142762
1668128400000,9889.63039142762
1668132000000,9889.63039142762
1668135600000,9889.63039142762
1668139200000,9889.530619610268
1668142800000,9889.016669610268
1668146400000,9892.415769610268
1668150000000,9891.61871961027
1668153600000,9893.112522520147
1668157200000,9893.191372520147
1668160800000,9893.298722520147
1668164400000,9893.147672520146
1668168000000,9892.915872520147
1668171600000,9895.146472520146
1668175200000,9893.288272520145
1668178800000,9892.576722520145
1668182400000,9891.820886514137
1668186000000,9890.437686514137
1668189600000,9893.407386514136
1668193200000,9891.788586514136
1668196800000,9892.839286514138
1668200400000,9890.470936514137
1668204000000,9892.610336514137
1668207600000,9893.415936514137
1668211200000,9894.099120955003
1668214800000,9893.021820955002
1668218400000,9892.710220955003
1668222000000,9893.162420955003
1668225600000,9891.504670955002
1668229200000,9890.918520955003
1668232800000,9890.082520955002
1668236400000,9891.743120955003
1668240000000,9892.168573610857
1668243600000,9891.690723610856
1668247200000,9891.742023610857
1668250800000,9891.784773610856
1668254400000,9891.783823610856
1668258000000,9892.202773610858
1668261600000,9891.969073610857
1668265200000,9893.134723610856
1668268800000,9892.965887604458
1668272400000,9892.479487604456
1668276000000,9892.817687604456
1668279600000,9892.468087604457
1668283200000,9892.352187604456
1668286800000,9891.980737604457
1668290400000,9891.287237604456
1668294000000,9891.581737604456
1668297600000,9891.249395096826
1668301200000,9891.569545096825
1668304800000,9891.977095096825
1668308400000,9892.243095096825
1668312000000,9892.606946122221
1668315600000,9891.01034612222
1668319200000,9890.58279612222
1668322800000,9885.02389612222
1668326400000,9887.644933016853
1668330000000,9883.870283016851
1668333600000,9881.297783016851
1668337200000,9882.870783016851
1668340800000,9884.952333016852
1668344400000,9883.921033016852
1668348000000,9885.176983016852
1668351600000,9884.423983016854
1668355200000,9882.355579254032
1668358800000,9882.99442925403
1668362400000,9882.116029254032
1668366000000,9881.01322925403
1668369600000,9881.961679254031
1668373200000,9879.834579254031
1668376800000,9877.585079254031
1668380400000,9879.081829254032
1668384000000,9876.975761074595
1668387600000,9874.326361074596
1668391200000,9870.380011074596
1668394800000,9872.283711074597
1668398400000,9871.055868234927
1668402000000,9868.231668234926
1668405600000,9866.406468234927
1668409200000,9879.254868234926
1668412800000,9883.92021244257
1668416400000,9882.176012442571
1668420000000,9881.91681244257
1668423600000,9882.78441244257
1668427200000,9882.11121244257
1668430800000,9883.338812442571
1668434400000,9880.42641244257
1668438000000,9880.38501244257
1668441600000,9879.005991231643
1668445200000,9877.313991231642
1668448800000,9878.905191231643
1668452400000,9879.608991231642
1668456000000,9873.622191231641
1668459600000,9873.749991231642
1668463200000,9875.575191231643
1668466800000,9876.037791231642
1668470400000,9879.355448865765
1668474000000,9878.565248865765
1668477600000,9880.890848865765
1668481200000,9882.305648865766
1668484800000,9883.398248865766
1668488400000,9882.384848865766
1668492000000,9880.952048865765
1668495600000,9882.411848865766
1668499200000,9883.656975767011
1668502800000,9885.165375767012
1668506400000,9883.235775767012
1668510000000,9884.321175767012
1668513600000,9882.434775767013
1668517200000,9883.561575767013
1668520800000,9886.569375767012
1668524400000,9885.084375767012
1668528000000,9886.74422157962
1668531600000,9886.58222157962
1668535200000,9886.60202157962
1668538800000,9881.98862157962
1668542400000,9885.039621579619
1668546000000,9883.61042157962
1668549600000,9884.45642157962
1668553200000,9884.36642157962
1668556800000,9884.609994439845
1668560400000,9882.937794439844
1668564000000,9884.485794439845
1668567600000,9885.252594439844
1668571200000,9885.941971524084
1668574800000,9885.941971524084
1668578400000,9885.941971524084
1668582000000,9885.941971524084
1668585600000,9885.941971524084
1668589200000,9885.941971524084
1668592800000,9885.941971524084
1668596400000,9885.941971524084
1668600000000,9885.432741433364
1668603600000,9885.365841433364
1668607200000,9884.170561433364
1668610800000,9882.495831433365
1668614400000,9878.708019775151
1668618000000,9882.811219775152
1668621600000,9884.162599775153
1668625200000,9883.118959775153
1668628800000,9882.389749775151
1668632400000,9883.321889775152
1668636000000,9882.550309775152
1668639600000,9884.749089775152
1668643200000,9884.698733529038
1668646800000,9885.956453529037
1668650400000,9885.289683529038
1668654000000,9883.164493529037
1668657600000,9881.643633529038
1668661200000,9881.804193529037
1668664800000,9883.075293529037
1668668400000,9881.463003529037
1668672000000,9881.870914305766
1668675600000,9881.625614305767
1668679200000,9879.119094305766
1668682800000,9879.237284305767
1668686400000,9881.708124305767
1668690000000,9881.277734305766
1668693600000,9878.423334305766
1668697200000,9878.958534305766
1668700800000,9879.622934697718
1668704400000,9883.476374697717
1668708000000,9883.302434697718
1668711600000,9883.730594697718
1668715200000,9881.772654697717
1668718800000,9881.478294697718
1668722400000,9882.414894697718
1668726000000,9882.586604697717
1668729600000,9880.820781670558
1668733200000,9884.23714167056
1668736800000,9883.851351670559
1668740400000,9887.151751670559
1668744000000,9885.421271670559
1668747600000,9885.213881670557
1668751200000,9884.950741670558
1668754800000,9885.187121670559
1668758400000,9884.012886496004
1668762000000,9883.662776496003
1668765600000,9884.139996496004
1668769200000,9885.257226496004
1668772800000,9884.777776496005
1668776400000,9884.844676496004
1668780000000,9885.054296496004
1668783600000,9883.765356496004
1668787200000,9883.28021687367
1668790800000,9882.615676873671
1668794400000,9881.63670687367
1668798000000,9882.12507687367
1668801600000,9882.89888687367
1668805200000,9883.11519687367
1668808800000,9882.97024687367
1668812400000,9883.31812687367
1668816000000,9883.713159625891
1668819600000,9883.21140962589
1668823200000,9883.039699625891
1668826800000,9882.437599625891
1668830400000,9882.77655962589
1668834000000,9882.75871962589
1668837600000,9881.88232962589
1668841200000,9882.60707962589
1668844800000,9882.44133994578
1668848400000,9883.07019994578
1668852000000,9883.043439945779
1668855600000,9883.02559994578
1668859200000,9883.332009270809
1668862800000,9883.332009270809
1668866400000,9883.332009270809
1668870000000,9883.332009270809
1668873600000,9883.332009270809
1668877200000,9883.332009270809
1668880800000,9883.332009270809
1668884400000,9883.332009270809
1668888000000,9883.332009270809
1668891600000,9883.332009270809
1668895200000,9883.332009270809
1668898800000,9883.332009270809
1668902400000,9883.332009270809
1668906000000,9883.332009270809
1668909600000,9883.332009270809
1668913200000,9883.332009270809
1668916800000,9883.332009270809
1668920400000,9883.332009270809
1668924000000,9883.332009270809
1668927600000,9883.332009270809
1668931200000,9883.332009270809
1668934800000,9883.332009270809
1668938400000,9883.332009270809
1668942000000,9883.332009270809
1668945600000,9880.790879589387
1668949200000,9882.645279589387
1668952800000,9885.786779589387
1668956400000,9884.310579589388
1668960000000,9885.857675386003
1668963600000,9885.961375386003
1668967200000,9883.545775386003
1668970800000,9886.107775386003
1668974400000,9886.809275386002
1668978000000,9882.667375386003
1668981600000,9865.947275386003
1668985200000,9869.863475386002
1668988800000,9868.345474975647
1668992400000,9857.545058195992
1668996000000,9857.545058195992
1668999600000,9857.545058195992
1669003200000,9857.228730350698
1669006800000,9858.815190350699
1669010400000,9861.293310350698
1669014000000,9858.722550350698
1669017600000,9857.118475985679
1669021200000,9855.67483598568
1669024800000,9855.987495985679
1669028400000,9858.751255985679
1669032000000,9857.12233598568
1669035600000,9858.133655985679
1669039200000,9861.711875985678
1669042800000,9860.986195985679
1669046400000,9859.803985821913
1669050000000,9854.087325821913
1669053600000,9848.941945821913
1669057200000,9848.251005821912
1669060800000,9844.738405821912
1669064400000,9850.049765821914
1669068000000,9845.410045821913
1669071600000,9851.462525821913
1669075200000,9849.922678618446
1669078800000,9852.995598618445
1669082400000,9848.650498618446
1669086000000,9854.904198618446
1669089600000,9850.981918618445
1669093200000,9848.889418618444
1669096800000,9848.492758618446
1669100400000,9837.019618618444
1669104000000,9843.665191887596
1669107600000,9840.869311887594
1669111200000,9837.470231887595
1669114800000,9844.899031887595
1669118400000,9841.365591887596
1669122000000,9849.391591887595
1669125600000,9871.412831887596
1669129200000,9868.432291887595
1669132800000,9874.37729107907
1669136400000,9870.08427107907
1669140000000,9865.51503107907
1669143600000,9870.249291079072
1669147200000,9870.73307107907
1669150800000,9869.39537107907
1669154400000,9870.56357107907
1669158000000,9875.111511079069
1669161600000,9877.20629133898
1669165200000,9873.67117133898
1669168800000,9873.81393133898
1669172400000,9894.92453133898
1669176000000,9899.05899133898
1669179600000,9894.96529133898
1669183200000,9892.545111338979
1669186800000,9894.444951338979
1669190400000,9900.04589397728
1669194000000,9895.98685397728
1669197600000,9897.745613977278
1669201200000,9901.727753977279
1669204800000,9902.11871397728
1669208400000,9896.135173977278
1669212000000,9890.573513977279
1669215600000,9893.603853977278
1669219200000,9891.531250156744
1669222800000,9886.657570156744
1669226400000,9887.783150156743
1669230000000,9894.334290156745
1669233600000,9896.151090156745
1669237200000,9901.018110156745
1669240800000,9896.837790156746
1669244400000,9898.533990156744
1669248000000,9906.941770547242
1669251600000,9904.028450547243
1669255200000,9919.830490547243
1669258800000,9914.359710547244
1669262400000,9916.051787491344
1669266000000,9915.357387491345
1669269600000,9914.346187491345
1669273200000,9915.533387491345
1669276800000,9913.314690862353
1669280400000,9912.105090862353
1669284000000,9912.309890862354
1669287600000,9911.148290862353
1669291200000,9911.381890862353
1669294800000,9910.345090862353
1669298400000,9911.890690862354
1669302000000,9910.044290862354
1669305600000,9910.95507531939
1669309200000,9912.91987531939
1669312800000,9911.93427531939
1669316400000,9912.13587531939
1669320000000,9911.495875319391
1669323600000,9911.10227531939
1669327200000,9910.49107531939
1669330800000,9912.76627531939
1669334400000,9912.011476938917
1669338000000,9912.011476938917
1669341600000,9912.011476938917
1669345200000,9912.011476938917
1669348800000,9912.011476938917
1669352400000,9912.011476938917
1669356000000,9912.011476938917
1669359600000,9912.011476938917
1669363200000,9912.011476938917
1669366800000,9912.011476938917
1669370400000,9912.011476938917
1669374000000,9912.011476938917
1669377600000,9912.011476938917
1669381200000,9912.011476938917
1669384800000,9912.011476938917
1669388400000,9912.011476938917
1669392000000,9911.158231563362
1669395600000,9910.027331563362
1669399200000,9911.49793156336
1669402800000,9910.891631563361
1669406400000,9912.087031563362
1669410000000,9912.353631563361
1669413600000,9910.981931563361
1669417200000,9912.375131563362
1669420800000,9911.969328948011
1669424400000,9914.51492894801
1669428000000,9917.60232894801
1669431600000,9916.65202894801
1669435200000,9916.505828948011
1669438800000,9916.626228948011
1669442400000,9916.10592894801
1669446000000,9913.43992894801
1669449600000,9914.906528352494
1669453200000,9914.257228352495
1669456800000,9914.906528352494
1669460400000,9914.971028352495
1669464000000,9914.390528352495
1669467600000,9914.566828352496
1669471200000,9915.388128352495
1669474800000,9913.758428352496
1669478400000,9911.807022859291
1669482000000,9911.071722859291
1669485600000,9911.70382285929
1669489200000,9909.351722859292
1669492800000,9910.62022285929
1669496400000,9911.149122859291
1669500000000,9911.609222859292
1669503600000,9907.666122859291
1669507200000,9909.27110368363
1669510800000,9909.68820368363
1669514400000,9910.62990368363
1669518000000,9912.33270368363
1669521600000,9912.33270368363
1669525200000,9913.67000368363
1669528800000,9912.853003683631
1669532400000,9913.54960368363
1669536000000,9913.790729064345
1669539600000,9912.238429064344
1669543200000,9912.139529064345
1669546800000,9912.509329064345
1669550400000,9913.532729064345
1669554000000,9913.670329064345
1669557600000,9912.831829064346
1669561200000,9912.556629064346
1669564800000,9914.038973262243
1669568400000,9912.736073262242
1669572000000,9912.417873262242
1669575600000,9913.772373262242
1669579200000,9913.135973262242
1669582800000,9913.458473262242
1669586400000,9914.172273262242
1669590000000,9913.849773262242
1669593600000,9908.329510224718
1669597200000,9909.297010224716
1669600800000,9894.479210224717
1669604400000,9895.167210224718
1669608000000,9896.891510224717
1669611600000,9898.439510224716
1669615200000,9896.612010224717
1669618800000,9898.314810224716
1669622400000,9899.287172225042
1669626000000,9899.730072225042
1669629600000,9898.440072225041
1669633200000,9898.16057222504
1669636800000,9899.020572225041
1669640400000,9897.58007222504
1669644000000,9897.098472225041
1669647600000,9899.054972225042
1669651200000,9895.338442772114
1669654800000,9895.338442772114
1669658400000,9895.338442772114
1669662000000,9895.338442772114
1669665600000,9894.9106294688
1669669200000,9896.081729468802
1669672800000,9894.347129468802
1669676400000,9895.234029468802
1669680000000,9893.691928728482
1669683600000,9892.662928728481
1669687200000,9896.484928728481
1669690800000,9897.048428728482
1669694400000,9897.670728728483
1669698000000,9905.760628728482
1669701600000,9907.745128728482
1669705200000,9906.951328728483
1669708800000,9906.876033247207
1669712400000,9908.463633247206
1669716000000,9909.732733247207
1669719600000,9908.718433247206
1669723200000,9908.150033247206
1669726800000,9907.807033247207
1669730400000,9904.190833247207
1669734000000,9901.838833247206
1669737600000,9903.201845952435
1669741200000,9904.392545952434
1669744800000,9902.099345952434
1669748400000,9905.073645952434
1669752000000,9904.965845952434
1669755600000,9907.807845952435
1669759200000,9906.533845952436
1669762800000,9908.528145952436
1669766400000,9905.849834458919
1669770000000,9927.55193445892
1669773600000,9927.547034458918
1669777200000,9931.324934458919
1669780800000,9925.73403445892
1669784400000,9926.851234458918
1669788000000,9926.238734458919
1669791600000,9926.341634458919
1669795200000,9927.102043324976
1669798800000,9927.371543324976
1669802400000,9926.857043324977
1669806000000,9926.420943324976
1669809600000,9927.239243324977
1669813200000,9922.755743324977
1669816800000,9923.515243324977
1669820400000,9924.240443324976
1669824000000,9926.229673204743
1669827600000,9926.616773204743
1669831200000,9921.883373204742
1669834800000,9930.242773204744
1669838400000,9935.270173204743
1669842000000,9937.377173204743
1669845600000,9937.509473204744
1669849200000,9941.777373204743
1669852800000,9941.239523460317
1669856400000,9940.249723460316
1669860000000,9938.863023460317
1669863600000,9938.946323460317
1669867200000,9940.249723460316
1669870800000,9939.715623460317
1669874400000,9938.353423460318
1669878000000,9938.696423460317
1669881600000,9936.802734945943
1669885200000,9938.498134945943
1669888800000,9938.184534945942
1669892400000,9937.175134945943
1669896000000,9938.027734945943
1669899600000,9939.331134945942
1669903200000,9936.508734945943
1669906800000,9938.199234945943
1669910400000,9931.344279005943
1669914000000,9931.706879005944
1669917600000,9931.491279005942
1669921200000,9929.335279005943
1669924800000,9930.008409941784
1669928400000,9930.008409941784
1669932000000,9930.008409941784
1669935600000,9930.008409941784
1669939200000,9930.008409941784
1669942800000,9930.008409941784
1669946400000,9930.008409941784
1669950000000,9930.008409941784
1669953600000,9930.008409941784
1669957200000,9930.008409941784
1669960800000,9930.008409941784
1669964400000,9930.008409941784
1669968000000,9930.008409941784
1669971600000,9930.008409941784
1669975200000,9930.008409941784
1669978800000,9930.008409941784
1669982400000,9930.008409941784
1669986000000,9930.008409941784
1669989600000,9930.008409941784
1669993200000,9930.008409941784
1669996800000,9930.008409941784
1670000400000,9930.008409941784
1670004000000,9930.008409941784
1670007600000,9930.008409941784
1670011200000,9930.008409941784
1670014800000,9930.008409941784
1670018400000,9930.008409941784
1670022000000,9930.008409941784
1670025600000,9930.008409941784
1670029200000,9930.008409941784
1670032800000,9930.008409941784
1670036400000,9930.008409941784
1670040000000,9930.008409941784
1670043600000,9930.008409941784
1670047200000,9930.008409941784
1670050800000,9930.008409941784
1670054400000,9930.008409941784
1670058000000,9930.008409941784
1670061600000,9930.008409941784
1670065200000,9930.008409941784
1670068800000,9930.008409941784
1670072400000,9930.008409941784
1670076000000,9930.008409941784
1670079600000,9930.008409941784
1670083200000,9930.008409941784
1670086800000,9930.008409941784
1670090400000,9930.008409941784
1670094000000,9930.008409941784
1670097600000,9930.008409941784
1670101200000,9930.008409941784
1670104800000,9930.008409941784
1670108400000,9930.008409941784
1670112000000,9930.008409941784
1670115600000,9930.008409941784
1670119200000,9930.008409941784
1670122800000,9930.008409941784
1670126400000,9930.008409941784
1670130000000,9930.008409941784
1670133600000,9930.008409941784
1670137200000,9930.008409941784
1670140800000,9930.008409941784
1670144400000,9930.008409941784
1670148000000,9930.008409941784
1670151600000,9930.008409941784
1670155200000,9930.008409941784
1670158800000,9930.008409941784
1670162400000,9930.008409941784
1670166000000,9930.008409941784
1670169600000,9930.008409941784
1670173200000,9930.008409941784
1670176800000,9930.008409941784
1670180400000,9930.008409941784
1670184000000,9930.008409941784
1670187600000,9930.008409941784
1670191200000,9930.008409941784
1670194800000,9930.008409941784
1670198400000,9930.008409941784
1670202000000,9930.008409941784
1670205600000,9930.008409941784
1670209200000,9930.008409941784
1670212800000,9930.008409941784
1670216400000,9930.008409941784
1670220000000,9930.008409941784
1670223600000,9930.008409941784
1670227200000,9930.008409941784
1670230800000,9930.008409941784
1670234400000,9930.008409941784
1670238000000,9930.008409941784
1670241600000,9930.008409941784
1670245200000,9930.008409941784
1670248800000,9930.008409941784
1670252400000,9930.008409941784
1670256000000,9930.008409941784
1670259600000,9930.008409941784
1670263200000,9930.008409941784
1670266800000,9930.008409941784
1670270400000,9930.008409941784
1670274000000,9930.008409941784
1670277600000,9930.008409941784
1670281200000,9930.008409941784
1670284800000,9930.008409941784
1670288400000,9930.008409941784
1670292000000,9930.008409941784
1670295600000,9930.008409941784
1670299200000,9930.008409941784
1670302800000,9930.008409941784
1670306400000,9930.008409941784
1670310000000,9930.008409941784
1670313600000,9930.008409941784
1670317200000,9930.008409941784
1670320800000,9930.008409941784
1670324400000,9930.008409941784
1670328000000,9930.008409941784
1670331600000,9930.008409941784
1670335200000,9930.008409941784
1670338800000,9930.008409941784
1670342400000,9930.008409941784
1670346000000,9930.008409941784
1670349600000,9930.008409941784
1670353200000,9930.008409941784
1670356800000,9930.008409941784
1670360400000,9930.008409941784
1670364000000,9930.008409941784
1670367600000,9930.008409941784
1670371200000,9930.008409941784
1670374800000,9930.008409941784
1670378400000,9930.008409941784
1670382000000,9930.008409941784
1670385600000,9930.008409941784
1670389200000,9930.008409941784
1670392800000,9930.008409941784
1670396400000,9930.008409941784
1670400000000,9930.008409941784
1670403600000,9930.008409941784
1670407200000,9930.008409941784
1670410800000,9930.008409941784
1670414400000,9930.008409941784
1670418000000,9930.008409941784
1670421600000,9930.008409941784
1670425200000,9930.008409941784
1670428800000,9930.008409941784
1670432400000,9930.008409941784
1670436000000,9930.008409941784
1670439600000,9930.008409941784
1670443200000,9930.008409941784
1670446800000,9930.008409941784
1670450400000,9930.008409941784
1670454000000,9930.008409941784
1670457600000,9930.008409941784
1670461200000,9930.008409941784
1670464800000,9930.008409941784
1670468400000,9930.008409941784
1670472000000,9930.008409941784
1670475600000,9930.008409941784
1670479200000,9930.008409941784
1670482800000,9930.008409941784
1670486400000,9930.008409941784
1670490000000,9930.008409941784
1670493600000,9930.008409941784
1670497200000,9930.008409941784
1670500800000,9930.008409941784
1670504400000,9930.008409941784
1670508000000,9930.008409941784
1670511600000,9930.008409941784
1670515200000,9930.008409941784
1670518800000,9930.008409941784
1670522400000,9930.008409941784
1670526000000,9930.008409941784
1670529600000,9930.008409941784
1670533200000,9930.008409941784
1670536800000,9930.008409941784
1670540400000,9930.008409941784
1670544000000,9930.008409941784
1670547600000,9930.008409941784
1670551200000,9930.008409941784
1670554800000,9930.008409941784
1670558400000,9930.008409941784
1670562000000,9930.008409941784
1670565600000,9930.008409941784
1670569200000,9930.008409941784
1670572800000,9930.008409941784
1670576400000,9930.008409941784
1670580000000,9930.008409941784
1670583600000,9930.008409941784
1670587200000,9930.008409941784
1670590800000,9930.008409941784
1670594400000,9930.008409941784
1670598000000,9930.008409941784
1670601600000,9930.008409941784
1670605200000,9930.008409941784
1670608800000,9930.008409941784
1670612400000,9930.008409941784
1670616000000,9930.008409941784
1670619600000,9930.008409941784
1670623200000,9930.008409941784
1670626800000,9930.008409941784
1670630400000,9930.008409941784
1670634000000,9930.008409941784
1670637600000,9930.008409941784
1670641200000,9930.008409941784
1670644800000,9930.008409941784
1670648400000,9930.008409941784
1670652000000,9930.008409941784
1670655600000,9930.008409941784
1670659200000,9930.008409941784
1670662800000,9930.008409941784
1670666400000,9930.008409941784
1670670000000,9930.008409941784
1670673600000,9930.008409941784
1670677200000,9930.008409941784
1670680800000,9930.008409941784
1670684400000,9930.008409941784
1670688000000,9930.008409941784
1670691600000,9930.008409941784
1670695200000,9930.008409941784
1670698800000,9930.008409941784
1670702400000,9930.008409941784
1670706000000,9930.008409941784
1670709600000,9930.008409941784
1670713200000,9930.008409941784
1670716800000,9930.008409941784
1670720400000,9930.008409941784
1670724000000,9930.008409941784
1670727600000,9930.008409941784
1670731200000,9930.008409941784
1670734800000,9930.008409941784
1670738400000,9930.008409941784
1670742000000,9930.008409941784
1670745600000,9930.008409941784
1670749200000,9930.008409941784
1670752800000,9930.008409941784
1670756400000,9930.008409941784
1670760000000,9930.008409941784
1670763600000,9930.008409941784
1670767200000,9930.008409941784
1670770800000,9930.008409941784
1670774400000,9930.008409941784
1670778000000,9930.008409941784
1670781600000,9930.008409941784
1670785200000,9930.008409941784
1670788800000,9930.008409941784
1670792400000,9930.008409941784
1670796000000,9930.008409941784
1670799600000,9930.008409941784
1670803200000,9930.008409941784
1670806800000,9930.008409941784
1670810400000,9930.008409941784
1670814000000,9930.008409941784
1670817600000,9930.008409941784
1670821200000,9930.008409941784
1670824800000,9930.008409941784
1670828400000,9930.008409941784
1670832000000,9930.008409941784
1670835600000,9930.008409941784
1670839200000,9930.008409941784
1670842800000,9930.008409941784
1670846400000,9930.008409941784
1670850000000,9930.008409941784
1670853600000,9930.008409941784
1670857200000,9930.008409941784
1670860800000,9930.008409941784
1670864400000,9930.008409941784
1670868000000,9930.008409941784
1670871600000,9930.008409941784
1670875200000,9930.008409941784
1670878800000,9930.008409941784
1670882400000,9930.008409941784
1670886000000,9930.008409941784
1670889600000,9930.008409941784
1670893200000,9930.008409941784
1670896800000,9930.008409941784
1670900400000,9930.008409941784
1670904000000,9930.008409941784
1670907600000,9930.008409941784
1670911200000,9930.008409941784
1670914800000,9930.008409941784
1670918400000,9930.008409941784
1670922000000,9930.008409941784
1670925600000,9930.008409941784
1670929200000,9930.008409941784
1670932800000,9930.008409941784
1670936400000,9930.008409941784
1670940000000,9930.008409941784
1670943600000,9930.008409941784
1670947200000,9930.008409941784
1670950800000,9930.008409941784
1670954400000,9930.008409941784
1670958000000,9930.008409941784
1670961600000,9930.008409941784
1670965200000,9930.008409941784
1670968800000,9930.008409941784
1670972400000,9930.008409941784
1670976000000,9930.008409941784
1670979600000,9930.008409941784
1670983200000,9930.008409941784
1670986800000,9930.008409941784
1670990400000,9930.008409941784
1670994000000,9930.008409941784
1670997600000,9930.008409941784
1671001200000,9930.008409941784
1671004800000,9930.008409941784
1671008400000,9930.008409941784
1671012000000,9930.008409941784
1671015600000,9930.008409941784
1671019200000,9930.008409941784
1671022800000,9930.008409941784
1671026400000,9930.008409941784
1671030000000,9930.008409941784
1671033600000,9930.008409941784
1671037200000,9930.008409941784
1671040800000,9930.008409941784
1671044400000,9930.008409941784
1671048000000,9930.008409941784
1671051600000,9930.008409941784
1671055200000,9930.008409941784
1671058800000,9930.008409941784
1671062400000,9930.008409941784
1671066000000,9930.008409941784
1671069600000,9930.008409941784
1671073200000,9930.008409941784
1671076800000,9930.008409941784
1671080400000,9930.008409941784
1671084000000,9930.008409941784
1671087600000,9930.008409941784
1671091200000,9930.008409941784
1671094800000,9930.008409941784
1671098400000,9930.008409941784
1671102000000,9930.008409941784
1671105600000,9930.008409941784
1671109200000,9930.008409941784
1671112800000,9930.008409941784
1671116400000,9930.008409941784
1671120000000,9930.008409941784
1671123600000,9930.008409941784
1671127200000,9930.008409941784
1671130800000,9930.008409941784
1671134400000,9930.008409941784
1671138000000,9930.008409941784
1671141600000,9930.008409941784
1671145200000,9930.008409941784
1671148800000,9930.008409941784
1671152400000,9930.008409941784
1671156000000,9930.008409941784
1671159600000,9930.008409941784
1671163200000,9930.008409941784
1671166800000,9930.008409941784
1671170400000,9930.008409941784
1671174000000,9930.008409941784
1671177600000,9930.008409941784
1671181200000,9930.008409941784
1671184800000,9930.008409941784
1671188400000,9930.008409941784
1671192000000,9930.008409941784
1671195600000,9930.008409941784
1671199200000,9930.008409941784
1671202800000,9930.008409941784
1671206400000,9930.008409941784
1671210000000,9930.008409941784
1671213600000,9930.008409941784
1671217200000,9930.008409941784
1671220800000,9930.008409941784
1671224400000,9930.008409941784
1671228000000,9930.008409941784
1671231600000,9930.008409941784
1671235200000,9930.008409941784
1671238800000,9930.008409941784
1671242400000,9930.008409941784
1671246000000,9930.008409941784
1671249600000,9930.008409941784
1671253200000,9930.008409941784
1671256800000,9930.008409941784
1671260400000,9930.008409941784
1671264000000,9930.008409941784
1671267600000,9930.008409941784
1671271200000,9930.008409941784
1671274800000,9930.008409941784
1671278400000,9930.008409941784
1671282000000,9930.008409941784
1671285600000,9930.008409941784
1671289200000,9930.008409941784
1671292800000,9930.008409941784
1671296400000,9930.008409941784
1671300000000,9930.008409941784
1671303600000,9930.008409941784
1671307200000,9930.008409941784
1671310800000,9930.008409941784
1671314400000,9930.008409941784
1671318000000,9930.008409941784
1671321600000,9930.008409941784
1671325200000,9930.008409941784
1671328800000,9930.008409941784
1671332400000,9930.008409941784
1671336000000,9930.008409941784
1671339600000,9930.008409941784
1671343200000,9930.008409941784
1671346800000,9930.008409941784
1671350400000,9930.008409941784
1671354000000,9930.008409941784
1671357600000,9930.008409941784
1671361200000,9930.008409941784
1671364800000,9930.008409941784
1671368400000,9930.008409941784
1671372000000,9930.008409941784
1671375600000,9930.008409941784
1671379200000,9930.008409941784
1671382800000,9930.008409941784
1671386400000,9930.008409941784
1671390000000,9930.008409941784
1671393600000,9930.008409941784
1671397200000,9930.008409941784
1671400800000,9930.008409941784
1671404400000,9930.008409941784
1671408000000,9930.008409941784
1671411600000,9930.008409941784
1671415200000,9930.008409941784
1671418800000,9930.008409941784
1671422400000,9930.008409941784
1671426000000,9930.008409941784
1671429600000,9930.008409941784
1671433200000,9930.008409941784
1671436800000,9930.008409941784
1671440400000,9930.008409941784
1671444000000,9930.008409941784
1671447600000,9930.008409941784
1671451200000,9930.008409941784
1671454800000,9930.008409941784
1671458400000,9930.008409941784
1671462000000,9930.008409941784
1671465600000,9929.594983457258
1671469200000,9927.276583457258
1671472800000,9925.298383457259
1671476400000,9923.112283457258
1671480000000,9923.786383457258
1671483600000,9927.522283457258
1671487200000,9927.068683457259
1671490800000,9919.842583457259
1671494400000,9922.70973264998
1671498000000,9925.74633264998
1671501600000,9934.27653264998
1671505200000,9938.45343264998
1671508800000,9937.88013264998
1671512400000,9947.61993264998
1671516000000,9947.50023264998
1671519600000,9950.28483264998
1671523200000,9946.782247072559
1671526800000,9949.510147072559
1671530400000,9949.371547072558
1671534000000,9947.727247072558
1671537600000,9950.719747072559
1671541200000,9951.204847072559
1671544800000,9949.30224707256
1671548400000,9954.279247072558
1671552000000,9952.717092380539
1671555600000,9950.354592380538
1671559200000,9949.932492380538
1671562800000,9951.853992380538
1671566400000,9952.717092380539
1671570000000,9951.22399238054
1671573600000,9951.904392380538
1671577200000,9953.321892380538
1671580800000,9952.813936765559
1671584400000,9947.395936765559
1671588000000,9950.02933676556
1671591600000,9948.989836765559
1671595200000,9949.109536765558
1671598800000,9946.224136765559
1671602400000,9949.512736765559
1671606000000,9949.49383676556
1671609600000,9948.79845337073
1671613200000,9951.62085337073
1671616800000,9951.872853370729
1671620400000,9952.79265337073
1671624000000,9952.93755337073
1671627600000,9950.61915337073
1671631200000,9951.52005337073
1671634800000,9948.86775337073
1671638400000,9952.169093306331
1671642000000,9948.07409330633
1671645600000,9949.403393306331
1671649200000,9948.42689330633
1671652800000,9946.97159330633
1671656400000,9948.193793306331
1671660000000,9949.64279330633
1671663600000,9948.867893306331
1671667200000,9950.626679266688
1671670800000,9952.907279266688
1671674400000,9950.02187926669
1671678000000,9951.313379266689
1671681600000,9951.351179266689
1671685200000,9949.606079266689
1671688800000,9948.950879266687
1671692400000,9948.931979266688
1671696000000,9950.753260863914
1671699600000,9951.767560863913
1671703200000,9953.613460863913
1671706800000,9952.832260863914
1671710400000,9953.361460863915
1671714000000,9951.673060863914
1671717600000,9948.453760863913
1671721200000,9937.705960863914
1671724800000,9933.16364605212
1671728400000,9933.16364605212
1671732000000,9933.16364605212
1671735600000,9933.16364605212
1671739200000,9933.16364605212
1671742800000,9933.16364605212
1671746400000,9933.16364605212
1671750000000,9933.16364605212
1671753600000,9933.16364605212
1671757200000,9933.16364605212
1671760800000,9933.16364605212
1671764400000,9933.16364605212
1671768000000,9933.16364605212
1671771600000,9933.16364605212
1671775200000,9933.16364605212
1671778800000,9933.16364605212
1671782400000,9933.16364605212
1671786000000,9933.16364605212
1671789600000,9933.16364605212
1671793200000,9933.16364605212
1671796800000,9933.16364605212
1671800400000,9933.16364605212
1671804000000,9933.16364605212
1671807600000,9933.16364605212
1671811200000,9933.16364605212
1671814800000,9933.16364605212
1671818400000,9933.16364605212
1671822000000,9933.16364605212
1671825600000,9933.16364605212
1671829200000,9933.16364605212
1671832800000,9933.16364605212
1671836400000,9933.16364605212
1671840000000,9933.16364605212
1671843600000,9933.16364605212
1671847200000,9933.16364605212
1671850800000,9933.16364605212
1671854400000,9933.16364605212
1671858000000,9933.16364605212
1671861600000,9933.16364605212
1671865200000,9933.16364605212
1671868800000,9933.16364605212
1671872400000,9933.16364605212
1671876000000,9933.16364605212
1671879600000,9933.16364605212
1671883200000,9933.16364605212
1671886800000,9933.16364605212
1671890400000,9933.16364605212
1671894000000,9933.16364605212
1671897600000,9933.16364605212
1671901200000,9933.16364605212
1671904800000,9933.16364605212
1671908400000,9933.16364605212
1671912000000,9933.16364605212
1671915600000,9933.16364605212
1671919200000,9933.16364605212
1671922800000,9933.16364605212
1671926400000,9933.16364605212
1671930000000,9933.16364605212
1671933600000,9933.16364605212
1671937200000,9933.16364605212
1671940800000,9933.16364605212
1671944400000,9933.16364605212
1671948000000,9933.16364605212
1671951600000,9933.16364605212
1671955200000,9933.16364605212
1671958800000,9933.16364605212
1671962400000,9933.16364605212
1671966000000,9933.16364605212
1671969600000,9932.106454772875
1671973200000,9933.675954772874
1671976800000,9933.095454772874
1671980400000,9906.832735300432
1671984000000,9905.734774998762
1671987600000,9907.79877499876
1671991200000,9906.430774998762
1671994800000,9903.142774998762
1671998400000,9905.398774998761
1672002000000,9902.446774998762
1672005600000,9910.954774998761
1672009200000,9908.926774998761
1672012800000,9910.8517643568
1672016400000,9910.3477643568
1672020000000,9913.8277643568
1672023600000,9917.5837643568
1672027200000,9918.8557643568
1672030800000,9916.2277643568
1672034400000,9913.4077643568
1672038000000,9912.6037643568
1672041600000,9912.106077615359
1672045200000,9911.494077615358
1672048800000,9910.45007761536
1672052400000,9912.826077615358
1672056000000,9914.62607761536
1672059600000,9913.774077615359
1672063200000,9911.27807761536
1672066800000,9910.54607761536
1672070400000,9907.164194121118
1672074000000,9910.980194121119
1672077600000,9911.652194121118
1672081200000,9908.832194121118
1672084800000,9911.844194121119
1672088400000,9911.532194121119
1672092000000,9910.680194121118
1672095600000,9912.780194121118
1672099200000,9924.424547273826
1672102800000,9915.304547273827
1672106400000,9915.256547273826
1672110000000,9916.180547273825
1672113600000,9915.760547273825
1672117200000,9918.016547273826
1672120800000,9914.944547273826
1672124400000,9917.092547273825
1672128000000,9914.59825122461
1672131600000,9911.442251224611
1672135200000,9915.71425122461
1672138800000,9913.362251224611
1672142400000,9910.20625122461
1672146000000,9908.01025122461
1672149600000,9908.77825122461
1672153200000,9901.33825122461
1672156800000,9905.354938501781
1672160400000,9903.770938501782
1672164000000,9891.650938501782
1672167600000,9886.730938501782
1672171200000,9892.130938501781
1672174800000,9890.498938501782
1672178400000,9894.578938501782
1672182000000,9894.194938501782
1672185600000,9894.60173124984
1672189200000,9893.20973124984
1672192800000,9894.28973124984
1672196400000,9892.71773124984
1672200000000,9879.450841162905
1672203600000,9879.450841162905
1672207200000,9879.450841162905
1672210800000,9879.450841162905
1672214400000,9879.450841162905
1672218000000,9879.450841162905
1672221600000,9879.450841162905
1672225200000,9879.450841162905
1672228800000,9879.450841162905
1672232400000,9879.450841162905
1672236000000,9879.450841162905
1672239600000,9879.450841162905
1672243200000,9879.450841162905
1672246800000,9879.450841162905
1672250400000,9879.450841162905
1672254000000,9879.450841162905
1672257600000,9879.450841162905
1672261200000,9879.450841162905
1672264800000,9879.450841162905
1672268400000,9879.450841162905
1672272000000,9879.450841162905
1672275600000,9879.450841162905
1672279200000,9879.450841162905
1672282800000,9879.450841162905
1672286400000,9879.450841162905
1672290000000,9879.450841162905
1672293600000,9879.450841162905
1672297200000,9879.450841162905
1672300800000,9879.450841162905
1672304400000,9879.450841162905
1672308000000,9879.450841162905
1672311600000,9879.450841162905
1672315200000,9879.450841162905
1672318800000,9879.450841162905
1672322400000,9879.450841162905
1672326000000,9879.450841162905
1672329600000,9879.450841162905
1672333200000,9879.450841162905
1672336800000,9879.450841162905
1672340400000,9879.450841162905
1672344000000,9879.450841162905
1672347600000,9879.450841162905
1672351200000,9879.450841162905
1672354800000,9879.450841162905
1672358400000,9879.450841162905
1672362000000,9879.450841162905
1672365600000,9879.450841162905
1672369200000,9879.450841162905
1672372800000,9879.450841162905
1672376400000,9879.450841162905
1672380000000,9879.450841162905
1672383600000,9879.450841162905
1672387200000,9879.450841162905
1672390800000,9879.450841162905
1672394400000,9879.450841162905
1672398000000,9879.450841162905
1672401600000,9879.450841162905
1672405200000,9879.450841162905
1672408800000,9879.450841162905
1672412400000,9879.450841162905
1672416000000,9879.450841162905
1672419600000,9879.450841162905
1672423200000,9879.450841162905
1672426800000,9879.450841162905
1672430400000,9879.450841162905
1672434000000,9879.450841162905
1672437600000,9879.450841162905
1672441200000,9879.450841162905
1672444800000,9879.450841162905
1672448400000,9879.450841162905
1672452000000,9879.450841162905
1672455600000,9879.450841162905
1672459200000,9879.450841162905
1672462800000,9879.450841162905
1672466400000,9879.450841162905
1672470000000,9879.450841162905
1672473600000,9879.450841162905
1672477200000,9879.450841162905
1672480800000,9879.450841162905
1672484400000,9879.450841162905
1672488000000,9879.450841162905
1672491600000,9879.450841162905
1672495200000,9879.450841162905
1672498800000,9879.450841162905
1672502400000,9879.450841162905
1672506000000,9879.450841162905
1672509600000,9879.450841162905
1672513200000,9879.450841162905
1672516800000,9879.450841162905
1672520400000,9879.450841162905
1672524000000,9879.450841162905
1672527600000,9879.450841162905
1672531200000,9879.450841162905
1672534800000,9879.450841162905
1672538400000,9879.450841162905
1672542000000,9879.450841162905
1672545600000,9879.450841162905
1672549200000,9879.450841162905
1672552800000,9879.450841162905
1672556400000,9879.450841162905
1672560000000,9879.450841162905
1672563600000,9879.450841162905
1672567200000,9879.450841162905
1672570800000,9879.450841162905
1672574400000,9879.450841162905
1672578000000,9879.450841162905
1672581600000,9879.450841162905
1672585200000,9879.450841162905
1672588800000,9879.450841162905
1672592400000,9879.450841162905
1672596000000,9879.450841162905
1672599600000,9879.450841162905
1672603200000,9879.450841162905
1672606800000,9879.450841162905
1672610400000,9879.450841162905
1672614000000,9879.450841162905
1672617600000,9879.450841162905
1672621200000,9879.450841162905
1672624800000,9879.450841162905
1672628400000,9879.450841162905
1672632000000,9879.450841162905
1672635600000,9879.450841162905
1672639200000,9879.450841162905
1672642800000,9879.450841162905
1672646400000,9879.450841162905
1672650000000,9879.450841162905
1672653600000,9879.450841162905
1672657200000,9879.450841162905
1672660800000,9879.450841162905
1672664400000,9879.450841162905
1672668000000,9879.450841162905
1672671600000,9879.450841162905
1672675200000,9879.450841162905
1672678800000,9879.450841162905
1672682400000,9879.450841162905
1672686000000,9879.450841162905
1672689600000,9879.450841162905
1672693200000,9879.450841162905
1672696800000,9879.450841162905
1672700400000,9879.450841162905
1672704000000,9877.881906201244
1672707600000,9880.506906201244
1672711200000,9878.637906201244
1672714800000,9878.522406201244
1672718400000,9880.590906201243
1672722000000,9879.782406201244
1672725600000,9885.567906201244
1672729200000,9884.202906201244
1672732800000,9884.927254114422
1672736400000,9883.068754114422
1672740000000,9886.103254114421
1672743600000,9883.992754114422
1672747200000,9883.425754114422
1672750800000,9882.417754114422
1672754400000,9883.971754114422
1672758000000,9878.280754114421
1672761600000,9878.264603650512
1672765200000,9872.85710365051
1672768800000,9874.127603650511
1672772400000,9875.555603650511
1672776000000,9875.765603650512
1672779600000,9876.962603650512
1672783200000,9877.571603650511
1672786800000,9878.474603650511
1672790400000,9878.466041835325
1672794000000,9876.891041835326
1672797600000,9882.015041835326
1672801200000,9886.225541835325
1672804800000,9899.917541835326
1672808400000,9898.216541835325
1672812000000,9898.216541835325
1672815600000,9900.138041835326
1672819200000,9898.881051134364
1672822800000,9898.303551134364
1672826400000,9896.319051134364
1672830000000,9896.119551134363
1672833600000,9895.384551134364
1672837200000,9892.696551134364
1672840800000,9894.439551134365
1672844400000,9891.615051134364
1672848000000,9896.38932474469
1672851600000,9897.92232474469
1672855200000,9900.02232474469
1672858800000,9910.301824744689
1672862400000,9895.612324744689
1672866000000,9891.19182474469
1672869600000,9893.837824744689
1672873200000,9893.13432474469
1672876800000,9897.13352883742
1672880400000,9894.05702883742
1672884000000,9894.83402883742
1672887600000,9894.97052883742
1672891200000,9893.95202883742
1672894800000,9895.10702883742
1672898400000,9895.80002883742
1672902000000,9892.99652883742
1672905600000,9893.968199223304
1672909200000,9891.931199223303
1672912800000,9892.004699223304
1672916400000,9893.758199223304
1672920000000,9894.461699223304
1672923600000,9893.401199223305
1672927200000,9890.188199223303
1672930800000,9893.779199223303
1672934400000,9895.551282345063
1672938000000,9894.627282345064
1672941600000,9892.464282345063
1672945200000,9895.698282345063
1672948800000,9897.682782345064
1672952400000,9897.283782345063
1672956000000,9896.034282345063
1672959600000,9895.288782345064
1672963200000,9893.334698352743
1672966800000,9893.334698352743
1672970400000,9893.334698352743
1672974000000,9893.334698352743
1672977600000,9893.334698352743
1672981200000,9893.334698352743
1672984800000,9893.334698352743
1672988400000,9893.334698352743
1672992000000,9893.334698352743
1672995600000,9893.334698352743
1672999200000,9893.334698352743
1673002800000,9893.334698352743
1673006400000,9893.334698352743
1673010000000,9893.334698352743
1673013600000,9893.334698352743
1673017200000,9893.334698352743
1673020800000,9893.334698352743
1673024400000,9893.334698352743
1673028000000,9893.334698352743
1673031600000,9893.334698352743
1673035200000,9893.334698352743
1673038800000,9893.334698352743
1673042400000,9893.334698352743
1673046000000,9893.334698352743
1673049600000,9893.334698352743
1673053200000,9893.334698352743
1673056800000,9893.334698352743
1673060400000,9893.334698352743
1673064000000,9893.334698352743
1673067600000,9893.334698352743
1673071200000,9893.334698352743
1673074800000,9893.334698352743
1673078400000,9893.334698352743
1673082000000,9893.334698352743
1673085600000,9893.334698352743
1673089200000,9893.334698352743
1673092800000,9893.334698352743
1673096400000,9893.334698352743
1673100000000,9893.334698352743
1673103600000,9893.334698352743
1673107200000,9893.334698352743
1673110800000,9893.334698352743
1673114400000,9893.334698352743
1673118000000,9893.334698352743
1673121600000,9893.334698352743
1673125200000,9893.334698352743
1673128800000,9893.334698352743
1673132400000,9893.334698352743
1673136000000,9893.334698352743
1673139600000,9893.334698352743
1673143200000,9893.334698352743
1673146800000,9893.334698352743
1673150400000,9893.334698352743
1673154000000,9893.334698352743
1673157600000,9893.334698352743
1673161200000,9893.334698352743
1673164800000,9893.334698352743
1673168400000,9893.334698352743
1673172000000,9893.334698352743
1673175600000,9893.334698352743
1673179200000,9893.334698352743
1673182800000,9893.334698352743
1673186400000,9893.334698352743
1673190000000,9893.334698352743
1673193600000,9893.334698352743
1673197200000,9893.334698352743
1673200800000,9893.334698352743
1673204400000,9893.334698352743
1673208000000,9893.334698352743
1673211600000,9893.334698352743
1673215200000,9893.334698352743
1673218800000,9893.334698352743
1673222400000,9893.334698352743
1673226000000,9893.334698352743
1673229600000,9893.334698352743
1673233200000,9893.334698352743
1673236800000,9893.334698352743
1673240400000,9893.334698352743
1673244000000,9893.334698352743
1673247600000,9893.334698352743
1673251200000,9893.334698352743
1673254800000,9893.334698352743
1673258400000,9893.334698352743
1673262000000,9893.334698352743
1673265600000,9893.334698352743
1673269200000,9893.334698352743
1673272800000,9893.334698352743
1673276400000,9893.334698352743
1673280000000,9893.334698352743
1673283600000,9893.334698352743
1673287200000,9893.334698352743
1673290800000,9893.334698352743
1673294400000,9893.334698352743
1673298000000,9893.334698352743
1673301600000,9893.334698352743
1673305200000,9893.334698352743
1673308800000,9893.334698352743
1673312400000,9893.334698352743
1673316000000,9893.334698352743
1673319600000,9893.334698352743
1673323200000,9893.334698352743
1673326800000,9893.334698352743
1673330400000,9893.334698352743
1673334000000,9893.334698352743
1673337600000,9893.334698352743
1673341200000,9893.334698352743
1673344800000,9893.334698352743
1673348400000,9893.334698352743
1673352000000,9893.334698352743
1673355600000,9893.334698352743
1673359200000,9893.334698352743
1673362800000,9893.334698352743
1673366400000,9893.334698352743
1673370000000,9893.334698352743
1673373600000,9893.334698352743
1673377200000,9893.334698352743
1673380800000,9893.334698352743
1673384400000,9893.334698352743
1673388000000,9893.334698352743
1673391600000,9893.334698352743
1673395200000,9893.334698352743
1673398800000,9893.334698352743
1673402400000,9893.334698352743
1673406000000,9893.334698352743
1673409600000,9893.334698352743
1673413200000,9893.334698352743
1673416800000,9893.334698352743
1673420400000,9893.334698352743
1673424000000,9893.334698352743
1673427600000,9893.334698352743
1673431200000,9893.334698352743
1673434800000,9893.334698352743
1673438400000,9893.334698352743
1673442000000,9893.334698352743
1673445600000,9893.334698352743
1673449200000,9893.334698352743
1673452800000,9893.334698352743
1673456400000,9893.334698352743
1673460000000,9893.334698352743
1673463600000,9893.334698352743
1673467200000,9893.334698352743
1673470800000,9893.334698352743
1673474400000,9893.334698352743
1673478000000,9893.334698352743
1673481600000,9893.334698352743
1673485200000,9893.334698352743
1673488800000,9893.334698352743
1673492400000,9893.334698352743
1673496000000,9893.334698352743
1673499600000,9893.334698352743
1673503200000,9893.334698352743
1673506800000,9893.334698352743
1673510400000,9893.334698352743
1673514000000,9893.334698352743
1673517600000,9893.334698352743
1673521200000,9893.334698352743
1673524800000,9893.334698352743
1673528400000,9893.334698352743
1673532000000,9893.334698352743
1673535600000,9893.334698352743
1673539200000,9893.334698352743
1673542800000,9893.334698352743
1673546400000,9893.334698352743
1673550000000,9893.334698352743
1673553600000,9893.334698352743
1673557200000,9893.334698352743
1673560800000,9893.334698352743
1673564400000,9893.334698352743
1673568000000,9893.334698352743
1673571600000,9893.334698352743
1673575200000,9893.334698352743
1673578800000,9893.334698352743
1673582400000,9893.334698352743
1673586000000,9893.334698352743
1673589600000,9893.334698352743
1673593200000,9893.334698352743
1673596800000,9893.334698352743
1673600400000,9893.334698352743
1673604000000,9893.334698352743
1673607600000,9893.334698352743
1673611200000,9893.334698352743
1673614800000,9893.334698352743
1673618400000,9893.334698352743
1673622000000,9893.334698352743
1673625600000,9893.334698352743
1673629200000,9893.334698352743
1673632800000,9893.334698352743
1673636400000,9893.334698352743
1673640000000,9893.334698352743
1673643600000,9893.334698352743
1673647200000,9893.334698352743
1673650800000,9893.334698352743
1673654400000,9893.334698352743
1673658000000,9893.334698352743
1673661600000,9893.334698352743
1673665200000,9893.334698352743
1673668800000,9893.334698352743
1673672400000,9893.334698352743
1673676000000,9893.334698352743
1673679600000,9893.334698352743
1673683200000,9893.334698352743
1673686800000,9893.334698352743
1673690400000,9893.334698352743
1673694000000,9893.334698352743
1673697600000,9893.334698352743
1673701200000,9893.334698352743
1673704800000,9893.334698352743
1673708400000,9893.334698352743
1673712000000,9893.334698352743
1673715600000,9893.334698352743
1673719200000,9893.334698352743
1673722800000,9893.334698352743
1673726400000,9893.334698352743
1673730000000,9893.334698352743
1673733600000,9893.334698352743
1673737200000,9893.334698352743
1673740800000,9893.334698352743
1673744400000,9893.334698352743
1673748000000,9893.334698352743
1673751600000,9893.334698352743
1673755200000,9893.334698352743
1673758800000,9893.334698352743
1673762400000,9893.334698352743
1673766000000,9893.334698352743
1673769600000,9893.334698352743
1673773200000,9893.334698352743
1673776800000,9893.334698352743
1673780400000,9893.334698352743
1673784000000,9893.334698352743
1673787600000,9893.334698352743
1673791200000,9893.334698352743
1673794800000,9893.334698352743
1673798400000,9893.334698352743
1673802000000,9893.334698352743
1673805600000,9893.334698352743
1673809200000,9893.334698352743
1673812800000,9893.334698352743
1673816400000,9893.334698352743
1673820000000,9893.334698352743
1673823600000,9893.334698352743
1673827200000,9893.334698352743
1673830800000,9893.334698352743
1673834400000,9893.334698352743
1673838000000,9893.334698352743
1673841600000,9893.334698352743
1673845200000,9893.334698352743
1673848800000,9893.334698352743
1673852400000,9893.334698352743
1673856000000,9893.334698352743
1673859600000,9893.334698352743
1673863200000,9893.334698352743
1673866800000,9893.334698352743
1673870400000,9893.334698352743
1673874000000,9893.334698352743
1673877600000,9893.334698352743
1673881200000,9893.334698352743
1673884800000,9893.334698352743
1673888400000,9893.334698352743
1673892000000,9893.334698352743
1673895600000,9893.334698352743
1673899200000,9893.334698352743
1673902800000,9893.334698352743
1673906400000,9893.334698352743
1673910000000,9893.334698352743
1673913600000,9893.334698352743
1673917200000,9893.334698352743
1673920800000,9893.334698352743
1673924400000,9893.334698352743
1673928000000,9893.334698352743
1673931600000,9893.334698352743
1673935200000,9893.334698352743
1673938800000,9893.334698352743
1673942400000,9893.334698352743
1673946000000,9893.334698352743
1673949600000,9893.334698352743
1673953200000,9893.334698352743
1673956800000,9893.334698352743
1673960400000,9893.334698352743
1673964000000,9893.334698352743
1673967600000,9893.334698352743
1673971200000,9893.334698352743
1673974800000,9893.334698352743
1673978400000,9893.334698352743
1673982000000,9893.334698352743
1673985600000,9893.334698352743
1673989200000,9893.334698352743
1673992800000,9893.334698352743
1673996400000,9893.334698352743
1674000000000,9893.334698352743
1674003600000,9893.334698352743
1674007200000,9893.334698352743
1674010800000,9893.334698352743
1674014400000,9893.334698352743
1674018000000,9893.334698352743
1674021600000,9893.334698352743
1674025200000,9893.334698352743
1674028800000,9893.334698352743
1674032400000,9893.334698352743
1674036000000,9893.334698352743
1674039600000,9893.334698352743
1674043200000,9893.334698352743
1674046800000,9893.334698352743
1674050400000,9893.334698352743
1674054000000,9893.334698352743
1674057600000,9893.334698352743
1674061200000,9893.334698352743
1674064800000,9893.334698352743
1674068400000,9893.334698352743
1674072000000,9893.334698352743
1674075600000,9893.334698352743
1674079200000,9893.334698352743
1674082800000,9893.334698352743
1674086400000,9893.334698352743
1674090000000,9893.334698352743
1674093600000,9893.334698352743
1674097200000,9893.334698352743
1674100800000,9893.334698352743
1674104400000,9893.334698352743
1674108000000,9893.334698352743
1674111600000,9893.334698352743
1674115200000,9893.334698352743
1674118800000,9893.334698352743
1674122400000,9893.334698352743
1674126000000,9893.334698352743
1674129600000,9893.334698352743
1674133200000,9893.334698352743
1674136800000,9893.334698352743
1674140400000,9893.334698352743
1674144000000,9893.334698352743
1674147600000,9893.334698352743
1674151200000,9893.334698352743
1674154800000,9893.334698352743
1674158400000,9893.334698352743
1674162000000,9893.334698352743
1674165600000,9893.334698352743
1674169200000,9893.334698352743
1674172800000,9893.334698352743
1674176400000,9893.334698352743
1674180000000,9893.334698352743
1674183600000,9893.334698352743
1674187200000,9893.334698352743
1674190800000,9893.334698352743
1674194400000,9893.334698352743
1674198000000,9893.334698352743
1674201600000,9893.334698352743
1674205200000,9893.334698352743
1674208800000,9893.334698352743
1674212400000,9893.334698352743
1674216000000,9893.334698352743
1674219600000,9893.334698352743
1674223200000,9893.334698352743
1674226800000,9893.334698352743
1674230400000,9893.334698352743
1674234000000,9893.334698352743
1674237600000,9893.334698352743
1674241200000,9893.334698352743
1674244800000,9893.334698352743
1674248400000,9893.334698352743
1674252000000,9893.334698352743
1674255600000,9893.334698352743
1674259200000,9893.334698352743
1674262800000,9893.334698352743
1674266400000,9893.334698352743
1674270000000,9893.334698352743
1674273600000,9893.334698352743
1674277200000,9893.334698352743
1674280800000,9893.334698352743
1674284400000,9893.334698352743
1674288000000,9893.334698352743
1674291600000,9893.334698352743
1674295200000,9893.334698352743
1674298800000,9893.334698352743
1674302400000,9893.334698352743
1674306000000,9893.334698352743
1674309600000,9893.334698352743
1674313200000,9893.334698352743
1674316800000,9893.334698352743
1674320400000,9893.334698352743
1674324000000,9893.334698352743
1674327600000,9893.334698352743
1674331200000,9893.334698352743
1674334800000,9893.334698352743
1674338400000,9893.334698352743
1674342000000,9893.334698352743
1674345600000,9893.334698352743
1674349200000,9893.334698352743
1674352800000,9893.334698352743
1674356400000,9893.334698352743
1674360000000,9893.334698352743
1674363600000,9893.334698352743
1674367200000,9893.334698352743
1674370800000,9893.334698352743
1674374400000,9893.334698352743
1674378000000,9893.334698352743
1674381600000,9893.334698352743
1674385200000,9893.334698352743
1674388800000,9893.334698352743
1674392400000,9893.334698352743
1674396000000,9893.334698352743
1674399600000,9893.334698352743
1674403200000,9893.334698352743
1674406800000,9893.334698352743
1674410400000,9893.334698352743
1674414000000,9893.334698352743
1674417600000,9893.334698352743
1674421200000,9893.334698352743
1674424800000,9893.334698352743
1674428400000,9893.334698352743
1674432000000,9893.334698352743
1674435600000,9893.334698352743
1674439200000,9893.334698352743
1674442800000,9893.334698352743
1674446400000,9893.334698352743
1674450000000,9893.334698352743
1674453600000,9893.334698352743
1674457200000,9893.334698352743
1674460800000,9893.334698352743
1674464400000,9893.334698352743
1674468000000,9893.334698352743
1674471600000,9893.334698352743
1674475200000,9893.334698352743
1674478800000,9893.334698352743
1674482400000,9893.334698352743
1674486000000,9893.334698352743
1674489600000,9893.334698352743
1674493200000,9893.334698352743
1674496800000,9893.334698352743
1674500400000,9893.334698352743
1674504000000,9893.334698352743
1674507600000,9893.334698352743
1674511200000,9893.334698352743
1674514800000,9893.334698352743
1674518400000,9893.334698352743
1674522000000,9893.334698352743
1674525600000,9893.334698352743
1674529200000,9893.334698352743
1674532800000,9893.334698352743
1674536400000,9893.334698352743
1674540000000,9893.334698352743
1674543600000,9893.334698352743
1674547200000,9893.334698352743
1674550800000,9893.334698352743
1674554400000,9893.334698352743
1674558000000,9893.334698352743
1674561600000,9893.334698352743
1674565200000,9893.334698352743
1674568800000,9893.334698352743
1674572400000,9893.334698352743
1674576000000,9893.334698352743
1674579600000,9893.334698352743
1674583200000,9893.334698352743
1674586800000,9893.334698352743
1674590400000,9893.334698352743
1674594000000,9893.334698352743
1674597600000,9893.334698352743
1674601200000,9893.334698352743
1674604800000,9893.334698352743
1674608400000,9893.334698352743
1674612000000,9893.334698352743
1674615600000,9893.334698352743
1674619200000,9893.334698352743
1674622800000,9893.334698352743
1674626400000,9893.334698352743
1674630000000,9893.334698352743
1674633600000,9893.334698352743
1674637200000,9893.334698352743
1674640800000,9893.334698352743
1674644400000,9893.334698352743
1674648000000,9893.334698352743
1674651600000,9893.334698352743
1674655200000,9893.334698352743
1674658800000,9893.334698352743
1674662400000,9893.334698352743
1674666000000,9893.334698352743
1674669600000,9893.334698352743
1674673200000,9893.334698352743
1674676800000,9893.334698352743
1674680400000,9893.334698352743
1674684000000,9893.334698352743
1674687600000,9893.334698352743
1674691200000,9893.334698352743
1674694800000,9893.334698352743
1674698400000,9893.334698352743
1674702000000,9893.334698352743
1674705600000,9893.334698352743
1674709200000,9893.334698352743
1674712800000,9893.334698352743
1674716400000,9893.334698352743
1674720000000,9893.334698352743
1674723600000,9893.334698352743
1674727200000,9893.334698352743
1674730800000,9893.334698352743
1674734400000,9893.334698352743
1674738000000,9893.334698352743
1674741600000,9893.334698352743
1674745200000,9893.334698352743
1674748800000,9893.334698352743
1674752400000,9893.334698352743
1674756000000,9893.334698352743
1674759600000,9893.334698352743
1674763200000,9893.334698352743
1674766800000,9893.334698352743
1674770400000,9893.334698352743
1674774000000,9893.334698352743
1674777600000,9893.334698352743
1674781200000,9893.334698352743
1674784800000,9893.334698352743
1674788400000,9893.334698352743
1674792000000,9893.334698352743
1674795600000,9893.334698352743
1674799200000,9893.334698352743
1674802800000,9893.334698352743
1674806400000,9893.334698352743
1674810000000,9893.334698352743
1674813600000,9893.334698352743
1674817200000,9893.334698352743
1674820800000,9893.334698352743
1674824400000,9893.334698352743
1674828000000,9893.334698352743
1674831600000,9893.334698352743
1674835200000,9893.334698352743
1674838800000,9893.334698352743
1674842400000,9893.334698352743
1674846000000,9893.334698352743
1674849600000,9893.334698352743
1674853200000,9893.334698352743
1674856800000,9893.334698352743
1674860400000,9893.334698352743
1674864000000,9893.334698352743
1674867600000,9893.334698352743
1674871200000,9893.334698352743
1674874800000,9893.334698352743
1674878400000,9893.334698352743
1674882000000,9893.334698352743
1674885600000,9893.334698352743
1674889200000,9893.334698352743
1674892800000,9893.334698352743
1674896400000,9893.334698352743
1674900000000,9893.334698352743
1674903600000,9893.334698352743
1674907200000,9893.334698352743
1674910800000,9893.334698352743
1674914400000,9893.334698352743
1674918000000,9893.334698352743
1674921600000,9893.334698352743
1674925200000,9893.334698352743
1674928800000,9893.334698352743
1674932400000,9893.334698352743
1674936000000,9893.334698352743
1674939600000,9893.334698352743
1674943200000,9893.334698352743
1674946800000,9893.334698352743
1674950400000,9893.334698352743
1674954000000,9893.334698352743
1674957600000,9893.334698352743
1674961200000,9893.334698352743
1674964800000,9893.334698352743
1674968400000,9893.334698352743
1674972000000,9893.334698352743
1674975600000,9893.334698352743
1674979200000,9893.334698352743
1674982800000,9893.334698352743
1674986400000,9893.334698352743
1674990000000,9893.334698352743
1674993600000,9893.334698352743
1674997200000,9893.334698352743
1675000800000,9893.334698352743
1675004400000,9893.334698352743
1675008000000,9893.334698352743
1675011600000,9893.334698352743
1675015200000,9893.334698352743
1675018800000,9893.334698352743
1675022400000,9893.334698352743
1675026000000,9893.334698352743
1675029600000,9893.334698352743
1675033200000,9893.334698352743
1675036800000,9893.334698352743
1675040400000,9893.334698352743
1675044000000,9893.334698352743
1675047600000,9893.334698352743
1675051200000,9893.334698352743
1675054800000,9893.334698352743
1675058400000,9893.334698352743
1675062000000,9893.334698352743
1675065600000,9893.334698352743
1675069200000,9893.334698352743
1675072800000,9893.334698352743
1675076400000,9893.334698352743
1675080000000,9893.334698352743
1675083600000,9893.334698352743
1675087200000,9893.334698352743
1675090800000,9893.334698352743
1675094400000,9893.334698352743
1675098000000,9893.334698352743
1675101600000,9893.334698352743
1675105200000,9893.334698352743
1675108800000,9893.334698352743
1675112400000,9893.334698352743
1675116000000,9893.334698352743
1675119600000,9893.334698352743
1675123200000,9893.334698352743
1675126800000,9893.334698352743
1675130400000,9893.334698352743
1675134000000,9893.334698352743
1675137600000,9893.334698352743
1675141200000,9893.334698352743
1675144800000,9893.334698352743
1675148400000,9893.334698352743
1675152000000,9893.334698352743
1675155600000,9893.334698352743
1675159200000,9893.334698352743
1675162800000,9893.334698352743
1675166400000,9893.334698352743
1675170000000,9893.334698352743
1675173600000,9893.334698352743
1675177200000,9893.334698352743
1675180800000,9893.334698352743
1675184400000,9893.334698352743
1675188000000,9893.334698352743
1675191600000,9893.334698352743
1675195200000,9893.334698352743
1675198800000,9893.334698352743
1675202400000,9893.334698352743
1675206000000,9893.334698352743
1675209600000,9893.334698352743
1675213200000,9893.334698352743
1675216800000,9893.334698352743
1675220400000,9893.334698352743
1675224000000,9893.334698352743
1675227600000,9893.334698352743
1675231200000,9893.334698352743
1675234800000,9893.334698352743
1675238400000,9893.334698352743
1675242000000,9893.334698352743
1675245600000,9893.334698352743
1675249200000,9893.334698352743
1675252800000,9893.334698352743
1675256400000,9893.334698352743
1675260000000,9893.334698352743
1675263600000,9893.334698352743
1675267200000,9893.334698352743
1675270800000,9893.334698352743
1675274400000,9893.334698352743
1675278000000,9893.334698352743
1675281600000,9893.334698352743
1675285200000,9893.334698352743
1675288800000,9893.334698352743
1675292400000,9893.334698352743
1675296000000,9893.334698352743
1675299600000,9893.334698352743
1675303200000,9893.334698352743
1675306800000,9893.334698352743
1675310400000,9893.334698352743
1675314000000,9893.334698352743
1675317600000,9893.334698352743
1675321200000,9893.334698352743
1675324800000,9893.334698352743
1675328400000,9893.334698352743
1675332000000,9893.334698352743
1675335600000,9893.334698352743
1675339200000,9893.334698352743
1675342800000,9893.334698352743
1675346400000,9893.334698352743
1675350000000,9893.334698352743
1675353600000,9893.334698352743
1675357200000,9893.334698352743
1675360800000,9893.334698352743
1675364400000,9893.334698352743
1675368000000,9893.334698352743
1675371600000,9893.334698352743
1675375200000,9893.334698352743
1675378800000,9893.334698352743
1675382400000,9893.334698352743
1675386000000,9893.334698352743
1675389600000,9893.334698352743
1675393200000,9893.334698352743
1675396800000,9893.334698352743
1675400400000,9893.334698352743
1675404000000,9893.334698352743
1675407600000,9893.334698352743
1675411200000,9893.334698352743
1675414800000,9893.334698352743
1675418400000,9893.334698352743
1675422000000,9893.334698352743
1675425600000,9893.334698352743
1675429200000,9893.334698352743
1675432800000,9893.334698352743
1675436400000,9893.334698352743
1675440000000,9893.334698352743
1675443600000,9893.334698352743
1675447200000,9893.334698352743
1675450800000,9893.334698352743
1675454400000,9893.334698352743
1675458000000,9893.334698352743
1675461600000,9893.334698352743
1675465200000,9893.334698352743
1675468800000,9893.334698352743
1675472400000,9893.334698352743
1675476000000,9893.334698352743
1675479600000,9893.334698352743
1675483200000,9893.334698352743
1675486800000,9893.334698352743
1675490400000,9893.334698352743
1675494000000,9893.334698352743
1675497600000,9893.334698352743
1675501200000,9893.334698352743
1675504800000,9893.334698352743
1675508400000,9893.334698352743
1675512000000,9893.334698352743
1675515600000,9893.334698352743
1675519200000,9893.334698352743
1675522800000,9893.334698352743
1675526400000,9893.334698352743
1675530000000,9893.334698352743
1675533600000,9893.334698352743
1675537200000,9893.334698352743
1675540800000,9893.334698352743
1675544400000,9893.334698352743
1675548000000,9893.334698352743
1675551600000,9893.334698352743
1675555200000,9893.334698352743
1675558800000,9893.334698352743
1675562400000,9893.334698352743
1675566000000,9893.334698352743
1675569600000,9893.334698352743
1675573200000,9893.334698352743
1675576800000,9893.334698352743
1675580400000,9893.334698352743
1675584000000,9893.334698352743
1675587600000,9893.334698352743
1675591200000,9893.334698352743
1675594800000,9893.334698352743
1675598400000,9893.334698352743
1675602000000,9893.334698352743
1675605600000,9893.334698352743
1675609200000,9893.334698352743
1675612800000,9893.334698352743
1675616400000,9893.334698352743
1675620000000,9893.334698352743
1675623600000,9893.334698352743
1675627200000,9893.334698352743
1675630800000,9893.334698352743
1675634400000,9893.334698352743
1675638000000,9893.334698352743
1675641600000,9893.334698352743
1675645200000,9893.334698352743
1675648800000,9893.334698352743
1675652400000,9893.334698352743
1675656000000,9893.334698352743
1675659600000,9893.334698352743
1675663200000,9893.334698352743
1675666800000,9893.334698352743
1675670400000,9893.334698352743
1675674000000,9893.334698352743
1675677600000,9893.334698352743
1675681200000,9893.334698352743
1675684800000,9893.334698352743
1675688400000,9893.334698352743
1675692000000,9893.334698352743
1675695600000,9893.334698352743
1675699200000,9893.334698352743
1675702800000,9893.334698352743
1675706400000,9893.334698352743
1675710000000,9893.334698352743
1675713600000,9893.334698352743
1675717200000,9893.334698352743
1675720800000,9893.334698352743
1675724400000,9893.334698352743
1675728000000,9893.334698352743
1675731600000,9893.334698352743
1675735200000,9893.334698352743
1675738800000,9893.334698352743
1675742400000,9893.334698352743
1675746000000,9893.334698352743
1675749600000,9893.334698352743
1675753200000,9893.334698352743
1675756800000,9893.334698352743
1675760400000,9893.334698352743
1675764000000,9893.334698352743
1675767600000,9893.334698352743
1675771200000,9893.334698352743
1675774800000,9893.334698352743
1675778400000,9893.334698352743
1675782000000,9893.334698352743
1675785600000,9893.334698352743
1675789200000,9893.334698352743
1675792800000,9893.334698352743
1675796400000,9893.334698352743
1675800000000,9893.334698352743
1675803600000,9893.334698352743
1675807200000,9893.334698352743
1675810800000,9893.334698352743
1675814400000,9893.334698352743
1675818000000,9893.334698352743
1675821600000,9893.334698352743
1675825200000,9893.334698352743
1675828800000,9893.334698352743
1675832400000,9893.334698352743
1675836000000,9893.334698352743
1675839600000,9893.334698352743
1675843200000,9893.334698352743
1675846800000,9893.334698352743
1675850400000,9893.334698352743
1675854000000,9893.334698352743
1675857600000,9893.334698352743
1675861200000,9893.334698352743
1675864800000,9893.334698352743
1675868400000,9893.334698352743
1675872000000,9893.334698352743
1675875600000,9893.334698352743
1675879200000,9893.334698352743
1675882800000,9893.334698352743
1675886400000,9893.334698352743
1675890000000,9893.334698352743
1675893600000,9893.334698352743
1675897200000,9893.334698352743
1675900800000,9893.334698352743
1675904400000,9893.334698352743
1675908000000,9893.334698352743
1675911600000,9893.334698352743
1675915200000,9893.334698352743
1675918800000,9893.334698352743
1675922400000,9893.334698352743
1675926000000,9893.334698352743
1675929600000,9893.334698352743
1675933200000,9893.334698352743
1675936800000,9893.334698352743
1675940400000,9893.334698352743
1675944000000,9893.334698352743
1675947600000,9893.334698352743
1675951200000,9893.334698352743
1675954800000,9893.334698352743
1675958400000,9893.334698352743
1675962000000,9893.334698352743
1675965600000,9893.334698352743
1675969200000,9893.334698352743
1675972800000,9893.334698352743
1675976400000,9893.334698352743
1675980000000,9893.334698352743
1675983600000,9893.334698352743
1675987200000,9893.334698352743
1675990800000,9893.334698352743
1675994400000,9893.334698352743
1675998000000,9893.334698352743
1676001600000,9893.334698352743
1676005200000,9893.334698352743
1676008800000,9893.334698352743
1676012400000,9893.334698352743
1676016000000,9893.334698352743
1676019600000,9893.334698352743
1676023200000,9893.334698352743
1676026800000,9893.334698352743
1676030400000,9893.334698352743
1676034000000,9893.334698352743
1676037600000,9893.334698352743
1676041200000,9893.334698352743
1676044800000,9893.334698352743
1676048400000,9893.334698352743
1676052000000,9893.334698352743
1676055600000,9893.334698352743
1676059200000,9893.334698352743
1676062800000,9893.334698352743
1676066400000,9893.334698352743
1676070000000,9893.334698352743
1676073600000,9893.334698352743
1676077200000,9893.334698352743
1676080800000,9893.334698352743
1676084400000,9893.334698352743
1676088000000,9893.334698352743
1676091600000,9893.334698352743
1676095200000,9893.334698352743
1676098800000,9893.334698352743
1676102400000,9893.334698352743
1676106000000,9893.334698352743
1676109600000,9893.334698352743
1676113200000,9893.334698352743
1676116800000,9893.334698352743
1676120400000,9893.334698352743
1676124000000,9893.334698352743
1676127600000,9893.334698352743
1676131200000,9893.334698352743
1676134800000,9893.334698352743
1676138400000,9893.334698352743
1676142000000,9893.334698352743
1676145600000,9893.197472948805
1676149200000,9893.579182948806
1676152800000,9897.410632948806
1676156400000,9898.331902948805
1676160000000,9898.553930976492
1676163600000,9897.05866097649
1676167200000,9897.291130976491
1676170800000,9897.77329097649
1676174400000,9896.75731097649
1676178000000,9896.93238097649
1676181600000,9897.457590976492
1676185200000,9897.124670976491
1676188800000,9896.757498186056
1676192400000,9896.579558186057
1676196000000,9898.341738186056
1676199600000,9897.939938186057
1676203200000,9897.276968186057
1676206800000,9894.837468186057
1676210400000,9895.181868186057
1676214000000,9897.365938186056
1676217600000,9898.112049855396
1676221200000,9899.923019855394
1676224800000,9899.064889855395
1676228400000,9899.059149855395
1676232000000,9899.219869855395
1676235600000,9898.490889855395
1676239200000,9890.661529855395
1676242800000,9891.201089855394
1676246400000,9891.709454180742
1676250000000,9893.227684180742
1676253600000,9889.74637418074
1676257200000,9891.009174180741
1676260800000,9892.251884180741
1676264400000,9892.920594180741
1676268000000,9893.089924180742
1676271600000,9893.087054180742
1676275200000,9893.970665381356
1676278800000,9890.064595381355
1676282400000,9883.297135381355
1676286000000,9882.734615381356
1676289600000,9883.670235381356
1676293200000,9884.138045381356
1676296800000,9881.600965381356
1676300400000,9884.123695381355
1676304000000,9880.861217508114
1676307600000,9880.941577508114
1676311200000,9880.247037508114
1676314800000,9884.173197508115
1676318400000,9884.701277508115
1676322000000,9884.451587508114
1676325600000,9883.389687508114
1676329200000,9884.916527508114
1676332800000,9889.361248258478
1676336400000,9887.963558258478
1676340000000,9887.332158258478
1676343600000,9887.007848258478
1676347200000,9887.079598258479
1676350800000,9887.180048258479
1676354400000,9888.058268258477
1676358000000,9888.643748258477
1676361600000,9889.11835571847
1676365200000,9887.20406571847
1676368800000,9891.16753571847
1676372400000,9890.31514571847
1676376000000,9889.901865718472
1676379600000,9890.995335718471
1676383200000,9892.232305718471
1676386800000,9903.36790571847
1676390400000,9901.062713971138
1676394000000,9899.220173971138
1676397600000,9900.75275397114
1676401200000,9901.691243971138
1676404800000,9904.55245396818
1676408400000,9904.55245396818
1676412000000,9904.55245396818
1676415600000,9904.55245396818
1676419200000,9904.55245396818
1676422800000,9904.55245396818
1676426400000,9904.55245396818
1676430000000,9904.55245396818
1676433600000,9904.55245396818
1676437200000,9904.55245396818
1676440800000,9904.55245396818
1676444400000,9904.55245396818
1676448000000,9904.55245396818
1676451600000,9904.55245396818
1676455200000,9904.55245396818
1676458800000,9904.55245396818
1676462400000,9904.55245396818
1676466000000,9904.55245396818
1676469600000,9904.55245396818
1676473200000,9904.55245396818
1676476800000,9904.55245396818
1676480400000,9904.55245396818
1676484000000,9904.55245396818
1676487600000,9904.55245396818
1676491200000,9904.55245396818
1676494800000,9904.55245396818
1676498400000,9904.55245396818
1676502000000,9904.55245396818
1676505600000,9904.55245396818
1676509200000,9904.55245396818
1676512800000,9904.55245396818
1676516400000,9904.55245396818
1676520000000,9904.55245396818
1676523600000,9904.55245396818
1676527200000,9904.55245396818
1676530800000,9904.55245396818
1676534400000,9904.55245396818
1676538000000,9904.55245396818
1676541600000,9904.55245396818
1676545200000,9904.55245396818
1676548800000,9904.55245396818
1676552400000,9904.55245396818
1676556000000,9904.55245396818
1676559600000,9904.55245396818
1676563200000,9904.55245396818
1676566800000,9904.55245396818
1676570400000,9904.55245396818
1676574000000,9904.55245396818
1676577600000,9904.55245396818
1676581200000,9904.55245396818
1676584800000,9904.55245396818
1676588400000,9904.55245396818
1676592000000,9904.55245396818
1676595600000,9904.55245396818
1676599200000,9904.55245396818
1676602800000,9904.55245396818
1676606400000,9904.55245396818
1676610000000,9904.55245396818
1676613600000,9904.55245396818
1676617200000,9904.55245396818
1676620800000,9904.55245396818
1676624400000,9904.55245396818
1676628000000,9904.55245396818
1676631600000,9904.55245396818
1676635200000,9904.55245396818
1676638800000,9904.55245396818
1676642400000,9904.55245396818
1676646000000,9904.55245396818
1676649600000,9904.55245396818
1676653200000,9904.55245396818
1676656800000,9904.55245396818
1676660400000,9904.55245396818
1676664000000,9904.55245396818
1676667600000,9904.55245396818
1676671200000,9904.55245396818
1676674800000,9904.55245396818
1676678400000,9904.55245396818
1676682000000,9904.55245396818
1676685600000,9904.55245396818
1676689200000,9904.55245396818
1676692800000,9904.55245396818
1676696400000,9904.55245396818
1676700000000,9904.55245396818
1676703600000,9904.55245396818
1676707200000,9904.55245396818
1676710800000,9904.55245396818
1676714400000,9904.55245396818
1676718000000,9904.55245396818
1676721600000,9904.55245396818
1676725200000,9904.55245396818
1676728800000,9904.55245396818
1676732400000,9904.55245396818
1676736000000,9904.55245396818
1676739600000,9904.55245396818
1676743200000,9904.55245396818
1676746800000,9904.55245396818
1676750400000,9904.55245396818
1676754000000,9904.55245396818
1676757600000,9904.55245396818
1676761200000,9904.55245396818
1676764800000,9904.55245396818
1676768400000,9904.55245396818
1676772000000,9904.55245396818
1676775600000,9904.55245396818
1676779200000,9904.55245396818
1676782800000,9904.55245396818
1676786400000,9904.55245396818
1676790000000,9904.55245396818
1676793600000,9904.55245396818
1676797200000,9904.55245396818
1676800800000,9904.55245396818
1676804400000,9904.55245396818
1676808000000,9904.55245396818
1676811600000,9904.55245396818
1676815200000,9904.55245396818
1676818800000,9904.55245396818
1676822400000,9904.55245396818
1676826000000,9904.55245396818
1676829600000,9904.55245396818
1676833200000,9904.55245396818
1676836800000,9904.55245396818
1676840400000,9904.55245396818
1676844000000,9904.55245396818
1676847600000,9904.55245396818
1676851200000,9904.55245396818
1676854800000,9904.55245396818
1676858400000,9904.55245396818
1676862000000,9904.55245396818
1676865600000,9904.55245396818
1676869200000,9904.55245396818
1676872800000,9904.55245396818
1676876400000,9904.55245396818
1676880000000,9904.55245396818
1676883600000,9904.55245396818
1676887200000,9904.55245396818
1676890800000,9904.55245396818
1676894400000,9904.55245396818
1676898000000,9904.55245396818
1676901600000,9904.55245396818
1676905200000,9904.55245396818
1676908800000,9904.55245396818
1676912400000,9904.55245396818
1676916000000,9904.55245396818
1676919600000,9904.55245396818
1676923200000,9904.55245396818
1676926800000,9904.55245396818
1676930400000,9904.55245396818
1676934000000,9904.55245396818
1676937600000,9904.55245396818
1676941200000,9904.55245396818
1676944800000,9904.55245396818
1676948400000,9904.55245396818
1676952000000,9904.55245396818
1676955600000,9904.55245396818
1676959200000,9904.55245396818
1676962800000,9904.55245396818
1676966400000,9904.55245396818
1676970000000,9904.55245396818
1676973600000,9904.55245396818
1676977200000,9904.55245396818
1676980800000,9904.55245396818
1676984400000,9904.55245396818
1676988000000,9904.55245396818
1676991600000,9904.55245396818
1676995200000,9904.55245396818
1676998800000,9904.55245396818
1677002400000,9904.55245396818
1677006000000,9904.55245396818
1677009600000,9904.55245396818
1677013200000,9904.55245396818
1677016800000,9904.55245396818
1677020400000,9904.55245396818
1677024000000,9904.55245396818
1677027600000,9904.55245396818
1677031200000,9904.55245396818
1677034800000,9904.55245396818
1677038400000,9904.55245396818
1677042000000,9904.55245396818
1677045600000,9904.55245396818
1677049200000,9904.55245396818
1677052800000,9904.55245396818
1677056400000,9904.55245396818
1677060000000,9904.55245396818
1677063600000,9904.55245396818
1677067200000,9904.55245396818
1677070800000,9904.55245396818
1677074400000,9904.55245396818
1677078000000,9904.55245396818
1677081600000,9904.55245396818
1677085200000,9904.55245396818
1677088800000,9904.55245396818
1677092400000,9904.55245396818
1677096000000,9904.55245396818
1677099600000,9904.55245396818
1677103200000,9904.55245396818
1677106800000,9904.55245396818
1677110400000,9904.55245396818
1677114000000,9904.55245396818
1677117600000,9904.55245396818
1677121200000,9904.55245396818
1677124800000,9904.55245396818
1677128400000,9904.55245396818
1677132000000,9904.55245396818
1677135600000,9904.55245396818
1677139200000,9904.55245396818
1677142800000,9904.55245396818
1677146400000,9904.55245396818
1677150000000,9904.55245396818
1677153600000,9904.55245396818
1677157200000,9904.55245396818
1677160800000,9904.55245396818
1677164400000,9904.55245396818
1677168000000,9904.55245396818
1677171600000,9904.55245396818
1677175200000,9904.55245396818
1677178800000,9904.55245396818
1677182400000,9904.55245396818
1677186000000,9904.55245396818
1677189600000,9904.55245396818
1677193200000,9904.55245396818
1677196800000,9904.55245396818
1677200400000,9904.55245396818
1677204000000,9904.55245396818
1677207600000,9904.55245396818
1677211200000,9904.55245396818
1677214800000,9904.55245396818
1677218400000,9904.55245396818
1677222000000,9904.55245396818
1677225600000,9904.55245396818
1677229200000,9904.55245396818
1677232800000,9904.55245396818
1677236400000,9904.55245396818
1677240000000,9904.55245396818
1677243600000,9904.55245396818
1677247200000,9904.55245396818
1677250800000,9904.55245396818
1677254400000,9904.55245396818
1677258000000,9904.55245396818
1677261600000,9904.55245396818
1677265200000,9904.55245396818
1677268800000,9904.55245396818
1677272400000,9904.55245396818
1677276000000,9904.55245396818
1677279600000,9904.55245396818
1677283200000,9904.55245396818
1677286800000,9904.55245396818
1677290400000,9904.55245396818
1677294000000,9904.55245396818
1677297600000,9904.55245396818
1677301200000,9904.55245396818
1677304800000,9904.55245396818
1677308400000,9904.55245396818
1677312000000,9904.55245396818
1677315600000,9904.55245396818
1677319200000,9904.55245396818
1677322800000,9904.55245396818
1677326400000,9904.55245396818
1677330000000,9904.55245396818
1677333600000,9904.55245396818
1677337200000,9904.55245396818
1677340800000,9904.55245396818
1677344400000,9904.55245396818
1677348000000,9904.55245396818
1677351600000,9904.55245396818
1677355200000,9904.237203694109
1677358800000,9902.45470369411
1677362400000,9903.137203694108
1677366000000,9907.394703694108
1677369600000,9908.337042105799
1677373200000,9906.747042105799
1677376800000,9907.2420421058
1677380400000,9910.132042105799
1677384000000,9909.879542105798
1677387600000,9909.157042105799
1677391200000,9907.7870421058
1677394800000,9908.8945421058
1677398400000,9908.3585735738
1677402000000,9908.7260735738
1677405600000,9911.4035735738
1677409200000,9910.3510735738
1677412800000,9910.9185735738
1677416400000,9908.648573573799
1677420000000,9909.8235735738
1677423600000,9909.496073573799
1677427200000,9910.81283829285
1677430800000,9909.255338292849
1677434400000,9910.98283829285
1677438000000,9916.460338292849
1677441600000,9917.35533829285
1677445200000,9919.940338292849
1677448800000,9918.637838292849
1677452400000,9916.17033829285
1677456000000,9918.214893435937
1677459600000,9916.747393435939
1677463200000,9918.382393435939
1677466800000,9918.794893435937
1677470400000,9918.297393435938
1677474000000,9916.784893435939
1677477600000,9914.277393435937
1677481200000,9914.607393435937
1677484800000,9915.19039384254
1677488400000,9913.240393842541
1677492000000,9914.140393842541
1677495600000,9913.83539384254
1677499200000,9915.39789384254
1677502800000,9914.53039384254
1677506400000,9923.06789384254
1677510000000,9924.03789384254
1677513600000,9918.29021720109
1677517200000,9914.35771720109
1677520800000,9912.65771720109
1677524400000,9911.44521720109
1677528000000,9910.86521720109
1677531600000,9912.91271720109
1677535200000,9913.84271720109
1677538800000,9916.78021720109
1677542400000,9916.30767729877
1677546000000,9915.04267729877
1677549600000,9915.385177298771
1677553200000,9915.52767729877
1677556800000,9916.00017729877
1677560400000,9914.71017729877
1677564000000,9914.117677298771
1677567600000,9914.15017729877
1677571200000,9909.803652368915
1677574800000,9911.226152368914
1677578400000,9910.991152368915
1677582000000,9913.576152368914
1677585600000,9914.221152368915
1677589200000,9916.378652368914
1677592800000,9915.016152368915
1677596400000,9916.321152368915
1677600000000,9917.771179458914
1677603600000,9915.726179458914
1677607200000,9917.663679458914
1677610800000,9916.471179458915
1677614400000,9910.558985091237
1677618000000,9910.558985091237
1677621600000,9910.558985091237
1677625200000,9910.558985091237
1677628800000,9910.558985091237
1677632400000,9910.558985091237
1677636000000,9910.558985091237
1677639600000,9910.558985091237
1677643200000,9910.558985091237
1677646800000,9910.558985091237
1677650400000,9910.558985091237
1677654000000,9910.558985091237
1677657600000,9910.558985091237
1677661200000,9910.558985091237
1677664800000,9910.558985091237
1677668400000,9910.558985091237
1677672000000,9910.558985091237
1677675600000,9910.558985091237
1677679200000,9910.558985091237
1677682800000,9910.558985091237
1677686400000,9910.558985091237
1677690000000,9910.558985091237
1677693600000,9910.558985091237
1677697200000,9910.558985091237
1677700800000,9910.558985091237
1677704400000,9910.558985091237
1677708000000,9910.558985091237
1677711600000,9910.558985091237
1677715200000,9910.558985091237
1677718800000,9910.558985091237
1677722400000,9910.558985091237
1677726000000,9910.558985091237
1677729600000,9910.558985091237
1677733200000,9910.558985091237
1677736800000,9910.558985091237
1677740400000,9910.558985091237
1677744000000,9910.558985091237
1677747600000,9910.558985091237
1677751200000,9910.558985091237
1677754800000,9910.558985091237
1677758400000,9910.558985091237
1677762000000,9910.558985091237
1677765600000,9910.558985091237
1677769200000,9910.558985091237
1677772800000,9910.558985091237
1677776400000,9910.558985091237
1677780000000,9910.558985091237
1677783600000,9910.558985091237
1677787200000,9910.558985091237
1677790800000,9910.558985091237
1677794400000,9910.558985091237
1677798000000,9910.558985091237
1677801600000,9910.558985091237
1677805200000,9910.558985091237
1677808800000,9910.558985091237
1677812400000,9910.558985091237
1677816000000,9910.558985091237
1677819600000,9910.558985091237
1677823200000,9910.558985091237
1677826800000,9910.558985091237
1677830400000,9910.558985091237
1677834000000,9910.558985091237
1677837600000,9910.558985091237
1677841200000,9910.558985091237
1677844800000,9910.43216486866
1677848400000,9910.44050486866
1677852000000,9913.64052486866
1677855600000,9911.52896486866
1677859200000,9910.370987724156
1677862800000,9912.860767724158
1677866400000,9913.728247724157
1677870000000,9907.793127724157
1677873600000,9911.004547724157
1677877200000,9906.858707724157
1677880800000,9906.381787724156
1677884400000,9911.371607724157
1677888000000,9911.060096785484
1677891600000,9913.923176785484
1677895200000,9911.717436785484
1677898800000,9912.053936785484
1677902400000,9911.559316785484
1677906000000,9911.445256785482
1677909600000,9909.955996785482
1677913200000,9912.149576785483
1677916800000,9911.507698494048
1677920400000,9911.049958494046
1677924000000,9911.474678494047
1677927600000,9910.692278494049
1677931200000,9911.543418494048
1677934800000,9912.678778494048
1677938400000,9910.778958494047
1677942000000,9910.667338494048
1677945600000,9908.796975413426
1677949200000,9909.629075413428
1677952800000,9908.493275413428
1677956400000,9909.237595413426
1677960000000,9906.796615413426
1677963600000,9905.480795413428
1677967200000,9905.217235413427
1677970800000,9908.347375413427
1677974400000,9910.384502635816
1677978000000,9912.703002635815
1677981600000,9920.793162635817
1677985200000,9911.083182635817
1677988800000,9911.650122635816
1677992400000,9914.067822635818
1677996000000,9913.218242635818
1677999600000,9913.465322635817
1678003200000,9911.840786830411
1678006800000,9910.24224683041
1678010400000,9911.87720683041
1678014000000,9913.13218683041
1678017600000,9912.29932683041
1678021200000,9913.45882683041
1678024800000,9915.091546830412
1678028400000,9913.03008683041
1678032000000,9913.242230104941
1678035600000,9913.85359010494
1678039200000,9912.595610104941
1678042800000,9912.960610104941
1678046400000,9911.491830104942
1678050000000,9912.605350104941
1678053600000,9914.584170104941
1678057200000,9911.49103010494
1678060800000,9911.599038955452
1678064400000,9912.949658955451
1678068000000,9909.598438955452
1678071600000,9910.37579895545
1678075200000,9910.038678955452
1678078800000,9908.411258955452
1678082400000,9909.311458955453
1678086000000,9910.648718955452
1678089600000,9910.01709349695
1678093200000,9911.13135349695
1678096800000,9911.34331349695
1678100400000,9911.915993496948
1678104000000,9909.798619071304
1678107600000,9909.798619071304
1678111200000,9909.798619071304
1678114800000,9909.798619071304
1678118400000,9910.130432814432
1678122000000,9908.539662814432
1678125600000,9907.154342814432
1678129200000,9907.148472814431
1678132800000,9902.757712814433
1678136400000,9898.701542814431
1678140000000,9902.910332814432
1678143600000,9904.113682814432
1678147200000,9902.403815560752
1678150800000,9902.069225560754
1678154400000,9907.270045560754
1678158000000,9909.254105560753
1678161600000,9907.563075625822
1678165200000,9908.393375625823
1678168800000,9906.51256562582
1678172400000,9905.093905625821
1678176000000,9902.648360363755
1678179600000,9902.764140363755
1678183200000,9897.891660363755
1678186800000,9896.361190363756
1678190400000,9894.869450363756
1678194000000,9899.184090363757
1678197600000,9895.498700363756
1678201200000,9874.140340363756
1678204800000,9876.762313690691
1678208400000,9873.251113690692
1678212000000,9876.348713690692
1678215600000,9871.829913690692
1678219200000,9868.969913690691
1678222800000,9865.65231369069
1678226400000,9864.983513690691
1678230000000,9866.989913690692
1678233600000,9871.436235768126
1678237200000,9873.601035768126
1678240800000,9870.384635768125
1678244400000,9870.375835768125
1678248000000,9869.491435768126
1678251600000,9869.293435768126
1678255200000,9857.633260887551
1678258800000,9857.633260887551
1678262400000,9857.633260887551
1678266000000,9857.633260887551
1678269600000,9857.633260887551
1678273200000,9857.633260887551
1678276800000,9857.633260887551
1678280400000,9857.633260887551
1678284000000,9857.633260887551
1678287600000,9857.633260887551
1678291200000,9857.633260887551
1678294800000,9857.633260887551
1678298400000,9857.633260887551
1678302000000,9857.633260887551
1678305600000,9857.633260887551
1678309200000,9857.633260887551
1678312800000,9857.633260887551
1678316400000,9857.633260887551
1678320000000,9857.633260887551
1678323600000,9857.633260887551
1678327200000,9857.633260887551
1678330800000,9857.633260887551
1678334400000,9857.633260887551
1678338000000,9857.633260887551
1678341600000,9857.633260887551
1678345200000,9857.633260887551
1678348800000,9857.633260887551
1678352400000,9857.633260887551
1678356000000,9857.633260887551
1678359600000,9857.633260887551
1678363200000,9857.633260887551
1678366800000,9857.633260887551
1678370400000,9857.633260887551
1678374000000,9857.633260887551
1678377600000,9857.633260887551
1678381200000,9857.633260887551
1678384800000,9857.633260887551
1678388400000,9857.633260887551
1678392000000,9857.633260887551
1678395600000,9857.633260887551
1678399200000,9857.633260887551
1678402800000,9857.633260887551
1678406400000,9856.630082904636
1678410000000,9847.728022904636
1678413600000,9848.462302904636
1678417200000,9846.402692904634
1678420800000,9846.996852904635
1678424400000,9839.812952904635
1678428000000,9844.388072904634
1678431600000,9837.435492904635
1678435200000,9840.056984552657
1678438800000,9838.830504552658
1678442400000,9833.836714552657
1678446000000,9823.965594552657
1678449600000,9827.946894552657
1678453200000,9835.643054552658
1678456800000,9847.518144552658
1678460400000,9837.824374552658
1678464000000,9842.113380007226
1678467600000,9842.066400007225
1678471200000,9839.517500007225
1678474800000,9836.913490007226
1678478400000,9844.881670007226
1678482000000,9842.388310007225
1678485600000,9844.822820007224
1678489200000,9847.262320007225
1678492800000,9848.95651684383
1678496400000,9854.95852684383
1678500000000,9870.66127684383
1678503600000,9868.98385684383
1678507200000,9864.62446684383
1678510800000,9863.84125684383
1678514400000,9866.104636843831
1678518000000,9862.14249684383
1678521600000,9840.761477614973
1678525200000,9850.485547614973
1678528800000,9850.844517614973
1678532400000,9846.662677614973
1678536000000,9847.459507614974
1678539600000,9846.978297614975
1678543200000,9848.768017614973
1678546800000,9851.260337614973
1678550400000,9847.890674794866
1678554000000,9849.300134794867
1678557600000,9859.638004794864
1678561200000,9857.787864794866
1678564800000,9859.037004794865
1678568400000,9865.503894794865
1678572000000,9865.654424794866
1678575600000,9864.274744794866
1678579200000,9869.812117190639
1678582800000,9868.03206719064
1678586400000,9867.26909719064
1678590000000,9867.187917190638
1678593600000,9867.29089719064
1678597200000,9866.99491719064
1678600800000,9865.89012719064
1678604400000,9863.715187190639
1678608000000,9863.510279239448
1678611600000,9866.754119239447
1678615200000,9865.088719239448
1678618800000,9866.843499239447
1678622400000,9867.472139239448
1678626000000,9864.103039239448
1678629600000,9864.709789239449
1678633200000,9863.486919239449
1678636800000,9862.688899662488
1678640400000,9866.111939662487
1678644000000,9891.805779662487
1678647600000,9904.336949662487
1678651200000,9890.021439662487
1678654800000,9906.626129662489
1678658400000,9906.891619662487
1678662000000,9929.176839662487
1678665600000,9938.30371484246
1678669200000,9938.30371484246
1678672800000,9938.30371484246
1678676400000,9938.30371484246
1678680000000,9938.30371484246
1678683600000,9938.30371484246
1678687200000,9938.30371484246
1678690800000,9938.30371484246
1678694400000,9938.30371484246
1678698000000,9938.30371484246
1678701600000,9938.30371484246
1678705200000,9938.30371484246
1678708800000,9938.30371484246
1678712400000,9938.30371484246
1678716000000,9938.30371484246
1678719600000,9938.30371484246
1678723200000,9938.30371484246
1678726800000,9938.30371484246
1678730400000,9938.30371484246
1678734000000,9938.30371484246
1678737600000,9938.30371484246
1678741200000,9938.30371484246
1678744800000,9938.30371484246
1678748400000,9938.30371484246
1678752000000,9938.30371484246
1678755600000,9938.30371484246
1678759200000,9938.30371484246
1678762800000,9938.30371484246
1678766400000,9938.30371484246
1678770000000,9938.30371484246
1678773600000,9938.30371484246
1678777200000,9938.30371484246
1678780800000,9938.30371484246
1678784400000,9938.30371484246
1678788000000,9938.30371484246
1678791600000,9938.30371484246
1678795200000,9938.30371484246
1678798800000,9938.30371484246
1678802400000,9938.30371484246
1678806000000,9938.30371484246
1678809600000,9938.30371484246
1678813200000,9938.30371484246
1678816800000,9938.30371484246
1678820400000,9938.30371484246
1678824000000,9938.30371484246
1678827600000,9938.30371484246
1678831200000,9938.30371484246
1678834800000,9938.30371484246
1678838400000,9938.30371484246
1678842000000,9938.30371484246
1678845600000,9938.30371484246
1678849200000,9938.30371484246
1678852800000,9938.30371484246
1678856400000,9938.30371484246
1678860000000,9938.30371484246
1678863600000,9938.30371484246
1678867200000,9938.30371484246
1678870800000,9938.30371484246
1678874400000,9938.30371484246
1678878000000,9938.30371484246
1678881600000,9938.30371484246
1678885200000,9938.30371484246
1678888800000,9938.30371484246
1678892400000,9938.30371484246
1678896000000,9938.30371484246
1678899600000,9938.30371484246
1678903200000,9938.30371484246
1678906800000,9938.30371484246
1678910400000,9938.30371484246
1678914000000,9938.30371484246
1678917600000,9938.30371484246
1678921200000,9938.30371484246
1678924800000,9938.30371484246
1678928400000,9938.30371484246
1678932000000,9938.30371484246
1678935600000,9938.30371484246
1678939200000,9938.30371484246
1678942800000,9938.30371484246
1678946400000,9938.30371484246
1678950000000,9938.30371484246
1678953600000,9938.30371484246
1678957200000,9938.30371484246
1678960800000,9938.30371484246
1678964400000,9938.30371484246
1678968000000,9938.30371484246
1678971600000,9938.30371484246
1678975200000,9938.30371484246
1678978800000,9938.30371484246
1678982400000,9938.30371484246
1678986000000,9938.30371484246
1678989600000,9938.30371484246
1678993200000,9938.30371484246
1678996800000,9938.30371484246
1679000400000,9938.30371484246
1679004000000,9938.30371484246
1679007600000,9938.30371484246
1679011200000,9938.30371484246
1679014800000,9938.30371484246
1679018400000,9938.30371484246
1679022000000,9938.30371484246
1679025600000,9938.30371484246
1679029200000,9938.30371484246
1679032800000,9938.30371484246
1679036400000,9938.30371484246
1679040000000,9938.30371484246
1679043600000,9938.30371484246
1679047200000,9938.30371484246
1679050800000,9938.30371484246
1679054400000,9938.30371484246
1679058000000,9938.30371484246
1679061600000,9938.30371484246
1679065200000,9938.30371484246
1679068800000,9938.30371484246
1679072400000,9938.30371484246
1679076000000,9938.30371484246
1679079600000,9938.30371484246
1679083200000,9938.30371484246
1679086800000,9938.30371484246
1679090400000,9938.30371484246
1679094000000,9938.30371484246
1679097600000,9938.30371484246
1679101200000,9938.30371484246
1679104800000,9938.30371484246
1679108400000,9938.30371484246
1679112000000,9938.30371484246
1679115600000,9938.30371484246
1679119200000,9938.30371484246
1679122800000,9938.30371484246
1679126400000,9938.30371484246
1679130000000,9938.30371484246
1679133600000,9938.30371484246
1679137200000,9938.30371484246
1679140800000,9938.30371484246
1679144400000,9938.30371484246
1679148000000,9938.30371484246
1679151600000,9938.30371484246
1679155200000,9938.30371484246
1679158800000,9938.30371484246
1679162400000,9938.30371484246
1679166000000,9938.30371484246
1679169600000,9938.30371484246
1679173200000,9938.30371484246
1679176800000,9938.30371484246
1679180400000,9938.30371484246
1679184000000,9938.30371484246
1679187600000,9938.30371484246
1679191200000,9938.30371484246
1679194800000,9938.30371484246
1679198400000,9938.30371484246
1679202000000,9938.30371484246
1679205600000,9938.30371484246
1679209200000,9938.30371484246
1679212800000,9938.30371484246
1679216400000,9938.30371484246
1679220000000,9938.30371484246
1679223600000,9938.30371484246
1679227200000,9938.30371484246
1679230800000,9938.30371484246
1679234400000,9938.30371484246
1679238000000,9938.30371484246
1679241600000,9938.30371484246
1679245200000,9938.30371484246
1679248800000,9938.30371484246
1679252400000,9938.30371484246
1679256000000,9938.30371484246
1679259600000,9938.30371484246
1679263200000,9938.30371484246
1679266800000,9938.30371484246
1679270400000,9938.30371484246
1679274000000,9938.30371484246
1679277600000,9938.30371484246
1679281200000,9938.30371484246
1679284800000,9938.30371484246
1679288400000,9938.30371484246
1679292000000,9938.30371484246
1679295600000,9938.30371484246
1679299200000,9938.30371484246
1679302800000,9938.30371484246
1679306400000,9938.30371484246
1679310000000,9938.30371484246
1679313600000,9938.30371484246
1679317200000,9938.30371484246
1679320800000,9938.30371484246
1679324400000,9938.30371484246
1679328000000,9938.30371484246
1679331600000,9938.30371484246
1679335200000,9938.30371484246
1679338800000,9938.30371484246
1679342400000,9938.30371484246
1679346000000,9938.30371484246
1679349600000,9938.30371484246
1679353200000,9938.30371484246
1679356800000,9938.30371484246
1679360400000,9938.30371484246
1679364000000,9938.30371484246
1679367600000,9938.30371484246
1679371200000,9938.30371484246
1679374800000,9938.30371484246
1679378400000,9938.30371484246
1679382000000,9938.30371484246
1679385600000,9938.30371484246
1679389200000,9938.30371484246
1679392800000,9938.30371484246
1679396400000,9938.30371484246
1679400000000,9938.30371484246
1679403600000,9938.30371484246
1679407200000,9938.30371484246
1679410800000,9938.30371484246
1679414400000,9938.30371484246
1679418000000,9938.30371484246
1679421600000,9938.30371484246
1679425200000,9938.30371484246
1679428800000,9938.30371484246
1679432400000,9938.30371484246
1679436000000,9938.30371484246
1679439600000,9938.30371484246
1679443200000,9938.053110400666
1679446800000,9936.971910400665
1679450400000,9937.886310400667
1679454000000,9937.565910400666
1679457600000,9938.571510400667
1679461200000,9939.542310400666
1679464800000,9938.951910400667
1679468400000,9939.189510400665
1679472000000,9937.899490177235
1679475600000,9937.503490177234
1679479200000,9938.097490177235
1679482800000,9938.785090177234
1679486400000,9938.444290177235
1679490000000,9939.367090177235
1679493600000,9940.317490177235
1679497200000,9944.138290177234
1679500800000,9944.080391954241
1679504400000,9944.674391954242
1679508000000,9945.279191954241
1679511600000,9936.504791954243
1679515200000,9921.894791954242
1679518800000,9928.180391954242
1679522400000,9926.076791954241
1679526000000,9927.100391954242
1679529600000,9927.851981398668
1679533200000,9928.491581398666
1679536800000,9926.643581398666
1679540400000,9929.197181398667
1679544000000,9929.198381398666
1679547600000,9928.251581398667
1679551200000,9932.259581398666
1679554800000,9932.673581398667
1679558400000,9932.450393874333
1679562000000,9932.552393874334
1679565600000,9932.416793874332
1679569200000,9932.045993874333
1679572800000,9931.700393874333
1679576400000,9930.751193874334
1679580000000,9929.408393874333
1679583600000,9939.601193874332
1679587200000,9944.498900514332
1679590800000,9942.622100514332
1679594400000,9940.705700514332
1679598000000,9936.898100514332
1679601600000,9940.234100514332
1679605200000,9939.910100514333
1679608800000,9938.744900514332
1679612400000,9939.110900514333
1679616000000,9940.477357674332
1679619600000,9939.231757674332
1679623200000,9939.876157674333
1679626800000,9939.147757674333
1679630400000,9939.392557674333
1679634000000,9938.517757674332
1679637600000,9940.293757674332
1679641200000,9940.094557674332
1679644800000,9940.244233794332
1679648400000,9937.034233794331
1679652000000,9937.19503379433
1679655600000,9937.082233794332
1679659200000,9932.065033794332
1679662800000,9936.433033794332
1679666400000,9935.629033794332
1679670000000,9936.986233794332
1679673600000,9936.987431883123
1679677200000,9935.168231883123
1679680800000,9932.554631883122
1679684400000,9933.433031883122
1679688000000,9934.421831883123
1679691600000,9931.755431883123
1679695200000,9928.235831883123
1679698800000,9928.556231883122
1679702400000,9929.971938484869
1679706000000,9929.971938484869
1679709600000,9929.971938484869
1679713200000,9929.971938484869
1679716800000,9929.971938484869
1679720400000,9929.971938484869
1679724000000,9929.971938484869
1679727600000,9929.971938484869
1679731200000,9929.971938484869
1679734800000,9929.971938484869
1679738400000,9929.971938484869
1679742000000,9929.971938484869
1679745600000,9929.971938484869
1679749200000,9929.971938484869
1679752800000,9929.971938484869
1679756400000,9929.971938484869
1679760000000,9929.971938484869
1679763600000,9929.971938484869
1679767200000,9929.971938484869
1679770800000,9929.971938484869
1679774400000,9930.165998583972
1679778000000,9934.420518583973
1679781600000,9935.463748583972
1679785200000,9936.903258583972
1679788800000,9938.246677414294
1679792400000,9941.603317414296
1679796000000,9942.722557414296
1679799600000,9942.562477414294
1679803200000,9940.851217414294
1679806800000,9940.823077414296
1679810400000,9942.881207414295
1679814000000,9940.885377414295
1679817600000,9941.404938911357
1679821200000,9948.304638911359
1679824800000,9948.466878911357
1679828400000,9947.793128911357
1679832000000,9952.604388911357
1679835600000,9952.261428911359
1679839200000,9959.166728911357
1679842800000,9946.895498911357
1679846400000,9947.913367839983
1679850000000,9945.287397839984
1679853600000,9948.779267839984
1679857200000,9948.142977839983
1679860800000,9948.174377839983
1679864400000,9946.405997839982
1679868000000,9947.782447839983
1679871600000,9953.231227839982
1679875200000,9952.14322875962
1679878800000,9953.502488759621
1679882400000,9948.29303875962
1679886000000,9949.11621875962
1679889600000,9949.19288875962
1679893200000,9949.27511875962
1679896800000,9943.032588759621
1679900400000,9945.419968759621
1679904000000,9945.338713952196
1679907600000,9946.836753952197
1679911200000,9949.687513952196
1679914800000,9949.337113952197
1679918400000,9949.325483952196
1679922000000,9945.139903952197
1679925600000,9944.366263952197
1679929200000,9923.339093952196
1679932800000,9923.876475464636
1679936400000,9928.320895464636
1679940000000,9924.829235464636
1679943600000,9927.374395464638
1679947200000,9924.855505464637
1679950800000,9924.811955464636
1679954400000,9927.966695464636
1679958000000,9926.029255464635
1679961600000,9928.085811377106
1679965200000,9923.959111377106
1679968800000,9927.907461377104
1679972400000,9926.492121377105
1679976000000,9925.047961377106
1679979600000,9926.379981377106
1679983200000,9928.294031377105
1679986800000,9931.509341377105
1679990400000,9928.152932876583
1679994000000,9929.203472876583
1679997600000,9925.564322876584
1680001200000,9923.851282876583
1680004800000,9934.888922876584
1680008400000,9930.838062876583
1680012000000,9928.634802876584
1680015600000,9930.638562876584
1680019200000,9932.040588542473
1680022800000,9928.658878542474
1680026400000,9929.033418542474
1680030000000,9944.889938542474
1680033600000,9946.703988468225
1680037200000,9946.703988468225
1680040800000,9946.703988468225
1680044400000,9946.703988468225
1680048000000,9946.703988468225
1680051600000,9946.703988468225
1680055200000,9946.703988468225
1680058800000,9946.703988468225
1680062400000,9946.703988468225
1680066000000,9946.703988468225
1680069600000,9946.703988468225
1680073200000,9946.703988468225
1680076800000,9946.703988468225
1680080400000,9946.703988468225
1680084000000,9946.703988468225
1680087600000,9946.703988468225
1680091200000,9946.703988468225
1680094800000,9946.703988468225
1680098400000,9946.703988468225
1680102000000,9946.703988468225
1680105600000,9946.703988468225
1680109200000,9946.703988468225
1680112800000,9946.703988468225
1680116400000,9946.703988468225
1680120000000,9946.703988468225
1680123600000,9946.703988468225
1680127200000,9946.703988468225
1680130800000,9946.703988468225
1680134400000,9946.703988468225
1680138000000,9946.703988468225
1680141600000,9946.703988468225
1680145200000,9946.703988468225
1680148800000,9946.703988468225
1680152400000,9946.703988468225
1680156000000,9946.703988468225
1680159600000,9946.703988468225
1680163200000,9946.703988468225
1680166800000,9946.703988468225
1680170400000,9946.703988468225
1680174000000,9946.703988468225
1680177600000,9946.703988468225
1680181200000,9946.703988468225
1680184800000,9946.703988468225
1680188400000,9946.703988468225
1680192000000,9946.703988468225
1680195600000,9946.703988468225
1680199200000,9946.703988468225
1680202800000,9946.703988468225
1680206400000,9946.703988468225
1680210000000,9946.703988468225
1680213600000,9946.703988468225
1680217200000,9946.703988468225
1680220800000,9946.703988468225
1680224400000,9946.703988468225
1680228000000,9946.703988468225
1680231600000,9946.703988468225
1680235200000,9946.703988468225
1680238800000,9946.703988468225
1680242400000,9946.703988468225
1680246000000,9946.703988468225
1680249600000,9946.703988468225
1680253200000,9946.703988468225
1680256800000,9946.703988468225
1680260400000,9946.703988468225
1680264000000,9946.703988468225
1680267600000,9946.703988468225
1680271200000,9946.703988468225
1680274800000,9946.703988468225
1680278400000,9946.703988468225
1680282000000,9946.703988468225
1680285600000,9946.703988468225
1680289200000,9946.703988468225
1680292800000,9946.703988468225
1680296400000,9946.703988468225
1680300000000,9946.703988468225
1680303600000,9946.703988468225
1680307200000,9946.703988468225
1680310800000,9946.703988468225
1680314400000,9946.703988468225
1680318000000,9946.703988468225
1680321600000,9946.703988468225
1680325200000,9946.703988468225
1680328800000,9946.703988468225
1680332400000,9946.703988468225
1680336000000,9946.703988468225
1680339600000,9946.703988468225
1680343200000,9946.703988468225
1680346800000,9946.703988468225
1680350400000,9946.703988468225
1680354000000,9946.703988468225
1680357600000,9946.703988468225
1680361200000,9946.703988468225
1680364800000,9946.703988468225
1680368400000,9946.703988468225
1680372000000,9946.703988468225
1680375600000,9946.703988468225
1680379200000,9946.703988468225
1680382800000,9946.703988468225
1680386400000,9946.703988468225
1680390000000,9946.703988468225
1680393600000,9946.703988468225
1680397200000,9946.703988468225
1680400800000,9946.703988468225
1680404400000,9946.703988468225
1680408000000,9946.703988468225
1680411600000,9946.703988468225
1680415200000,9946.703988468225
1680418800000,9946.703988468225
1680422400000,9946.703988468225
1680426000000,9946.703988468225
1680429600000,9946.703988468225
1680433200000,9946.703988468225
1680436800000,9946.703988468225
1680440400000,9946.703988468225
1680444000000,9946.703988468225
1680447600000,9946.703988468225
1680451200000,9946.703988468225
1680454800000,9946.703988468225
1680458400000,9946.703988468225
1680462000000,9946.703988468225
1680465600000,9946.703988468225
1680469200000,9946.703988468225
1680472800000,9946.703988468225
1680476400000,9946.703988468225
1680480000000,9946.703988468225
1680483600000,9946.703988468225
1680487200000,9946.703988468225
1680490800000,9946.703988468225
1680494400000,9946.703988468225
1680498000000,9946.703988468225
1680501600000,9946.703988468225
1680505200000,9946.703988468225
1680508800000,9946.703988468225
1680512400000,9946.703988468225
1680516000000,9946.703988468225
1680519600000,9946.703988468225
1680523200000,9946.184915943
1680526800000,9944.471015943
1680530400000,9947.607365943
1680534000000,9938.568065943
1680537600000,9941.447095993211
1680541200000,9939.633145993212
1680544800000,9943.182745993212
1680548400000,9959.29079599321
1680552000000,9951.278095993212
1680555600000,9930.337195993212
1680559200000,9941.099095993211
1680562800000,9946.027645993212
1680566400000,9947.652324959772
1680570000000,9944.81612495977
1680573600000,9946.208124959772
1680577200000,9946.516974959772
1680580800000,9946.63474204202
1680584400000,9943.39024204202
1680588000000,9947.771742042021
1680591600000,9955.26469204202
1680595200000,9951.674761464474
1680598800000,9957.838561464474
1680602400000,9963.434911464474
1680606000000,9965.036911464475
1680609600000,9981.086611464474
1680613200000,9981.629911464475
1680616800000,9978.726961464474
1680620400000,9976.452511464475
1680624000000,9972.612510954265
1680627600000,9975.583260954265
1680631200000,9980.292360954265
1680634800000,9976.226910954265
1680638400000,9978.740610954264
1680642000000,9984.230160954265
1680645600000,9980.736660954266
1680649200000,9979.670460954265
1680652800000,9979.380014325783
1680656400000,10009.467464325784
1680660000000,10006.996214325784
1680663600000,10005.797414325783
1680667200000,10005.927014325784
1680670800000,10003.936664325782
1680674400000,10006.923764325784
1680678000000,10005.687914325783
1680681600000,10004.440248977662
1680685200000,10004.610798977661
1680688800000,10003.788498977661
1680692400000,10005.174798977661
1680696000000,10007.013648977661
1680699600000,10008.717798977661
1680703200000,10004.328648977662
1680706800000,9987.198348977661
1680710400000,9987.463165333109
1680714000000,9983.870815333108
1680717600000,9989.01071533311
1680721200000,9989.66876533311
1680724800000,9998.32691533311
1680728400000,9994.716415333109
1680732000000,9996.600415333109
1680735600000,9995.928415333108
1680739200000,9996.547906497444
1680742800000,9986.300956497444
1680746400000,9989.625256497444
1680750000000,9986.468956497445
1680753600000,9990.375106497444
1680757200000,9986.803306497442
1680760800000,9983.886106497444
1680764400000,9986.024206497445
1680768000000,9974.247101341107
1680771600000,9979.065851341107
1680775200000,9975.503051341107
1680778800000,9968.961251341107
1680782400000,9973.522050008545
1680786000000,9972.688350008546
1680789600000,9972.585450008544
1680793200000,9973.606050008546
1680796800000,9976.83239180152
1680800400000,9975.63119180152
1680804000000,9975.38759180152
1680807600000,9973.95749180152
1680811200000,9974.58749180152
1680814800000,9973.70969180152
1680818400000,9974.46989180152
1680822000000,9974.99069180152
1680825600000,9975.219983453284
1680829200000,9976.668983453284
1680832800000,9975.639983453284
1680836400000,9974.757983453284
1680840000000,9974.941838349358
1680843600000,9974.941838349358
1680847200000,9974.941838349358
1680850800000,9974.941838349358
1680854400000,9974.941838349358
1680858000000,9974.941838349358
1680861600000,9974.941838349358
1680865200000,9974.941838349358
1680868800000,9974.153635011726
1680872400000,9976.020435011726
1680876000000,9975.817635011725
1680879600000,9976.262235011725
1680883200000,9977.239972925561
1680886800000,9975.973772925561
1680890400000,9976.449572925561
1680894000000,9975.869772925562
1680897600000,9975.906172925563
1680901200000,9974.985772925562
1680904800000,9975.768372925562
1680908400000,9977.302372925562
1680912000000,9976.078429501586
1680915600000,9975.883429501586
1680919200000,9976.177229501585
1680922800000,9977.378429501585
1680926400000,9979.281629501585
1680930000000,9978.124629501584
1680933600000,9982.742229501586
1680937200000,9981.725629501585
1680940800000,9980.729027614516
1680944400000,9979.057227614516
1680948000000,9979.442027614516
1680951600000,9978.968827614515
1680955200000,9979.010427614516
1680958800000,9978.383827614514
1680962400000,9979.101427614514
1680966000000,9979.036427614516
1680969600000,9978.997586202868
1680973200000,9978.662186202868
1680976800000,9976.709586202867
1680980400000,9975.505786202868
1680984000000,9976.602986202868
1680987600000,9976.345586202868
1680991200000,9976.649786202868
1680994800000,9976.764186202869
1680998400000,9976.93668864831
1681002000000,9979.450888648309
1681005600000,9980.717088648309
1681009200000,9979.51328864831
1681012800000,9979.333888648309
1681016400000,9979.500288648309
1681020000000,9978.23148864831
1681023600000,9974.71108864831
1681027200000,9976.087843490837
1681030800000,9975.804443490837
1681034400000,9976.134643490837
1681038000000,9975.864243490838
1681041600000,9976.555093512117
1681045200000,9975.844893512116
1681048800000,9974.971913512118
1681052400000,9971.934033512116
1681056000000,9974.209249455354
1681059600000,9975.621009455355
1681063200000,9976.337729455354
1681066800000,9987.677309455354
1681070400000,9989.230449455354
1681074000000,9988.788509455353
1681077600000,10004.827069455354
1681081200000,10000.909509455354
1681084800000,9994.305730535714
1681088400000,9997.273290535713
1681092000000,9991.650630535714
1681095600000,9993.448270535713
1681099200000,9993.751130535713
1681102800000,9992.602490535714
1681106400000,9995.220510535713
1681110000000,9994.040870535713
1681113600000,9995.494170711054
1681117200000,9993.865390711055
1681120800000,9994.271610711054
1681124400000,9996.629230711054
1681128000000,9994.073065948825
1681131600000,9992.061845948825
1681135200000,9989.891725948826
1681138800000,9993.482865948825
1681142400000,9995.517532811862
1681146000000,10008.088792811861
1681149600000,10010.712912811861
1681153200000,10011.652692811862
1681156800000,10008.833352811862
1681160400000,10006.640532811862
1681164000000,10008.778872811861
1681167600000,10015.824952811861
1681171200000,10017.681556330892
1681174800000,10020.473656330892
1681178400000,10025.054516330893
1681182000000,10024.187376330892
1681185600000,10023.583556330892
1681189200000,10022.053576330893
1681192800000,10019.724556330893
1681196400000,10022.348676330892
1681200000000,10023.217578108764
1681203600000,10021.229058108765
1681207200000,10020.888558108765
1681210800000,10021.769318108765
1681214400000,10019.957858108764
1681218000000,10019.835278108765
1681221600000,10022.105278108764
1681225200000,10017.774118108764
1681228800000,10019.186753783135
1681232400000,10013.430033783136
1681236000000,10015.513893783134
1681239600000,10015.450333783136
1681243200000,10009.875213783134
1681246800000,10009.103413783136
1681250400000,10009.312253783135
1681254000000,10010.079513783136
1681257600000,10008.567846671813
1681261200000,10007.037866671812
1681264800000,10006.256986671811
1681268400000,9996.182726671812
1681272000000,9995.578906671812
1681275600000,9998.207566671812
1681279200000,9996.886426671812
1681282800000,9998.788686671813
1681286400000,9999.231739866489
1681290000000,9997.760779866489
1681293600000,9999.372479866488
1681297200000,10000.63913986649
1681300800000,9999.981329704375
1681304400000,9999.981329704375
1681308000000,9999.981329704375
1681311600000,9999.981329704375
1681315200000,9999.981329704375
1681318800000,9999.981329704375
1681322400000,9999.981329704375
1681326000000,9999.981329704375
1681329600000,9999.981329704375
1681333200000,9999.981329704375
1681336800000,9999.981329704375
1681340400000,9999.981329704375
1681344000000,9999.981329704375
1681347600000,9999.981329704375
1681351200000,9999.981329704375
1681354800000,9999.981329704375
1681358400000,9999.981329704375
1681362000000,9999.981329704375
1681365600000,9999.981329704375
1681369200000,9999.981329704375
1681372800000,9999.981329704375
1681376400000,9999.981329704375
1681380000000,9999.981329704375
1681383600000,9999.981329704375
1681387200000,9999.981329704375
1681390800000,9999.981329704375
1681394400000,9999.981329704375
1681398000000,9999.981329704375
1681401600000,9999.981329704375
1681405200000,9999.981329704375
1681408800000,9999.981329704375
1681412400000,9999.981329704375
1681416000000,9999.981329704375
1681419600000,9999.981329704375
1681423200000,9999.981329704375
1681426800000,9999.981329704375
1681430400000,9999.981329704375
1681434000000,9999.981329704375
1681437600000,9999.981329704375
1681441200000,9999.981329704375
1681444800000,9999.981329704375
1681448400000,9999.981329704375
1681452000000,9999.981329704375
1681455600000,9999.981329704375
1681459200000,9999.981329704375
1681462800000,9999.981329704375
1681466400000,9999.981329704375
1681470000000,9999.981329704375
1681473600000,9999.981329704375
1681477200000,9999.981329704375
1681480800000,9999.981329704375
1681484400000,9999.981329704375
1681488000000,9999.981329704375
1681491600000,9999.981329704375
1681495200000,9999.981329704375
1681498800000,9999.981329704375
1681502400000,9999.981329704375
1681506000000,9999.981329704375
1681509600000,9999.981329704375
1681513200000,9999.981329704375
1681516800000,9999.981329704375
1681520400000,9999.981329704375
1681524000000,9999.981329704375
1681527600000,9999.981329704375
1681531200000,9999.981329704375
1681534800000,9999.981329704375
1681538400000,9999.981329704375
1681542000000,9999.981329704375
1681545600000,9999.981329704375
1681549200000,9999.981329704375
1681552800000,9999.981329704375
1681556400000,9999.981329704375
1681560000000,9999.981329704375
1681563600000,9999.981329704375
1681567200000,9999.981329704375
1681570800000,9999.981329704375
1681574400000,9999.981329704375
1681578000000,9999.981329704375
1681581600000,9999.981329704375
1681585200000,9999.981329704375
1681588800000,9999.981329704375
1681592400000,9999.981329704375
1681596000000,9999.981329704375
1681599600000,9999.981329704375
1681603200000,9999.981329704375
1681606800000,9999.981329704375
1681610400000,9999.981329704375
1681614000000,9999.981329704375
1681617600000,9999.981329704375
1681621200000,9999.981329704375
1681624800000,9999.981329704375
1681628400000,9999.981329704375
1681632000000,9999.981329704375
1681635600000,9999.981329704375
1681639200000,9999.981329704375
1681642800000,9999.981329704375
1681646400000,9999.981329704375
1681650000000,9999.981329704375
1681653600000,9999.981329704375
1681657200000,9999.981329704375
1681660800000,9999.981329704375
1681664400000,9999.981329704375
1681668000000,9999.981329704375
1681671600000,9999.981329704375
1681675200000,9999.981329704375
1681678800000,9999.981329704375
1681682400000,9999.981329704375
1681686000000,9999.981329704375
1681689600000,9999.981329704375
1681693200000,9999.981329704375
1681696800000,9999.981329704375
1681700400000,9999.981329704375
1681704000000,9999.981329704375
1681707600000,9999.981329704375
1681711200000,9999.981329704375
1681714800000,9999.981329704375
1681718400000,9999.981329704375
1681722000000,9999.981329704375
1681725600000,9999.981329704375
1681729200000,9999.981329704375
1681732800000,9999.981329704375
1681736400000,9999.981329704375
1681740000000,9999.981329704375
1681743600000,9999.981329704375
1681747200000,9999.981329704375
1681750800000,9999.981329704375
1681754400000,9999.981329704375
1681758000000,9999.981329704375
1681761600000,9999.981329704375
1681765200000,9999.981329704375
1681768800000,9999.981329704375
1681772400000,9999.981329704375
1681776000000,9999.981329704375
1681779600000,9999.981329704375
1681783200000,9999.981329704375
1681786800000,9999.981329704375
1681790400000,9999.981329704375
1681794000000,9999.981329704375
1681797600000,9999.981329704375
1681801200000,9999.981329704375
1681804800000,9999.981329704375
1681808400000,9999.981329704375
1681812000000,9999.981329704375
1681815600000,9999.981329704375
1681819200000,9999.981329704375
1681822800000,9999.981329704375
1681826400000,9999.981329704375
1681830000000,9999.981329704375
1681833600000,9999.981329704375
1681837200000,9999.981329704375
1681840800000,9999.981329704375
1681844400000,9999.981329704375
1681848000000,9999.981329704375
1681851600000,9999.981329704375
1681855200000,9999.981329704375
1681858800000,9999.981329704375
1681862400000,9999.981329704375
1681866000000,9999.981329704375
1681869600000,9999.981329704375
1681873200000,9999.981329704375
1681876800000,9999.981329704375
1681880400000,9999.981329704375
1681884000000,9999.981329704375
1681887600000,9999.981329704375
1681891200000,9999.981329704375
1681894800000,9999.981329704375
1681898400000,9999.981329704375
1681902000000,9999.981329704375
1681905600000,9999.981329704375
1681909200000,9999.981329704375
1681912800000,9999.981329704375
1681916400000,9999.981329704375
1681920000000,9999.981329704375
1681923600000,9999.981329704375
1681927200000,9999.981329704375
1681930800000,9999.981329704375
1681934400000,9999.981329704375
1681938000000,9999.981329704375
1681941600000,9999.981329704375
1681945200000,9999.981329704375
1681948800000,9999.981329704375
1681952400000,9999.981329704375
1681956000000,9999.981329704375
1681959600000,9999.981329704375
1681963200000,9999.981329704375
1681966800000,9999.981329704375
1681970400000,9999.981329704375
1681974000000,9999.981329704375
1681977600000,9999.981329704375
1681981200000,9999.981329704375
1681984800000,9999.981329704375
1681988400000,9999.981329704375
1681992000000,9999.981329704375
1681995600000,9999.981329704375
1681999200000,9999.981329704375
1682002800000,9999.981329704375
1682006400000,9999.981329704375
1682010000000,9999.981329704375
1682013600000,9999.981329704375
1682017200000,9999.981329704375
1682020800000,9999.981329704375
1682024400000,9999.981329704375
1682028000000,9999.981329704375
1682031600000,9999.981329704375
1682035200000,9999.981329704375
1682038800000,9999.981329704375
1682042400000,9999.981329704375
1682046000000,9999.981329704375
1682049600000,9999.981329704375
1682053200000,9999.981329704375
1682056800000,9999.981329704375
1682060400000,9999.981329704375
1682064000000,9999.981329704375
1682067600000,9999.981329704375
1682071200000,9999.981329704375
1682074800000,9999.981329704375
1682078400000,9999.981329704375
1682082000000,9999.981329704375
1682085600000,9999.981329704375
1682089200000,9999.981329704375
1682092800000,9999.981329704375
1682096400000,9999.981329704375
1682100000000,9999.981329704375
1682103600000,9999.981329704375
1682107200000,9999.981329704375
1682110800000,9999.981329704375
1682114400000,9999.981329704375
1682118000000,9999.981329704375
1682121600000,9999.981329704375
1682125200000,9999.981329704375
1682128800000,9999.981329704375
1682132400000,9999.981329704375
1682136000000,9999.981329704375
1682139600000,9999.981329704375
1682143200000,9999.981329704375
1682146800000,9999.981329704375
1682150400000,9999.824258025332
1682154000000,9999.32393802533
1682157600000,9999.286178025332
1682161200000,9999.210658025331
1682164800000,10000.050818025331
1682168400000,10001.001898025332
1682172000000,9999.810098025331
1682175600000,10003.970778025332
1682179200000,10003.408357662745
1682182800000,10005.279837662745
1682186400000,10007.004997662745
1682190000000,10005.407277662745
1682193600000,10004.741757662745
1682197200000,10003.844957662744
1682200800000,10004.231997662746
1682204400000,10005.664517662744
1682208000000,10005.180941820076
1682211600000,10001.251541820076
1682215200000,10000.720541820076
1682218800000,10001.513501820076
1682222400000,10001.848454042629
1682226000000,10003.683634042629
1682229600000,10003.923554042629
1682233200000,10004.041294042629
1682236800000,10008.42422365746
1682240400000,10008.71352365746
1682244000000,10004.99930365746
1682247600000,10002.525123657459
1682251200000,10007.271003657459
1682254800000,10005.611703657458
1682258400000,10007.22800365746
1682262000000,10003.25764365746
1682265600000,9999.112328133755
1682269200000,10003.454168133756
1682272800000,10000.975928133754
1682276400000,9996.058528133755
1682280000000,9994.666888133755
1682283600000,9998.320048133755
1682287200000,9998.917708133757
1682290800000,10003.255408133755
1682294400000,10002.449996836853
1682298000000,10012.341036836853
1682301600000,10008.785696836852
1682305200000,10007.479016836853
1682308800000,10008.519696836853
1682312400000,10005.186856836854
1682316000000,10003.130296836855
1682319600000,9996.923056836853
1682323200000,9995.710652701
1682326800000,9988.284132701001
1682330400000,9991.116992701
1682334000000,9994.628232701
1682337600000,10000.100312701
1682341200000,9995.967072701002
1682344800000,10004.389272701
1682348400000,9996.882152701
1682352000000,9988.748007611714
1682355600000,9981.776467611713
1682359200000,9991.696487611714
1682362800000,9989.241867611714
1682366400000,9990.331307611714
1682370000000,9993.801527611713
1682373600000,9991.477507611713
1682377200000,9995.102747611714
1682380800000,9996.18324029453
1682384400000,9994.42912029453
1682388000000,9993.159220294528
1682391600000,9991.29330029453
1682395200000,9989.34496029453
1682398800000,9991.60630029453
1682402400000,9991.033500294528
1682406000000,9986.646400294529
1682409600000,9983.682219675517
1682413200000,9987.819919675518
1682416800000,9984.632119675518
1682420400000,9985.432519675518
1682424000000,9986.805619675517
1682427600000,9986.955119675516
1682431200000,9986.398519675517
1682434800000,9984.609119675517
1682438400000,9985.420225224369
1682442000000,9986.648425224368
1682445600000,9992.405325224368
1682449200000,9991.434725224368
1682452800000,9992.382325224367
1682456400000,10001.327025224367
1682460000000,10007.654325224368
1682463600000,10006.423825224369
1682467200000,10007.908950304824
1682470800000,10008.058450304823
1682474400000,10009.318850304822
1682478000000,10009.640850304822
1682481600000,10007.349128731199
1682485200000,10007.349128731199
1682488800000,10007.349128731199
1682492400000,10007.349128731199
1682496000000,10007.349128731199
1682499600000,10007.349128731199
1682503200000,10007.349128731199
1682506800000,10007.349128731199
1682510400000,10007.349128731199
1682514000000,10007.349128731199
1682517600000,10007.349128731199
1682521200000,10007.349128731199
1682524800000,10007.349128731199
1682528400000,10007.349128731199
1682532000000,10007.349128731199
1682535600000,10007.349128731199
1682539200000,10003.192491893698
1682542800000,10012.924291893698
1682546400000,10016.889901893699
1682550000000,10014.143721893699
1682553600000,10013.964666026339
1682557200000,10026.326416026339
1682560800000,10020.221386026338
1682564400000,10022.431726026338
1682568000000,10020.672516026338
1682571600000,10023.21184602634
1682575200000,10022.597206026338
1682578800000,10017.193496026339
1682582400000,10018.225730009946
1682586000000,10018.024790009946
1682589600000,10017.609120009947
1682593200000,10018.180420009947
1682596800000,10017.278160009946
1682600400000,10017.323470009946
1682604000000,10019.021610009946
1682607600000,10018.184360009946
1682611200000,10021.554099841194
1682614800000,10021.083269841194
1682618400000,10022.054479841194
1682622000000,10026.879009841194
1682625600000,10025.127679841193
1682629200000,10025.003569841194
1682632800000,10024.128889841193
1682636400000,10022.353919841193
1682640000000,10022.97734311896
1682643600000,10023.83429311896
1682647200000,10023.32406311896
1682650800000,10022.431653118962
1682654400000,10022.230713118961
1682658000000,10023.77125311896
1682661600000,10023.99780311896
1682665200000,10024.38195311896
1682668800000,10024.80271025276
1682672400000,10022.94500025276
1682676000000,10022.562820252759
1682679600000,10022.964700252758
1682683200000,10020.833160252758
1682686800000,10020.988790252759
1682690400000,10018.76663025276
1682694000000,10018.386420252758
1682697600000,10018.459385488923
1682701200000,10019.724125488923
1682704800000,10019.440445488923
1682708400000,10020.216625488923
1682712000000,10019.586225488923
1682715600000,10020.474695488923
1682719200000,10020.102365488923
1682722800000,10020.084635488924
1682726400000,10019.384728866093
1682730000000,10018.598698866093
1682733600000,10019.368968866092
1682737200000,10020.529298866093
1682740800000,10020.615978866093
1682744400000,10021.472928866093
1682748000000,10021.256228866092
1682751600000,10021.175458866093
1682755200000,10021.666881821156
1682758800000,10021.225601821157
1682762400000,10021.119221821156
1682766000000,10020.376531821157
1682769600000,10020.711431821157
1682773200000,10020.685821821156
1682776800000,10023.936321821157
1682780400000,10023.205451821157
1682784000000,10022.290173440131
1682787600000,10022.215313440132
1682791200000,10020.016793440132
1682794800000,10020.572333440132
1682798400000,10021.45932595134
1682802000000,10021.45932595134
1682805600000,10021.45932595134
1682809200000,10021.45932595134
1682812800000,10021.45932595134
1682816400000,10021.45932595134
1682820000000,10021.45932595134
1682823600000,10021.45932595134
1682827200000,10021.45932595134
1682830800000,10021.45932595134
1682834400000,10021.45932595134
1682838000000,10021.45932595134
1682841600000,10021.278329094619
1682845200000,10021.322829094619
1682848800000,10022.24397909462
1682852400000,10022.261779094619
1682856000000,10020.116879094618
1682859600000,10019.77867909462
1682863200000,10021.264979094618
1682866800000,10023.894929094618
1682870400000,10030.00071739582
1682874000000,10032.00766739582
1682877600000,10028.999467395819
1682881200000,10027.37076739582
1682884800000,10020.90491739582
1682888400000,10016.04551739582
1682892000000,10015.920917395819
1682895600000,10015.20891739582
1682899200000,10006.482066424609
1682902800000,10012.79216642461
1682906400000,9995.543037639307
1682910000000,9995.543037639307
1682913600000,9995.543037639307
1682917200000,9995.543037639307
1682920800000,9995.543037639307
1682924400000,9995.543037639307
1682928000000,9994.998984707625
1682931600000,9995.019084707626
1682935200000,9994.580234707626
1682938800000,9993.910234707626
1682942400000,9993.555134707625
1682946000000,9994.650584707626
1682949600000,9992.114634707626
1682953200000,9993.076084707625
1682956800000,9989.954151457674
1682960400000,9995.577051457676
1682964000000,9993.711751457675
1682967600000,9989.507751457673
1682971200000,9977.028601457674
1682974800000,9972.181601457674
1682978400000,9982.076501457675
1682982000000,9984.106701457675
1682985600000,9985.579481820809
1682989200000,9987.03668182081
1682992800000,9981.644281820809
1682996400000,9984.21058182081
1683000000000,9986.20668182081
1683003600000,9981.24578182081
1683007200000,9984.28933182081
1683010800000,9983.700381820809
1683014400000,9987.609073797708
1683018000000,9986.302623797708
1683021600000,9983.490373797707
1683025200000,9984.969823797708
1683028800000,9987.759323797709
1683032400000,9988.355923797708
1683036000000,9983.935073797707
1683039600000,9998.287023797708
1683043200000,10005.512216521813
1683046800000,10002.740366521813
1683050400000,10007.122766521812
1683054000000,10014.899316521813
1683057600000,10012.809516521813
1683061200000,10012.609316521812
1683064800000,10013.048366521813
1683068400000,10016.066766521813
1683072000000,10012.315484992934
1683075600000,10006.254734992934
1683079200000,10007.744484992934
1683082800000,10005.710034992935
1683086400000,10006.668134992935
1683090000000,10006.364484992933
1683093600000,10005.208834992934
1683097200000,10009.908984992933
1683100800000,10010.350059498422
1683104400000,10012.188559498421
1683108000000,10011.539859498422
1683111600000,10009.141409498423
1683115200000,10006.506609498421
1683118800000,9997.105259498421
1683122400000,10001.381859498422
1683126000000,9994.471609498421
1683129600000,9998.550061900898
1683133200000,10005.9252119009
1683136800000,10014.705911900899
1683140400000,10013.041211900898
1683144000000,10004.153711900899
1683147600000,10011.346361900898
1683151200000,10027.4780619009
1683154800000,10033.823711900899
1683158400000,10032.025883499828
1683162000000,10031.538633499827
1683165600000,10033.480883499828
1683169200000,10031.816483499828
1683172800000,10033.311533499827
1683176400000,10032.373283499826
1683180000000,10035.155583499827
1683183600000,10033.104383499829
1683187200000,10030.198892383794
1683190800000,10030.938092383794
1683194400000,10030.555292383793
1683198000000,10033.439492383794
1683201600000,10032.357092383794
1683205200000,10030.240692383793
1683208800000,10023.387692383794
1683212400000,10024.888092383793
1683216000000,10025.226156287805
1683219600000,10025.226156287805
1683223200000,10025.226156287805
1683226800000,10025.226156287805
1683230400000,10025.226156287805
1683234000000,10025.226156287805
1683237600000,10025.226156287805
1683241200000,10025.226156287805
1683244800000,10025.226156287805
1683248400000,10025.226156287805
1683252000000,10025.226156287805
1683255600000,10025.226156287805
1683259200000,10025.226156287805
1683262800000,10025.226156287805
1683266400000,10025.226156287805
1683270000000,10025.226156287805
1683273600000,10025.226156287805
1683277200000,10025.226156287805
1683280800000,10025.226156287805
1683284400000,10025.226156287805
1683288000000,10025.226156287805
1683291600000,10025.226156287805
1683295200000,10025.226156287805
1683298800000,10025.226156287805
1683302400000,10025.226156287805
1683306000000,10025.226156287805
1683309600000,10025.226156287805
1683313200000,10025.226156287805
1683316800000,10025.226156287805
1683320400000,10025.226156287805
1683324000000,10025.226156287805
1683327600000,10025.226156287805
1683331200000,10025.226156287805
1683334800000,10025.226156287805
1683338400000,10025.226156287805
1683342000000,10025.226156287805
1683345600000,10025.226156287805
1683349200000,10025.226156287805
1683352800000,10025.226156287805
1683356400000,10025.226156287805
1683360000000,10025.226156287805
1683363600000,10025.226156287805
1683367200000,10025.226156287805
1683370800000,10025.226156287805
1683374400000,10025.226156287805
1683378000000,10025.226156287805
1683381600000,10025.226156287805
1683385200000,10025.226156287805
1683388800000,10025.226156287805
1683392400000,10025.226156287805
1683396000000,10025.226156287805
1683399600000,10025.226156287805
1683403200000,10025.226156287805
1683406800000,10025.226156287805
1683410400000,10025.226156287805
1683414000000,10025.226156287805
1683417600000,10025.226156287805
1683421200000,10025.226156287805
1683424800000,10025.226156287805
1683428400000,10025.226156287805
1683432000000,10025.226156287805
1683435600000,10025.226156287805
1683439200000,10025.226156287805
1683442800000,10025.226156287805
1683446400000,10025.226156287805
1683450000000,10025.226156287805
1683453600000,10025.226156287805
1683457200000,10025.226156287805
1683460800000,10025.226156287805
1683464400000,10025.226156287805
1683468000000,10025.226156287805
1683471600000,10025.226156287805
1683475200000,10025.226156287805
1683478800000,10025.226156287805
1683482400000,10025.226156287805
1683486000000,10025.226156287805
1683489600000,10025.226156287805
1683493200000,10025.226156287805
1683496800000,10025.226156287805
1683500400000,10025.226156287805
1683504000000,10025.226156287805
1683507600000,10025.226156287805
1683511200000,10025.226156287805
1683514800000,10025.226156287805
1683518400000,10025.226156287805
1683522000000,10025.226156287805
1683525600000,10025.226156287805
1683529200000,10025.226156287805
1683532800000,10025.226156287805
1683536400000,10025.226156287805
1683540000000,10025.226156287805
1683543600000,10025.226156287805
1683547200000,10025.226156287805
1683550800000,10025.226156287805
1683554400000,10025.226156287805
1683558000000,10025.226156287805
1683561600000,10025.226156287805
1683565200000,10025.226156287805
1683568800000,10025.226156287805
1683572400000,10025.226156287805
1683576000000,10025.658330325248
1683579600000,10028.248530325249
1683583200000,10028.322330325247
1683586800000,10030.046730325248
1683590400000,10030.681888933188
1683594000000,10029.17528893319
1683597600000,10031.241688933189
1683601200000,10030.012288933189
1683604800000,10030.25348893319
1683608400000,10029.870088933189
1683612000000,10028.23928893319
1683615600000,10028.602888933188
1683619200000,10030.457032516179
1683622800000,10028.78843251618
1683626400000,10029.23123251618
1683630000000,10029.470632516179
1683633600000,10031.56043251618
1683637200000,10032.30023251618
1683640800000,10029.670432516179
1683644400000,10028.74883251618
1683648000000,10026.14956914099
1683651600000,10031.626969140989
1683655200000,10029.74236914099
1683658800000,10029.27976914099
1683662400000,10031.49556914099
1683666000000,10030.36696914099
1683669600000,10029.51556914099
1683673200000,10029.389569140989
1683676800000,10029.932519681946
1683680400000,10032.335519681947
1683684000000,10031.327519681947
1683687600000,10030.954919681946
1683691200000,10031.010719681946
1683694800000,10031.271719681947
1683698400000,10030.562519681946
1683702000000,10029.484319681946
1683705600000,10028.686606111956
1683709200000,10029.016006111957
1683712800000,10029.039406111957
1683716400000,10029.547006111956
1683720000000,10030.429006111955
1683723600000,10040.233606111957
1683727200000,10040.147206111957
1683730800000,10038.547006111956
1683734400000,10039.636598122739
1683738000000,10040.21259812274
1683741600000,10027.157198122739
1683745200000,10026.61359812274
1683748800000,10031.19819812274
1683752400000,10033.49139812274
1683756000000,10028.219198122739
1683759600000,10031.14419812274
1683763200000,10029.35247362137
1683766800000,10027.95027362137
1683770400000,10028.133873621371
1683774000000,10027.15107362137
1683777600000,10026.88647362137
1683781200000,10027.55787362137
1683784800000,10028.20767362137
1683788400000,10027.66227362137
1683792000000,10026.247466514096
1683795600000,10025.736266514097
1683799200000,10026.247466514096
1683802800000,10026.906266514097
1683806400000,10025.653466514097
1683810000000,10025.487866514097
1683813600000,10022.883266514096
1683817200000,10021.227266514097
1683820800000,10021.474169955705
1683824400000,10019.193969955704
1683828000000,10008.580769955704
1683831600000,10012.447819955705
1683835200000,10008.775890564762
1683838800000,10011.971390564762
1683842400000,10012.009890564763
1683846000000,10010.431390564763
1683849600000,10011.915615742391
1683853200000,10012.76536574239
1683856800000,10009.897115742391
1683860400000,10004.952615742392
1683864000000,10001.861615742391
1683867600000,10004.677615742392
1683871200000,9998.30036574239
1683874800000,10001.160365742391
1683878400000,10002.26642028011
1683882000000,10002.629420280111
1683885600000,10003.875170280111
1683889200000,10003.77617028011
1683892800000,10003.37742028011
1683896400000,10005.52792028011
1683900000000,10005.71767028011
1683903600000,10004.19142028011
1683907200000,10003.662370563641
1683910800000,10004.979620563641
1683914400000,10005.31512056364
1683918000000,10004.63037056364
1683921600000,10009.064782355177
1683925200000,10011.272032355177
1683928800000,10019.162282355179
1683932400000,10017.144532355178
1683936000000,10020.03937378907
1683939600000,10021.71987378907
1683943200000,10021.33862378907
1683946800000,10019.48337378907
1683950400000,10020.06937378907
1683954000000,10018.48487378907
1683957600000,10016.30362378907
1683961200000,10016.53012378907
1683964800000,10018.355782825478
1683968400000,10019.49203282548
1683972000000,10021.134782825478
1683975600000,10020.167282825478
1683979200000,10019.418782825478
1683982800000,10019.399782825478
1683986400000,10019.144532825478
1683990000000,10014.959282825479
1683993600000,10016.256482753037
1683997200000,10016.267232753036
1684000800000,10015.910232753036
1684004400000,10015.332982753038
1684008000000,10017.174232753037
1684011600000,10020.408232753038
1684015200000,10019.026482753037
1684018800000,10020.238732753036
1684022400000,10016.185966246212
1684026000000,10017.130966246212
1684029600000,10015.378716246212
1684033200000,10017.925966246212
1684036800000,10019.663466246213
1684040400000,10019.410966246214
1684044000000,10019.811716246213
1684047600000,10020.796966246213
1684051200000,10019.967005198148
1684054800000,10019.403505198148
1684058400000,10019.474755198147
1684062000000,10019.116255198149
1684065600000,10018.566255198148
1684069200000,10021.560505198147
1684072800000,10022.083505198148
1684076400000,10023.264755198148
1684080000000,10027.136527140405
1684083600000,10024.855027140406
1684087200000,10024.910527140406
1684090800000,10024.504027140405
1684094400000,10023.319879370752
1684098000000,10023.742799370753
1684101600000,10023.239399370752
1684105200000,10025.423559370753
1684108800000,10025.393797243472
1684112400000,10020.111077243473
1684116000000,10041.356077243474
1684119600000,10039.091617243474
1684123200000,10041.638437243473
1684126800000,10041.711457243473
1684130400000,10042.512657243473
1684134000000,10046.089137243473
1684137600000,10044.585874199534
1684141200000,10046.328554199534
1684144800000,10043.987434199535
1684148400000,10044.151974199534
1684152000000,10041.556834199535
1684155600000,10042.669054199536
1684159200000,10041.542834199534
1684162800000,10042.254534199536
1684166400000,10043.58804845903
1684170000000,10047.50070845903
1684173600000,10047.77720845903
1684177200000,10044.868028459032
1684180800000,10043.613703441024
1684184400000,10042.769483441023
1684188000000,10041.138343441024
1684191600000,10041.218563441023
1684195200000,10039.881355661355
1684198800000,10038.441555661355
1684202400000,10030.844155661354
1684206000000,10034.109075661354
1684209600000,10037.571175661355
1684213200000,10036.217275661355
1684216800000,10033.841735661354
1684220400000,10034.567155661354
1684224000000,10042.933799858742
1684227600000,10040.618639858742
1684231200000,10037.390179858741
1684234800000,10033.482679858742
1684238400000,10036.75289985874
1684242000000,10037.40133985874
1684245600000,10032.605759858741
1684249200000,10034.447199858741
1684252800000,10036.456884201201
1684256400000,10039.8875842012
1684260000000,10041.765144201201
1684263600000,10039.5731242012
1684267200000,10032.1767442012
1684270800000,10034.875964201201
1684274400000,10038.7630442012
1684278000000,10037.170024201201
1684281600000,10037.967501183597
1684285200000,10039.779301183595
1684288800000,10044.581441183596
1684292400000,10038.781241183595
1684296000000,10038.635681183596
1684299600000,10038.863781183596
1684303200000,10033.919841183597
1684306800000,10034.919401183597
1684310400000,10024.948688240778
1684314000000,10023.571008240779
1684317600000,10026.564568240778
1684321200000,10025.881628240779
1684324800000,10013.118388240779
1684328400000,10015.68544824078
1684332000000,10013.10632824078
1684335600000,10021.054428240779
1684339200000,10021.187387928763
1684342800000,10027.082547928761
1684346400000,10038.818507928761
1684350000000,10039.509887928763
1684353600000,10049.429866345752
1684357200000,10047.887066345751
1684360800000,10048.757866345752
1684364400000,10047.777866345752
1684368000000,10049.638758105752
1684371600000,10048.387158105752
1684375200000,10047.309158105752
1684378800000,10047.981158105751
1684382400000,10048.319958105752
1684386000000,10046.642758105752
1684389600000,10044.800358105751
1684393200000,10043.921158105752
1684396800000,10049.920499663709
1684400400000,10049.643299663709
1684404000000,10049.447299663709
1684407600000,10047.739299663708
1684411200000,10049.147699663708
1684414800000,10044.816099663709
1684418400000,10044.544499663709
1684422000000,10044.774099663708
1684425600000,10040.359653355885
1684429200000,10040.368053355885
1684432800000,10023.391653355884
1684436400000,10027.068053355884
1684440000000,10030.304853355885
1684443600000,10030.346853355884
1684447200000,10034.588853355885
1684450800000,10034.507653355884
1684454400000,10032.482036466648
1684458000000,10032.482036466648
1684461600000,10032.482036466648
1684465200000,10032.482036466648
1684468800000,10032.482036466648
1684472400000,10032.482036466648
1684476000000,10032.482036466648
1684479600000,10032.482036466648
1684483200000,10032.482036466648
1684486800000,10032.482036466648
1684490400000,10032.482036466648
1684494000000,10032.482036466648
1684497600000,10032.482036466648
1684501200000,10032.482036466648
1684504800000,10032.482036466648
1684508400000,10032.482036466648
1684512000000,10032.482036466648
1684515600000,10032.482036466648
1684519200000,10032.482036466648
1684522800000,10032.482036466648
1684526400000,10032.482036466648
1684530000000,10032.482036466648
1684533600000,10032.482036466648
1684537200000,10032.482036466648
1684540800000,10032.482036466648
1684544400000,10032.482036466648
1684548000000,10032.482036466648
1684551600000,10032.482036466648
1684555200000,10032.482036466648
1684558800000,10032.482036466648
1684562400000,10032.482036466648
1684566000000,10032.482036466648
1684569600000,10032.482036466648
1684573200000,10032.482036466648
1684576800000,10032.482036466648
1684580400000,10032.482036466648
1684584000000,10032.482036466648
1684587600000,10032.482036466648
1684591200000,10032.482036466648
1684594800000,10032.482036466648
1684598400000,10032.482036466648
1684602000000,10032.482036466648
1684605600000,10032.482036466648
1684609200000,10032.482036466648
1684612800000,10032.32126006998
1684616400000,10030.250860069982
1684620000000,10030.954860069982
1684623600000,10031.767660069982
1684627200000,10033.147052904706
1684630800000,10037.444652904705
1684634400000,10035.473452904705
1684638000000,10035.511852904705
1684641600000,10035.435052904706
1684645200000,10034.222252904705
1684648800000,10033.019052904705
1684652400000,10032.532652904705
1684656000000,10029.515737573054
1684659600000,10028.406077573054
1684663200000,10031.323577573055
1684666800000,10020.671637573054
1684670400000,10018.606457573054
1684674000000,10024.637957573055
1684677600000,10022.777677573054
1684681200000,10023.023017573054
1684684800000,10018.64893608842
1684688400000,10017.337676088422
1684692000000,10017.555236088421
1684695600000,10016.75513608842
1684699200000,10021.980756088422
1684702800000,10015.002876088422
1684706400000,10012.400336088422
1684710000000,10012.158516088422
1684713600000,10011.516843502459
1684717200000,10004.879563502458
1684720800000,9997.424883502457
1684724400000,10006.680163502457
1684728000000,10005.672903502458
1684731600000,10009.358683502458
1684735200000,10011.736183502459
1684738800000,10018.03310350246
1684742400000,10018.728679737762
1684746000000,10021.266679737762
1684749600000,10026.683739737762
1684753200000,10024.160219737763
1684756800000,10021.584299737762
1684760400000,10014.045919737764
1684764000000,10035.801439737763
1684767600000,10029.575939737762
1684771200000,10024.810481349285
1684774800000,10027.162181349284
1684778400000,10025.278001349283
1684782000000,10026.105581349284
1684785600000,10023.787821349284
1684789200000,10026.744201349284
1684792800000,10028.463681349283
1684796400000,10025.902481349283
1684800000000,10024.67678679065
1684803600000,10021.91666679065
1684807200000,10043.300746790648
1684810800000,10053.811306790649
1684814400000,10078.87062679065
1684818000000,10071.504866790649
1684821600000,10074.024026790648
1684825200000,10067.68308679065
1684828800000,10065.381579730649
1684832400000,10068.35023973065
1684836000000,10065.86595973065
1684839600000,10069.39609973065
1684843200000,10068.43877973065
1684846800000,10063.56017973065
1684850400000,10058.015219730649
1684854000000,10067.833199730649
1684857600000,10068.199401639002
1684861200000,10060.813481639001
1684864800000,10058.419621639001
1684868400000,10052.163201639001
1684872000000,10059.45168311766
1684875600000,10059.70260311766
1684879200000,10056.55872311766
1684882800000,10060.29300311766
1684886400000,10060.294292728528
1684890000000,10057.172552728529
1684893600000,10054.419812728527
1684897200000,10054.766672728529
1684900800000,10035.704132728528
1684904400000,10040.242832728529
1684908000000,10039.571252728529
1684911600000,10038.235472728527
1684915200000,10030.674421032061
1684918800000,10030.674421032061
1684922400000,10030.674421032061
1684926000000,10030.674421032061
1684929600000,10030.674421032061
1684933200000,10030.674421032061
1684936800000,10030.674421032061
1684940400000,10030.674421032061
1684944000000,10030.674421032061
1684947600000,10030.674421032061
1684951200000,10030.674421032061
1684954800000,10030.674421032061
1684958400000,10030.674421032061
1684962000000,10030.674421032061
1684965600000,10030.674421032061
1684969200000,10030.674421032061
1684972800000,10030.674421032061
1684976400000,10030.674421032061
1684980000000,10030.674421032061
1684983600000,10030.674421032061
1684987200000,10030.119394291582
1684990800000,10029.568294291581
1684994400000,10031.963074291582
1684998000000,10031.789394291582
1685001600000,10029.881375444995
1685005200000,10031.805215444996
1685008800000,10032.049035444996
1685012400000,10032.129195444995
1685016000000,10034.006275444995
1685019600000,10037.640195444996
1685023200000,10037.656895444996
1685026800000,10036.457835444995
1685030400000,10033.803112780999
1685034000000,10036.328152781
1685037600000,10039.577972780999
1685041200000,10038.412312781
1685044800000,10039.921992780999
1685048400000,10039.805092781
1685052000000,10039.304092781
1685055600000,10039.280712781
1685059200000,10038.686029282962
1685062800000,10038.318629282963
1685066400000,10037.567129282963
1685070000000,10037.513689282963
1685073600000,10039.030049282963
1685077200000,10039.420829282963
1685080800000,10037.436869282963
1685084400000,10040.165649282962
1685088000000,10042.083020559498
1685091600000,10041.398320559498
1685095200000,10040.800460559498
1685098800000,10041.111080559498
1685102400000,10040.623440559499
1685106000000,10041.602060559499
1685109600000,10045.035580559499
1685113200000,10047.143120559498
1685116800000,10046.719132900213
1685120400000,10046.074512900212
1685124000000,10044.604912900211
1685127600000,10047.350392900213
1685131200000,10048.402492900212
1685134800000,10048.205432900213
1685138400000,10046.966292900212
1685142000000,10045.543452900212
1685145600000,10045.911728256195
1685149200000,10045.370648256196
1685152800000,10046.569708256195
1685156400000,10047.738708256195
1685160000000,10047.989208256195
1685163600000,10048.002568256195
1685167200000,10046.993888256195
1685170800000,10047.514928256194
1685174400000,10046.40153749852
1685178000000,10045.970677498519
1685181600000,10045.513097498519
1685185200000,10044.811697498519
1685188800000,10044.875157498518
1685192400000,10045.780297498519
1685196000000,10043.271957498519
1685199600000,10044.197137498519
1685203200000,10044.363764063473
1685206800000,10043.745864063474
1685210400000,10044.701104063473
1685214000000,10043.618944063473
1685217600000,10045.265564063473
1685221200000,10045.850064063474
1685224800000,10045.936904063474
1685228400000,10046.521404063473
1685232000000,10046.505437066555
1685235600000,10053.916897066554
1685239200000,10053.078557066554
1685242800000,10052.220177066554
1685246400000,10053.148016265173
1685250000000,10053.148016265173
1685253600000,10053.148016265173
1685257200000,10053.148016265173
1685260800000,10053.148016265173
1685264400000,10053.148016265173
1685268000000,10053.148016265173
1685271600000,10053.148016265173
1685275200000,10052.831003497338
1685278800000,10051.332283497339
1685282400000,10052.549993497338
1685286000000,10050.169673497337
1685289600000,10052.579896655352
1685293200000,10053.097836655354
1685296800000,10053.114366655353
1685300400000,10056.398326655353
1685304000000,10055.924466655353
1685307600000,10059.329646655353
1685311200000,10069.952926655353
1685314800000,10088.119396655353
1685318400000,10089.865606570353
1685322000000,10091.986956570352
1685325600000,10094.053206570352
1685329200000,10089.667246570352
1685332800000,10086.768986570352
1685336400000,10083.661346570352
1685340000000,10086.840616570353
1685343600000,10085.953506570351
1685347200000,10084.22889228238
1685350800000,10083.699932282378
1685354400000,10086.01964228238
1685358000000,10084.846012282378
1685361600000,10085.457622282378
1685365200000,10082.383042282378
1685368800000,10083.655852282378
1685372400000,10080.316792282378
1685376000000,10077.08853066838
1685379600000,10072.212180668379
1685383200000,10078.04727066838
1685386800000,10078.355830668379
1685390400000,10078.61480066838
1685394000000,10079.01703066838
1685397600000,10077.39158066838
1685401200000,10078.86826066838
1685404800000,10079.596042470008
1685408400000,10079.832972470007
1685412000000,10082.306962470007
1685415600000,10083.249172470007
1685419200000,10084.340152470008
1685422800000,10082.461242470008
1685426400000,10082.824902470007
1685430000000,10085.635002470008
1685433600000,10083.133586115937
1685437200000,10084.830666115937
1685440800000,10087.067726115938
1685444400000,10086.759166115937
1685448000000,10091.299406115937
1685451600000,10088.048506115938
1685455200000,10084.252116115938
1685458800000,10082.103216115938
1685462400000,10083.219914640316
1685466000000,10084.195184640317
1685469600000,10084.084984640316
1685473200000,10087.247724640316
1685476800000,10086.608564640317
1685480400000,10085.131884640316
1685484000000,10085.627784640315
1685487600000,10085.793084640316
1685491200000,10083.054030084528
1685494800000,10085.715360084529
1685498400000,10082.519560084527
1685502000000,10079.648850084528
1685505600000,10081.797750084528
1685509200000,10067.581950084528
1685512800000,10062.022360084527
1685516400000,10064.755320084529
1685520000000,10065.829771414737
1685523600000,10065.322851414738
1685527200000,10066.832591414737
1685530800000,10063.994941414738
1685534400000,10063.488776618879
1685538000000,10063.488776618879
1685541600000,10063.488776618879
1685545200000,10063.488776618879
1685548800000,10063.488776618879
1685552400000,10063.488776618879
1685556000000,10063.488776618879
1685559600000,10063.488776618879
1685563200000,10063.488776618879
1685566800000,10063.488776618879
1685570400000,10063.488776618879
1685574000000,10063.488776618879
1685577600000,10063.488776618879
1685581200000,10063.488776618879
1685584800000,10063.488776618879
1685588400000,10063.488776618879
1685592000000,10063.488776618879
1685595600000,10063.488776618879
1685599200000,10063.488776618879
1685602800000,10063.488776618879
1685606400000,10063.488776618879
1685610000000,10063.488776618879
1685613600000,10063.488776618879
1685617200000,10063.488776618879
1685620800000,10063.488776618879
1685624400000,10063.488776618879
1685628000000,10063.488776618879
1685631600000,10063.488776618879
1685635200000,10063.488776618879
1685638800000,10063.488776618879
1685642400000,10063.488776618879
1685646000000,10063.488776618879
1685649600000,10063.488776618879
1685653200000,10063.488776618879
1685656800000,10063.488776618879
1685660400000,10063.488776618879
1685664000000,10063.488776618879
1685667600000,10063.488776618879
1685671200000,10063.488776618879
1685674800000,10063.488776618879
1685678400000,10063.488776618879
1685682000000,10063.488776618879
1685685600000,10063.488776618879
1685689200000,10063.488776618879
1685692800000,10063.488776618879
1685696400000,10063.488776618879
1685700000000,10063.488776618879
1685703600000,10063.488776618879
1685707200000,10063.488776618879
1685710800000,10063.488776618879
1685714400000,10063.488776618879
1685718000000,10063.488776618879
1685721600000,10063.488776618879
1685725200000,10063.488776618879
1685728800000,10063.488776618879
1685732400000,10063.488776618879
1685736000000,10063.488776618879
1685739600000,10063.488776618879
1685743200000,10063.488776618879
1685746800000,10063.488776618879
1685750400000,10063.488776618879
1685754000000,10063.488776618879
1685757600000,10063.488776618879
1685761200000,10063.488776618879
1685764800000,10063.488776618879
1685768400000,10063.488776618879
1685772000000,10063.488776618879
1685775600000,10063.488776618879
1685779200000,10063.488776618879
1685782800000,10063.488776618879
1685786400000,10063.488776618879
1685790000000,10063.488776618879
1685793600000,10063.488776618879
1685797200000,10063.488776618879
1685800800000,10063.488776618879
1685804400000,10063.488776618879
1685808000000,10063.488776618879
1685811600000,10063.488776618879
1685815200000,10063.488776618879
1685818800000,10063.488776618879
1685822400000,10063.488776618879
1685826000000,10063.488776618879
1685829600000,10063.488776618879
1685833200000,10063.488776618879
1685836800000,10063.488776618879
1685840400000,10063.488776618879
1685844000000,10063.488776618879
1685847600000,10063.488776618879
1685851200000,10063.488776618879
1685854800000,10063.488776618879
1685858400000,10063.488776618879
1685862000000,10063.488776618879
1685865600000,10063.488776618879
1685869200000,10063.488776618879
1685872800000,10063.488776618879
1685876400000,10063.488776618879
1685880000000,10063.488776618879
1685883600000,10063.488776618879
1685887200000,10063.488776618879
1685890800000,10063.488776618879
1685894400000,10063.488776618879
1685898000000,10063.488776618879
1685901600000,10063.488776618879
1685905200000,10063.488776618879
1685908800000,10063.488776618879
1685912400000,10063.488776618879
1685916000000,10063.488776618879
1685919600000,10063.488776618879
1685923200000,10063.488776618879
1685926800000,10063.488776618879
1685930400000,10063.488776618879
1685934000000,10063.488776618879
1685937600000,10063.488776618879
1685941200000,10063.488776618879
1685944800000,10063.488776618879
1685948400000,10063.488776618879
1685952000000,10063.488776618879
1685955600000,10063.488776618879
1685959200000,10063.488776618879
1685962800000,10063.488776618879
1685966400000,10063.488776618879
1685970000000,10063.488776618879
1685973600000,10063.488776618879
1685977200000,10063.488776618879
1685980800000,10063.488776618879
1685984400000,10063.488776618879
1685988000000,10063.488776618879
1685991600000,10063.488776618879
1685995200000,10063.488776618879
1685998800000,10063.488776618879
1686002400000,10063.488776618879
1686006000000,10063.488776618879
1686009600000,10063.437831149078
1686013200000,10062.125631149078
1686016800000,10060.473231149079
1686020400000,10063.942731149078
1686024000000,10063.354131149079
1686027600000,10065.020031149079
1686031200000,10063.967031149079
1686034800000,10064.323431149078
1686038400000,10063.156579465027
1686042000000,10062.538279465027
1686045600000,10063.985479465025
1686049200000,10063.742479465027
1686052800000,10062.249379465025
1686056400000,10058.404579465026
1686060000000,10064.093479465026
1686063600000,10070.902879465026
1686067200000,10072.733016464008
1686070800000,10080.911316464008
1686074400000,10089.059916464008
1686078000000,10089.875316464007
1686081600000,10101.344916464008
1686085200000,10097.205816464008
1686088800000,10099.090416464009
1686092400000,10102.470816464009
1686096000000,10103.768925164008
1686099600000,10102.799625164009
1686103200000,10099.916025164008
1686106800000,10096.082025164009
1686110400000,10094.672625164008
1686114000000,10095.65272516401
1686117600000,10095.155925164008
1686121200000,10092.939225164007
1686124800000,10091.973197690828
1686128400000,10091.846297690827
1686132000000,10081.918397690828
1686135600000,10086.511097690827
1686139200000,10094.797397690827
1686142800000,10091.938097690827
1686146400000,10092.013697690827
1686150000000,10080.106697690828
1686153600000,10078.701224123302
1686157200000,10079.443724123303
1686160800000,10083.855524123303
1686164400000,10082.937524123303
1686168000000,10083.242624123302
1686171600000,10080.075524123302
1686175200000,10075.831124123302
1686178800000,10078.099124123302
1686182400000,10079.45319916195
1686186000000,10080.66819916195
1686189600000,10082.126199161949
1686193200000,10080.557499161949
1686196800000,10079.22369916195
1686200400000,10081.262199161949
1686204000000,10080.144399161949
1686207600000,10081.95609916195
1686211200000,10082.26074664868
1686214800000,10081.928646648681
1686218400000,10080.818946648682
1686222000000,10083.662046648682
1686225600000,10082.22834664868
1686229200000,10082.703546648681
1686232800000,10080.570546648682
1686236400000,10087.97394664868
1686240000000,10089.330123015323
1686243600000,10083.303723015324
1686247200000,10083.106623015325
1686250800000,10085.112723015323
1686254400000,10084.540323015324
1686258000000,10087.299723015323
1686261600000,10085.857923015325
1686265200000,10084.885923015323
1686268800000,10083.254874538015
1686272400000,10083.254874538015
1686276000000,10083.254874538015
1686279600000,10083.254874538015
1686283200000,10083.254874538015
1686286800000,10083.254874538015
1686290400000,10083.254874538015
1686294000000,10083.254874538015
1686297600000,10083.254874538015
1686301200000,10083.254874538015
1686304800000,10083.254874538015
1686308400000,10083.254874538015
1686312000000,10083.254874538015
1686315600000,10083.254874538015
1686319200000,10083.254874538015
1686322800000,10083.254874538015
1686326400000,10083.254874538015
1686330000000,10083.254874538015
1686333600000,10083.254874538015
1686337200000,10083.254874538015
1686340800000,10083.254874538015
1686344400000,10083.254874538015
1686348000000,10083.254874538015
1686351600000,10083.254874538015
1686355200000,10083.254874538015
1686358800000,10083.254874538015
1686362400000,10083.254874538015
1686366000000,10083.254874538015
1686369600000,10083.254874538015
1686373200000,10083.254874538015
1686376800000,10083.254874538015
1686380400000,10083.254874538015
1686384000000,10083.254874538015
1686387600000,10083.254874538015
1686391200000,10083.254874538015
1686394800000,10083.254874538015
1686398400000,10083.254874538015
1686402000000,10083.254874538015
1686405600000,10083.254874538015
1686409200000,10083.254874538015
1686412800000,10083.254874538015
1686416400000,10083.254874538015
1686420000000,10083.254874538015
1686423600000,10083.254874538015
1686427200000,10083.254874538015
1686430800000,10083.254874538015
1686434400000,10083.254874538015
1686438000000,10083.254874538015
1686441600000,10083.254874538015
1686445200000,10083.254874538015
1686448800000,10083.254874538015
1686452400000,10083.254874538015
1686456000000,10082.394492382286
1686459600000,10083.794992382285
1686463200000,10086.240472382286
1686466800000,10085.857952382286
1686470400000,10083.294944747453
1686474000000,10081.868584747452
1686477600000,10080.063204747454
1686481200000,10083.168684747452
1686484800000,10084.767924747452
1686488400000,10081.984684747451
1686492000000,10079.341404747453
1686495600000,10080.811024747452
1686499200000,10079.828379331128
1686502800000,10086.763719331128
1686506400000,10089.228679331129
1686510000000,10091.519419331129
1686513600000,10094.355619331127
1686517200000,10098.692719331128
1686520800000,10095.095119331127
1686524400000,10088.353979331128
1686528000000,10088.326688907751
1686531600000,10087.419708907752
1686535200000,10085.726008907752
1686538800000,10076.782708907753
1686542400000,10078.859428907752
1686546000000,10081.314528907751
1686549600000,10078.288188907753
1686553200000,10082.148268907753
1686556800000,10079.599192992819
1686560400000,10085.823092992818
1686564000000,10087.88171299282
1686567600000,10087.699032992818
1686571200000,10087.133332992818
1686574800000,10086.03393299282
1686578400000,10079.305832992819
1686582000000,10080.366792992818
1686585600000,10078.7589454139
1686589200000,10079.2016854139
1686592800000,10078.745585413899
1686596400000,10080.353585413899
1686600000000,10079.2748054139
1686603600000,10082.5126454139
1686607200000,10086.1268654139
1686610800000,10084.8981254139
1686614400000,10084.084401526301
1686618000000,10080.9940415263
1686621600000,10085.020881526301
1686625200000,10092.7369215263
1686628800000,10090.360161526301
1686632400000,10089.559681526302
1686636000000,10091.2369215263
1686639600000,10091.4443215263
1686643200000,10090.684945090168
1686646800000,10095.429765090168
1686650400000,10092.479365090168
1686654000000,10093.746465090167
1686657600000,10094.887545090169
1686661200000,10089.06570509017
1686664800000,10086.312105090168
1686668400000,10084.68416509017
1686672000000,10077.018711973304
1686675600000,10081.098411973304
1686679200000,10079.383331973304
1686682800000,10082.979211973305
1686686400000,10083.366631973304
1686690000000,10080.819311973304
1686693600000,10081.733831973304
1686697200000,10080.330891973303
1686700800000,10083.676507304383
1686704400000,10086.150467304382
1686708000000,10089.330487304382
1686711600000,10088.768947304381
1686715200000,10086.499824664705
1686718800000,10086.499824664705
1686722400000,10086.499824664705
1686726000000,10086.499824664705
1686729600000,10086.499824664705
1686733200000,10086.499824664705
1686736800000,10086.499824664705
1686740400000,10086.499824664705
1686744000000,10086.499824664705
1686747600000,10086.499824664705
1686751200000,10086.499824664705
1686754800000,10086.499824664705
1686758400000,10085.885564240256
1686762000000,10084.925564240255
1686765600000,10086.461564240255
1686769200000,10083.811964240256
1686772800000,10082.663164240255
1686776400000,10060.934127562392
1686780000000,10060.934127562392
1686783600000,10060.934127562392
1686787200000,10060.30475130057
1686790800000,10061.941511300569
1686794400000,10059.986031300568
1686798000000,10060.24831130057
1686801600000,10060.776191300569
1686805200000,10060.39771130057
1686808800000,10059.039831300568
1686812400000,10056.44027130057
1686816000000,10056.993055532905
1686819600000,10057.069415532906
1686823200000,10056.657735532905
1686826800000,10055.784575532905
1686830400000,10058.473775532906
1686834000000,10057.315095532906
1686837600000,10059.808415532905
1686841200000,10058.380815532904
1686844800000,10057.647121338468
1686848400000,10057.84964133847
1686852000000,10061.601241338469
1686855600000,10066.524801338468
1686859200000,10066.614441338468
1686862800000,10066.22600133847
1686866400000,10065.88736133847
1686870000000,10065.372761338469
1686873600000,10065.390633155024
1686877200000,10063.810313155023
1686880800000,10064.753193155024
1686884400000,10065.463673155024
1686888000000,10066.273753155025
1686891600000,10066.323553155024
1686895200000,10067.814233155024
1686898800000,10067.568553155024
1686902400000,10067.653663023988
1686906000000,10067.417943023987
1686909600000,10067.115823023987
1686913200000,10067.364823023987
1686916800000,10065.203503023988
1686920400000,10066.481703023988
1686924000000,10065.083983023987
1686927600000,10068.868783023987
1686931200000,10069.214725552029
1686934800000,10076.42946555203
1686938400000,10086.52810555203
1686942000000,10095.36302555203
1686945600000,10097.181965552028
1686949200000,10099.287005552029
1686952800000,10093.85780555203
1686956400000,10095.76006555203
1686960000000,10094.817709753188
1686963600000,10093.003529753187
1686967200000,10090.190629753188
1686970800000,10093.458009753187
1686974400000,10092.560209753188
1686978000000,10096.585949753187
1686981600000,10116.148189753188
1686985200000,10111.859969753188
1686988800000,10109.008337762345
1686992400000,10108.816577762345
1686996000000,10108.036417762345
1686999600000,10107.973377762344
1687003200000,10104.600477762344
1687006800000,10105.271317762345
1687010400000,10105.936757762343
1687014000000,10102.659357762344
1687017600000,10099.027488229955
1687021200000,10101.063648229956
1687024800000,10097.689648229954
1687028400000,10101.965828229955
1687032000000,10100.632288229956
1687035600000,10101.940028229956
1687039200000,10101.482088229954
1687042800000,10103.231148229954
1687046400000,10101.007363479073
1687050000000,10099.355963479073
1687053600000,10100.581863479072
1687057200000,10099.926363479073
1687060800000,10101.582363479072
1687064400000,10101.389163479073
1687068000000,10101.352363479073
1687071600000,10101.718063479073
1687075200000,10102.548251992936
1687078800000,10099.192501992935
1687082400000,10102.472111992935
1687086000000,10101.033361992933
1687089600000,10102.134571992934
1687093200000,10103.499701992934
1687096800000,10100.772911992934
1687100400000,10105.121321992934
1687104000000,10104.34494153362
1687107600000,10108.61030153362
1687111200000,10108.877101533619
1687114800000,10106.49116153362
1687118400000,10108.55583153362
1687122000000,10098.99394153362
1687125600000,10094.83437153362
1687129200000,10091.84184153362
1687132800000,10092.27651626236
1687136400000,10093.21674626236
1687140000000,10096.69455626236
1687143600000,10097.97014626236
1687147200000,10095.37675626236
1687150800000,10095.85458626236
1687154400000,10098.050056262358
1687158000000,10095.792176262361
1687161600000,10095.625602349228
1687165200000,10095.608002349227
1687168800000,10095.026862349228
1687172400000,10093.304342349227
1687176000000,10096.883252349227
1687179600000,10101.359462349226
1687183200000,10100.418622349227
1687186800000,10093.738292349228
1687190400000,10094.406802161824
1687194000000,10092.644632161824
1687197600000,10098.273462161824
1687201200000,10089.112512161824
1687204800000,10095.849992161824
1687208400000,10098.650792161825
1687212000000,10098.584662161824
1687215600000,10099.782782161825
1687219200000,10100.740435084957
1687222800000,10102.638755084958
1687226400000,10099.830175084957
1687230000000,10100.565385084958
1687233600000,10098.437555084956
1687237200000,10098.593155084956
1687240800000,10097.616765084957
1687244400000,10097.511735084958
1687248000000,10097.99311085237
1687251600000,10096.39432085237
1687255200000,10097.28513085237
1687258800000,10097.73637085237
1687262400000,10099.49854085237
1687266000000,10098.65830085237
1687269600000,10094.95502085237
1687273200000,10094.620480852369
1687276800000,10098.836909339412
1687280400000,10104.411279339412
1687284000000,10114.762569339413
1687287600000,10119.570609339413
1687291200000,10118.769269339413
1687294800000,10119.329429339412
1687298400000,10117.143249339411
1687302000000,10120.033519339413
1687305600000,10121.53539037841
1687309200000,10125.20366037841
1687312800000,10128.374010378411
1687316400000,10129.673270378411
1687320000000,10129.828870378411
1687323600000,10131.217600378412
1687327200000,10132.645230378412
1687330800000,10130.287890378411
1687334400000,10129.831103146093
1687338000000,10129.831103146093
1687341600000,10129.831103146093
1687345200000,10129.831103146093
1687348800000,10129.831103146093
1687352400000,10129.831103146093
1687356000000,10129.831103146093
1687359600000,10129.831103146093
1687363200000,10129.831103146093
1687366800000,10129.831103146093
1687370400000,10129.831103146093
1687374000000,10129.831103146093
1687377600000,10129.831103146093
1687381200000,10129.831103146093
1687384800000,10129.831103146093
1687388400000,10129.831103146093
1687392000000,10129.831103146093
1687395600000,10129.831103146093
1687399200000,10129.831103146093
1687402800000,10129.831103146093
1687406400000,10129.831103146093
1687410000000,10129.831103146093
1687413600000,10129.831103146093
1687417200000,10129.831103146093
1687420800000,10129.831103146093
1687424400000,10129.831103146093
1687428000000,10129.831103146093
1687431600000,10129.831103146093
1687435200000,10129.831103146093
1687438800000,10129.831103146093
1687442400000,10129.831103146093
1687446000000,10129.831103146093
1687449600000,10129.831103146093
1687453200000,10129.831103146093
1687456800000,10129.831103146093
1687460400000,10129.831103146093
1687464000000,10129.831103146093
1687467600000,10129.831103146093
1687471200000,10129.831103146093
1687474800000,10129.831103146093
1687478400000,10129.831103146093
1687482000000,10129.831103146093
1687485600000,10129.831103146093
1687489200000,10129.831103146093
1687492800000,10129.831103146093
1687496400000,10129.831103146093
1687500000000,10129.831103146093
1687503600000,10129.831103146093
1687507200000,10129.831103146093
1687510800000,10129.831103146093
1687514400000,10129.831103146093
1687518000000,10129.831103146093
1687521600000,10129.831103146093
1687525200000,10129.831103146093
1687528800000,10129.831103146093
1687532400000,10129.831103146093
1687536000000,10129.831103146093
1687539600000,10129.831103146093
1687543200000,10129.831103146093
1687546800000,10129.831103146093
1687550400000,10129.831103146093
1687554000000,10129.831103146093
1687557600000,10129.831103146093
1687561200000,10129.831103146093
1687564800000,10129.831103146093
1687568400000,10129.831103146093
1687572000000,10129.831103146093
1687575600000,10129.831103146093
1687579200000,10129.831103146093
1687582800000,10129.831103146093
1687586400000,10129.831103146093
1687590000000,10129.831103146093
1687593600000,10129.831103146093
1687597200000,10129.831103146093
1687600800000,10129.831103146093
1687604400000,10129.831103146093
1687608000000,10129.831103146093
1687611600000,10129.831103146093
1687615200000,10129.831103146093
1687618800000,10129.831103146093
1687622400000,10129.831103146093
1687626000000,10129.831103146093
1687629600000,10129.831103146093
1687633200000,10129.831103146093
1687636800000,10129.831103146093
1687640400000,10129.831103146093
1687644000000,10129.831103146093
1687647600000,10129.831103146093
1687651200000,10129.831103146093
1687654800000,10129.831103146093
1687658400000,10129.831103146093
1687662000000,10129.831103146093
1687665600000,10129.831103146093
1687669200000,10129.831103146093
1687672800000,10129.831103146093
1687676400000,10129.831103146093
1687680000000,10129.831103146093
1687683600000,10129.831103146093
1687687200000,10129.831103146093
1687690800000,10129.831103146093
1687694400000,10129.831103146093
1687698000000,10129.831103146093
1687701600000,10129.831103146093
1687705200000,10129.831103146093
1687708800000,10129.831103146093
1687712400000,10129.831103146093
1687716000000,10129.831103146093
1687719600000,10129.831103146093
1687723200000,10129.831103146093
1687726800000,10129.831103146093
1687730400000,10129.831103146093
1687734000000,10129.831103146093
1687737600000,10129.831103146093
1687741200000,10129.831103146093
1687744800000,10129.831103146093
1687748400000,10129.831103146093
1687752000000,10129.831103146093
1687755600000,10129.831103146093
1687759200000,10129.831103146093
1687762800000,10129.831103146093
1687766400000,10129.831103146093
1687770000000,10129.831103146093
1687773600000,10129.831103146093
1687777200000,10129.831103146093
1687780800000,10129.831103146093
1687784400000,10129.831103146093
1687788000000,10129.831103146093
1687791600000,10129.831103146093
1687795200000,10129.831103146093
1687798800000,10129.831103146093
1687802400000,10129.831103146093
1687806000000,10129.831103146093
1687809600000,10129.831103146093
1687813200000,10129.831103146093
1687816800000,10129.831103146093
1687820400000,10129.831103146093
1687824000000,10129.831103146093
1687827600000,10129.831103146093
1687831200000,10129.831103146093
1687834800000,10129.831103146093
1687838400000,10129.831103146093
1687842000000,10129.831103146093
1687845600000,10129.831103146093
1687849200000,10129.831103146093
1687852800000,10129.831103146093
1687856400000,10129.831103146093
1687860000000,10129.831103146093
1687863600000,10129.831103146093
1687867200000,10129.831103146093
1687870800000,10129.831103146093
1687874400000,10129.831103146093
1687878000000,10129.831103146093
1687881600000,10129.831103146093
1687885200000,10129.831103146093
1687888800000,10129.831103146093
1687892400000,10129.831103146093
1687896000000,10129.831103146093
1687899600000,10129.831103146093
1687903200000,10129.831103146093
1687906800000,10129.831103146093
1687910400000,10129.831103146093
1687914000000,10129.831103146093
1687917600000,10129.831103146093
1687921200000,10129.831103146093
1687924800000,10129.831103146093
1687928400000,10129.831103146093
1687932000000,10129.831103146093
1687935600000,10129.831103146093
1687939200000,10129.831103146093
1687942800000,10129.831103146093
1687946400000,10129.831103146093
1687950000000,10129.831103146093
1687953600000,10129.831103146093
1687957200000,10129.831103146093
1687960800000,10129.831103146093
1687964400000,10129.831103146093
1687968000000,10129.831103146093
1687971600000,10129.831103146093
1687975200000,10129.831103146093
1687978800000,10129.831103146093
1687982400000,10129.831103146093
1687986000000,10129.831103146093
1687989600000,10129.831103146093
1687993200000,10129.831103146093
1687996800000,10129.831103146093
1688000400000,10129.831103146093
1688004000000,10129.831103146093
1688007600000,10129.831103146093
1688011200000,10129.831103146093
1688014800000,10129.831103146093
1688018400000,10129.831103146093
1688022000000,10129.831103146093
1688025600000,10129.831103146093
1688029200000,10129.831103146093
1688032800000,10129.831103146093
1688036400000,10129.831103146093
1688040000000,10129.831103146093
1688043600000,10129.831103146093
1688047200000,10129.831103146093
1688050800000,10129.831103146093
1688054400000,10129.831103146093
1688058000000,10129.831103146093
1688061600000,10129.831103146093
1688065200000,10129.831103146093
1688068800000,10129.831103146093
1688072400000,10129.831103146093
1688076000000,10129.831103146093
1688079600000,10129.831103146093
1688083200000,10129.831103146093
1688086800000,10129.831103146093
1688090400000,10129.831103146093
1688094000000,10129.831103146093
1688097600000,10129.831103146093
1688101200000,10129.831103146093
1688104800000,10129.831103146093
1688108400000,10129.831103146093
1688112000000,10129.831103146093
1688115600000,10129.831103146093
1688119200000,10129.831103146093
1688122800000,10129.831103146093
1688126400000,10129.831103146093
1688130000000,10129.831103146093
1688133600000,10129.831103146093
1688137200000,10129.831103146093
1688140800000,10129.831103146093
1688144400000,10129.831103146093
1688148000000,10129.831103146093
1688151600000,10129.831103146093
1688155200000,10129.831103146093
1688158800000,10129.831103146093
1688162400000,10129.831103146093
1688166000000,10129.831103146093
1688169600000,10129.831103146093
1688173200000,10129.831103146093
1688176800000,10129.831103146093
1688180400000,10129.831103146093
1688184000000,10129.831103146093
1688187600000,10129.831103146093
1688191200000,10129.831103146093
1688194800000,10129.831103146093
1688198400000,10129.831103146093
1688202000000,10129.831103146093
1688205600000,10129.831103146093
1688209200000,10129.831103146093
1688212800000,10129.831103146093
1688216400000,10129.831103146093
1688220000000,10129.831103146093
1688223600000,10129.831103146093
1688227200000,10129.831103146093
1688230800000,10129.831103146093
1688234400000,10129.831103146093
1688238000000,10129.831103146093
1688241600000,10129.831103146093
1688245200000,10129.831103146093
1688248800000,10129.831103146093
1688252400000,10129.831103146093
1688256000000,10129.831103146093
1688259600000,10129.831103146093
1688263200000,10129.831103146093
1688266800000,10129.831103146093
1688270400000,10129.831103146093
1688274000000,10129.831103146093
1688277600000,10129.831103146093
1688281200000,10129.831103146093
1688284800000,10129.831103146093
1688288400000,10129.831103146093
1688292000000,10129.831103146093
1688295600000,10129.831103146093
1688299200000,10129.831103146093
1688302800000,10129.831103146093
1688306400000,10129.831103146093
1688310000000,10129.831103146093
1688313600000,10129.831103146093
1688317200000,10129.831103146093
1688320800000,10129.831103146093
1688324400000,10129.831103146093
1688328000000,10129.831103146093
1688331600000,10129.831103146093
1688335200000,10129.831103146093
1688338800000,10129.831103146093
1688342400000,10129.831103146093
1688346000000,10129.831103146093
1688349600000,10129.831103146093
1688353200000,10129.831103146093
1688356800000,10129.831103146093
1688360400000,10129.831103146093
1688364000000,10129.831103146093
1688367600000,10129.831103146093
1688371200000,10129.831103146093
1688374800000,10129.831103146093
1688378400000,10129.831103146093
1688382000000,10129.831103146093
1688385600000,10129.831103146093
1688389200000,10129.831103146093
1688392800000,10129.831103146093
1688396400000,10129.831103146093
1688400000000,10129.831103146093
1688403600000,10129.831103146093
1688407200000,10129.831103146093
1688410800000,10129.831103146093
1688414400000,10129.831103146093
1688418000000,10129.831103146093
1688421600000,10129.831103146093
1688425200000,10129.831103146093
1688428800000,10129.831103146093
1688432400000,10129.831103146093
1688436000000,10129.831103146093
1688439600000,10129.831103146093
1688443200000,10129.831103146093
1688446800000,10129.831103146093
1688450400000,10129.831103146093
1688454000000,10129.831103146093
1688457600000,10129.831103146093
1688461200000,10129.831103146093
1688464800000,10129.831103146093
1688468400000,10129.831103146093
1688472000000,10129.831103146093
1688475600000,10129.831103146093
1688479200000,10129.831103146093
1688482800000,10129.831103146093
1688486400000,10129.831103146093
1688490000000,10129.831103146093
1688493600000,10129.831103146093
1688497200000,10129.831103146093
1688500800000,10129.831103146093
1688504400000,10129.831103146093
1688508000000,10129.831103146093
1688511600000,10129.831103146093
1688515200000,10129.831103146093
1688518800000,10129.831103146093
1688522400000,10129.831103146093
1688526000000,10129.831103146093
1688529600000,10129.831103146093
1688533200000,10129.831103146093
1688536800000,10129.831103146093
1688540400000,10129.831103146093
1688544000000,10129.831103146093
1688547600000,10129.831103146093
1688551200000,10129.831103146093
1688554800000,10129.831103146093
1688558400000,10129.831103146093
1688562000000,10129.831103146093
1688565600000,10129.831103146093
1688569200000,10129.831103146093
1688572800000,10129.831103146093
1688576400000,10129.831103146093
1688580000000,10129.831103146093
1688583600000,10129.831103146093
1688587200000,10129.831103146093
1688590800000,10129.831103146093
1688594400000,10129.831103146093
1688598000000,10129.831103146093
1688601600000,10129.831103146093
1688605200000,10129.831103146093
1688608800000,10129.831103146093
1688612400000,10129.831103146093
1688616000000,10129.831103146093
1688619600000,10129.831103146093
1688623200000,10129.831103146093
1688626800000,10129.831103146093
1688630400000,10129.831103146093
1688634000000,10129.831103146093
1688637600000,10129.831103146093
1688641200000,10129.831103146093
1688644800000,10129.831103146093
1688648400000,10129.831103146093
1688652000000,10129.831103146093
1688655600000,10129.831103146093
1688659200000,10129.831103146093
1688662800000,10129.831103146093
1688666400000,10129.831103146093
1688670000000,10129.831103146093
1688673600000,10129.831103146093
1688677200000,10129.831103146093
1688680800000,10129.831103146093
1688684400000,10129.831103146093
1688688000000,10129.831103146093
1688691600000,10129.831103146093
1688695200000,10129.831103146093
1688698800000,10129.831103146093
1688702400000,10129.831103146093
1688706000000,10129.831103146093
1688709600000,10129.831103146093
1688713200000,10129.831103146093
1688716800000,10129.831103146093
1688720400000,10129.831103146093
1688724000000,10129.831103146093
1688727600000,10129.831103146093
1688731200000,10129.831103146093
1688734800000,10129.831103146093
1688738400000,10129.831103146093
1688742000000,10129.831103146093
1688745600000,10129.494206478357
1688749200000,10129.110406478358
1688752800000,10126.813306478358
1688756400000,10125.167906478357
1688760000000,10126.294606478357
1688763600000,10127.271206478357
1688767200000,10127.520106478358
1688770800000,10127.949506478357
1688774400000,10128.389555355887
1688778000000,10127.616255355888
1688781600000,10127.800555355887
1688785200000,10128.845555355887
1688788800000,10127.209655355888
1688792400000,10126.474355355887
1688796000000,10126.696655355887
1688799600000,10125.482555355888
1688803200000,10125.765770065149
1688806800000,10127.416870065148
1688810400000,10126.858270065148
1688814000000,10126.354770065149
1688817600000,10125.868370065149
1688821200000,10125.577670065148
1688824800000,10126.153370065149
1688828400000,10125.991870065149
1688832000000,10126.115196822237
1688835600000,10126.905596822236
1688839200000,10126.867596822236
1688842800000,10125.845396822237
1688846400000,10124.389996822236
1688850000000,10125.125296822236
1688853600000,10125.632596822237
1688857200000,10126.419196822237
1688860800000,10127.602372561161
1688864400000,10128.78227256116
1688868000000,10128.59037256116
1688871600000,10127.877872561161
1688875200000,10127.621372561161
1688878800000,10127.49597256116
1688882400000,10126.94687256116
1688886000000,10126.886072561161
1688889600000,10127.02166745022
1688893200000,10127.783567450222
1688896800000,10127.30666745022
1688900400000,10126.890567450222
1688904000000,10127.158467450221
1688907600000,10128.592967450222
1688911200000,10126.58466745022
1688914800000,10128.668967450221
1688918400000,10128.536601607444
1688922000000,10127.233201607445
1688925600000,10127.438401607445
1688929200000,10126.794301607444
1688932800000,10126.435201607444
1688936400000,10125.635301607444
1688940000000,10124.749901607445
1688943600000,10125.304701607445
1688947200000,10125.060700323826
1688950800000,10123.753500323826
1688954400000,10123.358300323825
1688958000000,10126.278600323827
1688961600000,10124.878300323826
1688965200000,10124.338700323826
1688968800000,10123.671800323826
1688972400000,10123.759200323826
1688976000000,10122.940296326815
1688979600000,10122.854166326813
1688983200000,10127.099236326816
1688986800000,10129.129556326816
1688990400000,10131.603256326815
1688994000000,10128.810696326815
1688997600000,10131.832796326815
1689001200000,10135.394926326815
1689004800000,10136.277652667815
1689008400000,10136.778672667815
1689012000000,10134.108602667815
1689015600000,10147.917202667815
1689019200000,10157.389790729885
1689022800000,10145.819450729885
1689026400000,10114.131340287577
1689030000000,10114.039690287576
1689033600000,10116.007685093397
1689037200000,10114.999535093397
1689040800000,10117.956775093397
1689044400000,10114.419085093396
1689048000000,10115.164505093397
1689051600000,10114.174685093396
1689055200000,10113.966945093396
1689058800000,10118.775515093397
1689062400000,10117.105004857003
1689066000000,10114.141654857003
1689069600000,10109.155894857004
1689073200000,10107.726154857002
1689076800000,10107.518414857002
1689080400000,10109.620254857004
1689084000000,10108.978704857003
1689087600000,10111.086654857003
1689091200000,10110.226553615874
1689094800000,10110.489283615874
1689098400000,10110.916983615873
1689102000000,10110.330423615873
1689105600000,10112.468923615874
1689109200000,10112.108433615873
1689112800000,10112.707213615873
1689116400000,10115.242863615873
1689120000000,10114.83614707584
1689123600000,10114.860587075838
1689127200000,10116.754687075838
1689130800000,10117.145727075838
1689134400000,10115.532687075838
1689138000000,10116.510287075838
1689141600000,10117.634527075837
1689145200000,10121.599917075839
1689148800000,10121.936578686838
1689152400000,10120.885658686839
1689156000000,10121.588308686838
1689159600000,10119.211518686838
1689163200000,10121.441668686839
1689166800000,10119.59033868684
1689170400000,10120.024148686838
1689174000000,10122.920288686839
1689177600000,10117.489833075357
1689181200000,10118.204703075357
1689184800000,10119.750533075357
1689188400000,10119.249513075358
1689192000000,10107.781043075358
1689195600000,10109.662923075357
1689199200000,10109.320763075357
1689202800000,10109.253553075358
1689206400000,10109.990039624594
1689210000000,10109.574559624592
1689213600000,10110.295539624592
1689217200000,10108.639729624592
1689220800000,10107.307749624593
1689224400000,10106.073529624593
1689228000000,10108.034839624594
1689231600000,10110.961529624594
1689235200000,10108.66192080357
1689238800000,10108.66192080357
1689242400000,10108.66192080357
1689246000000,10108.66192080357
1689249600000,10108.66192080357
1689253200000,10108.66192080357
1689256800000,10108.66192080357
1689260400000,10108.66192080357
1689264000000,10107.388459434202
1689267600000,10105.474859434202
1689271200000,10112.175059434201
1689274800000,10117.3906594342
1689278400000,10126.503659434202
1689282000000,10119.663059434202
1689285600000,10116.569059434201
1689289200000,10118.896059434202
1689292800000,10121.741915944693
1689296400000,10120.668115944693
1689300000000,10120.850115944693
1689303600000,10122.373715944692
1689307200000,10121.700315944692
1689310800000,10120.114315944693
1689314400000,10119.154915944693
1689318000000,10117.722315944693
1689321600000,10113.203265239597
1689325200000,10116.323265239598
1689328800000,10115.114265239597
1689332400000,10114.446065239597
1689336000000,10115.587465239598
1689339600000,10112.909465239598
1689343200000,10116.120465239597
1689346800000,10117.386665239597
1689350400000,10116.166650079596
1689354000000,10115.134450079597
1689357600000,10100.478250079597
1689361200000,10084.821050079598
1689364800000,10083.280365086444
1689368400000,10083.280365086444
1689372000000,10083.280365086444
1689375600000,10083.280365086444
1689379200000,10083.280365086444
1689382800000,10083.280365086444
1689386400000,10083.280365086444
1689390000000,10083.280365086444
1689393600000,10083.280365086444
1689397200000,10083.280365086444
1689400800000,10083.280365086444
1689404400000,10083.280365086444
1689408000000,10083.280365086444
1689411600000,10083.280365086444
1689415200000,10083.280365086444
1689418800000,10083.280365086444
1689422400000,10083.280365086444
1689426000000,10083.280365086444
1689429600000,10083.280365086444
1689433200000,10083.280365086444
1689436800000,10082.885702931644
1689440400000,10082.698502931644
1689444000000,10082.765102931644
1689447600000,10083.263702931643
1689451200000,10083.148502931643
1689454800000,10082.829902931644
1689458400000,10082.761502931644
1689462000000,10082.595902931644
1689465600000,10082.682241575907
1689469200000,10082.979241575908
1689472800000,10082.174641575906
1689476400000,10081.865041575908
1689480000000,10080.954241575906
1689483600000,10080.475441575907
1689487200000,10081.704841575907
1689490800000,10082.171041575906
1689494400000,10082.330318978922
1689498000000,10082.918918978923
1689501600000,10083.026918978921
1689505200000,10082.708318978923
1689508800000,10083.133118978922
1689512400000,10082.915318978923
1689516000000,10083.046718978921
1689519600000,10084.888118978923
1689523200000,10084.303267730242
1689526800000,10084.017067730243
1689530400000,10084.297867730242
1689534000000,10082.479867730242
1689537600000,10081.997467730242
1689541200000,10082.416867730242
1689544800000,10082.371867730242
1689548400000,10083.297067730242
1689552000000,10081.388320048403
1689555600000,10081.003120048403
1689559200000,10082.718520048404
1689562800000,10082.029120048403
1689566400000,10082.927320048402
1689570000000,10082.801320048404
1689573600000,10082.156920048403
1689577200000,10082.308120048403
1689580800000,10082.425119161795
1689584400000,10082.047119161794
1689588000000,10080.725919161794
1689591600000,10080.025719161795
1689595200000,10080.482919161796
1689598800000,10080.990519161795
1689602400000,10082.214519161795
1689606000000,10082.561919161795
1689609600000,10080.632525500563
1689613200000,10079.811725500564
1689616800000,10078.094525500564
1689620400000,10073.736725500565
1689624000000,10075.632125500564
1689627600000,10076.082125500565
1689631200000,10081.854725500563
1689634800000,10079.170925500564
1689638400000,10079.980926966124
1689642000000,10080.369726966124
1689645600000,10081.251726966124
1689649200000,10079.656926966123
1689652800000,10078.854126966124
1689656400000,10079.424726966125
1689660000000,10078.398726966123
1689663600000,10076.906526966124
1689667200000,10076.794275746439
1689670800000,10077.798675746439
1689674400000,10076.563875746438
1689678000000,10077.386475746438
1689681600000,10075.449675746439
1689685200000,10073.820675746438
1689688800000,10074.82327574644
1689692400000,10075.775475746439
1689696000000,10075.34028537667
1689699600000,10075.34028537667
1689703200000,10075.34028537667
1689706800000,10075.34028537667
1689710400000,10075.34028537667
1689714000000,10075.34028537667
1689717600000,10075.34028537667
1689721200000,10075.34028537667
1689724800000,10075.34028537667
1689728400000,10075.34028537667
1689732000000,10075.34028537667
1689735600000,10075.34028537667
1689739200000,10075.34028537667
1689742800000,10075.34028537667
1689746400000,10075.34028537667
1689750000000,10075.34028537667
1689753600000,10075.34028537667
1689757200000,10075.34028537667
1689760800000,10075.34028537667
1689764400000,10075.34028537667
1689768000000,10075.34028537667
1689771600000,10075.34028537667
1689775200000,10075.34028537667
1689778800000,10075.34028537667
1689782400000,10075.34028537667
1689786000000,10075.34028537667
1689789600000,10075.34028537667
1689793200000,10075.34028537667
1689796800000,10075.34028537667
1689800400000,10075.34028537667
1689804000000,10075.34028537667
1689807600000,10075.34028537667
1689811200000,10075.34028537667
1689814800000,10075.34028537667
1689818400000,10075.34028537667
1689822000000,10075.34028537667
1689825600000,10075.34028537667
1689829200000,10075.34028537667
1689832800000,10075.34028537667
1689836400000,10075.34028537667
1689840000000,10075.34028537667
1689843600000,10075.34028537667
1689847200000,10075.34028537667
1689850800000,10075.34028537667
1689854400000,10075.34028537667
1689858000000,10075.34028537667
1689861600000,10075.34028537667
1689865200000,10075.34028537667
1689868800000,10075.34028537667
1689872400000,10075.34028537667
1689876000000,10075.34028537667
1689879600000,10075.34028537667
1689883200000,10075.34028537667
1689886800000,10075.34028537667
1689890400000,10075.34028537667
1689894000000,10075.34028537667
1689897600000,10075.34028537667
1689901200000,10075.34028537667
1689904800000,10075.34028537667
1689908400000,10075.34028537667
1689912000000,10075.34028537667
1689915600000,10075.34028537667
1689919200000,10075.34028537667
1689922800000,10075.34028537667
1689926400000,10074.629326790078
1689930000000,10075.748726790078
1689933600000,10075.000526790078
1689937200000,10075.774826790077
1689940800000,10075.342726790077
1689944400000,10077.462626790079
1689948000000,10076.090926790077
1689951600000,10078.761826790078
1689955200000,10077.581247888116
1689958800000,10076.264647888116
1689962400000,10079.767847888115
1689966000000,10080.771247888117
1689969600000,10077.674047888117
1689973200000,10078.262747888117
1689976800000,10078.280147888116
1689980400000,10079.329947888116
1689984000000,10078.69612045379
1689987600000,10080.97552045379
1689991200000,10079.48492045379
1689994800000,10079.80392045379
1689998400000,10078.80632045379
1690002000000,10078.14222045379
1690005600000,10077.04892045379
1690009200000,10078.06102045379
1690012800000,10080.126325494974
1690016400000,10079.763825494974
1690020000000,10079.357825494973
1690023600000,10078.548725494973
1690027200000,10078.061525494973
1690030800000,10076.779725494973
1690034400000,10077.385825494974
1690038000000,10077.826625494974
1690041600000,10078.494991543326
1690045200000,10078.616791543327
1690048800000,10076.757891543326
1690052400000,10076.056091543327
1690056000000,10076.404091543327
1690059600000,10076.357691543326
1690063200000,10076.369291543328
1690066800000,10075.855991543327
1690070400000,10075.343520178443
1690074000000,10072.495720178444
1690077600000,10077.628720178443
1690081200000,10081.201520178443
1690084800000,10078.318920178444
1690088400000,10082.886420178444
1690092000000,10084.304520178444
1690095600000,10083.127120178444
1690099200000,10083.969024740882
1690102800000,10085.76702474088
1690106400000,10083.032324740881
1690110000000,10082.092724740882
1690113600000,10082.095624740881
1690117200000,10083.37452474088
1690120800000,10081.736024740881
1690124400000,10082.20582474088
1690128000000,10082.228284529801
1690131600000,10089.669684529801
1690135200000,10101.3363845298
1690138800000,10109.056184529802
1690142400000,10097.647584529801
1690146000000,10100.3213845298
1690149600000,10086.856684529801
1690153200000,10091.4792845298
1690156800000,10095.73117434754
1690160400000,10092.335274347539
1690164000000,10085.60437434754
1690167600000,10078.299274347539
1690171200000,10071.40887434754
1690174800000,10076.80867434754
1690178400000,10076.96817434754
1690182000000,10076.30697434754
1690185600000,10079.705650456448
1690189200000,10076.968050456448
1690192800000,10061.302250456449
1690196400000,10066.887650456449
1690200000000,10066.847050456448
1690203600000,10066.522250456448
1690207200000,10065.368050456447
1690210800000,10061.824250456448
1690214400000,10061.736063211214
1690218000000,10062.884463211214
1690221600000,10061.718663211213
1690225200000,10065.355263211213
1690228800000,10065.523463211213
1690232400000,10066.120863211214
1690236000000,10065.024663211214
1690239600000,10064.038663211213
1690243200000,10065.218896437727
1690246800000,10064.650496437727
1690250400000,10064.447496437728
1690254000000,10067.498296437727
1690257600000,10066.210696437727
1690261200000,10064.789696437727
1690264800000,10066.431096437727
1690268400000,10066.964696437728
1690272000000,10065.668402817728
1690275600000,10067.710002817728
1690279200000,10068.754002817728
1690282800000,10067.507002817727
1690286400000,10067.762202817728
1690290000000,10067.449002817728
1690293600000,10074.194402817728
1690297200000,10067.408402817728
1690300800000,10069.636134027358
1690304400000,10068.760334027358
1690308000000,10071.184734027358
1690311600000,10070.830934027357
1690315200000,10068.887934027358
1690318800000,10072.106934027359
1690322400000,10071.869134027358
1690326000000,10070.917934027359
1690329600000,10068.854834715366
1690333200000,10068.854834715366
1690336800000,10068.854834715366
1690340400000,10068.854834715366
1690344000000,10068.854834715366
1690347600000,10068.854834715366
1690351200000,10068.854834715366
1690354800000,10068.854834715366
1690358400000,10068.854834715366
1690362000000,10068.854834715366
1690365600000,10068.854834715366
1690369200000,10068.854834715366
1690372800000,10068.854834715366
1690376400000,10068.854834715366
1690380000000,10068.854834715366
1690383600000,10068.854834715366
1690387200000,10068.854834715366
1690390800000,10068.854834715366
1690394400000,10068.854834715366
1690398000000,10068.854834715366
1690401600000,10068.854834715366
1690405200000,10068.854834715366
1690408800000,10068.854834715366
1690412400000,10068.854834715366
1690416000000,10068.854834715366
1690419600000,10068.854834715366
1690423200000,10068.854834715366
1690426800000,10068.854834715366
1690430400000,10068.854834715366
1690434000000,10068.854834715366
1690437600000,10068.854834715366
1690441200000,10068.854834715366
1690444800000,10068.854834715366
1690448400000,10068.854834715366
1690452000000,10068.854834715366
1690455600000,10068.854834715366
1690459200000,10068.854834715366
1690462800000,10068.854834715366
1690466400000,10068.854834715366
1690470000000,10068.854834715366
1690473600000,10068.854834715366
1690477200000,10068.854834715366
1690480800000,10068.854834715366
1690484400000,10068.854834715366
1690488000000,10068.20655820483
1690491600000,10067.303758204831
1690495200000,10069.64585820483
1690498800000,10069.20555820483
1690502400000,10070.257192714671
1690506000000,10071.907392714671
1690509600000,10071.559592714671
1690513200000,10070.475492714671
1690516800000,10071.68909271467
1690520400000,10071.71129271467
1690524000000,10068.70689271467
1690527600000,10069.13609271467
1690531200000,10067.365848207912
1690534800000,10068.209448207912
1690538400000,10070.081648207912
1690542000000,10070.410948207911
1690545600000,10070.029848207912
1690549200000,10073.130448207912
1690552800000,10073.197048207912
1690556400000,10080.153048207912
1690560000000,10076.122348127912
1690563600000,10074.997548127913
1690567200000,10071.464048127913
1690570800000,10073.465748127912
1690574400000,10073.835748127913
1690578000000,10074.224248127912
1690581600000,10073.365848127913
1690585200000,10072.881148127912
1690588800000,10073.309238127911
1690592400000,10074.056638127911
1690596000000,10075.96953812791
1690599600000,10075.75863812791
1690603200000,10075.466338127912
1690606800000,10075.895538127912
1690610400000,10075.30723812791
1690614000000,10074.615338127911
1690617600000,10072.582656007342
1690621200000,10072.43835600734
1690624800000,10072.19785600734
1690628400000,10072.049856007341
1690632000000,10071.387556007341
1690635600000,10073.81845600734
1690639200000,10072.43835600734
1690642800000,10072.516056007342
1690646400000,10072.715665626061
1690650000000,10073.00796562606
1690653600000,10074.11056562606
1690657200000,10073.17076562606
1690660800000,10074.698865626062
1690664400000,10075.124365626061
1690668000000,10074.846865626061
1690671600000,10074.876465626061
1690675200000,10074.68807882109
1690678800000,10074.480878821088
1690682400000,10073.40047882109
1690686000000,10073.17107882109
1690689600000,10073.174778821089
1690693200000,10073.644678821089
1690696800000,10072.956478821088
1690700400000,10072.083278821088
1690704000000,10072.337537795016
1690707600000,10072.714937795015
1690711200000,10072.071137795016
1690714800000,10072.063737795015
1690718400000,10073.081237795017
1690722000000,10073.399437795017
1690725600000,10072.185837795016
1690729200000,10076.807137795016
1690732800000,10074.510242858625
1690736400000,10075.616542858626
1690740000000,10076.371342858625
1690743600000,10074.639742858626
1690747200000,10068.323424650021
1690750800000,10068.323424650021
1690754400000,10068.323424650021
1690758000000,10068.323424650021
1690761600000,10066.00881552801
1690765200000,10090.776005528009
1690768800000,10089.203785528009
1690772400000,10086.89340552801
1690776000000,10082.440525528009
1690779600000,10075.722935528009
1690783200000,10075.04918552801
1690786800000,10079.046225528009
1690790400000,10075.112151300786
1690794000000,10080.263651300784
1690797600000,10078.490721300785
1690801200000,10080.010941300785
1690804800000,10080.072711300785
1690808400000,10087.531351300786
1690812000000,10070.418581300784
1690815600000,10065.663781300786
1690819200000,10058.874874247764
1690822800000,10060.300524247765
1690826400000,10061.536884247764
1690830000000,10058.470024247765
1690833600000,10054.579404247765
1690837200000,10053.075684247764
1690840800000,10058.270614247764
1690844400000,10056.031024247764
1690848000000,10057.218343461103
1690851600000,10066.731123461102
1690855200000,10053.978953461105
1690858800000,10014.132279953219
1690862400000,10014.132279953219
1690866000000,10014.132279953219
1690869600000,10014.132279953219
1690873200000,10014.132279953219
1690876800000,10014.132279953219
1690880400000,10014.132279953219
1690884000000,10014.132279953219
1690887600000,10014.132279953219
1690891200000,10014.132279953219
1690894800000,10014.132279953219
1690898400000,10014.132279953219
1690902000000,10014.132279953219
1690905600000,10014.132279953219
1690909200000,10014.132279953219
1690912800000,10014.132279953219
1690916400000,10014.132279953219
1690920000000,10014.132279953219
1690923600000,10014.132279953219
1690927200000,10014.132279953219
1690930800000,10014.132279953219
1690934400000,10014.132279953219
1690938000000,10014.132279953219
1690941600000,10014.132279953219
1690945200000,10014.132279953219
1690948800000,10014.132279953219
1690952400000,10014.132279953219
1690956000000,10014.132279953219
1690959600000,10014.132279953219
1690963200000,10014.132279953219
1690966800000,10014.132279953219
1690970400000,10014.132279953219
1690974000000,10014.132279953219
1690977600000,10014.132279953219
1690981200000,10014.132279953219
1690984800000,10014.132279953219
1690988400000,10014.132279953219
1690992000000,10014.132279953219
1690995600000,10014.132279953219
1690999200000,10014.132279953219
1691002800000,10014.132279953219
1691006400000,10014.132279953219
1691010000000,10014.132279953219
1691013600000,10014.132279953219
1691017200000,10014.132279953219
1691020800000,10014.132279953219
1691024400000,10014.132279953219
1691028000000,10014.132279953219
1691031600000,10014.132279953219
1691035200000,10014.132279953219
1691038800000,10014.132279953219
1691042400000,10014.132279953219
1691046000000,10014.132279953219
1691049600000,10014.132279953219
1691053200000,10014.132279953219
1691056800000,10014.132279953219
1691060400000,10014.132279953219
1691064000000,10014.132279953219
1691067600000,10014.132279953219
1691071200000,10014.132279953219
1691074800000,10014.132279953219
1691078400000,10014.132279953219
1691082000000,10014.132279953219
1691085600000,10014.132279953219
1691089200000,10014.132279953219
1691092800000,10014.132279953219
1691096400000,10014.132279953219
1691100000000,10014.132279953219
1691103600000,10014.132279953219
1691107200000,10014.132279953219
1691110800000,10014.132279953219
1691114400000,10014.132279953219
1691118000000,10014.132279953219
1691121600000,10014.132279953219
1691125200000,10014.132279953219
1691128800000,10014.132279953219
1691132400000,10014.132279953219
1691136000000,10014.132279953219
1691139600000,10014.132279953219
1691143200000,10014.132279953219
1691146800000,10014.132279953219
1691150400000,10014.132279953219
1691154000000,10014.132279953219
1691157600000,10014.132279953219
1691161200000,10014.132279953219
1691164800000,10014.132279953219
1691168400000,10014.132279953219
1691172000000,10014.132279953219
1691175600000,10014.132279953219
1691179200000,10014.132279953219
1691182800000,10014.132279953219
1691186400000,10014.132279953219
1691190000000,10014.132279953219
1691193600000,10014.132279953219
1691197200000,10014.132279953219
1691200800000,10014.132279953219
1691204400000,10014.132279953219
1691208000000,10014.132279953219
1691211600000,10014.132279953219
1691215200000,10014.132279953219
1691218800000,10014.132279953219
1691222400000,10014.132279953219
1691226000000,10014.132279953219
1691229600000,10014.132279953219
1691233200000,10014.132279953219
1691236800000,10014.132279953219
1691240400000,10014.132279953219
1691244000000,10014.132279953219
1691247600000,10014.132279953219
1691251200000,10014.132279953219
1691254800000,10014.132279953219
1691258400000,10014.132279953219
1691262000000,10014.132279953219
1691265600000,10014.132279953219
1691269200000,10014.132279953219
1691272800000,10014.132279953219
1691276400000,10014.132279953219
1691280000000,10014.132279953219
1691283600000,10014.132279953219
1691287200000,10014.132279953219
1691290800000,10014.132279953219
1691294400000,10014.132279953219
1691298000000,10014.132279953219
1691301600000,10014.132279953219
1691305200000,10014.132279953219
1691308800000,10014.132279953219
1691312400000,10014.132279953219
1691316000000,10014.132279953219
1691319600000,10014.132279953219
1691323200000,10014.132279953219
1691326800000,10014.132279953219
1691330400000,10014.132279953219
1691334000000,10014.132279953219
1691337600000,10014.132279953219
1691341200000,10014.132279953219
1691344800000,10014.132279953219
1691348400000,10014.132279953219
1691352000000,10014.132279953219
1691355600000,10014.132279953219
1691359200000,10014.132279953219
1691362800000,10014.132279953219
1691366400000,10014.132279953219
1691370000000,10014.132279953219
1691373600000,10014.132279953219
1691377200000,10014.132279953219
1691380800000,10014.132279953219
1691384400000,10014.132279953219
1691388000000,10014.132279953219
1691391600000,10014.132279953219
1691395200000,10014.132279953219
1691398800000,10014.132279953219
1691402400000,10014.132279953219
1691406000000,10014.132279953219
1691409600000,10014.132279953219
1691413200000,10014.132279953219
1691416800000,10014.132279953219
1691420400000,10014.132279953219
1691424000000,10014.132279953219
1691427600000,10014.132279953219
1691431200000,10014.132279953219
1691434800000,10014.132279953219
1691438400000,10014.132279953219
1691442000000,10014.132279953219
1691445600000,10014.132279953219
1691449200000,10014.132279953219
1691452800000,10014.132279953219
1691456400000,10014.132279953219
1691460000000,10014.132279953219
1691463600000,10014.132279953219
1691467200000,10014.132279953219
1691470800000,10014.132279953219
1691474400000,10014.132279953219
1691478000000,10014.132279953219
1691481600000,10014.132279953219
1691485200000,10014.132279953219
1691488800000,10014.132279953219
1691492400000,10014.132279953219
1691496000000,10014.132279953219
1691499600000,10014.132279953219
1691503200000,10014.132279953219
1691506800000,10014.132279953219
1691510400000,10014.132279953219
1691514000000,10014.132279953219
1691517600000,10014.132279953219
1691521200000,10014.132279953219
1691524800000,10014.132279953219
1691528400000,10014.132279953219
1691532000000,10014.132279953219
1691535600000,10014.132279953219
1691539200000,10014.132279953219
1691542800000,10014.132279953219
1691546400000,10014.132279953219
1691550000000,10014.132279953219
1691553600000,10014.132279953219
1691557200000,10014.132279953219
1691560800000,10014.132279953219
1691564400000,10014.132279953219
1691568000000,10014.132279953219
1691571600000,10014.132279953219
1691575200000,10014.132279953219
1691578800000,10014.132279953219
1691582400000,10014.132279953219
1691586000000,10014.132279953219
1691589600000,10014.132279953219
1691593200000,10014.132279953219
1691596800000,10014.132279953219
1691600400000,10014.132279953219
1691604000000,10014.132279953219
1691607600000,10014.132279953219
1691611200000,10014.132279953219
1691614800000,10014.132279953219
1691618400000,10014.132279953219
1691622000000,10014.132279953219
1691625600000,10014.132279953219
1691629200000,10014.132279953219
1691632800000,10014.132279953219
1691636400000,10014.132279953219
1691640000000,10014.132279953219
1691643600000,10014.132279953219
1691647200000,10014.132279953219
1691650800000,10014.132279953219
1691654400000,10014.132279953219
1691658000000,10014.132279953219
1691661600000,10014.132279953219
1691665200000,10014.132279953219
1691668800000,10014.132279953219
1691672400000,10014.132279953219
1691676000000,10014.132279953219
1691679600000,10014.132279953219
1691683200000,10014.132279953219
1691686800000,10014.132279953219
1691690400000,10014.132279953219
1691694000000,10014.132279953219
1691697600000,10014.132279953219
1691701200000,10014.132279953219
1691704800000,10014.132279953219
1691708400000,10014.132279953219
1691712000000,10014.132279953219
1691715600000,10014.132279953219
1691719200000,10014.132279953219
1691722800000,10014.132279953219
1691726400000,10014.132279953219
1691730000000,10014.132279953219
1691733600000,10014.132279953219
1691737200000,10014.132279953219
1691740800000,10014.132279953219
1691744400000,10014.132279953219
1691748000000,10014.132279953219
1691751600000,10014.132279953219
1691755200000,10014.132279953219
1691758800000,10014.132279953219
1691762400000,10014.132279953219
1691766000000,10014.132279953219
1691769600000,10014.132279953219
1691773200000,10014.132279953219
1691776800000,10014.132279953219
1691780400000,10014.132279953219
1691784000000,10014.132279953219
1691787600000,10014.132279953219
1691791200000,10014.132279953219
1691794800000,10014.132279953219
1691798400000,10014.132279953219
1691802000000,10014.132279953219
1691805600000,10014.132279953219
1691809200000,10014.132279953219
1691812800000,10014.132279953219
1691816400000,10014.132279953219
1691820000000,10014.132279953219
1691823600000,10014.132279953219
1691827200000,10014.132279953219
1691830800000,10014.132279953219
1691834400000,10014.132279953219
1691838000000,10014.132279953219
1691841600000,10014.132279953219
1691845200000,10014.132279953219
1691848800000,10014.132279953219
1691852400000,10014.132279953219
1691856000000,10014.132279953219
1691859600000,10014.132279953219
1691863200000,10014.132279953219
1691866800000,10014.132279953219
1691870400000,10014.132279953219
1691874000000,10014.132279953219
1691877600000,10014.132279953219
1691881200000,10014.132279953219
1691884800000,10014.132279953219
1691888400000,10014.132279953219
1691892000000,10014.132279953219
1691895600000,10014.132279953219
1691899200000,10014.132279953219
1691902800000,10014.132279953219
1691906400000,10014.132279953219
1691910000000,10014.132279953219
1691913600000,10014.132279953219
1691917200000,10014.132279953219
1691920800000,10014.132279953219
1691924400000,10014.132279953219
1691928000000,10014.132279953219
1691931600000,10014.132279953219
1691935200000,10014.132279953219
1691938800000,10014.132279953219
1691942400000,10014.132279953219
1691946000000,10014.132279953219
1691949600000,10014.132279953219
1691953200000,10014.132279953219
1691956800000,10014.132279953219
1691960400000,10014.132279953219
1691964000000,10014.132279953219
1691967600000,10014.132279953219
1691971200000,10014.132279953219
1691974800000,10014.132279953219
1691978400000,10014.132279953219
1691982000000,10014.132279953219
1691985600000,10014.132279953219
1691989200000,10014.132279953219
1691992800000,10014.132279953219
1691996400000,10014.132279953219
1692000000000,10014.132279953219
1692003600000,10014.132279953219
1692007200000,10014.132279953219
1692010800000,10014.132279953219
1692014400000,10014.132279953219
1692018000000,10014.132279953219
1692021600000,10014.132279953219
1692025200000,10014.132279953219
1692028800000,10014.132279953219
1692032400000,10014.132279953219
1692036000000,10014.132279953219
1692039600000,10014.132279953219
1692043200000,10014.132279953219
1692046800000,10014.132279953219
1692050400000,10014.132279953219
1692054000000,10014.132279953219
1692057600000,10014.132279953219
1692061200000,10014.132279953219
1692064800000,10014.132279953219
1692068400000,10014.132279953219
1692072000000,10014.132279953219
1692075600000,10014.132279953219
1692079200000,10014.132279953219
1692082800000,10014.132279953219
1692086400000,10014.132279953219
1692090000000,10014.132279953219
1692093600000,10014.132279953219
1692097200000,10014.132279953219
1692100800000,10014.132279953219
1692104400000,10014.132279953219
1692108000000,10014.132279953219
1692111600000,10014.132279953219
1692115200000,10014.132279953219
1692118800000,10014.132279953219
1692122400000,10014.132279953219
1692126000000,10014.132279953219
1692129600000,10014.132279953219
1692133200000,10014.132279953219
1692136800000,10014.132279953219
1692140400000,10014.132279953219
1692144000000,10014.132279953219
1692147600000,10014.132279953219
1692151200000,10014.132279953219
1692154800000,10014.132279953219
1692158400000,10014.132279953219
1692162000000,10014.132279953219
1692165600000,10014.132279953219
1692169200000,10014.132279953219
1692172800000,10014.132279953219
1692176400000,10014.132279953219
1692180000000,10014.132279953219
1692183600000,10014.132279953219
1692187200000,10014.132279953219
1692190800000,10014.132279953219
1692194400000,10014.132279953219
1692198000000,10014.132279953219
1692201600000,10014.132279953219
1692205200000,10014.132279953219
1692208800000,10014.132279953219
1692212400000,10014.132279953219
1692216000000,10014.132279953219
1692219600000,10014.132279953219
1692223200000,10014.132279953219
1692226800000,10014.132279953219
1692230400000,10014.132279953219
1692234000000,10014.132279953219
1692237600000,10014.132279953219
1692241200000,10014.132279953219
1692244800000,10014.132279953219
1692248400000,10014.132279953219
1692252000000,10014.132279953219
1692255600000,10014.132279953219
1692259200000,10014.132279953219
1692262800000,10014.132279953219
1692266400000,10014.132279953219
1692270000000,10014.132279953219
1692273600000,10014.132279953219
1692277200000,10014.132279953219
1692280800000,10014.132279953219
1692284400000,10014.132279953219
1692288000000,10014.132279953219
1692291600000,10014.132279953219
1692295200000,10014.132279953219
1692298800000,10014.132279953219
1692302400000,10014.132279953219
1692306000000,10014.132279953219
1692309600000,10014.132279953219
1692313200000,10014.132279953219
1692316800000,10013.544686568011
1692320400000,10017.171686568012
1692324000000,10015.594436568012
1692327600000,10012.916936568012
1692331200000,10012.957436568011
1692334800000,10011.119186568012
1692338400000,10013.645936568011
1692342000000,10016.026436568012
1692345600000,10015.653984624176
1692349200000,10016.574234624177
1692352800000,10014.596484624177
1692356400000,10014.159984624177
1692360000000,10014.920484624176
1692363600000,10013.271234624177
1692367200000,10012.029234624177
1692370800000,10010.159484624177
1692374400000,10008.73441707989
1692378000000,10006.873017079888
1692381600000,10009.22056707989
1692385200000,10011.29561707989
1692388800000,10009.30541707989
1692392400000,10009.79566707989
1692396000000,10009.99821707989
1692399600000,10009.951317079891
1692403200000,10009.634529362245
1692406800000,10011.697429362244
1692410400000,10008.742829362245
1692414000000,10008.394279362245
1692417600000,10008.057029362246
1692421200000,10008.609929362245
1692424800000,10006.347929362246
1692428400000,10005.004529362246
1692432000000,10007.917713381963
1692435600000,10007.967963381963
1692439200000,10008.817763381963
1692442800000,10007.654963381963
1692446400000,10007.583663381964
1692450000000,10007.325263381963
1692453600000,10007.793613381962
1692457200000,10009.108763381962
1692460800000,10016.250205160533
1692464400000,10018.835605160533
1692468000000,10013.638955160533
1692471600000,10014.796555160534
1692475200000,10014.419355160535
1692478800000,10011.911805160535
1692482400000,10011.269155160535
1692486000000,10010.818155160534
1692489600000,10012.137137215941
1692493200000,10014.20453721594
1692496800000,10011.422987215941
1692500400000,10012.27338721594
1692504000000,10012.03223721594
1692507600000,10011.944737215941
1692511200000,10010.93493721594
1692514800000,10010.401787215942
1692518400000,10011.351478223432
1692522000000,10012.371178223431
1692525600000,10012.934678223433
1692529200000,10013.796478223432
1692532800000,10014.627928223432
1692536400000,10015.157178223433
1692540000000,10014.018878223433
1692543600000,10011.918778223431
1692547200000,10012.779440695107
1692550800000,10011.643390695106
1692554400000,10013.828440695108
1692558000000,10014.185290695106
1692561600000,10014.982640695107
1692565200000,10018.870290695108
1692568800000,10016.789990695108
1692572400000,10017.057640695108
1692576000000,10016.890403421115
1692579600000,10016.025203421115
1692583200000,10016.259003421115
1692586800000,10015.659803421115
1692590400000,10015.557603421115
1692594000000,10014.985003421116
1692597600000,10015.763403421115
1692601200000,10014.961203421115
1692604800000,10014.553631810235
1692608400000,10015.005831810235
1692612000000,10014.608231810234
1692615600000,10013.507831810235
1692619200000,10014.886831810236
1692622800000,10014.489231810236
1692626400000,10016.039031810235
1692630000000,10016.103431810236
1692633600000,10013.23623998155
1692637200000,10013.23623998155
1692640800000,10013.23623998155
1692644400000,10013.23623998155
1692648000000,10013.23623998155
1692651600000,10013.23623998155
1692655200000,10013.23623998155
1692658800000,10013.23623998155
1692662400000,10013.23623998155
1692666000000,10013.23623998155
1692669600000,10013.23623998155
1692673200000,10013.23623998155
1692676800000,10013.23623998155
1692680400000,10013.23623998155
1692684000000,10013.23623998155
1692687600000,10013.23623998155
1692691200000,10013.23623998155
1692694800000,10013.23623998155
1692698400000,10013.23623998155
1692702000000,10013.23623998155
1692705600000,10013.23623998155
1692709200000,10013.23623998155
1692712800000,10013.23623998155
1692716400000,10013.23623998155
1692720000000,10013.23623998155
1692723600000,10013.23623998155
1692727200000,10013.23623998155
1692730800000,10013.23623998155
1692734400000,10013.23623998155
1692738000000,10013.23623998155
1692741600000,10013.23623998155
1692745200000,10013.23623998155
1692748800000,10013.23623998155
1692752400000,10013.23623998155
1692756000000,10013.23623998155
1692759600000,10013.23623998155
1692763200000,10013.23623998155
1692766800000,10013.23623998155
1692770400000,10013.23623998155
1692774000000,10013.23623998155
1692777600000,10013.23623998155
1692781200000,10013.23623998155
1692784800000,10013.23623998155
1692788400000,10013.23623998155
1692792000000,10013.23623998155
1692795600000,10013.23623998155
1692799200000,10013.23623998155
1692802800000,10013.23623998155
1692806400000,10013.23623998155
1692810000000,10013.23623998155
1692813600000,10013.23623998155
1692817200000,10013.23623998155
1692820800000,10013.23623998155
1692824400000,10013.23623998155
1692828000000,10013.23623998155
1692831600000,10013.23623998155
1692835200000,10013.23623998155
1692838800000,10013.23623998155
1692842400000,10013.23623998155
1692846000000,10013.23623998155
1692849600000,10013.23623998155
1692853200000,10013.23623998155
1692856800000,10013.23623998155
1692860400000,10013.23623998155
1692864000000,10013.23623998155
1692867600000,10013.23623998155
1692871200000,10013.23623998155
1692874800000,10013.23623998155
1692878400000,10013.23623998155
1692882000000,10013.23623998155
1692885600000,10013.23623998155
1692889200000,10013.23623998155
1692892800000,10013.23623998155
1692896400000,10013.23623998155
1692900000000,10013.23623998155
1692903600000,10013.23623998155
1692907200000,10013.23623998155
1692910800000,10013.23623998155
1692914400000,10013.23623998155
1692918000000,10013.23623998155
1692921600000,10013.23623998155
1692925200000,10013.23623998155
1692928800000,10013.23623998155
1692932400000,10013.23623998155
1692936000000,10013.23623998155
1692939600000,10013.23623998155
1692943200000,10013.23623998155
1692946800000,10013.23623998155
1692950400000,10013.23623998155
1692954000000,10013.23623998155
1692957600000,10013.23623998155
1692961200000,10013.23623998155
1692964800000,10013.23623998155
1692968400000,10013.23623998155
1692972000000,10013.23623998155
1692975600000,10013.23623998155
1692979200000,10013.23623998155
1692982800000,10013.23623998155
1692986400000,10013.23623998155
1692990000000,10013.23623998155
1692993600000,10013.23623998155
1692997200000,10013.23623998155
1693000800000,10013.23623998155
1693004400000,10013.23623998155
1693008000000,10013.23623998155
1693011600000,10013.23623998155
1693015200000,10013.23623998155
1693018800000,10013.23623998155
1693022400000,10013.23623998155
1693026000000,10013.23623998155
1693029600000,10013.23623998155
1693033200000,10013.23623998155
1693036800000,10013.23623998155
1693040400000,10013.23623998155
1693044000000,10013.23623998155
1693047600000,10013.23623998155
1693051200000,10013.23623998155
1693054800000,10013.23623998155
1693058400000,10013.23623998155
1693062000000,10013.23623998155
1693065600000,10013.23623998155
1693069200000,10013.23623998155
1693072800000,10013.23623998155
1693076400000,10013.23623998155
1693080000000,10013.23623998155
1693083600000,10013.23623998155
1693087200000,10013.23623998155
1693090800000,10013.23623998155
1693094400000,10013.23623998155
1693098000000,10013.23623998155
1693101600000,10013.23623998155
1693105200000,10013.23623998155
1693108800000,10013.23623998155
1693112400000,10013.23623998155
1693116000000,10013.23623998155
1693119600000,10013.23623998155
1693123200000,10013.23623998155
1693126800000,10013.23623998155
1693130400000,10013.23623998155
1693134000000,10013.23623998155
1693137600000,10013.23623998155
1693141200000,10013.23623998155
1693144800000,10013.23623998155
1693148400000,10013.23623998155
1693152000000,10013.23623998155
1693155600000,10013.23623998155
1693159200000,10013.23623998155
1693162800000,10013.23623998155
1693166400000,10013.23623998155
1693170000000,10013.23623998155
1693173600000,10013.23623998155
1693177200000,10013.23623998155
1693180800000,10013.23623998155
1693184400000,10013.23623998155
1693188000000,10013.23623998155
1693191600000,10013.23623998155
1693195200000,10013.23623998155
1693198800000,10013.23623998155
1693202400000,10013.23623998155
1693206000000,10013.23623998155
1693209600000,10013.23623998155
1693213200000,10013.23623998155
1693216800000,10013.23623998155
1693220400000,10013.23623998155
1693224000000,10013.23623998155
1693227600000,10013.23623998155
1693231200000,10013.23623998155
1693234800000,10013.23623998155
1693238400000,10013.23623998155
1693242000000,10013.23623998155
1693245600000,10013.23623998155
1693249200000,10013.23623998155
1693252800000,10013.23623998155
1693256400000,10013.23623998155
1693260000000,10013.23623998155
1693263600000,10013.23623998155
1693267200000,10013.23623998155
1693270800000,10013.23623998155
1693274400000,10013.23623998155
1693278000000,10013.23623998155
1693281600000,10013.23623998155
1693285200000,10013.23623998155
1693288800000,10013.23623998155
1693292400000,10013.23623998155
1693296000000,10013.23623998155
1693299600000,10013.23623998155
1693303200000,10013.23623998155
1693306800000,10013.23623998155
1693310400000,10013.23623998155
1693314000000,10013.23623998155
1693317600000,10013.23623998155
1693321200000,10013.23623998155
1693324800000,10013.23623998155
1693328400000,10013.23623998155
1693332000000,10013.23623998155
1693335600000,10013.23623998155
1693339200000,10013.23623998155
1693342800000,10013.23623998155
1693346400000,10013.23623998155
1693350000000,10013.23623998155
1693353600000,10013.23623998155
1693357200000,10013.23623998155
1693360800000,10013.23623998155
1693364400000,10013.23623998155
1693368000000,10013.23623998155
1693371600000,10013.23623998155
1693375200000,10013.23623998155
1693378800000,10013.23623998155
1693382400000,10013.23623998155
1693386000000,10013.23623998155
1693389600000,10013.23623998155
1693393200000,10013.23623998155
1693396800000,10013.23623998155
1693400400000,10013.23623998155
1693404000000,10013.23623998155
1693407600000,10013.23623998155
1693411200000,10013.23623998155
1693414800000,10013.23623998155
1693418400000,10013.23623998155
1693422000000,10013.23623998155
1693425600000,10013.23623998155
1693429200000,10013.23623998155
1693432800000,10013.23623998155
1693436400000,10013.23623998155
1693440000000,10013.23623998155
1693443600000,10013.23623998155
1693447200000,10013.23623998155
1693450800000,10013.23623998155
1693454400000,10013.23623998155
1693458000000,10013.23623998155
1693461600000,10013.23623998155
1693465200000,10013.23623998155
1693468800000,10013.23623998155
1693472400000,10013.23623998155
1693476000000,10013.23623998155
1693479600000,10013.23623998155
1693483200000,10013.23623998155
1693486800000,10013.23623998155
1693490400000,10013.23623998155
1693494000000,10013.23623998155
1693497600000,10013.23623998155
1693501200000,10013.23623998155
1693504800000,10013.23623998155
1693508400000,10013.23623998155
1693512000000,10013.23623998155
1693515600000,10013.23623998155
1693519200000,10013.23623998155
1693522800000,10013.23623998155
1693526400000,10013.23623998155
1693530000000,10013.23623998155
1693533600000,10013.23623998155
1693537200000,10013.23623998155
1693540800000,10013.23623998155
1693544400000,10013.23623998155
1693548000000,10013.23623998155
1693551600000,10013.23623998155
1693555200000,10013.093837520139
1693558800000,10011.905837520138
1693562400000,10012.38103752014
1693566000000,10011.201837520139
1693569600000,10013.23023752014
1693573200000,10013.089437520139
1693576800000,10011.47463752014
1693580400000,10006.28703752014
1693584000000,10007.782973769026
1693587600000,10003.193773769028
1693591200000,9995.414573769027
1693594800000,10000.615373769027
1693598400000,10001.385373769028
1693602000000,10004.997773769028
1693605600000,10005.213373769027
1693609200000,10004.183773769028
1693612800000,10005.396806720046
1693616400000,10005.559606720046
1693620000000,10005.484806720047
1693623600000,10005.876406720046
1693627200000,10006.857606720047
1693630800000,10006.901606720046
1693634400000,10007.557206720046
1693638000000,10006.562806720047
1693641600000,10006.600837580581
1693645200000,10005.99803758058
1693648800000,10007.265237580581
1693652400000,10007.76683758058
1693656000000,10008.03083758058
1693659600000,10007.93403758058
1693663200000,10008.76123758058
1693666800000,10009.271637580581
1693670400000,10009.43938621159
1693674000000,10007.50998621159
1693677600000,10005.00418621159
1693681200000,10004.19898621159
1693684800000,10005.35398621159
1693688400000,10006.09318621159
1693692000000,10007.12058621159
1693695600000,10007.75418621159
1693699200000,10008.064250340556
1693702800000,10006.790450340555
1693706400000,10005.822450340556
1693710000000,10006.524250340557
1693713600000,10007.826650340558
1693717200000,10007.294250340556
1693720800000,10008.466850340556
1693724400000,10008.464650340557
1693728000000,10009.42051183174
1693731600000,10005.797111831742
1693735200000,10006.969711831742
1693738800000,10008.181911831742
1693742400000,10008.432711831741
1693746000000,10004.934711831742
1693749600000,10007.077511831742
1693753200000,10008.932111831742
1693756800000,10006.189930050114
1693760400000,10002.744730050114
1693764000000,10005.582730050113
1693767600000,10010.011330050114
1693771200000,10011.962730050114
1693774800000,10015.229730050114
1693778400000,10009.947530050114
1693782000000,10009.131330050115
1693785600000,10009.838105239234
1693789200000,10007.684305239234
1693792800000,10006.980305239234
1693796400000,10011.367105239235
1693800000000,10011.241705239234
1693803600000,10011.103105239234
1693807200000,10008.643505239235
1693810800000,10010.324305239234
1693814400000,10010.55588745008
1693818000000,10010.98488745008
1693821600000,10010.38428745008
1693825200000,10009.39868745008
1693828800000,10008.749687450081
1693832400000,10007.84108745008
1693836000000,10008.85968745008
1693839600000,10008.17548745008
1693843200000,10007.561099242703
1693846800000,10008.399299242703
1693850400000,10009.519099242703
1693854000000,10009.140699242702
1693857600000,10009.200099242702
1693861200000,10007.633699242702
1693864800000,10004.038899242703
1693868400000,10006.507299242703
1693872000000,10007.474998250296
1693875600000,10006.339798250297
1693879200000,10005.853598250296
1693882800000,10003.550198250297
1693886400000,10004.427998250298
1693890000000,10004.718398250297
1693893600000,10005.450998250297
1693897200000,10004.654598250298
1693900800000,10005.424420848241
1693904400000,10005.083420848241
1693908000000,10006.007420848242
1693911600000,10006.247220848241
1693915200000,10006.616820848241
1693918800000,10007.173420848241
1693922400000,10005.490420848242
1693926000000,10004.933820848242
1693929600000,10005.681346407082
1693933200000,10005.681346407082
1693936800000,10005.681346407082
1693940400000,10005.681346407082
1693944000000,10005.681346407082
1693947600000,10005.681346407082
1693951200000,10005.681346407082
1693954800000,10005.681346407082
1693958400000,10005.681346407082
1693962000000,10005.681346407082
1693965600000,10005.681346407082
1693969200000,10005.681346407082
1693972800000,10005.130557383565
1693976400000,10003.599677383565
1693980000000,10002.230257383566
1693983600000,10003.252837383565
1693987200000,10002.631633503395
1693990800000,10004.018993503396
1693994400000,10004.455533503395
1693998000000,10004.228293503395
1694001600000,10004.838253503394
1694005200000,10004.485433503396
1694008800000,10004.084773503395
1694012400000,9999.444293503395
1694016000000,9998.695296278049
1694019600000,9999.281336278049
1694023200000,10017.131636278049
1694026800000,10002.53445627805
1694030400000,10004.041416278049
1694034000000,10002.46867627805
1694037600000,10004.627456278049
1694041200000,10003.915836278049
1694044800000,10004.834670755083
1694048400000,10005.809410755082
1694052000000,10005.546290755083
1694055600000,10005.289150755083
1694059200000,10009.337610755083
1694062800000,10008.948910755083
1694066400000,10008.183470755082
1694070000000,10007.609390755084
1694073600000,10006.486316089598
1694077200000,10004.865736089598
1694080800000,10004.411256089597
1694084400000,10003.609936089599
1694088000000,10000.525725509855
1694091600000,9998.368545509855
1694095200000,9995.383985509856
1694098800000,10006.512325509853
1694102400000,10005.874733866529
1694106000000,10010.49929386653
1694109600000,10020.920953866529
1694113200000,10016.002033866529
1694116800000,10015.340493866528
1694120400000,10025.409913866528
1694124000000,10037.300713866529
1694127600000,10044.776293866527
1694131200000,10037.759915617866
1694134800000,10050.113135617865
1694138400000,10037.853915617865
1694142000000,10037.492655617863
1694145600000,10038.173575617864
1694149200000,10046.156615617865
1694152800000,10036.078935617865
1694156400000,10036.215635617866
1694160000000,10037.554729408846
1694163600000,10033.531809408847
1694167200000,10018.313889408846
1694170800000,10006.387009408847
1694174400000,10004.880769408846
1694178000000,10008.670709408845
1694181600000,10012.510189408846
1694185200000,10008.953889408845
1694188800000,10006.985511192093
1694192400000,10003.997631192093
1694196000000,10007.205651192093
1694199600000,10004.543711192093
1694203200000,10012.907151192094
1694206800000,10014.752171192093
1694210400000,10013.494611192093
1694214000000,10015.086371192092
1694217600000,10015.917462188334
1694221200000,10012.282162188334
1694224800000,10013.911082188333
1694228400000,10014.082562188334
1694232000000,10012.24990284589
1694235600000,10012.08070284589
1694239200000,10010.92450284589
1694242800000,10012.59770284589
1694246400000,10012.766787464536
1694250000000,10012.202787464536
1694253600000,10012.799687464536
1694257200000,10011.878487464535
1694260800000,10011.511887464536
1694264400000,10011.084187464536
1694268000000,10009.702387464537
1694271600000,10011.149987464536
1694275200000,10013.130177302422
1694278800000,10013.087877302423
1694282400000,10012.114977302423
1694286000000,10011.334777302423
1694289600000,10011.809477302422
1694293200000,10011.424077302423
1694296800000,10012.711877302423
1694300400000,10013.938577302422
1694304000000,10013.58226568096
1694307600000,10011.85266568096
1694311200000,10011.20876568096
1694314800000,10011.32626568096
1694318400000,10011.50956568096
1694322000000,10010.01026568096
1694325600000,10010.63536568096
1694329200000,10011.22286568096
1694332800000,10011.25805606522
1694336400000,10011.47895606522
1694340000000,10010.285156065222
1694343600000,10008.828156065221
1694347200000,10007.724132364032
1694350800000,10007.724132364032
1694354400000,10007.724132364032
1694358000000,10007.724132364032
1694361600000,10006.631504379026
1694365200000,9999.753464379026
1694368800000,9991.828264379026
1694372400000,9998.154544379026
1694376000000,10002.854664379025
1694379600000,10008.795264379025
1694383200000,10016.555104379026
1694386800000,10010.269984379027
1694390400000,10008.723106822385
1694394000000,9995.182586822384
1694397600000,9991.654106822383
1694401200000,9997.840946822384
1694404800000,9997.796586822384
1694408400000,10000.277826822385
1694412000000,10010.836826822384
1694415600000,10006.630666822382
1694419200000,10002.381256788587
1694422800000,9996.393456788588
1694426400000,9978.371813902777
1694430000000,9977.032013902777
1694433600000,9969.973413902777
1694437200000,9976.498413902777
1694440800000,9971.191413902778
1694444400000,9954.889035550796
1694448000000,9954.889035550796
1694451600000,9954.889035550796
1694455200000,9954.889035550796
1694458800000,9954.889035550796
1694462400000,9954.889035550796
1694466000000,9954.889035550796
1694469600000,9954.889035550796
1694473200000,9954.889035550796
1694476800000,9954.561778735371
1694480400000,9957.201448735372
1694484000000,9954.776488735371
1694487600000,9957.163558735372
1694491200000,9968.576868735372
1694494800000,9966.535018735372
1694498400000,9967.591728735371
1694502000000,9966.779198735372
1694505600000,9966.460157206706
1694509200000,9965.592897206705
1694512800000,9970.131277206705
1694516400000,9980.845727206704
1694520000000,9978.711257206705
1694523600000,9976.442067206704
1694527200000,9978.530227206706
1694530800000,9973.962377206704
1694534400000,9976.304109027613
1694538000000,9973.752849027613
1694541600000,9968.961869027613
1694545200000,9972.771919027613
1694548800000,9973.786529027613
1694552400000,9973.946509027612
1694556000000,9974.973749027613
1694559600000,9973.310799027613
1694563200000,9972.139614878544
1694566800000,9973.326834878544
1694570400000,9974.358284878545
1694574000000,9972.329064878544
1694577600000,9970.817674878544
1694581200000,9970.855564878544
1694584800000,9967.929614878543
1694588400000,9970.038824878544
1694592000000,9968.022921424264
1694595600000,9971.778241424265
1694599200000,9975.920881424265
1694602800000,9974.868381424265
1694606400000,9976.543961424266
1694610000000,9975.053621424266
1694613600000,9973.188591424265
1694617200000,9976.670261424266
1694620800000,9978.559623583735
1694624400000,9978.749073583735
1694628000000,9974.416983583735
1694631600000,9974.324363583735
1694635200000,9974.686423583735
1694638800000,9976.294643583735
1694642400000,9977.326093583735
1694646000000,9977.864973583735
1694649600000,9977.767505143971
1694653200000,9989.16397514397
1694656800000,9983.44258514397
1694660400000,9984.36878514397
1694664000000,9983.526785143971
1694667600000,9981.34600514397
1694671200000,9980.470325143971
1694674800000,9982.99211514397
1694678400000,9983.412526127922
1694682000000,9983.105196127923
1694685600000,9982.768396127924
1694689200000,9984.330306127924
1694692800000,9985.147046127924
1694696400000,9984.953386127923
1694700000000,9986.010096127924
1694703600000,9991.234706127923
1694707200000,9989.529298493475
1694710800000,9989.314588493475
1694714400000,9990.847028493474
1694718000000,9987.167488493475
1694721600000,9990.362878493474
1694725200000,9986.068678493475
1694728800000,9986.001318493474
1694732400000,9987.622168493474
1694736000000,9985.18600033907
1694739600000,9984.37000033907
1694743200000,9985.14760033907
1694746800000,9987.13720033907
1694750400000,9987.61480033907
1694754000000,9988.00600033907
1694757600000,9986.55160033907
1694761200000,9986.57080033907
1694764800000,9986.237250234686
1694768400000,9988.699650234686
1694772000000,9987.331650234686
1694775600000,9988.020450234686
1694779200000,9983.066850234687
1694782800000,9982.130850234687
1694786400000,9981.900450234687
1694790000000,9979.075650234687
1694793600000,9980.417505241647
1694797200000,9981.591105241647
1694800800000,9980.664705241647
1694804400000,9980.827905241646
1694808000000,9982.291905241646
1694811600000,9982.678305241647
1694815200000,9984.034305241647
1694818800000,9991.764705241647
1694822400000,9987.643118971146
1694826000000,9988.113518971146
1694829600000,9988.475918971146
1694833200000,9988.975118971146
1694836800000,9987.326318971145
1694840400000,9986.140718971144
1694844000000,9985.617518971145
1694847600000,9984.285518971144
1694851200000,9984.550579759625
1694854800000,9985.095379759625
1694858400000,9984.310579759625
1694862000000,9985.892179759625
1694865600000,9985.080979759625
1694869200000,9986.004979759626
1694872800000,9985.812979759625
1694876400000,9984.334579759625
1694880000000,9984.906678940195
1694883600000,9985.326678940195
1694887200000,9986.121078940194
1694890800000,9986.689878940195
1694894400000,9985.523478940195
1694898000000,9985.437078940195
1694901600000,9986.346678940194
1694905200000,9986.116278940193
1694908800000,9986.151363902034
1694912400000,9983.945763902035
1694916000000,9984.718563902034
1694919600000,9984.992163902034
1694923200000,9985.481763902035
1694926800000,9986.062563902035
1694930400000,9985.755363902033
1694934000000,9985.911363902034
1694937600000,9984.598505346581
1694941200000,9986.060105346582
1694944800000,9986.74410534658
1694948400000,9987.05130534658
1694952000000,9986.504105346581
1694955600000,9986.49210534658
1694959200000,9985.649705346581
1694962800000,9985.74570534658
1694966400000,9985.955171943462
1694970000000,9984.855971943462
1694973600000,9984.015971943461
1694977200000,9984.66397194346
1694980800000,9984.71437194346
1694984400000,9982.995971943461
1694988000000,9984.087971943462
1694991600000,9984.632771943461
1694995200000,9985.038591120549
1694998800000,9985.038591120549
1695002400000,9985.038591120549
1695006000000,9985.038591120549
1695009600000,9985.038591120549
1695013200000,9985.038591120549
1695016800000,9985.038591120549
1695020400000,9985.038591120549
1695024000000,9985.038591120549
1695027600000,9985.038591120549
1695031200000,9985.038591120549
1695034800000,9985.038591120549
1695038400000,9985.038591120549
1695042000000,9985.038591120549
1695045600000,9985.038591120549
1695049200000,9985.038591120549
1695052800000,9984.880557611574
1695056400000,9983.855357611574
1695060000000,9959.108463589864
1695063600000,9959.108463589864
1695067200000,9959.108463589864
1695070800000,9959.108463589864
1695074400000,9959.108463589864
1695078000000,9959.108463589864
1695081600000,9959.108463589864
1695085200000,9959.108463589864
1695088800000,9959.108463589864
1695092400000,9959.108463589864
1695096000000,9959.108463589864
1695099600000,9959.108463589864
1695103200000,9959.108463589864
1695106800000,9959.108463589864
1695110400000,9959.108463589864
1695114000000,9959.108463589864
1695117600000,9959.108463589864
1695121200000,9959.108463589864
1695124800000,9958.636934551138
1695128400000,9955.516934551139
1695132000000,9950.431934551138
1695135600000,9957.049934551138
1695139200000,9962.908375877578
1695142800000,9958.87037587758
1695146400000,9955.36337587758
1695150000000,9955.02437587758
1695153600000,9956.374375877578
1695157200000,9956.893375877578
1695160800000,9956.275375877578
1695164400000,9956.830375877578
1695168000000,9957.430702902358
1695171600000,9958.22870290236
1695175200000,9961.86470290236
1695178800000,9956.94470290236
1695182400000,9954.69470290236
1695186000000,9953.833702902359
1695189600000,9952.831702902358
1695193200000,9953.53370290236
1695196800000,9954.4853979015
1695200400000,9956.9693979015
1695204000000,9953.5553979015
1695207600000,9953.8463979015
1695211200000,9954.8723979015
1695214800000,9953.9753979015
1695218400000,9955.8113979015
1695222000000,9955.3493979015
1695225600000,9957.32847515601
1695229200000,9956.71047515601
1695232800000,9955.57047515601
1695236400000,9956.85147515601
1695240000000,9949.32147515601
1695243600000,9953.75547515601
1695247200000,9955.02147515601
1695250800000,9954.72147515601
1695254400000,9955.123711019609
1695258000000,9952.63671101961
1695261600000,9952.66071101961
1695265200000,9951.004711019608
1695268800000,9952.417711019609
1695272400000,9954.157711019609
1695276000000,9953.623711019609
1695279600000,9953.72571101961
1695283200000,9951.21588416001
1695286800000,9949.52988416001
1695290400000,9943.81488416001
1695294000000,9942.07188416001
1695297600000,9944.11488416001
1695301200000,9941.24688416001
1695304800000,9933.89467325943
1695308400000,9933.89467325943
1695312000000,9933.89467325943
1695315600000,9933.89467325943
1695319200000,9933.89467325943
1695322800000,9933.89467325943
1695326400000,9933.89467325943
1695330000000,9933.89467325943
1695333600000,9933.89467325943
1695337200000,9933.89467325943
1695340800000,9933.89467325943
1695344400000,9933.89467325943
1695348000000,9933.89467325943
1695351600000,9933.89467325943
1695355200000,9933.89467325943
1695358800000,9933.89467325943
1695362400000,9933.89467325943
1695366000000,9933.89467325943
1695369600000,9933.89467325943
1695373200000,9933.89467325943
1695376800000,9933.89467325943
1695380400000,9933.89467325943
1695384000000,9933.89467325943
1695387600000,9933.89467325943
1695391200000,9933.89467325943
1695394800000,9933.89467325943
1695398400000,9933.89467325943
1695402000000,9933.89467325943
1695405600000,9933.89467325943
1695409200000,9933.89467325943
1695412800000,9933.89467325943
1695416400000,9933.89467325943
1695420000000,9933.89467325943
1695423600000,9933.89467325943
1695427200000,9933.89467325943
1695430800000,9933.89467325943
1695434400000,9933.89467325943
1695438000000,9933.89467325943
1695441600000,9933.89467325943
1695445200000,9933.89467325943
1695448800000,9933.89467325943
1695452400000,9933.89467325943
1695456000000,9933.89467325943
1695459600000,9933.89467325943
1695463200000,9933.89467325943
1695466800000,9933.89467325943
1695470400000,9933.89467325943
1695474000000,9933.89467325943
1695477600000,9933.89467325943
1695481200000,9933.89467325943
1695484800000,9933.89467325943
1695488400000,9933.89467325943
1695492000000,9933.89467325943
1695495600000,9933.89467325943
1695499200000,9933.89467325943
1695502800000,9933.89467325943
1695506400000,9933.89467325943
1695510000000,9933.89467325943
1695513600000,9933.89467325943
1695517200000,9933.89467325943
1695520800000,9933.89467325943
1695524400000,9933.89467325943
1695528000000,9933.89467325943
1695531600000,9933.89467325943
1695535200000,9933.89467325943
1695538800000,9933.89467325943
1695542400000,9933.281834834259
1695546000000,9936.14801483426
1695549600000,9935.64282483426
1695553200000,9933.81795483426
1695556800000,9935.71499483426
1695560400000,9936.92126483426
1695564000000,9936.33359483426
1695567600000,9937.08622483426
1695571200000,9931.710319858901
1695574800000,9932.0711698589
1695578400000,9940.5666098589
1695582000000,9929.9060698589
1695585600000,9926.6274898589
1695589200000,9931.493809858901
1695592800000,9930.6380798589
1695596400000,9929.8132798589
1695600000000,9921.395020194857
1695603600000,9907.047520502667
1695607200000,9907.047520502667
1695610800000,9907.047520502667
1695614400000,9907.047520502667
1695618000000,9907.047520502667
1695621600000,9907.047520502667
1695625200000,9907.047520502667
1695628800000,9907.047520502667
1695632400000,9907.047520502667
1695636000000,9907.047520502667
1695639600000,9907.047520502667
1695643200000,9907.047520502667
1695646800000,9907.047520502667
1695650400000,9907.047520502667
1695654000000,9907.047520502667
1695657600000,9907.047520502667
1695661200000,9907.047520502667
1695664800000,9907.047520502667
1695668400000,9907.047520502667
1695672000000,9907.047520502667
1695675600000,9907.047520502667
1695679200000,9907.047520502667
1695682800000,9907.047520502667
1695686400000,9907.047520502667
1695690000000,9907.047520502667
1695693600000,9907.047520502667
1695697200000,9907.047520502667
1695700800000,9907.047520502667
1695704400000,9907.047520502667
1695708000000,9907.047520502667
1695711600000,9907.047520502667
1695715200000,9907.047520502667
1695718800000,9907.047520502667
1695722400000,9907.047520502667
1695726000000,9907.047520502667
1695729600000,9907.047520502667
1695733200000,9907.047520502667
1695736800000,9907.047520502667
1695740400000,9907.047520502667
1695744000000,9907.047520502667
1695747600000,9907.047520502667
1695751200000,9907.047520502667
1695754800000,9907.047520502667
1695758400000,9907.047520502667
1695762000000,9907.047520502667
1695765600000,9907.047520502667
1695769200000,9907.047520502667
1695772800000,9907.047520502667
1695776400000,9907.047520502667
1695780000000,9907.047520502667
1695783600000,9907.047520502667
1695787200000,9907.047520502667
1695790800000,9907.047520502667
1695794400000,9907.047520502667
1695798000000,9907.047520502667
1695801600000,9907.047520502667
1695805200000,9907.047520502667
1695808800000,9907.047520502667
1695812400000,9907.047520502667
1695816000000,9907.047520502667
1695819600000,9907.047520502667
1695823200000,9907.047520502667
1695826800000,9907.047520502667
1695830400000,9907.047520502667
1695834000000,9907.047520502667
1695837600000,9907.047520502667
1695841200000,9907.047520502667
1695844800000,9907.047520502667
1695848400000,9907.047520502667
1695852000000,9907.047520502667
1695855600000,9907.047520502667
1695859200000,9907.047520502667
1695862800000,9907.047520502667
1695866400000,9907.047520502667
1695870000000,9907.047520502667
1695873600000,9907.047520502667
1695877200000,9907.047520502667
1695880800000,9907.047520502667
1695884400000,9907.047520502667
1695888000000,9907.047520502667
1695891600000,9907.047520502667
1695895200000,9907.047520502667
1695898800000,9907.047520502667
1695902400000,9907.047520502667
1695906000000,9907.047520502667
1695909600000,9907.047520502667
1695913200000,9907.047520502667
1695916800000,9907.047520502667
1695920400000,9907.047520502667
1695924000000,9907.047520502667
1695927600000,9907.047520502667
1695931200000,9907.047520502667
1695934800000,9907.047520502667
1695938400000,9907.047520502667
1695942000000,9907.047520502667
1695945600000,9906.894953460967
1695949200000,9908.254753460968
1695952800000,9906.957353460968
1695956400000,9903.049553460967
1695960000000,9904.796753460967
1695963600000,9905.334953460968
1695967200000,9905.334953460968
1695970800000,9907.305753460967
1695974400000,9910.22548666169
1695978000000,9906.13828666169
1695981600000,9906.93128666169
1695985200000,9906.481486661689
1695988800000,9905.007286661688
1695992400000,9906.005686661689
1695996000000,9903.48628666169
1695999600000,9902.758286661689
1696003200000,9903.246360464353
1696006800000,9902.775760464352
1696010400000,9901.010360464352
1696014000000,9904.070560464352
1696017600000,9903.943160464352
1696021200000,9903.823560464352
1696024800000,9902.786160464353
1696028400000,9903.069560464352
1696032000000,9903.28866444691
1696035600000,9904.46386444691
1696039200000,9903.096264446911
1696042800000,9903.68646444691
1696046400000,9903.860664446911
1696050000000,9904.120664446911
1696053600000,9904.31826444691
1696057200000,9904.003664446911
1696060800000,9904.229819270446
1696064400000,9904.222019270444
1696068000000,9905.025419270445
1696071600000,9905.462219270445
1696075200000,9904.406619270445
1696078800000,9904.123219270445
1696082400000,9905.719619270445
1696086000000,9906.003019270445
1696089600000,9905.896119242145
1696093200000,9906.392719242145
1696096800000,9906.517519242145
1696100400000,9906.195119242144
1696104000000,9906.707319242145
1696107600000,9907.846119242144
1696111200000,9905.612719242145
1696114800000,9906.234119242145
1696118400000,9905.028252108115
1696122000000,9905.951252108114
1696125600000,9906.624652108114
1696129200000,9906.744252108114
1696132800000,9907.168052108114
1696136400000,9907.240852108114
1696140000000,9908.052052108114
1696143600000,9909.424852108115
1696147200000,9909.049612729672
1696150800000,9909.71261272967
1696154400000,9911.83941272967
1696158000000,9911.228412729672
1696161600000,9910.864412729672
1696165200000,9910.989212729672
1696168800000,9910.93201272967
1696172400000,9909.35381272967
1696176000000,9909.785780128017
1696179600000,9908.917380128018
1696183200000,9907.697980128016
1696186800000,9908.353180128017
1696190400000,9908.691180128017
1696194000000,9908.831580128017
1696197600000,9910.924580128018
1696201200000,9931.542580128016
1696204800000,9931.456612698252
1696208400000,9931.456612698252
1696212000000,9931.456612698252
1696215600000,9931.456612698252
1696219200000,9931.456612698252
1696222800000,9931.456612698252
1696226400000,9931.456612698252
1696230000000,9931.456612698252
1696233600000,9931.456612698252
1696237200000,9931.456612698252
1696240800000,9931.456612698252
1696244400000,9931.456612698252
1696248000000,9931.456612698252
1696251600000,9931.456612698252
1696255200000,9931.456612698252
1696258800000,9931.456612698252
1696262400000,9931.456612698252
1696266000000,9931.456612698252
1696269600000,9931.456612698252
1696273200000,9931.456612698252
1696276800000,9931.456612698252
1696280400000,9931.456612698252
1696284000000,9931.456612698252
1696287600000,9931.456612698252
1696291200000,9931.456612698252
1696294800000,9931.456612698252
1696298400000,9931.456612698252
1696302000000,9931.456612698252
1696305600000,9931.456612698252
1696309200000,9931.456612698252
1696312800000,9931.456612698252
1696316400000,9931.456612698252
1696320000000,9931.456612698252
1696323600000,9931.456612698252
1696327200000,9931.456612698252
1696330800000,9931.456612698252
1696334400000,9931.456612698252
1696338000000,9931.456612698252
1696341600000,9931.456612698252
1696345200000,9931.456612698252
1696348800000,9931.456612698252
1696352400000,9931.456612698252
1696356000000,9931.456612698252
1696359600000,9931.456612698252
1696363200000,9931.456612698252
1696366800000,9931.456612698252
1696370400000,9931.456612698252
1696374000000,9931.456612698252
1696377600000,9931.456612698252
1696381200000,9931.456612698252
1696384800000,9931.456612698252
1696388400000,9931.456612698252
1696392000000,9931.456612698252
1696395600000,9931.456612698252
1696399200000,9931.456612698252
1696402800000,9931.456612698252
1696406400000,9931.456612698252
1696410000000,9931.456612698252
1696413600000,9931.456612698252
1696417200000,9931.456612698252
1696420800000,9931.456612698252
1696424400000,9931.456612698252
1696428000000,9931.456612698252
1696431600000,9931.456612698252
1696435200000,9931.456612698252
1696438800000,9931.456612698252
1696442400000,9931.456612698252
1696446000000,9931.456612698252
1696449600000,9931.456612698252
1696453200000,9931.456612698252
1696456800000,9931.456612698252
1696460400000,9931.456612698252
1696464000000,9931.456612698252
1696467600000,9931.456612698252
1696471200000,9931.456612698252
1696474800000,9931.456612698252
1696478400000,9931.456612698252
1696482000000,9931.456612698252
1696485600000,9931.456612698252
1696489200000,9931.456612698252
1696492800000,9930.840089697256
1696496400000,9932.168089697256
1696500000000,9933.384089697256
1696503600000,9935.028889697256
1696507200000,9934.478489697256
1696510800000,9934.715289697257
1696514400000,9942.664089697257
1696518000000,9941.940889697256
1696521600000,9929.945176836522
1696525200000,9925.74677683652
1696528800000,9927.42677683652
1696532400000,9927.60277683652
1696536000000,9927.05877683652
1696539600000,9926.84757683652
1696543200000,9925.76917683652
1696546800000,9925.490776836521
1696550400000,9924.930873678248
1696554000000,9926.114873678249
1696557600000,9928.121273678249
1696561200000,9928.978873678248
1696564800000,9929.305273678248
1696568400000,9928.220473678248
1696572000000,9927.906873678248
1696575600000,9927.119673678248
1696579200000,9931.82057851921
1696582800000,9931.526178519209
1696586400000,9933.346978519208
1696590000000,9933.27657851921
1696593600000,9935.474978519209
1696597200000,9918.351778519209
1696600800000,9927.81417851921
1696604400000,9932.252578519208
1696608000000,9941.394319853136
1696611600000,9940.379919853136
1696615200000,9942.543119853137
1696618800000,9940.216719853137
1696622400000,9941.880719853136
1696626000000,9942.975119853136
1696629600000,9945.349519853136
1696633200000,9942.347919853137
1696636800000,9941.388145082137
1696640400000,9941.090545082137
1696644000000,9940.479345082136
1696647600000,9939.528945082136
1696651200000,9940.469745082137
1696654800000,9940.892145082136
1696658400000,9940.018545082137
1696662000000,9940.076145082137
1696665600000,9940.00912780841
1696669200000,9944.34832780841
1696672800000,9942.33232780841
1696676400000,9941.82032780841
1696680000000,9941.75952780841
1696683600000,9942.08592780841
1696687200000,9941.234727808409
1696690800000,9941.89712780841
1696694400000,9941.59051291291
1696698000000,9941.840112912909
1696701600000,9941.260912912909
1696705200000,9940.246512912909
1696708800000,9938.75851291291
1696712400000,9940.659312912909
1696716000000,9941.71851291291
1696719600000,9941.804912912909
1696723200000,9942.093305190221
1696726800000,9942.48370519022
1696730400000,9943.94610519022
1696734000000,9943.795705190221
1696737600000,9945.72210519022
1696741200000,9941.10450519022
1696744800000,9941.40210519022
1696748400000,9939.89490519022
1696752000000,9940.009622395974
1696755600000,9940.009622395974
1696759200000,9940.009622395974
1696762800000,9940.009622395974
1696766400000,9940.009622395974
1696770000000,9940.009622395974
1696773600000,9940.009622395974
1696777200000,9940.009622395974
1696780800000,9940.009622395974
1696784400000,9940.009622395974
1696788000000,9940.009622395974
1696791600000,9940.009622395974
1696795200000,9940.009622395974
1696798800000,9940.009622395974
1696802400000,9940.009622395974
1696806000000,9940.009622395974
1696809600000,9940.009622395974
1696813200000,9940.009622395974
1696816800000,9940.009622395974
1696820400000,9940.009622395974
1696824000000,9940.009622395974
1696827600000,9940.009622395974
1696831200000,9940.009622395974
1696834800000,9940.009622395974
1696838400000,9940.009622395974
1696842000000,9940.009622395974
1696845600000,9940.009622395974
1696849200000,9940.009622395974
1696852800000,9940.009622395974
1696856400000,9940.009622395974
1696860000000,9940.009622395974
1696863600000,9940.009622395974
1696867200000,9940.009622395974
1696870800000,9940.009622395974
1696874400000,9940.009622395974
1696878000000,9940.009622395974
1696881600000,9940.009622395974
1696885200000,9940.009622395974
1696888800000,9940.009622395974
1696892400000,9940.009622395974
1696896000000,9940.009622395974
1696899600000,9940.009622395974
1696903200000,9940.009622395974
1696906800000,9940.009622395974
1696910400000,9940.009622395974
1696914000000,9940.009622395974
1696917600000,9940.009622395974
1696921200000,9940.009622395974
1696924800000,9940.009622395974
1696928400000,9940.009622395974
1696932000000,9940.009622395974
1696935600000,9940.009622395974
1696939200000,9940.009622395974
1696942800000,9940.009622395974
1696946400000,9940.009622395974
1696950000000,9940.009622395974
1696953600000,9940.009622395974
1696957200000,9940.009622395974
1696960800000,9940.009622395974
1696964400000,9940.009622395974
1696968000000,9940.009622395974
1696971600000,9940.009622395974
1696975200000,9940.009622395974
1696978800000,9940.009622395974
1696982400000,9940.009622395974
1696986000000,9940.009622395974
1696989600000,9940.009622395974
1696993200000,9940.009622395974
1696996800000,9940.009622395974
1697000400000,9940.009622395974
1697004000000,9940.009622395974
1697007600000,9940.009622395974
1697011200000,9940.009622395974
1697014800000,9940.009622395974
1697018400000,9940.009622395974
1697022000000,9940.009622395974
1697025600000,9940.009622395974
1697029200000,9940.009622395974
1697032800000,9940.009622395974
1697036400000,9940.009622395974
1697040000000,9940.009622395974
1697043600000,9940.009622395974
1697047200000,9940.009622395974
1697050800000,9940.009622395974
1697054400000,9940.009622395974
1697058000000,9940.009622395974
1697061600000,9940.009622395974
1697065200000,9940.009622395974
1697068800000,9940.009622395974
1697072400000,9940.009622395974
1697076000000,9940.009622395974
1697079600000,9940.009622395974
1697083200000,9940.009622395974
1697086800000,9940.009622395974
1697090400000,9940.009622395974
1697094000000,9940.009622395974
1697097600000,9940.009622395974
1697101200000,9940.009622395974
1697104800000,9940.009622395974
1697108400000,9940.009622395974
1697112000000,9940.009622395974
1697115600000,9940.009622395974
1697119200000,9940.009622395974
1697122800000,9940.009622395974
1697126400000,9940.009622395974
1697130000000,9940.009622395974
1697133600000,9940.009622395974
1697137200000,9940.009622395974
1697140800000,9940.009622395974
1697144400000,9940.009622395974
1697148000000,9940.009622395974
1697151600000,9940.009622395974
1697155200000,9940.009622395974
1697158800000,9940.009622395974
1697162400000,9940.009622395974
1697166000000,9940.009622395974
1697169600000,9940.009622395974
1697173200000,9940.009622395974
1697176800000,9940.009622395974
1697180400000,9940.009622395974
1697184000000,9940.009622395974
1697187600000,9940.009622395974
1697191200000,9940.009622395974
1697194800000,9940.009622395974
1697198400000,9940.009622395974
1697202000000,9940.009622395974
1697205600000,9940.009622395974
1697209200000,9940.009622395974
1697212800000,9940.009622395974
1697216400000,9940.009622395974
1697220000000,9940.009622395974
1697223600000,9940.009622395974
1697227200000,9940.009622395974
1697230800000,9940.009622395974
1697234400000,9940.009622395974
1697238000000,9940.009622395974
1697241600000,9940.009622395974
1697245200000,9940.009622395974
1697248800000,9940.009622395974
1697252400000,9940.009622395974
1697256000000,9940.009622395974
1697259600000,9940.009622395974
1697263200000,9940.009622395974
1697266800000,9940.009622395974
1697270400000,9940.009622395974
1697274000000,9940.009622395974
1697277600000,9940.009622395974
1697281200000,9940.009622395974
1697284800000,9940.009622395974
1697288400000,9940.009622395974
1697292000000,9940.009622395974
1697295600000,9940.009622395974
1697299200000,9940.009622395974
1697302800000,9940.009622395974
1697306400000,9940.009622395974
1697310000000,9940.009622395974
1697313600000,9940.009622395974
1697317200000,9940.009622395974
1697320800000,9940.009622395974
1697324400000,9940.009622395974
1697328000000,9939.539471693855
1697331600000,9939.237871693857
1697335200000,9941.515471693856
1697338800000,9941.099471693857
1697342400000,9941.297071693856
1697346000000,9941.302271693856
1697349600000,9940.953871693857
1697353200000,9941.000671693857
1697356800000,9941.247496127087
1697360400000,9942.058696127087
1697364000000,9941.876696127089
1697367600000,9941.148696127088
1697371200000,9939.198696127089
1697374800000,9938.517496127088
1697378400000,9940.358296127088
1697382000000,9940.587096127088
1697385600000,9942.00160336183
1697389200000,9943.228803361832
1697392800000,9946.213603361832
1697396400000,9950.36840336183
1697400000000,9948.636803361831
1697403600000,9957.89800336183
1697407200000,9957.357203361831
1697410800000,9951.574803361831
1697414400000,9953.865991719462
1697418000000,9955.113991719461
1697421600000,9956.647991719463
1697425200000,9957.245991719463
1697428800000,9959.585991719461
1697432400000,9960.490791719461
1697436000000,9996.573591719462
1697439600000,9989.173991719463
1697443200000,9991.945186485542
1697446800000,9988.97598648554
1697450400000,9986.72438648554
1697454000000,9986.99478648554
1697457600000,9985.95998648554
1697461200000,9991.919186485542
1697464800000,10002.303586485541
1697468400000,10009.443186485541
1697472000000,10003.36929904202
1697475600000,10004.482099042021
1697479200000,10012.932099042022
1697482800000,10027.16449904202
1697486400000,10024.101699042021
1697490000000,10019.094099042022
1697493600000,10021.610899042022
1697497200000,10025.609699042021
1697500800000,10025.62227720471
1697504400000,10013.26707720471
1697508000000,10015.331477204709
1697511600000,10017.94707720471
1697515200000,10012.294677204709
1697518800000,10008.05667720471
1697522400000,10010.37587720471
1697526000000,10009.96507720471
1697529600000,10020.915022447465
1697533200000,10021.918622447465
1697536800000,10021.705422447465
1697540400000,10025.927822447466
1697544000000,10021.372622447465
1697547600000,10011.877422447466
1697551200000,10014.903822447464
1697554800000,10022.168222447464
1697558400000,10022.457210448485
1697562000000,10030.413210448485
1697565600000,10021.677210448484
1697569200000,10018.671610448484
1697572800000,10025.057210448485
1697576400000,10021.682410448484
1697580000000,10023.096810448485
1697583600000,10020.595610448485
1697587200000,10018.727886892382
1697590800000,10018.727886892382
1697594400000,10018.727886892382
1697598000000,10018.727886892382
1697601600000,10018.727886892382
1697605200000,10018.727886892382
1697608800000,10018.727886892382
1697612400000,10018.727886892382
1697616000000,10018.727886892382
1697619600000,10018.727886892382
1697623200000,10018.727886892382
1697626800000,10018.727886892382
1697630400000,10018.727886892382
1697634000000,10018.727886892382
1697637600000,10018.727886892382
1697641200000,10018.727886892382
1697644800000,10018.727886892382
1697648400000,10018.727886892382
1697652000000,10018.727886892382
1697655600000,10018.727886892382
1697659200000,10018.727886892382
1697662800000,10018.727886892382
1697666400000,10018.727886892382
1697670000000,10018.727886892382
1697673600000,10018.727886892382
1697677200000,10018.727886892382
1697680800000,10018.727886892382
1697684400000,10018.727886892382
1697688000000,10018.727886892382
1697691600000,10018.727886892382
1697695200000,10018.727886892382
1697698800000,10018.727886892382
1697702400000,10018.727886892382
1697706000000,10018.727886892382
1697709600000,10018.727886892382
1697713200000,10018.727886892382
1697716800000,10018.727886892382
1697720400000,10018.727886892382
1697724000000,10018.727886892382
1697727600000,10018.727886892382
1697731200000,10018.617821536462
1697734800000,10016.482121536463
1697738400000,10014.835121536462
1697742000000,10017.826721536463
1697745600000,10020.008321536463
1697749200000,10018.971521536463
1697752800000,10016.795321536463
1697756400000,10017.516221536462
1697760000000,10019.461864144132
1697763600000,10017.342364144131
1697767200000,10017.633964144132
1697770800000,10027.043464144132
1697774400000,10033.731364144132
1697778000000,10035.931864144131
1697781600000,10032.80256414413
1697785200000,10034.773564144132
1697788800000,10033.672870039223
1697792400000,10045.965970039222
1697796000000,10048.806370039223
1697799600000,10049.438170039222
1697803200000,10050.634270039223
1697806800000,10041.618970039222
1697810400000,10044.672670039223
1697814000000,10041.964570039223
1697817600000,10042.10513993521
1697821200000,10040.47973993521
1697824800000,10041.21413993521
1697828400000,10040.26643993521
1697832000000,10041.42473993521
1697835600000,10042.98263993521
1697839200000,10043.56853993521
1697842800000,10045.25333993521
1697846400000,10045.284931633141
1697850000000,10044.142831633142
1697853600000,10040.862331633141
1697857200000,10040.406031633142
1697860800000,10043.511031633141
1697864400000,10041.804631633142
1697868000000,10042.879231633142
1697871600000,10045.679131633142
1697875200000,10045.914077891557
1697878800000,10044.591077891557
1697882400000,10050.409577891556
1697886000000,10047.968777891556
1697889600000,10049.283677891557
1697893200000,10048.014677891557
1697896800000,10048.254977891556
1697900400000,10052.240177891557
1697904000000,10052.773596557185
1697907600000,10050.513696557184
1697911200000,10060.438896557183
1697914800000,10059.858396557183
1697918400000,10057.968396557184
1697922000000,10054.093896557184
1697925600000,10053.594396557184
1697929200000,10053.494496557183
1697932800000,10051.726875757073
1697936400000,10053.479175757073
1697940000000,10051.610775757073
1697943600000,10050.071775757073
1697947200000,10051.551375757073
1697950800000,10053.252375757074
1697954400000,10056.797475757074
1697958000000,10055.919975757073
1697961600000,10048.382424407337
1697965200000,10049.459724407336
1697968800000,10050.825924407336
1697972400000,10051.263324407337
1697976000000,10051.576524407337
1697979600000,10051.112124407337
1697983200000,10052.683524407337
1697986800000,10050.582924407336
1697990400000,10048.976382059114
1697994000000,10048.976382059114
1697997600000,10048.976382059114
1698001200000,10048.976382059114
1698004800000,10048.976382059114
1698008400000,10048.976382059114
1698012000000,10048.976382059114
1698015600000,10048.976382059114
1698019200000,10048.976382059114
1698022800000,10048.976382059114
1698026400000,10048.976382059114
1698030000000,10048.976382059114
1698033600000,10048.976382059114
1698037200000,10048.976382059114
1698040800000,10048.976382059114
1698044400000,10048.976382059114
1698048000000,10048.976382059114
1698051600000,10048.976382059114
1698055200000,10048.976382059114
1698058800000,10048.976382059114
1698062400000,10048.976382059114
1698066000000,10048.976382059114
1698069600000,10048.976382059114
1698073200000,10048.976382059114
1698076800000,10048.976382059114
1698080400000,10048.976382059114
1698084000000,10048.976382059114
1698087600000,10048.976382059114
1698091200000,10048.976382059114
1698094800000,10048.976382059114
1698098400000,10048.976382059114
1698102000000,10048.976382059114
1698105600000,10048.976382059114
1698109200000,10048.976382059114
1698112800000,10048.976382059114
1698116400000,10048.976382059114
1698120000000,10048.976382059114
1698123600000,10048.976382059114
1698127200000,10048.976382059114
1698130800000,10048.976382059114
1698134400000,10048.976382059114
1698138000000,10048.976382059114
1698141600000,10048.976382059114
1698145200000,10048.976382059114
1698148800000,10048.976382059114
1698152400000,10048.976382059114
1698156000000,10048.976382059114
1698159600000,10048.976382059114
1698163200000,10048.976382059114
1698166800000,10048.976382059114
1698170400000,10048.976382059114
1698174000000,10048.976382059114
1698177600000,10048.976382059114
1698181200000,10048.976382059114
1698184800000,10048.976382059114
1698188400000,10048.976382059114
1698192000000,10048.976382059114
1698195600000,10048.976382059114
1698199200000,10048.976382059114
1698202800000,10048.976382059114
1698206400000,10048.976382059114
1698210000000,10048.976382059114
1698213600000,10048.976382059114
1698217200000,10048.976382059114
1698220800000,10048.976382059114
1698224400000,10048.976382059114
1698228000000,10048.976382059114
1698231600000,10048.976382059114
1698235200000,10048.976382059114
1698238800000,10048.976382059114
1698242400000,10048.976382059114
1698246000000,10048.976382059114
1698249600000,10048.976382059114
1698253200000,10048.976382059114
1698256800000,10048.976382059114
1698260400000,10048.976382059114
1698264000000,10048.976382059114
1698267600000,10048.976382059114
1698271200000,10048.976382059114
1698274800000,10048.976382059114
1698278400000,10048.976382059114
1698282000000,10048.976382059114
1698285600000,10048.976382059114
1698289200000,10048.976382059114
1698292800000,10048.976382059114
1698296400000,10048.976382059114
1698300000000,10048.976382059114
1698303600000,10048.976382059114
1698307200000,10048.976382059114
1698310800000,10048.976382059114
1698314400000,10048.976382059114
1698318000000,10048.976382059114
1698321600000,10048.976382059114
1698325200000,10048.976382059114
1698328800000,10048.976382059114
1698332400000,10048.976382059114
1698336000000,10048.976382059114
1698339600000,10048.976382059114
1698343200000,10048.976382059114
1698346800000,10048.976382059114
1698350400000,10048.976382059114
1698354000000,10048.976382059114
1698357600000,10048.976382059114
1698361200000,10048.976382059114
1698364800000,10048.976382059114
1698368400000,10048.976382059114
1698372000000,10048.976382059114
1698375600000,10048.976382059114
1698379200000,10048.976382059114
1698382800000,10048.976382059114
1698386400000,10048.976382059114
1698390000000,10048.976382059114
1698393600000,10048.976382059114
1698397200000,10048.976382059114
1698400800000,10048.976382059114
1698404400000,10048.976382059114
1698408000000,10048.976382059114
1698411600000,10048.976382059114
1698415200000,10048.976382059114
1698418800000,10048.976382059114
1698422400000,10048.976382059114
1698426000000,10048.976382059114
1698429600000,10048.976382059114
1698433200000,10048.976382059114
1698436800000,10048.976382059114
1698440400000,10048.976382059114
1698444000000,10048.976382059114
1698447600000,10048.976382059114
1698451200000,10048.976382059114
1698454800000,10048.976382059114
1698458400000,10048.976382059114
1698462000000,10048.976382059114
1698465600000,10048.976382059114
1698469200000,10048.976382059114
1698472800000,10048.976382059114
1698476400000,10048.976382059114
1698480000000,10048.976382059114
1698483600000,10048.976382059114
1698487200000,10048.976382059114
1698490800000,10048.976382059114
1698494400000,10048.976382059114
1698498000000,10048.976382059114
1698501600000,10048.976382059114
1698505200000,10048.976382059114
1698508800000,10048.976382059114
1698512400000,10048.976382059114
1698516000000,10048.976382059114
1698519600000,10048.976382059114
1698523200000,10048.976382059114
1698526800000,10048.976382059114
1698530400000,10048.976382059114
1698534000000,10048.976382059114
1698537600000,10048.976382059114
1698541200000,10048.976382059114
1698544800000,10048.976382059114
1698548400000,10048.976382059114
1698552000000,10048.976382059114
1698555600000,10048.976382059114
1698559200000,10048.976382059114
1698562800000,10048.976382059114
1698566400000,10048.976382059114
1698570000000,10048.976382059114
1698573600000,10048.976382059114
1698577200000,10048.976382059114
1698580800000,10048.976382059114
1698584400000,10048.976382059114
1698588000000,10048.976382059114
1698591600000,10048.976382059114
1698595200000,10048.976382059114
1698598800000,10048.976382059114
1698602400000,10048.976382059114
1698606000000,10048.976382059114
1698609600000,10048.976382059114
1698613200000,10048.976382059114
1698616800000,10048.976382059114
1698620400000,10048.976382059114
1698624000000,10048.976382059114
1698627600000,10048.976382059114
1698631200000,10048.976382059114
1698634800000,10048.976382059114
1698638400000,10048.976382059114
1698642000000,10048.976382059114
1698645600000,10048.976382059114
1698649200000,10048.976382059114
1698652800000,10048.976382059114
1698656400000,10048.976382059114
1698660000000,10048.976382059114
1698663600000,10048.976382059114
1698667200000,10048.976382059114
1698670800000,10048.976382059114
1698674400000,10048.976382059114
1698678000000,10048.976382059114
1698681600000,10048.976382059114
1698685200000,10048.976382059114
1698688800000,10048.976382059114
1698692400000,10048.976382059114
1698696000000,10048.976382059114
1698699600000,10048.976382059114
1698703200000,10048.976382059114
1698706800000,10048.976382059114
1698710400000,10048.976382059114
1698714000000,10048.976382059114
1698717600000,10048.976382059114
1698721200000,10048.976382059114
1698724800000,10048.976382059114
1698728400000,10048.976382059114
1698732000000,10048.976382059114
1698735600000,10048.976382059114
1698739200000,10048.976382059114
1698742800000,10048.976382059114
1698746400000,10048.976382059114
1698750000000,10048.976382059114
1698753600000,10048.976382059114
1698757200000,10048.976382059114
1698760800000,10048.976382059114
1698764400000,10048.976382059114
1698768000000,10048.976382059114
1698771600000,10048.976382059114
1698775200000,10048.976382059114
1698778800000,10048.976382059114
1698782400000,10048.976382059114
1698786000000,10048.976382059114
1698789600000,10048.976382059114
1698793200000,10048.976382059114
1698796800000,10048.976382059114
1698800400000,10048.976382059114
1698804000000,10048.976382059114
1698807600000,10048.976382059114
1698811200000,10048.976382059114
1698814800000,10048.976382059114
1698818400000,10048.976382059114
1698822000000,10048.976382059114
1698825600000,10048.976382059114
1698829200000,10048.976382059114
1698832800000,10048.976382059114
1698836400000,10048.976382059114
1698840000000,10048.976382059114
1698843600000,10048.976382059114
1698847200000,10048.976382059114
1698850800000,10048.976382059114
1698854400000,10048.976382059114
1698858000000,10048.976382059114
1698861600000,10048.976382059114
1698865200000,10048.976382059114
1698868800000,10048.976382059114
1698872400000,10048.976382059114
1698876000000,10048.976382059114
1698879600000,10048.976382059114
1698883200000,10048.976382059114
1698886800000,10048.976382059114
1698890400000,10048.976382059114
1698894000000,10048.976382059114
1698897600000,10048.976382059114
1698901200000,10048.976382059114
1698904800000,10048.976382059114
1698908400000,10048.976382059114
1698912000000,10048.976382059114
1698915600000,10048.976382059114
1698919200000,10048.976382059114
1698922800000,10048.976382059114
1698926400000,10048.976382059114
1698930000000,10048.976382059114
1698933600000,10048.976382059114
1698937200000,10048.976382059114
1698940800000,10048.976382059114
1698944400000,10048.976382059114
1698948000000,10048.976382059114
1698951600000,10048.976382059114
1698955200000,10048.976382059114
1698958800000,10048.976382059114
1698962400000,10048.976382059114
1698966000000,10048.976382059114
1698969600000,10048.976382059114
1698973200000,10048.976382059114
1698976800000,10048.976382059114
1698980400000,10048.976382059114
1698984000000,10048.976382059114
1698987600000,10048.976382059114
1698991200000,10048.976382059114
1698994800000,10048.976382059114
1698998400000,10048.976382059114
1699002000000,10048.976382059114
1699005600000,10048.976382059114
1699009200000,10048.976382059114
1699012800000,10048.976382059114
1699016400000,10048.976382059114
1699020000000,10048.976382059114
1699023600000,10048.976382059114
1699027200000,10048.976382059114
1699030800000,10048.976382059114
1699034400000,10048.976382059114
1699038000000,10048.976382059114
1699041600000,10048.976382059114
1699045200000,10048.976382059114
1699048800000,10048.976382059114
1699052400000,10048.976382059114
1699056000000,10048.976382059114
1699059600000,10048.976382059114
1699063200000,10048.976382059114
1699066800000,10048.976382059114
1699070400000,10048.976382059114
1699074000000,10048.976382059114
1699077600000,10048.976382059114
1699081200000,10048.976382059114
1699084800000,10048.976382059114
1699088400000,10048.976382059114
1699092000000,10048.976382059114
1699095600000,10048.976382059114
1699099200000,10048.976382059114
1699102800000,10048.976382059114
1699106400000,10048.976382059114
1699110000000,10048.976382059114
1699113600000,10048.976382059114
1699117200000,10048.976382059114
1699120800000,10048.976382059114
1699124400000,10048.976382059114
1699128000000,10048.976382059114
1699131600000,10048.976382059114
1699135200000,10048.976382059114
1699138800000,10048.976382059114
1699142400000,10048.976382059114
1699146000000,10048.976382059114
1699149600000,10048.976382059114
1699153200000,10048.976382059114
1699156800000,10048.976382059114
1699160400000,10048.976382059114
1699164000000,10048.976382059114
1699167600000,10048.976382059114
1699171200000,10048.976382059114
1699174800000,10048.976382059114
1699178400000,10048.976382059114
1699182000000,10048.976382059114
1699185600000,10048.976382059114
1699189200000,10048.976382059114
1699192800000,10048.976382059114
1699196400000,10048.976382059114
1699200000000,10048.976382059114
1699203600000,10048.976382059114
1699207200000,10048.976382059114
1699210800000,10048.976382059114
1699214400000,10048.976382059114
1699218000000,10048.976382059114
1699221600000,10048.976382059114
1699225200000,10048.976382059114
1699228800000,10048.976382059114
1699232400000,10048.976382059114
1699236000000,10048.976382059114
1699239600000,10048.976382059114
1699243200000,10048.976382059114
1699246800000,10048.976382059114
1699250400000,10048.976382059114
1699254000000,10048.976382059114
1699257600000,10048.976382059114
1699261200000,10048.976382059114
1699264800000,10048.976382059114
1699268400000,10048.976382059114
1699272000000,10048.976382059114
1699275600000,10048.976382059114
1699279200000,10048.976382059114
1699282800000,10048.976382059114
1699286400000,10048.976382059114
1699290000000,10048.976382059114
1699293600000,10048.976382059114
1699297200000,10048.976382059114
1699300800000,10048.976382059114
1699304400000,10048.976382059114
1699308000000,10048.976382059114
1699311600000,10048.976382059114
1699315200000,10048.976382059114
1699318800000,10048.976382059114
1699322400000,10048.976382059114
1699326000000,10048.976382059114
1699329600000,10048.976382059114
1699333200000,10048.976382059114
1699336800000,10048.976382059114
1699340400000,10048.976382059114
1699344000000,10048.976382059114
1699347600000,10048.976382059114
1699351200000,10048.976382059114
1699354800000,10048.976382059114
1699358400000,10048.976382059114
1699362000000,10048.976382059114
1699365600000,10048.976382059114
1699369200000,10048.976382059114
1699372800000,10048.976382059114
1699376400000,10048.976382059114
1699380000000,10048.976382059114
1699383600000,10048.976382059114
1699387200000,10048.976382059114
1699390800000,10048.976382059114
1699394400000,10048.976382059114
1699398000000,10048.976382059114
1699401600000,10048.976382059114
1699405200000,10048.976382059114
1699408800000,10048.976382059114
1699412400000,10048.976382059114
1699416000000,10048.976382059114
1699419600000,10048.976382059114
1699423200000,10048.976382059114
1699426800000,10048.976382059114
1699430400000,10048.976382059114
1699434000000,10048.976382059114
1699437600000,10048.976382059114
1699441200000,10048.976382059114
1699444800000,10048.976382059114
1699448400000,10048.976382059114
1699452000000,10048.976382059114
1699455600000,10048.976382059114
1699459200000,10048.976382059114
1699462800000,10048.976382059114
1699466400000,10048.976382059114
1699470000000,10048.976382059114
1699473600000,10048.976382059114
1699477200000,10048.976382059114
1699480800000,10048.976382059114
1699484400000,10048.976382059114
1699488000000,10048.976382059114
1699491600000,10048.976382059114
1699495200000,10048.976382059114
1699498800000,10048.976382059114
1699502400000,10048.976382059114
1699506000000,10048.976382059114
1699509600000,10048.976382059114
1699513200000,10048.976382059114
1699516800000,10048.976382059114
1699520400000,10048.976382059114
1699524000000,10048.976382059114
1699527600000,10048.976382059114
1699531200000,10048.976382059114
1699534800000,10048.976382059114
1699538400000,10048.976382059114
1699542000000,10048.976382059114
1699545600000,10048.976382059114
1699549200000,10048.976382059114
1699552800000,10048.976382059114
1699556400000,10048.976382059114
1699560000000,10048.976382059114
1699563600000,10048.976382059114
1699567200000,10048.976382059114
1699570800000,10048.976382059114
1699574400000,10048.976382059114
1699578000000,10048.976382059114
1699581600000,10048.976382059114
1699585200000,10048.976382059114
1699588800000,10048.976382059114
1699592400000,10048.976382059114
1699596000000,10048.976382059114
1699599600000,10048.976382059114
1699603200000,10048.976382059114
1699606800000,10048.976382059114
1699610400000,10048.976382059114
1699614000000,10048.976382059114
1699617600000,10048.976382059114
1699621200000,10048.976382059114
1699624800000,10048.976382059114
1699628400000,10048.976382059114
1699632000000,10048.976382059114
1699635600000,10048.976382059114
1699639200000,10048.976382059114
1699642800000,10048.976382059114
1699646400000,10048.976382059114
1699650000000,10048.976382059114
1699653600000,10048.976382059114
1699657200000,10048.976382059114
1699660800000,10048.976382059114
1699664400000,10048.976382059114
1699668000000,10048.976382059114
1699671600000,10048.976382059114
1699675200000,10048.976382059114
1699678800000,10048.976382059114
1699682400000,10048.976382059114
1699686000000,10048.976382059114
1699689600000,10048.976382059114
1699693200000,10048.976382059114
1699696800000,10048.976382059114
1699700400000,10048.976382059114
1699704000000,10048.976382059114
1699707600000,10048.976382059114
1699711200000,10048.976382059114
1699714800000,10048.976382059114
1699718400000,10048.976382059114
1699722000000,10048.976382059114
1699725600000,10048.976382059114
1699729200000,10048.976382059114
1699732800000,10048.976382059114
1699736400000,10048.976382059114
1699740000000,10048.976382059114
1699743600000,10048.976382059114
1699747200000,10048.976382059114
1699750800000,10048.976382059114
1699754400000,10048.976382059114
1699758000000,10048.976382059114
1699761600000,10048.976382059114
1699765200000,10048.976382059114
1699768800000,10048.976382059114
1699772400000,10048.976382059114
1699776000000,10048.976382059114
1699779600000,10048.976382059114
1699783200000,10048.976382059114
1699786800000,10048.976382059114
1699790400000,10048.976382059114
1699794000000,10048.976382059114
1699797600000,10048.976382059114
1699801200000,10048.976382059114
1699804800000,10048.976382059114
1699808400000,10048.976382059114
1699812000000,10048.976382059114
1699815600000,10048.976382059114
1699819200000,10048.976382059114
1699822800000,10048.976382059114
1699826400000,10048.976382059114
1699830000000,10048.976382059114
1699833600000,10048.976382059114
1699837200000,10048.976382059114
1699840800000,10048.976382059114
1699844400000,10048.976382059114
1699848000000,10048.976382059114
1699851600000,10048.976382059114
1699855200000,10048.976382059114
1699858800000,10048.976382059114
1699862400000,10048.976382059114
1699866000000,10048.976382059114
1699869600000,10048.976382059114
1699873200000,10048.976382059114
1699876800000,10048.976382059114
1699880400000,10048.976382059114
1699884000000,10048.976382059114
1699887600000,10048.976382059114
1699891200000,10048.976382059114
1699894800000,10048.976382059114
1699898400000,10048.976382059114
1699902000000,10048.976382059114
1699905600000,10048.976382059114
1699909200000,10048.976382059114
1699912800000,10048.976382059114
1699916400000,10048.976382059114
1699920000000,10048.976382059114
1699923600000,10048.976382059114
1699927200000,10048.976382059114
1699930800000,10048.976382059114
1699934400000,10048.976382059114
1699938000000,10048.976382059114
1699941600000,10048.976382059114
1699945200000,10048.976382059114
1699948800000,10048.976382059114
1699952400000,10048.976382059114
1699956000000,10048.976382059114
1699959600000,10048.976382059114
1699963200000,10048.976382059114
1699966800000,10048.976382059114
1699970400000,10048.976382059114
1699974000000,10048.976382059114
1699977600000,10048.976382059114
1699981200000,10048.976382059114
1699984800000,10048.976382059114
1699988400000,10048.976382059114
1699992000000,10048.976382059114
1699995600000,10048.976382059114
1699999200000,10048.976382059114
1700002800000,10048.976382059114
1700006400000,10048.976382059114
1700010000000,10048.976382059114
1700013600000,10048.976382059114
1700017200000,10048.976382059114
1700020800000,10048.976382059114
1700024400000,10048.976382059114
1700028000000,10048.976382059114
1700031600000,10048.976382059114
1700035200000,10048.976382059114
1700038800000,10048.976382059114
1700042400000,10048.976382059114
1700046000000,10048.976382059114
1700049600000,10048.976382059114
1700053200000,10048.976382059114
1700056800000,10048.976382059114
1700060400000,10048.976382059114
1700064000000,10048.976382059114
1700067600000,10048.976382059114
1700071200000,10048.976382059114
1700074800000,10048.976382059114
1700078400000,10048.976382059114
1700082000000,10048.976382059114
1700085600000,10048.976382059114
1700089200000,10048.976382059114
1700092800000,10048.976382059114
1700096400000,10048.976382059114
1700100000000,10048.976382059114
1700103600000,10048.976382059114
1700107200000,10048.976382059114
1700110800000,10048.976382059114
1700114400000,10048.976382059114
1700118000000,10048.976382059114
1700121600000,10048.976382059114
1700125200000,10048.976382059114
1700128800000,10048.976382059114
1700132400000,10048.976382059114
1700136000000,10048.976382059114
1700139600000,10048.976382059114
1700143200000,10048.976382059114
1700146800000,10048.976382059114
1700150400000,10048.976382059114
1700154000000,10048.976382059114
1700157600000,10048.976382059114
1700161200000,10048.976382059114
1700164800000,10048.976382059114
1700168400000,10048.976382059114
1700172000000,10048.976382059114
1700175600000,10048.976382059114
1700179200000,10048.976382059114
1700182800000,10048.976382059114
1700186400000,10048.976382059114
1700190000000,10048.976382059114
1700193600000,10048.976382059114
1700197200000,10048.976382059114
1700200800000,10048.976382059114
1700204400000,10048.976382059114
1700208000000,10048.976382059114
1700211600000,10048.976382059114
1700215200000,10048.976382059114
1700218800000,10048.976382059114
1700222400000,10048.976382059114
1700226000000,10048.976382059114
1700229600000,10048.976382059114
1700233200000,10048.976382059114
1700236800000,10048.976382059114
1700240400000,10048.976382059114
1700244000000,10048.976382059114
1700247600000,10048.976382059114
1700251200000,10048.976382059114
1700254800000,10048.976382059114
1700258400000,10048.976382059114
1700262000000,10048.976382059114
1700265600000,10048.976382059114
1700269200000,10048.976382059114
1700272800000,10048.976382059114
1700276400000,10048.976382059114
1700280000000,10048.976382059114
1700283600000,10048.976382059114
1700287200000,10048.976382059114
1700290800000,10048.976382059114
1700294400000,10048.976382059114
1700298000000,10048.976382059114
1700301600000,10048.976382059114
1700305200000,10048.976382059114
1700308800000,10048.976382059114
1700312400000,10048.976382059114
1700316000000,10048.976382059114
1700319600000,10048.976382059114
1700323200000,10048.976382059114
1700326800000,10048.976382059114
1700330400000,10048.976382059114
1700334000000,10048.976382059114
1700337600000,10048.976382059114
1700341200000,10048.976382059114
1700344800000,10048.976382059114
1700348400000,10048.976382059114
1700352000000,10048.976382059114
1700355600000,10048.976382059114
1700359200000,10048.976382059114
1700362800000,10048.976382059114
1700366400000,10048.976382059114
1700370000000,10048.976382059114
1700373600000,10048.976382059114
1700377200000,10048.976382059114
1700380800000,10048.976382059114
1700384400000,10048.976382059114
1700388000000,10048.976382059114
1700391600000,10048.976382059114
1700395200000,10048.976382059114
1700398800000,10048.976382059114
1700402400000,10048.976382059114
1700406000000,10048.976382059114
1700409600000,10048.976382059114
1700413200000,10048.976382059114
1700416800000,10048.976382059114
1700420400000,10048.976382059114
1700424000000,10048.976382059114
1700427600000,10048.976382059114
1700431200000,10048.976382059114
1700434800000,10048.976382059114
1700438400000,10048.976382059114
1700442000000,10048.976382059114
1700445600000,10048.976382059114
1700449200000,10048.976382059114
1700452800000,10048.976382059114
1700456400000,10048.976382059114
1700460000000,10048.976382059114
1700463600000,10048.976382059114
1700467200000,10048.976382059114
1700470800000,10048.976382059114
1700474400000,10048.976382059114
1700478000000,10048.976382059114
1700481600000,10048.976382059114
1700485200000,10048.976382059114
1700488800000,10048.976382059114
1700492400000,10048.976382059114
1700496000000,10048.976382059114
1700499600000,10048.976382059114
1700503200000,10048.976382059114
1700506800000,10048.976382059114
1700510400000,10048.976382059114
1700514000000,10048.976382059114
1700517600000,10048.976382059114
1700521200000,10048.976382059114
1700524800000,10048.976382059114
1700528400000,10048.976382059114
1700532000000,10048.976382059114
1700535600000,10048.976382059114
1700539200000,10048.976382059114
1700542800000,10048.976382059114
1700546400000,10048.976382059114
1700550000000,10048.976382059114
1700553600000,10048.976382059114
1700557200000,10048.976382059114
1700560800000,10048.976382059114
1700564400000,10048.976382059114
1700568000000,10048.976382059114
1700571600000,10048.976382059114
1700575200000,10048.976382059114
1700578800000,10048.976382059114
1700582400000,10048.976382059114
1700586000000,10048.976382059114
1700589600000,10048.976382059114
1700593200000,10048.976382059114
1700596800000,10048.976382059114
1700600400000,10048.976382059114
1700604000000,10048.976382059114
1700607600000,10048.976382059114
1700611200000,10048.976382059114
1700614800000,10048.976382059114
1700618400000,10048.976382059114
1700622000000,10048.976382059114
1700625600000,10048.976382059114
1700629200000,10048.976382059114
1700632800000,10048.976382059114
1700636400000,10048.976382059114
1700640000000,10048.976382059114
1700643600000,10048.976382059114
1700647200000,10048.976382059114
1700650800000,10048.976382059114
1700654400000,10048.976382059114
1700658000000,10048.976382059114
1700661600000,10048.976382059114
1700665200000,10048.976382059114
1700668800000,10048.976382059114
1700672400000,10048.976382059114
1700676000000,10048.976382059114
1700679600000,10048.976382059114
1700683200000,10048.976382059114
1700686800000,10048.976382059114
1700690400000,10048.976382059114
1700694000000,10048.976382059114
1700697600000,10048.976382059114
1700701200000,10048.976382059114
1700704800000,10048.976382059114
1700708400000,10048.976382059114
1700712000000,10048.976382059114
1700715600000,10048.976382059114
1700719200000,10048.976382059114
1700722800000,10048.976382059114
1700726400000,10048.976382059114
1700730000000,10048.976382059114
1700733600000,10048.976382059114
1700737200000,10048.976382059114
1700740800000,10048.976382059114
1700744400000,10048.976382059114
1700748000000,10048.976382059114
1700751600000,10048.976382059114
1700755200000,10048.976382059114
1700758800000,10048.976382059114
1700762400000,10048.976382059114
1700766000000,10048.976382059114
1700769600000,10048.976382059114
1700773200000,10048.976382059114
1700776800000,10048.976382059114
1700780400000,10048.976382059114
1700784000000,10048.976382059114
1700787600000,10048.976382059114
1700791200000,10048.976382059114
1700794800000,10048.976382059114
1700798400000,10048.976382059114
1700802000000,10048.976382059114
1700805600000,10048.976382059114
1700809200000,10048.976382059114
1700812800000,10048.976382059114
1700816400000,10048.976382059114
1700820000000,10048.976382059114
1700823600000,10048.976382059114
1700827200000,10048.976382059114
1700830800000,10048.976382059114
1700834400000,10048.976382059114
1700838000000,10048.976382059114
1700841600000,10048.976382059114
1700845200000,10048.976382059114
1700848800000,10048.976382059114
1700852400000,10048.976382059114
1700856000000,10048.976382059114
1700859600000,10048.976382059114
1700863200000,10048.976382059114
1700866800000,10048.976382059114
1700870400000,10048.976382059114
1700874000000,10048.976382059114
1700877600000,10048.976382059114
1700881200000,10048.976382059114
1700884800000,10048.976382059114
1700888400000,10048.976382059114
1700892000000,10048.976382059114
1700895600000,10048.976382059114
1700899200000,10048.976382059114
1700902800000,10048.976382059114
1700906400000,10048.976382059114
1700910000000,10048.976382059114
1700913600000,10048.976382059114
1700917200000,10048.976382059114
1700920800000,10048.976382059114
1700924400000,10048.976382059114
1700928000000,10048.976382059114
1700931600000,10048.976382059114
1700935200000,10048.976382059114
1700938800000,10048.976382059114
1700942400000,10048.976382059114
1700946000000,10048.976382059114
1700949600000,10048.976382059114
1700953200000,10048.976382059114
1700956800000,10048.976382059114
1700960400000,10048.976382059114
1700964000000,10048.976382059114
1700967600000,10048.976382059114
1700971200000,10048.976382059114
1700974800000,10048.976382059114
1700978400000,10048.976382059114
1700982000000,10048.976382059114
1700985600000,10048.976382059114
1700989200000,10048.976382059114
1700992800000,10048.976382059114
1700996400000,10048.976382059114
1701000000000,10048.976382059114
1701003600000,10048.976382059114
1701007200000,10048.976382059114
1701010800000,10048.976382059114
1701014400000,10048.976382059114
1701018000000,10048.976382059114
1701021600000,10048.976382059114
1701025200000,10048.976382059114
1701028800000,10048.976382059114
1701032400000,10048.976382059114
1701036000000,10048.976382059114
1701039600000,10048.976382059114
1701043200000,10048.976382059114
1701046800000,10048.976382059114
1701050400000,10048.976382059114
1701054000000,10048.976382059114
1701057600000,10048.976382059114
1701061200000,10048.976382059114
1701064800000,10048.976382059114
1701068400000,10048.976382059114
1701072000000,10048.976382059114
1701075600000,10048.976382059114
1701079200000,10048.976382059114
1701082800000,10048.976382059114
1701086400000,10048.976382059114
1701090000000,10048.976382059114
1701093600000,10048.976382059114
1701097200000,10048.976382059114
1701100800000,10048.976382059114
1701104400000,10048.976382059114
1701108000000,10048.976382059114
1701111600000,10048.976382059114
1701115200000,10048.976382059114
1701118800000,10048.976382059114
1701122400000,10048.976382059114
1701126000000,10048.976382059114
1701129600000,10048.976382059114
1701133200000,10048.976382059114
1701136800000,10048.976382059114
1701140400000,10048.976382059114
1701144000000,10048.976382059114
1701147600000,10048.976382059114
1701151200000,10048.976382059114
1701154800000,10048.976382059114
1701158400000,10048.976382059114
1701162000000,10048.976382059114
1701165600000,10048.976382059114
1701169200000,10048.976382059114
1701172800000,10048.976382059114
1701176400000,10048.976382059114
1701180000000,10048.976382059114
1701183600000,10048.976382059114
1701187200000,10048.976382059114
1701190800000,10048.976382059114
1701194400000,10048.976382059114
1701198000000,10048.976382059114
1701201600000,10048.976382059114
1701205200000,10048.976382059114
1701208800000,10048.976382059114
1701212400000,10048.976382059114
1701216000000,10048.976382059114
1701219600000,10048.976382059114
1701223200000,10048.976382059114
1701226800000,10048.976382059114
1701230400000,10048.976382059114
1701234000000,10048.976382059114
1701237600000,10048.976382059114
1701241200000,10048.976382059114
1701244800000,10048.976382059114
1701248400000,10048.976382059114
1701252000000,10048.976382059114
1701255600000,10048.976382059114
1701259200000,10048.976382059114
1701262800000,10048.976382059114
1701266400000,10048.976382059114
1701270000000,10048.976382059114
1701273600000,10048.976382059114
1701277200000,10048.976382059114
1701280800000,10048.976382059114
1701284400000,10048.976382059114
1701288000000,10048.976382059114
1701291600000,10048.976382059114
1701295200000,10048.976382059114
1701298800000,10048.976382059114
1701302400000,10048.976382059114
1701306000000,10048.976382059114
1701309600000,10048.976382059114
1701313200000,10048.976382059114
1701316800000,10048.976382059114
1701320400000,10048.976382059114
1701324000000,10048.976382059114
1701327600000,10048.976382059114
1701331200000,10048.976382059114
1701334800000,10048.976382059114
1701338400000,10048.976382059114
1701342000000,10048.976382059114
1701345600000,10048.976382059114
1701349200000,10048.976382059114
1701352800000,10048.976382059114
1701356400000,10048.976382059114
1701360000000,10048.976382059114
1701363600000,10048.976382059114
1701367200000,10048.976382059114
1701370800000,10048.976382059114
1701374400000,10048.976382059114
1701378000000,10048.976382059114
1701381600000,10048.976382059114
1701385200000,10048.976382059114
1701388800000,10048.976382059114
1701392400000,10048.976382059114
1701396000000,10048.976382059114
1701399600000,10048.976382059114
1701403200000,10048.976382059114
1701406800000,10048.976382059114
1701410400000,10048.976382059114
1701414000000,10048.976382059114
1701417600000,10048.976382059114
1701421200000,10048.976382059114
1701424800000,10048.976382059114
1701428400000,10048.976382059114
1701432000000,10048.976382059114
1701435600000,10048.976382059114
1701439200000,10048.976382059114
1701442800000,10048.976382059114
1701446400000,10048.976382059114
1701450000000,10048.976382059114
1701453600000,10048.976382059114
1701457200000,10048.976382059114
1701460800000,10048.976382059114
1701464400000,10048.976382059114
1701468000000,10048.976382059114
1701471600000,10048.976382059114
1701475200000,10048.976382059114
1701478800000,10048.976382059114
1701482400000,10048.976382059114
1701486000000,10048.976382059114
1701489600000,10048.976382059114
1701493200000,10048.976382059114
1701496800000,10048.976382059114
1701500400000,10048.976382059114
1701504000000,10048.976382059114
1701507600000,10048.976382059114
1701511200000,10048.976382059114
1701514800000,10048.976382059114
1701518400000,10048.976382059114
1701522000000,10048.976382059114
1701525600000,10048.976382059114
1701529200000,10048.976382059114
1701532800000,10048.976382059114
1701536400000,10048.976382059114
1701540000000,10048.976382059114
1701543600000,10048.976382059114
1701547200000,10048.976382059114
1701550800000,10048.976382059114
1701554400000,10048.976382059114
1701558000000,10048.976382059114
1701561600000,10048.976382059114
1701565200000,10048.976382059114
1701568800000,10048.976382059114
1701572400000,10048.976382059114
1701576000000,10048.976382059114
1701579600000,10048.976382059114
1701583200000,10048.976382059114
1701586800000,10048.976382059114
1701590400000,10048.976382059114
1701594000000,10048.976382059114
1701597600000,10048.976382059114
1701601200000,10048.976382059114
1701604800000,10048.976382059114
1701608400000,10048.976382059114
1701612000000,10048.976382059114
1701615600000,10048.976382059114
1701619200000,10048.976382059114
1701622800000,10048.976382059114
1701626400000,10048.976382059114
1701630000000,10048.976382059114
1701633600000,10048.976382059114
1701637200000,10048.976382059114
1701640800000,10048.976382059114
1701644400000,10048.976382059114
1701648000000,10048.976382059114
1701651600000,10048.976382059114
1701655200000,10048.976382059114
1701658800000,10048.976382059114
1701662400000,10048.976382059114
1701666000000,10048.976382059114
1701669600000,10048.976382059114
1701673200000,10048.976382059114
1701676800000,10048.976382059114
1701680400000,10048.976382059114
1701684000000,10048.976382059114
1701687600000,10048.976382059114
1701691200000,10048.976382059114
1701694800000,10048.976382059114
1701698400000,10048.976382059114
1701702000000,10048.976382059114
1701705600000,10048.976382059114
1701709200000,10048.976382059114
1701712800000,10048.976382059114
1701716400000,10048.976382059114
1701720000000,10048.976382059114
1701723600000,10048.976382059114
1701727200000,10048.976382059114
1701730800000,10048.976382059114
1701734400000,10048.976382059114
1701738000000,10048.976382059114
1701741600000,10048.976382059114
1701745200000,10048.976382059114
1701748800000,10048.976382059114
1701752400000,10048.976382059114
1701756000000,10048.976382059114
1701759600000,10048.976382059114
1701763200000,10048.976382059114
1701766800000,10048.976382059114
1701770400000,10048.976382059114
1701774000000,10048.976382059114
1701777600000,10048.976382059114
1701781200000,10048.976382059114
1701784800000,10048.976382059114
1701788400000,10048.976382059114
1701792000000,10048.976382059114
1701795600000,10048.976382059114
1701799200000,10048.976382059114
1701802800000,10048.976382059114
1701806400000,10048.976382059114
1701810000000,10048.976382059114
1701813600000,10048.976382059114
1701817200000,10048.976382059114
1701820800000,10048.976382059114
1701824400000,10048.976382059114
1701828000000,10048.976382059114
1701831600000,10048.976382059114
1701835200000,10048.976382059114
1701838800000,10048.976382059114
1701842400000,10048.976382059114
1701846000000,10048.976382059114
1701849600000,10048.976382059114
1701853200000,10048.976382059114
1701856800000,10048.976382059114
1701860400000,10048.976382059114
1701864000000,10048.976382059114
1701867600000,10048.976382059114
1701871200000,10048.976382059114
1701874800000,10048.976382059114
1701878400000,10048.976382059114
1701882000000,10048.976382059114
1701885600000,10048.976382059114
1701889200000,10048.976382059114
1701892800000,10048.976382059114
1701896400000,10048.976382059114
1701900000000,10048.976382059114
1701903600000,10048.976382059114
1701907200000,10048.976382059114
1701910800000,10048.976382059114
1701914400000,10048.976382059114
1701918000000,10048.976382059114
1701921600000,10048.976382059114
1701925200000,10048.976382059114
1701928800000,10048.976382059114
1701932400000,10048.976382059114
1701936000000,10048.976382059114
1701939600000,10048.976382059114
1701943200000,10048.976382059114
1701946800000,10048.976382059114
1701950400000,10048.976382059114
1701954000000,10048.976382059114
1701957600000,10048.976382059114
1701961200000,10048.976382059114
1701964800000,10048.976382059114
1701968400000,10048.976382059114
1701972000000,10048.976382059114
1701975600000,10048.976382059114
1701979200000,10048.976382059114
1701982800000,10048.976382059114
1701986400000,10048.976382059114
1701990000000,10048.976382059114
1701993600000,10048.976382059114
1701997200000,10048.976382059114
1702000800000,10048.976382059114
1702004400000,10048.976382059114
1702008000000,10048.976382059114
1702011600000,10048.976382059114
1702015200000,10048.976382059114
1702018800000,10048.976382059114
1702022400000,10048.976382059114
1702026000000,10048.976382059114
1702029600000,10048.976382059114
1702033200000,10048.976382059114
1702036800000,10048.976382059114
1702040400000,10048.976382059114
1702044000000,10048.976382059114
1702047600000,10048.976382059114
1702051200000,10048.976382059114
1702054800000,10048.976382059114
1702058400000,10048.976382059114
1702062000000,10048.976382059114
1702065600000,10048.976382059114
1702069200000,10048.976382059114
1702072800000,10048.976382059114
1702076400000,10048.976382059114
1702080000000,10048.976382059114
1702083600000,10048.976382059114
1702087200000,10048.976382059114
1702090800000,10048.976382059114
1702094400000,10048.976382059114
1702098000000,10048.976382059114
1702101600000,10048.976382059114
1702105200000,10048.976382059114
1702108800000,10048.976382059114
1702112400000,10048.976382059114
1702116000000,10048.976382059114
1702119600000,10048.976382059114
1702123200000,10048.976382059114
1702126800000,10048.976382059114
1702130400000,10048.976382059114
1702134000000,10048.976382059114
1702137600000,10048.976382059114
1702141200000,10048.976382059114
1702144800000,10048.976382059114
1702148400000,10048.976382059114
1702152000000,10048.976382059114
1702155600000,10048.976382059114
1702159200000,10048.976382059114
1702162800000,10048.976382059114
1702166400000,10048.976382059114
1702170000000,10048.976382059114
1702173600000,10048.976382059114
1702177200000,10048.976382059114
1702180800000,10048.976382059114
1702184400000,10048.976382059114
1702188000000,10048.976382059114
1702191600000,10048.976382059114
1702195200000,10048.976382059114
1702198800000,10048.976382059114
1702202400000,10048.976382059114
1702206000000,10048.976382059114
1702209600000,10048.976382059114
1702213200000,10048.976382059114
1702216800000,10048.976382059114
1702220400000,10048.976382059114
1702224000000,10048.976382059114
1702227600000,10048.976382059114
1702231200000,10048.976382059114
1702234800000,10048.976382059114
1702238400000,10048.976382059114
1702242000000,10048.976382059114
1702245600000,10048.976382059114
1702249200000,10048.976382059114
1702252800000,10048.976382059114
1702256400000,10048.976382059114
1702260000000,10048.976382059114
1702263600000,10048.976382059114
1702267200000,10048.976382059114
1702270800000,10048.976382059114
1702274400000,10048.976382059114
1702278000000,10048.976382059114
1702281600000,10048.976382059114
1702285200000,10048.976382059114
1702288800000,10048.976382059114
1702292400000,10048.976382059114
1702296000000,10048.976382059114
1702299600000,10048.976382059114
1702303200000,10048.976382059114
1702306800000,10048.976382059114
1702310400000,10048.976382059114
1702314000000,10048.976382059114
1702317600000,10048.976382059114
1702321200000,10048.976382059114
1702324800000,10048.976382059114
1702328400000,10048.976382059114
1702332000000,10048.976382059114
1702335600000,10048.976382059114
1702339200000,10048.976382059114
1702342800000,10048.976382059114
1702346400000,10048.976382059114
1702350000000,10048.976382059114
1702353600000,10048.976382059114
1702357200000,10048.976382059114
1702360800000,10048.976382059114
1702364400000,10048.976382059114
1702368000000,10048.976382059114
1702371600000,10048.976382059114
1702375200000,10048.976382059114
1702378800000,10048.976382059114
1702382400000,10048.976382059114
1702386000000,10048.976382059114
1702389600000,10048.976382059114
1702393200000,10048.976382059114
1702396800000,10048.976382059114
1702400400000,10048.976382059114
1702404000000,10048.976382059114
1702407600000,10048.976382059114
1702411200000,10048.976382059114
1702414800000,10048.976382059114
1702418400000,10048.976382059114
1702422000000,10048.976382059114
1702425600000,10048.976382059114
1702429200000,10048.976382059114
1702432800000,10048.976382059114
1702436400000,10048.976382059114
1702440000000,10048.976382059114
1702443600000,10048.976382059114
1702447200000,10048.976382059114
1702450800000,10048.976382059114
1702454400000,10048.976382059114
1702458000000,10048.976382059114
1702461600000,10048.976382059114
1702465200000,10048.976382059114
1702468800000,10048.976382059114
1702472400000,10048.976382059114
1702476000000,10048.976382059114
1702479600000,10048.976382059114
1702483200000,10048.976382059114
1702486800000,10048.976382059114
1702490400000,10048.976382059114
1702494000000,10048.976382059114
1702497600000,10048.976382059114
1702501200000,10048.976382059114
1702504800000,10048.976382059114
1702508400000,10048.976382059114
1702512000000,10048.976382059114
1702515600000,10048.976382059114
1702519200000,10048.976382059114
1702522800000,10048.976382059114
1702526400000,10048.976382059114
1702530000000,10048.976382059114
1702533600000,10048.976382059114
1702537200000,10048.976382059114
1702540800000,10048.976382059114
1702544400000,10048.976382059114
1702548000000,10048.976382059114
1702551600000,10048.976382059114
1702555200000,10048.976382059114
1702558800000,10048.976382059114
1702562400000,10048.976382059114
1702566000000,10048.976382059114
1702569600000,10048.976382059114
1702573200000,10048.976382059114
1702576800000,10048.976382059114
1702580400000,10048.976382059114
1702584000000,10048.976382059114
1702587600000,10048.976382059114
1702591200000,10048.976382059114
1702594800000,10048.976382059114
1702598400000,10048.976382059114
1702602000000,10048.976382059114
1702605600000,10048.976382059114
1702609200000,10048.976382059114
1702612800000,10048.976382059114
1702616400000,10048.976382059114
1702620000000,10048.976382059114
1702623600000,10048.976382059114
1702627200000,10048.976382059114
1702630800000,10048.976382059114
1702634400000,10048.976382059114
1702638000000,10048.976382059114
1702641600000,10048.976382059114
1702645200000,10048.976382059114
1702648800000,10048.976382059114
1702652400000,10048.976382059114
1702656000000,10048.976382059114
1702659600000,10048.976382059114
1702663200000,10048.976382059114
1702666800000,10048.976382059114
1702670400000,10048.976382059114
1702674000000,10048.976382059114
1702677600000,10048.976382059114
1702681200000,10048.976382059114
1702684800000,10048.976382059114
1702688400000,10048.976382059114
1702692000000,10048.976382059114
1702695600000,10048.976382059114
1702699200000,10048.976382059114
1702702800000,10048.976382059114
1702706400000,10048.976382059114
1702710000000,10048.976382059114
1702713600000,10048.976382059114
1702717200000,10048.976382059114
1702720800000,10048.976382059114
1702724400000,10048.976382059114
1702728000000,10048.976382059114
1702731600000,10048.976382059114
1702735200000,10048.976382059114
1702738800000,10048.976382059114
1702742400000,10048.976382059114
1702746000000,10048.976382059114
1702749600000,10048.976382059114
1702753200000,10048.976382059114
1702756800000,10048.976382059114
1702760400000,10048.976382059114
1702764000000,10048.976382059114
1702767600000,10048.976382059114
1702771200000,10048.976382059114
1702774800000,10048.976382059114
1702778400000,10048.976382059114
1702782000000,10048.976382059114
1702785600000,10048.976382059114
1702789200000,10048.976382059114
1702792800000,10048.976382059114
1702796400000,10048.976382059114
1702800000000,10048.976382059114
1702803600000,10048.976382059114
1702807200000,10048.976382059114
1702810800000,10048.976382059114
1702814400000,10048.976382059114
1702818000000,10048.976382059114
1702821600000,10048.976382059114
1702825200000,10048.976382059114
1702828800000,10048.976382059114
1702832400000,10048.976382059114
1702836000000,10048.976382059114
1702839600000,10048.976382059114
1702843200000,10048.976382059114
1702846800000,10048.976382059114
1702850400000,10048.976382059114
1702854000000,10048.976382059114
1702857600000,10048.976382059114
1702861200000,10048.976382059114
1702864800000,10048.976382059114
1702868400000,10048.976382059114
1702872000000,10048.976382059114
1702875600000,10048.976382059114
1702879200000,10048.976382059114
1702882800000,10048.976382059114
1702886400000,10048.976382059114
1702890000000,10048.976382059114
1702893600000,10048.976382059114
1702897200000,10048.976382059114
1702900800000,10048.976382059114
1702904400000,10048.976382059114
1702908000000,10048.976382059114
1702911600000,10048.976382059114
1702915200000,10048.976382059114
1702918800000,10048.976382059114
1702922400000,10048.976382059114
1702926000000,10048.976382059114
1702929600000,10048.976382059114
1702933200000,10048.976382059114
1702936800000,10048.976382059114
1702940400000,10048.976382059114
1702944000000,10048.976382059114
1702947600000,10048.976382059114
1702951200000,10048.976382059114
1702954800000,10048.976382059114
1702958400000,10048.976382059114
1702962000000,10048.976382059114
1702965600000,10048.976382059114
1702969200000,10048.976382059114
1702972800000,10048.976382059114
1702976400000,10048.976382059114
1702980000000,10048.976382059114
1702983600000,10048.976382059114
1702987200000,10048.976382059114
1702990800000,10048.976382059114
1702994400000,10048.976382059114
1702998000000,10048.976382059114
1703001600000,10048.976382059114
1703005200000,10048.976382059114
1703008800000,10048.976382059114
1703012400000,10048.976382059114
1703016000000,10048.976382059114
1703019600000,10048.976382059114
1703023200000,10048.976382059114
1703026800000,10048.976382059114
1703030400000,10048.976382059114
1703034000000,10048.976382059114
1703037600000,10048.976382059114
1703041200000,10048.976382059114
1703044800000,10048.976382059114
1703048400000,10048.976382059114
1703052000000,10048.976382059114
1703055600000,10048.976382059114
1703059200000,10048.976382059114
1703062800000,10048.976382059114
1703066400000,10048.976382059114
1703070000000,10048.976382059114
1703073600000,10048.976382059114
1703077200000,10048.976382059114
1703080800000,10048.976382059114
1703084400000,10048.976382059114
1703088000000,10048.976382059114
1703091600000,10048.976382059114
1703095200000,10048.976382059114
1703098800000,10048.976382059114
1703102400000,10048.976382059114
1703106000000,10048.976382059114
1703109600000,10048.976382059114
1703113200000,10048.976382059114
1703116800000,10048.976382059114
1703120400000,10048.976382059114
1703124000000,10048.976382059114
1703127600000,10048.976382059114
1703131200000,10048.976382059114
1703134800000,10048.976382059114
1703138400000,10048.976382059114
1703142000000,10048.976382059114
1703145600000,10048.976382059114
1703149200000,10048.976382059114
1703152800000,10048.976382059114
1703156400000,10048.976382059114
1703160000000,10048.976382059114
1703163600000,10048.976382059114
1703167200000,10048.976382059114
1703170800000,10048.976382059114
1703174400000,10048.976382059114
1703178000000,10048.976382059114
1703181600000,10048.976382059114
1703185200000,10048.976382059114
1703188800000,10048.976382059114
1703192400000,10048.976382059114
1703196000000,10048.976382059114
1703199600000,10048.976382059114
1703203200000,10048.976382059114
1703206800000,10048.976382059114
1703210400000,10048.976382059114
1703214000000,10048.976382059114
1703217600000,10048.976382059114
1703221200000,10048.976382059114
1703224800000,10048.976382059114
1703228400000,10048.976382059114
1703232000000,10048.976382059114
1703235600000,10048.976382059114
1703239200000,10048.976382059114
1703242800000,10048.976382059114
1703246400000,10048.976382059114
1703250000000,10048.976382059114
1703253600000,10048.976382059114
1703257200000,10048.976382059114
1703260800000,10048.976382059114
1703264400000,10048.976382059114
1703268000000,10048.976382059114
1703271600000,10048.976382059114
1703275200000,10048.976382059114
1703278800000,10048.976382059114
1703282400000,10048.976382059114
1703286000000,10048.976382059114
1703289600000,10048.976382059114
1703293200000,10048.976382059114
1703296800000,10048.976382059114
1703300400000,10048.976382059114
1703304000000,10048.976382059114
1703307600000,10048.976382059114
1703311200000,10048.976382059114
1703314800000,10048.976382059114
1703318400000,10048.976382059114
1703322000000,10048.976382059114
1703325600000,10048.976382059114
1703329200000,10048.976382059114
1703332800000,10048.976382059114
1703336400000,10048.976382059114
1703340000000,10048.976382059114
1703343600000,10048.976382059114
1703347200000,10048.976382059114
1703350800000,10048.976382059114
1703354400000,10048.976382059114
1703358000000,10048.976382059114
1703361600000,10048.976382059114
1703365200000,10048.976382059114
1703368800000,10048.976382059114
1703372400000,10048.976382059114
1703376000000,10048.976382059114
1703379600000,10048.976382059114
1703383200000,10048.976382059114
1703386800000,10048.976382059114
1703390400000,10048.976382059114
1703394000000,10048.976382059114
1703397600000,10048.976382059114
1703401200000,10048.976382059114
1703404800000,10048.976382059114
1703408400000,10048.976382059114
1703412000000,10048.976382059114
1703415600000,10048.976382059114
1703419200000,10048.976382059114
1703422800000,10048.976382059114
1703426400000,10048.976382059114
1703430000000,10048.976382059114
1703433600000,10048.976382059114
1703437200000,10048.976382059114
1703440800000,10048.976382059114
1703444400000,10048.976382059114
1703448000000,10048.976382059114
1703451600000,10048.976382059114
1703455200000,10048.976382059114
1703458800000,10048.976382059114
1703462400000,10048.976382059114
1703466000000,10048.976382059114
1703469600000,10048.976382059114
1703473200000,10048.976382059114
1703476800000,10048.976382059114
1703480400000,10048.976382059114
1703484000000,10048.976382059114
1703487600000,10048.976382059114
1703491200000,10048.976382059114
1703494800000,10048.976382059114
1703498400000,10048.976382059114
1703502000000,10048.976382059114
1703505600000,10048.976382059114
1703509200000,10048.976382059114
1703512800000,10048.976382059114
1703516400000,10048.976382059114
1703520000000,10048.976382059114
1703523600000,10048.976382059114
1703527200000,10048.976382059114
1703530800000,10048.976382059114
1703534400000,10048.976382059114
1703538000000,10048.976382059114
1703541600000,10048.976382059114
1703545200000,10048.976382059114
1703548800000,10048.976382059114
1703552400000,10048.976382059114
1703556000000,10048.976382059114
1703559600000,10048.976382059114
1703563200000,10048.976382059114
1703566800000,10048.976382059114
1703570400000,10048.976382059114
1703574000000,10048.976382059114
1703577600000,10048.976382059114
1703581200000,10048.976382059114
1703584800000,10048.976382059114
1703588400000,10048.976382059114
1703592000000,10048.976382059114
1703595600000,10048.976382059114
1703599200000,10048.976382059114
1703602800000,10048.976382059114
1703606400000,10048.976382059114
1703610000000,10048.976382059114
1703613600000,10048.976382059114
1703617200000,10048.976382059114
1703620800000,10048.976382059114
1703624400000,10048.976382059114
1703628000000,10048.976382059114
1703631600000,10048.976382059114
1703635200000,10048.976382059114
1703638800000,10048.976382059114
1703642400000,10048.976382059114
1703646000000,10048.976382059114
1703649600000,10048.976382059114
1703653200000,10048.976382059114
1703656800000,10048.976382059114
1703660400000,10048.976382059114
1703664000000,10048.976382059114
1703667600000,10048.976382059114
1703671200000,10048.976382059114
1703674800000,10048.976382059114
1703678400000,10048.976382059114
1703682000000,10048.976382059114
1703685600000,10048.976382059114
1703689200000,10048.976382059114
1703692800000,10048.976382059114
1703696400000,10048.976382059114
1703700000000,10048.976382059114
1703703600000,10048.976382059114
1703707200000,10048.976382059114
1703710800000,10048.976382059114
1703714400000,10048.976382059114
1703718000000,10048.976382059114
1703721600000,10048.976382059114
1703725200000,10048.976382059114
1703728800000,10048.976382059114
1703732400000,10048.976382059114
1703736000000,10048.976382059114
1703739600000,10048.976382059114
1703743200000,10048.976382059114
1703746800000,10048.976382059114
1703750400000,10048.976382059114
1703754000000,10048.976382059114
1703757600000,10048.976382059114
1703761200000,10048.976382059114
1703764800000,10048.976382059114
1703768400000,10048.976382059114
1703772000000,10048.976382059114
1703775600000,10048.976382059114
1703779200000,10048.976382059114
1703782800000,10048.976382059114
1703786400000,10048.976382059114
1703790000000,10048.976382059114
1703793600000,10048.976382059114
1703797200000,10048.976382059114
1703800800000,10048.976382059114
1703804400000,10048.976382059114
1703808000000,10048.976382059114
1703811600000,10048.976382059114
1703815200000,10048.976382059114
1703818800000,10048.976382059114
1703822400000,10048.976382059114
1703826000000,10048.976382059114
1703829600000,10048.976382059114
1703833200000,10048.976382059114
1703836800000,10048.976382059114
1703840400000,10048.976382059114
1703844000000,10048.976382059114
1703847600000,10048.976382059114
1703851200000,10048.976382059114
1703854800000,10048.976382059114
1703858400000,10048.976382059114
1703862000000,10048.976382059114
1703865600000,10048.976382059114
1703869200000,10048.976382059114
1703872800000,10048.976382059114
1703876400000,10048.976382059114
1703880000000,10048.976382059114
1703883600000,10048.976382059114
1703887200000,10048.976382059114
1703890800000,10048.976382059114
1703894400000,10048.976382059114
1703898000000,10048.976382059114
1703901600000,10048.976382059114
1703905200000,10048.976382059114
1703908800000,10048.976382059114
1703912400000,10048.976382059114
1703916000000,10048.976382059114
1703919600000,10048.976382059114
1703923200000,10048.976382059114
1703926800000,10048.976382059114
1703930400000,10048.976382059114
1703934000000,10048.976382059114
1703937600000,10048.976382059114
1703941200000,10048.976382059114
1703944800000,10048.976382059114
1703948400000,10048.976382059114
1703952000000,10048.976382059114
1703955600000,10048.976382059114
1703959200000,10048.976382059114
1703962800000,10048.976382059114
1703966400000,10048.976382059114
1703970000000,10048.976382059114
1703973600000,10048.976382059114
1703977200000,10048.976382059114
1703980800000,10048.976382059114
1703984400000,10048.976382059114
1703988000000,10048.976382059114
1703991600000,10048.976382059114
1703995200000,10048.976382059114
1703998800000,10048.976382059114
1704002400000,10048.976382059114
1704006000000,10048.976382059114
1704009600000,10048.976382059114
1704013200000,10048.976382059114
1704016800000,10048.976382059114
1704020400000,10048.976382059114
1704024000000,10048.976382059114
1704027600000,10048.976382059114
1704031200000,10048.976382059114
1704034800000,10048.976382059114
1704038400000,10048.976382059114
1704042000000,10048.976382059114
1704045600000,10048.976382059114
1704049200000,10048.976382059114
1704052800000,10048.976382059114
1704056400000,10048.976382059114
1704060000000,10048.976382059114
1704063600000,10048.976382059114
1704067200000,10048.976382059114
1704070800000,10048.976382059114
1704074400000,10048.976382059114
1704078000000,10048.976382059114
1704081600000,10048.976382059114
1704085200000,10048.976382059114
1704088800000,10048.976382059114
1704092400000,10048.976382059114
1704096000000,10048.976382059114
1704099600000,10048.976382059114
1704103200000,10048.976382059114
1704106800000,10048.976382059114
1704110400000,10048.976382059114
1704114000000,10048.976382059114
1704117600000,10048.976382059114
1704121200000,10048.976382059114
1704124800000,10048.976382059114
1704128400000,10048.976382059114
1704132000000,10048.976382059114
1704135600000,10048.976382059114
1704139200000,10048.976382059114
1704142800000,10048.976382059114
1704146400000,10048.976382059114
1704150000000,10048.976382059114
1704153600000,10048.976382059114
1704157200000,10048.976382059114
1704160800000,10048.976382059114
1704164400000,10048.976382059114
1704168000000,10048.976382059114
1704171600000,10048.976382059114
1704175200000,10048.976382059114
1704178800000,10048.976382059114
1704182400000,10048.976382059114
1704186000000,10048.976382059114
1704189600000,10048.976382059114
1704193200000,10048.976382059114
1704196800000,10048.976382059114
1704200400000,10048.976382059114
1704204000000,10048.976382059114
1704207600000,10048.976382059114
1704211200000,10048.976382059114
1704214800000,10048.976382059114
1704218400000,10048.976382059114
1704222000000,10048.976382059114
1704225600000,10048.976382059114
1704229200000,10048.976382059114
1704232800000,10048.976382059114
1704236400000,10048.976382059114
1704240000000,10048.976382059114
1704243600000,10048.976382059114
1704247200000,10048.976382059114
1704250800000,10048.976382059114
1704254400000,10048.976382059114
1704258000000,10048.976382059114
1704261600000,10048.976382059114
1704265200000,10048.976382059114
1704268800000,10048.976382059114
1704272400000,10048.976382059114
1704276000000,10048.976382059114
1704279600000,10048.976382059114
1704283200000,10048.976382059114
1704286800000,10048.976382059114
1704290400000,10048.976382059114
1704294000000,10048.976382059114
1704297600000,10048.976382059114
1704301200000,10048.976382059114
1704304800000,10048.976382059114
1704308400000,10048.976382059114
1704312000000,10048.976382059114
1704315600000,10048.976382059114
1704319200000,10048.976382059114
1704322800000,10048.976382059114
1704326400000,10048.976382059114
1704330000000,10048.976382059114
1704333600000,10048.976382059114
1704337200000,10048.976382059114
1704340800000,10048.976382059114
1704344400000,10048.976382059114
1704348000000,10048.976382059114
1704351600000,10048.976382059114
1704355200000,10048.976382059114
1704358800000,10048.976382059114
1704362400000,10048.976382059114
1704366000000,10048.976382059114
1704369600000,10048.976382059114
1704373200000,10048.976382059114
1704376800000,10048.976382059114
1704380400000,10048.976382059114
1704384000000,10048.976382059114
1704387600000,10048.976382059114
1704391200000,10048.976382059114
1704394800000,10048.976382059114
1704398400000,10048.976382059114
1704402000000,10048.976382059114
1704405600000,10048.976382059114
1704409200000,10048.976382059114
1704412800000,10048.976382059114
1704416400000,10048.976382059114
1704420000000,10048.976382059114
1704423600000,10048.976382059114
1704427200000,10048.976382059114
1704430800000,10048.976382059114
1704434400000,10048.976382059114
1704438000000,10048.976382059114
1704441600000,10048.976382059114
1704445200000,10048.976382059114
1704448800000,10048.976382059114
1704452400000,10048.976382059114
1704456000000,10048.976382059114
1704459600000,10048.976382059114
1704463200000,10048.976382059114
1704466800000,10048.976382059114
1704470400000,10048.976382059114
1704474000000,10048.976382059114
1704477600000,10048.976382059114
1704481200000,10048.976382059114
1704484800000,10048.976382059114
1704488400000,10048.976382059114
1704492000000,10048.976382059114
1704495600000,10048.976382059114
1704499200000,10048.976382059114
1704502800000,10048.976382059114
1704506400000,10048.976382059114
1704510000000,10048.976382059114
1704513600000,10048.976382059114
1704517200000,10048.976382059114
1704520800000,10048.976382059114
1704524400000,10048.976382059114
1704528000000,10048.976382059114
1704531600000,10048.976382059114
1704535200000,10048.976382059114
1704538800000,10048.976382059114
1704542400000,10048.976382059114
1704546000000,10048.976382059114
1704549600000,10048.976382059114
1704553200000,10048.976382059114
1704556800000,10048.976382059114
1704560400000,10048.976382059114
1704564000000,10048.976382059114
1704567600000,10048.976382059114
1704571200000,10048.976382059114
1704574800000,10048.976382059114
1704578400000,10048.976382059114
1704582000000,10048.976382059114
1704585600000,10048.976382059114
1704589200000,10048.976382059114
1704592800000,10048.976382059114
1704596400000,10048.976382059114
1704600000000,10048.976382059114
1704603600000,10048.976382059114
1704607200000,10048.976382059114
1704610800000,10048.976382059114
1704614400000,10048.976382059114
1704618000000,10048.976382059114
1704621600000,10048.976382059114
1704625200000,10048.976382059114
1704628800000,10048.976382059114
1704632400000,10048.976382059114
1704636000000,10048.976382059114
1704639600000,10048.976382059114
1704643200000,10048.976382059114
1704646800000,10048.976382059114
1704650400000,10048.976382059114
1704654000000,10048.976382059114
1704657600000,10048.976382059114
1704661200000,10048.976382059114
1704664800000,10048.976382059114
1704668400000,10048.976382059114
1704672000000,10048.976382059114
1704675600000,10048.976382059114
1704679200000,10048.976382059114
1704682800000,10048.976382059114
1704686400000,10048.976382059114
1704690000000,10048.976382059114
1704693600000,10048.976382059114
1704697200000,10048.976382059114
1704700800000,10048.976382059114
1704704400000,10048.976382059114
1704708000000,10048.976382059114
1704711600000,10048.976382059114
1704715200000,10048.976382059114
1704718800000,10048.976382059114
1704722400000,10048.976382059114
1704726000000,10048.976382059114
1704729600000,10048.976382059114
1704733200000,10048.976382059114
1704736800000,10048.976382059114
1704740400000,10048.976382059114
1704744000000,10048.976382059114
1704747600000,10048.976382059114
1704751200000,10048.976382059114
1704754800000,10048.976382059114
1704758400000,10048.976382059114
1704762000000,10048.976382059114
1704765600000,10048.976382059114
1704769200000,10048.976382059114
1704772800000,10048.976382059114
1704776400000,10048.976382059114
1704780000000,10048.976382059114
1704783600000,10048.976382059114
1704787200000,10048.976382059114
1704790800000,10048.976382059114
1704794400000,10048.976382059114
1704798000000,10048.976382059114
1704801600000,10048.976382059114
1704805200000,10048.976382059114
1704808800000,10048.976382059114
1704812400000,10048.976382059114
1704816000000,10048.976382059114
1704819600000,10048.976382059114
1704823200000,10048.976382059114
1704826800000,10048.976382059114
1704830400000,10048.976382059114
1704834000000,10048.976382059114
1704837600000,10048.976382059114
1704841200000,10048.976382059114
1704844800000,10048.976382059114
1704848400000,10048.976382059114
1704852000000,10048.976382059114
1704855600000,10048.976382059114
1704859200000,10048.976382059114
1704862800000,10048.976382059114
1704866400000,10048.976382059114
1704870000000,10048.976382059114
1704873600000,10048.976382059114
1704877200000,10048.976382059114
1704880800000,10048.976382059114
1704884400000,10048.976382059114
1704888000000,10048.976382059114
1704891600000,10048.976382059114
1704895200000,10048.976382059114
1704898800000,10048.976382059114
1704902400000,10048.976382059114
1704906000000,10048.976382059114
1704909600000,10048.976382059114
1704913200000,10048.976382059114
1704916800000,10048.976382059114
1704920400000,10048.976382059114
1704924000000,10048.976382059114
1704927600000,10048.976382059114
1704931200000,10048.976382059114
1704934800000,10048.976382059114
1704938400000,10048.976382059114
1704942000000,10048.976382059114
1704945600000,10048.976382059114
1704949200000,10048.976382059114
1704952800000,10048.976382059114
1704956400000,10048.976382059114
1704960000000,10048.976382059114
1704963600000,10048.976382059114
1704967200000,10048.976382059114
1704970800000,10048.976382059114
1704974400000,10048.976382059114
1704978000000,10048.976382059114
1704981600000,10048.976382059114
1704985200000,10048.976382059114
1704988800000,10048.976382059114
1704992400000,10048.976382059114
1704996000000,10048.976382059114
1704999600000,10048.976382059114
1705003200000,10048.976382059114
1705006800000,10048.976382059114
1705010400000,10048.976382059114
1705014000000,10048.976382059114
1705017600000,10048.976382059114
1705021200000,10048.976382059114
1705024800000,10048.976382059114
1705028400000,10048.976382059114
1705032000000,10048.976382059114
1705035600000,10048.976382059114
1705039200000,10048.976382059114
1705042800000,10048.976382059114
1705046400000,10048.976382059114
1705050000000,10048.976382059114
1705053600000,10048.976382059114
1705057200000,10048.976382059114
1705060800000,10048.976382059114
1705064400000,10048.976382059114
1705068000000,10048.976382059114
1705071600000,10048.976382059114
1705075200000,10048.976382059114
1705078800000,10048.976382059114
1705082400000,10048.976382059114
1705086000000,10048.976382059114
1705089600000,10048.976382059114
1705093200000,10048.976382059114
1705096800000,10048.976382059114
1705100400000,10048.976382059114
1705104000000,10048.976382059114
1705107600000,10048.976382059114
1705111200000,10048.976382059114
1705114800000,10048.976382059114
1705118400000,10048.976382059114
1705122000000,10048.976382059114
1705125600000,10048.976382059114
1705129200000,10048.976382059114
1705132800000,10048.976382059114
1705136400000,10048.976382059114
1705140000000,10048.976382059114
1705143600000,10048.976382059114
1705147200000,10048.976382059114
1705150800000,10048.976382059114
1705154400000,10048.976382059114
1705158000000,10048.976382059114
1705161600000,10048.976382059114
1705165200000,10048.976382059114
1705168800000,10048.976382059114
1705172400000,10048.976382059114
1705176000000,10048.976382059114
1705179600000,10048.976382059114
1705183200000,10048.976382059114
1705186800000,10048.976382059114
1705190400000,10048.976382059114
1705194000000,10048.976382059114
1705197600000,10048.976382059114
1705201200000,10048.976382059114
1705204800000,10048.976382059114
1705208400000,10048.976382059114
1705212000000,10048.976382059114
1705215600000,10048.976382059114
1705219200000,10048.976382059114
1705222800000,10048.976382059114
1705226400000,10048.976382059114
1705230000000,10048.976382059114
1705233600000,10048.976382059114
1705237200000,10048.976382059114
1705240800000,10048.976382059114
1705244400000,10048.976382059114
1705248000000,10048.976382059114
1705251600000,10048.976382059114
1705255200000,10048.976382059114
1705258800000,10048.976382059114
1705262400000,10048.976382059114
1705266000000,10048.976382059114
1705269600000,10048.976382059114
1705273200000,10048.976382059114
1705276800000,10048.976382059114
1705280400000,10048.976382059114
1705284000000,10048.976382059114
1705287600000,10048.976382059114
1705291200000,10048.976382059114
1705294800000,10048.976382059114
1705298400000,10048.976382059114
1705302000000,10048.976382059114
1705305600000,10048.976382059114
1705309200000,10048.976382059114
1705312800000,10048.976382059114
1705316400000,10048.976382059114
1705320000000,10048.976382059114
1705323600000,10048.976382059114
1705327200000,10048.976382059114
1705330800000,10048.976382059114
1705334400000,10048.976382059114
1705338000000,10048.976382059114
1705341600000,10048.976382059114
1705345200000,10048.976382059114
1705348800000,10048.976382059114
1705352400000,10048.976382059114
1705356000000,10048.976382059114
1705359600000,10048.976382059114
1705363200000,10048.976382059114
1705366800000,10048.976382059114
1705370400000,10048.976382059114
1705374000000,10048.976382059114
1705377600000,10048.976382059114
1705381200000,10048.976382059114
1705384800000,10048.976382059114
1705388400000,10048.976382059114
1705392000000,10048.976382059114
1705395600000,10048.976382059114
1705399200000,10048.976382059114
1705402800000,10048.976382059114
1705406400000,10048.976382059114
1705410000000,10048.976382059114
1705413600000,10048.976382059114
1705417200000,10048.976382059114
1705420800000,10048.976382059114
1705424400000,10048.976382059114
1705428000000,10048.976382059114
1705431600000,10048.976382059114
1705435200000,10048.976382059114
1705438800000,10048.976382059114
1705442400000,10048.976382059114
1705446000000,10048.976382059114
1705449600000,10048.976382059114
1705453200000,10048.976382059114
1705456800000,10048.976382059114
1705460400000,10048.976382059114
1705464000000,10048.976382059114
1705467600000,10048.976382059114
1705471200000,10048.976382059114
1705474800000,10048.976382059114
1705478400000,10048.976382059114
1705482000000,10048.976382059114
1705485600000,10048.976382059114
1705489200000,10048.976382059114
1705492800000,10048.976382059114
1705496400000,10048.976382059114
1705500000000,10048.976382059114
1705503600000,10048.976382059114
1705507200000,10048.976382059114
1705510800000,10048.976382059114
1705514400000,10048.976382059114
1705518000000,10048.976382059114
1705521600000,10048.976382059114
1705525200000,10048.976382059114
1705528800000,10048.976382059114
1705532400000,10048.976382059114
1705536000000,10048.976382059114
1705539600000,10048.976382059114
1705543200000,10048.976382059114
1705546800000,10048.976382059114
1705550400000,10048.976382059114
1705554000000,10048.976382059114
1705557600000,10048.976382059114
1705561200000,10048.976382059114
1705564800000,10048.976382059114
1705568400000,10048.976382059114
1705572000000,10048.976382059114
1705575600000,10048.976382059114
1705579200000,10048.976382059114
1705582800000,10048.976382059114
1705586400000,10048.976382059114
1705590000000,10048.976382059114
1705593600000,10048.976382059114
1705597200000,10048.976382059114
1705600800000,10048.976382059114
1705604400000,10048.976382059114
1705608000000,10048.976382059114
1705611600000,10048.976382059114
1705615200000,10048.976382059114
1705618800000,10048.976382059114
1705622400000,10048.976382059114
1705626000000,10048.976382059114
1705629600000,10048.976382059114
1705633200000,10048.976382059114
1705636800000,10048.976382059114
1705640400000,10048.976382059114
1705644000000,10048.976382059114
1705647600000,10048.976382059114
1705651200000,10048.976382059114
1705654800000,10048.976382059114
1705658400000,10048.976382059114
1705662000000,10048.976382059114
1705665600000,10048.976382059114
1705669200000,10048.976382059114
1705672800000,10048.976382059114
1705676400000,10048.976382059114
1705680000000,10048.976382059114
1705683600000,10048.976382059114
1705687200000,10048.976382059114
1705690800000,10048.976382059114
1705694400000,10048.976382059114
1705698000000,10048.976382059114
1705701600000,10048.976382059114
1705705200000,10048.976382059114
1705708800000,10048.976382059114
1705712400000,10048.976382059114
1705716000000,10048.976382059114
1705719600000,10048.976382059114
1705723200000,10048.976382059114
1705726800000,10048.976382059114
1705730400000,10048.976382059114
1705734000000,10048.976382059114
1705737600000,10048.976382059114
1705741200000,10048.976382059114
1705744800000,10048.976382059114
1705748400000,10048.976382059114
1705752000000,10048.976382059114
1705755600000,10048.976382059114
1705759200000,10048.976382059114
1705762800000,10048.976382059114
1705766400000,10048.976382059114
1705770000000,10048.976382059114
1705773600000,10048.976382059114
1705777200000,10048.976382059114
1705780800000,10048.976382059114
1705784400000,10048.976382059114
1705788000000,10048.976382059114
1705791600000,10048.976382059114
1705795200000,10048.976382059114
1705798800000,10048.976382059114
1705802400000,10048.976382059114
1705806000000,10048.976382059114
1705809600000,10048.976382059114
1705813200000,10048.976382059114
1705816800000,10048.976382059114
1705820400000,10048.976382059114
1705824000000,10048.976382059114
1705827600000,10048.976382059114
1705831200000,10048.976382059114
1705834800000,10048.976382059114
1705838400000,10048.976382059114
1705842000000,10048.976382059114
1705845600000,10048.976382059114
1705849200000,10048.976382059114
1705852800000,10048.976382059114
1705856400000,10048.976382059114
1705860000000,10048.976382059114
1705863600000,10048.976382059114
1705867200000,10048.976382059114
1705870800000,10048.976382059114
1705874400000,10048.976382059114
1705878000000,10048.976382059114
1705881600000,10048.976382059114
1705885200000,10048.976382059114
1705888800000,10048.976382059114
1705892400000,10048.976382059114
1705896000000,10048.976382059114
1705899600000,10048.976382059114
1705903200000,10048.976382059114
1705906800000,10048.976382059114
1705910400000,10048.976382059114
1705914000000,10048.976382059114
1705917600000,10048.976382059114
1705921200000,10048.976382059114
1705924800000,10048.976382059114
1705928400000,10048.976382059114
1705932000000,10048.976382059114
1705935600000,10048.976382059114
1705939200000,10048.976382059114
1705942800000,10048.976382059114
1705946400000,10048.976382059114
1705950000000,10048.976382059114
1705953600000,10048.976382059114
1705957200000,10048.976382059114
1705960800000,10048.976382059114
1705964400000,10048.976382059114
1705968000000,10048.976382059114
1705971600000,10048.976382059114
1705975200000,10048.976382059114
1705978800000,10048.976382059114
1705982400000,10048.976382059114
1705986000000,10048.976382059114
1705989600000,10048.976382059114
1705993200000,10048.976382059114
1705996800000,10048.976382059114
1706000400000,10048.976382059114
1706004000000,10048.976382059114
1706007600000,10048.976382059114
1706011200000,10048.976382059114
1706014800000,10048.976382059114
1706018400000,10048.976382059114
1706022000000,10048.976382059114
1706025600000,10048.976382059114
1706029200000,10048.976382059114
1706032800000,10048.976382059114
1706036400000,10048.976382059114
1706040000000,10048.976382059114
1706043600000,10048.976382059114
1706047200000,10048.976382059114
1706050800000,10048.976382059114
1706054400000,10048.976382059114
1706058000000,10048.976382059114
1706061600000,10048.976382059114
1706065200000,10048.976382059114
1706068800000,10048.976382059114
1706072400000,10048.976382059114
1706076000000,10048.976382059114
1706079600000,10048.976382059114
1706083200000,10048.976382059114
1706086800000,10048.976382059114
1706090400000,10048.976382059114
1706094000000,10048.976382059114
1706097600000,10048.976382059114
1706101200000,10048.976382059114
1706104800000,10048.976382059114
1706108400000,10048.976382059114
1706112000000,10048.976382059114
1706115600000,10048.976382059114
1706119200000,10048.976382059114
1706122800000,10048.976382059114
1706126400000,10048.976382059114
1706130000000,10048.976382059114
1706133600000,10048.976382059114
1706137200000,10048.976382059114
1706140800000,10048.976382059114
1706144400000,10048.976382059114
1706148000000,10048.976382059114
1706151600000,10048.976382059114
1706155200000,10048.976382059114
1706158800000,10048.976382059114
1706162400000,10048.976382059114
1706166000000,10048.976382059114
1706169600000,10048.976382059114
1706173200000,10048.976382059114
1706176800000,10048.976382059114
1706180400000,10048.976382059114
1706184000000,10048.976382059114
1706187600000,10048.976382059114
1706191200000,10048.976382059114
1706194800000,10048.976382059114
1706198400000,10048.976382059114
1706202000000,10048.976382059114
1706205600000,10048.976382059114
1706209200000,10048.976382059114
1706212800000,10048.976382059114
1706216400000,10048.976382059114
1706220000000,10048.976382059114
1706223600000,10048.976382059114
1706227200000,10048.976382059114
1706230800000,10048.976382059114
1706234400000,10048.976382059114
1706238000000,10048.976382059114
1706241600000,10048.976382059114
1706245200000,10048.976382059114
1706248800000,10048.976382059114
1706252400000,10048.976382059114
1706256000000,10048.976382059114
1706259600000,10048.976382059114
1706263200000,10048.976382059114
1706266800000,10048.976382059114
1706270400000,10048.976382059114
1706274000000,10048.976382059114
1706277600000,10048.976382059114
1706281200000,10048.976382059114
1706284800000,10048.976382059114
1706288400000,10048.976382059114
1706292000000,10048.976382059114
1706295600000,10048.976382059114
1706299200000,10048.976382059114
1706302800000,10048.976382059114
1706306400000,10048.976382059114
1706310000000,10048.976382059114
1706313600000,10047.692197221675
1706317200000,10050.691157221676
1706320800000,10049.192997221675
1706324400000,10050.688557221676
1706328000000,10049.964037221676
1706331600000,10050.220877221676
1706335200000,10046.518397221676
1706338800000,10045.793437221675
1706342400000,10044.032860641677
1706346000000,10038.926660641677
1706349600000,10045.959180641676
1706353200000,10045.798180641677
1706356800000,10046.874260641676
1706360400000,10046.100700641677
1706364000000,10047.050460641676
1706367600000,10047.467940641678
1706371200000,10048.788675214877
1706374800000,10046.934035214876
1706378400000,10046.886515214877
1706382000000,10048.234315214875
1706385600000,10050.600955214877
1706389200000,10052.448155214877
1706392800000,10054.010795214877
1706396400000,10052.866675214877
1706400000000,10051.971840725057
1706403600000,10050.962440725056
1706407200000,10055.474240725056
1706410800000,10054.745360725055
1706414400000,10058.094200725056
1706418000000,10070.524960725057
1706421600000,10063.850200725057
1706425200000,10060.454440725058
1706428800000,10060.075575114655
1706432400000,10061.319175114655
1706436000000,10064.946015114656
1706439600000,10064.976055114656
1706443200000,10060.726975114656
1706446800000,10058.643615114655
1706450400000,10059.208415114656
1706454000000,10054.699455114654
1706457600000,10054.880626382239
1706461200000,10055.94138638224
1706464800000,10053.210506382238
1706468400000,10048.052266382238
1706472000000,10044.86714638224
1706475600000,10048.74726638224
1706479200000,10049.110946382238
1706482800000,10043.25218638224
1706486400000,10047.352957381241
1706490000000,10048.195957381242
1706493600000,10052.17979738124
1706497200000,10054.61407738124
1706500800000,10055.965957381242
1706504400000,10054.18199738124
1706508000000,10052.12723738124
1706511600000,10052.944117381241
1706515200000,10049.531349657622
1706518800000,10050.945549657621
1706522400000,10055.192349657622
1706526000000,10056.347069657622
1706529600000,10052.397109657622
1706533200000,10049.312669657622
1706536800000,10045.074189657622
1706540400000,10044.264269657622
1706544000000,10061.20251633786
1706547600000,10075.89115633786
1706551200000,10073.313356337861
1706554800000,10072.577836337861
1706558400000,10071.20287633786
1706562000000,10073.089436337861
1706565600000,10075.379036337861
1706569200000,10076.224756337862
1706572800000,10078.985219638012
1706576400000,10078.985219638012
1706580000000,10078.985219638012
1706583600000,10078.985219638012
1706587200000,10078.985219638012
1706590800000,10078.985219638012
1706594400000,10078.985219638012
1706598000000,10078.985219638012
1706601600000,10078.815960054033
1706605200000,10078.297350054032
1706608800000,10077.359750054033
1706612400000,10080.705810054033
1706616000000,10079.876620054032
1706619600000,10078.048300054032
1706623200000,10077.063820054032
1706626800000,10078.944880054032
1706630400000,10089.292455748033
1706634000000,10096.380125748032
1706637600000,10096.966125748033
1706641200000,10098.583485748031
1706644800000,10096.390376336569
1706648400000,10098.496436336569
1706652000000,10099.48518633657
1706655600000,10092.28558633657
1706659200000,10080.779287675094
1706662800000,10078.795667675095
1706666400000,10074.898447675094
1706670000000,10077.399377675094
1706673600000,10078.746767675093
1706677200000,10079.163507675094
1706680800000,10078.560507675093
1706684400000,10076.371817675094
1706688000000,10080.26018823387
1706691600000,10078.12518823387
1706695200000,10066.747958233867
1706698800000,10052.93127823387
1706702400000,10060.96078823387
1706706000000,10062.57067823387
1706709600000,10067.835178233869
1706713200000,10068.18700823387
1706716800000,10081.187121482011
1706720400000,10088.16491148201
1706724000000,10091.236521482011
1706727600000,10083.31081148201
1706731200000,10079.23696148201
1706734800000,10055.66029148201
1706738400000,10052.249631482011
1706742000000,10057.19574148201
1706745600000,10057.56144940208
1706749200000,10053.102729402079
1706752800000,10034.502178556999
1706756400000,10038.999728556999
1706760000000,10038.123658556999
1706763600000,10039.823058556998
1706767200000,10041.660168556999
1706770800000,10043.163258556999
1706774400000,10042.15570653183
1706778000000,10042.75635653183
1706781600000,10041.36753653183
1706785200000,10041.238616531831
1706788800000,10040.94854653183
1706792400000,10041.80117653183
1706796000000,10042.50730653183
1706799600000,10049.41917653183
1706803200000,10047.708399927831
1706806800000,10048.443829927832
1706810400000,10051.62287992783
1706814000000,10049.595319927832
1706817600000,10051.370899927831
1706821200000,10050.10220992783
1706824800000,10051.655109927831
1706828400000,10049.648059927831
1706832000000,10051.965585874967
1706835600000,10053.582945874967
1706839200000,10052.323045874968
1706842800000,10050.714475874967
1706846400000,10050.828745874967
1706850000000,10049.990765874967
1706853600000,10051.742905874968
1706857200000,10053.641545874967
1706860800000,10053.962462713269
1706864400000,10053.962462713269
1706868000000,10053.962462713269
1706871600000,10053.962462713269
1706875200000,10053.766817291928
1706878800000,10052.853497291928
1706882400000,10046.545217291929
1706886000000,10047.434937291928
1706889600000,10053.100988156331
1706893200000,10050.925068156332
1706896800000,10047.229308156331
1706900400000,10048.126108156332
1706904000000,10049.63650815633
1706907600000,10048.711388156331
1706911200000,10048.402228156332
1706914800000,10051.305028156332
1706918400000,10051.04825670849
1706922000000,10053.19561670849
1706925600000,10055.35853670849
1706929200000,10054.20687670849
1706932800000,10053.20531670849
1706936400000,10054.211776708491
1706940000000,10054.19481670849
1706943600000,10052.52441670849
1706947200000,10050.686671370016
1706950800000,10048.734931370016
1706954400000,10050.902971370017
1706958000000,10050.407231370014
1706961600000,10047.053811370015
1706965200000,10048.359931370016
1706968800000,10048.649751370016
1706972400000,10046.814911370016
1706976000000,10049.07750613071
1706979600000,10048.80120613071
1706983200000,10051.27338613071
1706986800000,10046.50914613071
1706990400000,10047.491646130711
1706994000000,10048.46210613071
1706997600000,10046.398046130711
1707001200000,10046.23974613071
1707004800000,10044.990930498609
1707008400000,10045.725810498607
1707012000000,10048.261350498607
1707015600000,10047.380970498609
1707019200000,10047.252790498607
1707022800000,10044.262390498609
1707026400000,10044.56169049861
1707030000000,10040.460670498607
1707033600000,10041.520600142414
1707037200000,10040.596500142414
1707040800000,10046.304560142413
1707044400000,10045.339980142413
1707048000000,10048.580500142414
1707051600000,10046.716740142414
1707055200000,10047.260420142413
1707058800000,10043.946200142414
1707062400000,10045.413954111755
1707066000000,10046.112554111754
1707069600000,10046.227634111756
1707073200000,10042.246834111756
1707076800000,10036.051914111755
1707080400000,10046.544574111755
1707084000000,10043.901834111755
1707087600000,10037.216594111755
1707091200000,10037.741637819845
1707094800000,10032.686157819844
1707098400000,10034.965077819845
1707102000000,10034.615177819844
1707105600000,10040.576957819845
1707109200000,10041.338337819845
1707112800000,10041.665517819845
1707116400000,10044.274837819843
1707120000000,10050.009166299846
1707123600000,10052.530406299846
1707127200000,10052.359546299846
1707130800000,10053.455186299847
1707134400000,10055.050764032641
1707138000000,10056.007564032641
1707141600000,10058.47756403264
1707145200000,10054.459264032641
1707148800000,10047.983142692641
1707152400000,10048.89964269264
1707156000000,10048.906142692642
1707159600000,10048.674742692641
1707163200000,10049.745942692642
1707166800000,10044.519942692641
1707170400000,10043.875142692641
1707174000000,10045.260942692641
1707177600000,10048.188213891885
1707181200000,10048.188213891885
1707184800000,10048.188213891885
1707188400000,10048.188213891885
1707192000000,10048.188213891885
1707195600000,10048.188213891885
1707199200000,10048.188213891885
1707202800000,10048.188213891885
1707206400000,10048.188213891885
1707210000000,10048.188213891885
1707213600000,10048.188213891885
1707217200000,10048.188213891885
1707220800000,10048.188213891885
1707224400000,10048.188213891885
1707228000000,10048.188213891885
1707231600000,10048.188213891885
1707235200000,10048.188213891885
1707238800000,10048.188213891885
1707242400000,10048.188213891885
1707246000000,10048.188213891885
1707249600000,10048.188213891885
1707253200000,10048.188213891885
1707256800000,10048.188213891885
1707260400000,10048.188213891885
1707264000000,10047.813757976739
1707267600000,10047.509757976739
1707271200000,10047.22335797674
1707274800000,10047.01535797674
1707278400000,10043.25375797674
1707282000000,10045.487357976739
1707285600000,10046.676157976739
1707289200000,10045.583357976739
1707292800000,10044.11685629464
1707296400000,10045.40049629464
1707300000000,10050.545636294639
1707303600000,10042.05315629464
1707307200000,10044.53119629464
1707310800000,10049.89029629464
1707314400000,10050.72313629464
1707318000000,10046.64821629464
1707321600000,10048.214790397551
1707325200000,10059.76629039755
1707328800000,10069.01463039755
1707332400000,10073.08993039755
1707336000000,10073.543770397551
1707339600000,10086.80655039755
1707343200000,10084.402870397551
1707346800000,10083.57219039755
1707350400000,10086.485647019552
1707354000000,10093.015667019552
1707357600000,10095.270027019551
1707361200000,10093.908267019551
1707364800000,10092.02372701955
1707368400000,10088.41808701955
1707372000000,10088.19294701955
1707375600000,10085.96912701955
1707379200000,10088.058617849372
1707382800000,10091.11037784937
1707386400000,10090.469517849371
1707390000000,10092.40071784937
1707393600000,10091.809217849372
1707397200000,10090.296457849372
1707400800000,10094.759957849372
1707404400000,10103.036117849371
1707408000000,10111.783197072002
1707411600000,10096.089697072002
1707415200000,10097.300577072001
1707418800000,10103.016357072001
1707422400000,10100.353677072002
1707426000000,10103.021237072002
1707429600000,10101.939657072002
1707433200000,10100.445637072002
1707436800000,10099.993013033672
1707440400000,10100.264033033673
1707444000000,10103.232713033673
1707447600000,10126.161493033673
1707451200000,10120.492093033672
1707454800000,10118.016933033672
1707458400000,10124.017313033672
1707462000000,10122.037773033673
1707465600000,10123.981895184708
1707469200000,10139.541895184708
1707472800000,10132.999655184707
1707476400000,10138.871875184708
1707480000000,10152.221295184709
1707483600000,10159.344235184708
1707487200000,10161.413055184708
1707490800000,10147.582595184707
1707494400000,10150.52394962733
1707498000000,10149.61486962733
1707501600000,10163.36252962733
1707505200000,10159.29814962733
1707508800000,10154.88208962733
1707512400000,10155.90940962733
1707516000000,10159.016849627329
1707519600000,10152.38936962733
1707523200000,10147.954694257935
1707526800000,10147.057714257935
1707530400000,10150.645634257935
1707534000000,10153.667354257936
1707537600000,10155.473234257935
1707541200000,10153.351474257935
1707544800000,10152.728654257935
1707548400000,10152.788254257935
1707552000000,10149.571072136208
1707555600000,10149.571072136208
1707559200000,10149.571072136208
1707562800000,10149.571072136208
1707566400000,10149.571072136208
1707570000000,10149.571072136208
1707573600000,10149.571072136208
1707577200000,10149.571072136208
1707580800000,10149.571072136208
1707584400000,10149.571072136208
1707588000000,10149.571072136208
1707591600000,10149.571072136208
1707595200000,10149.571072136208
1707598800000,10149.571072136208
1707602400000,10149.571072136208
1707606000000,10149.571072136208
1707609600000,10149.571072136208
1707613200000,10149.571072136208
1707616800000,10149.571072136208
1707620400000,10149.571072136208
1707624000000,10149.571072136208
1707627600000,10149.571072136208
1707631200000,10149.571072136208
1707634800000,10149.571072136208
1707638400000,10149.571072136208
1707642000000,10149.571072136208
1707645600000,10149.571072136208
1707649200000,10149.571072136208
1707652800000,10149.571072136208
1707656400000,10149.571072136208
1707660000000,10149.571072136208
1707663600000,10149.571072136208
1707667200000,10149.571072136208
1707670800000,10149.571072136208
1707674400000,10149.571072136208
1707678000000,10149.571072136208
1707681600000,10149.571072136208
1707685200000,10149.571072136208
1707688800000,10149.571072136208
1707692400000,10149.571072136208
1707696000000,10149.271141561358
1707699600000,10151.549781561358
1707703200000,10151.602991561358
1707706800000,10148.397871561358
1707710400000,10146.892341561357
1707714000000,10145.524531561357
1707717600000,10145.195881561358
1707721200000,10145.565221561357
1707724800000,10147.39334039805
1707728400000,10143.643600398049
1707732000000,10140.37901039805
1707735600000,10141.13334039805
1707739200000,10142.70460039805
1707742800000,10143.396330398049
1707746400000,10142.79537039805
1707750000000,10154.805180398049
1707753600000,10164.819382213049
1707757200000,10163.44844221305
1707760800000,10181.40212221305
1707764400000,10184.96093221305
1707768000000,10182.895132213049
1707771600000,10191.44629221305
1707775200000,10189.13322221305
1707778800000,10195.17412221305
1707782400000,10199.081620671412
1707786000000,10200.202160671412
1707789600000,10202.80632067141
1707793200000,10196.342870671411
1707796800000,10191.848190671411
1707800400000,10193.140880671412
1707804000000,10195.33188067141
1707807600000,10193.435100671411
1707811200000,10193.937457533411
1707814800000,10197.70910753341
1707818400000,10202.685807533411
1707822000000,10200.59809753341
1707825600000,10203.33684753341
1707829200000,10202.05041753341
1707832800000,10193.03288753341
1707836400000,10189.85906753341
1707840000000,10188.90966083045
1707843600000,10180.27086083045
1707847200000,10184.22405083045
1707850800000,10187.22885083045
1707854400000,10182.352310830449
1707858000000,10187.16938083045
1707861600000,10188.91592083045
1707865200000,10188.15533083045
1707868800000,10190.38887911145
1707872400000,10187.66890911145
1707876000000,10184.74861911145
1707879600000,10189.21199911145
1707883200000,10190.11030911145
1707886800000,10186.79876911145
1707890400000,10191.65965911145
1707894000000,10193.18083911145
1707897600000,10194.70034080545
1707901200000,10214.19085080545
1707904800000,10224.70765080545
1707908400000,10226.33838080545
1707912000000,10226.98629080545
1707915600000,10221.89065080545
1707919200000,10229.49029080545
1707922800000,10227.81574080545
1707926400000,10225.293020788555
1707930000000,10221.515110788556
1707933600000,10222.907960788556
1707937200000,10225.296150788556
1707940800000,10229.205520788555
1707944400000,10228.808010788556
1707948000000,10235.518730788555
1707951600000,10231.415300788556
1707955200000,10232.434237368152
1707958800000,10232.434237368152
1707962400000,10232.434237368152
1707966000000,10232.434237368152
1707969600000,10232.434237368152
1707973200000,10232.434237368152
1707976800000,10232.434237368152
1707980400000,10232.434237368152
1707984000000,10232.434237368152
1707987600000,10232.434237368152
1707991200000,10232.434237368152
1707994800000,10232.434237368152
1707998400000,10232.434237368152
1708002000000,10232.434237368152
1708005600000,10232.434237368152
1708009200000,10232.434237368152
1708012800000,10232.434237368152
1708016400000,10232.434237368152
1708020000000,10232.434237368152
1708023600000,10232.434237368152
1708027200000,10232.434237368152
1708030800000,10232.434237368152
1708034400000,10232.434237368152
1708038000000,10232.434237368152
1708041600000,10232.434237368152
1708045200000,10232.434237368152
1708048800000,10232.434237368152
1708052400000,10232.434237368152
1708056000000,10232.434237368152
1708059600000,10232.434237368152
1708063200000,10232.434237368152
1708066800000,10232.434237368152
1708070400000,10232.434237368152
1708074000000,10232.434237368152
1708077600000,10232.434237368152
1708081200000,10232.434237368152
1708084800000,10232.434237368152
1708088400000,10232.434237368152
1708092000000,10232.434237368152
1708095600000,10232.434237368152
1708099200000,10232.434237368152
1708102800000,10232.434237368152
1708106400000,10232.434237368152
1708110000000,10232.434237368152
1708113600000,10232.434237368152
1708117200000,10232.434237368152
1708120800000,10232.434237368152
1708124400000,10232.434237368152
1708128000000,10232.434237368152
1708131600000,10232.434237368152
1708135200000,10232.434237368152
1708138800000,10232.434237368152
1708142400000,10232.434237368152
1708146000000,10232.434237368152
1708149600000,10232.434237368152
1708153200000,10232.434237368152
1708156800000,10232.434237368152
1708160400000,10232.434237368152
1708164000000,10232.434237368152
1708167600000,10232.434237368152
1708171200000,10232.434237368152
1708174800000,10232.434237368152
1708178400000,10232.434237368152
1708182000000,10232.434237368152
1708185600000,10232.434237368152
1708189200000,10232.434237368152
1708192800000,10232.434237368152
1708196400000,10232.434237368152
1708200000000,10232.434237368152
1708203600000,10232.434237368152
1708207200000,10232.434237368152
1708210800000,10232.434237368152
1708214400000,10232.434237368152
1708218000000,10232.434237368152
1708221600000,10232.434237368152
1708225200000,10232.434237368152
1708228800000,10232.434237368152
1708232400000,10232.434237368152
1708236000000,10232.434237368152
1708239600000,10232.434237368152
1708243200000,10232.434237368152
1708246800000,10232.434237368152
1708250400000,10232.434237368152
1708254000000,10232.434237368152
1708257600000,10232.434237368152
1708261200000,10232.434237368152
1708264800000,10232.434237368152
1708268400000,10232.434237368152
1708272000000,10232.434237368152
1708275600000,10232.434237368152
1708279200000,10232.434237368152
1708282800000,10232.434237368152
1708286400000,10232.434237368152
1708290000000,10232.434237368152
1708293600000,10232.434237368152
1708297200000,10232.434237368152
1708300800000,10232.434237368152
1708304400000,10232.434237368152
1708308000000,10232.434237368152
1708311600000,10232.434237368152
1708315200000,10232.434237368152
1708318800000,10232.434237368152
1708322400000,10232.434237368152
1708326000000,10232.434237368152
1708329600000,10232.434237368152
1708333200000,10232.434237368152
1708336800000,10232.434237368152
1708340400000,10232.434237368152
1708344000000,10232.434237368152
1708347600000,10232.434237368152
1708351200000,10232.434237368152
1708354800000,10232.434237368152
1708358400000,10232.434237368152
1708362000000,10232.434237368152
1708365600000,10232.434237368152
1708369200000,10232.434237368152
1708372800000,10232.434237368152
1708376400000,10232.434237368152
1708380000000,10232.434237368152
1708383600000,10232.434237368152
1708387200000,10232.434237368152
1708390800000,10232.434237368152
1708394400000,10232.434237368152
1708398000000,10232.434237368152
1708401600000,10232.434237368152
1708405200000,10232.434237368152
1708408800000,10232.434237368152
1708412400000,10232.434237368152
1708416000000,10232.434237368152
1708419600000,10232.434237368152
1708423200000,10232.434237368152
1708426800000,10232.434237368152
1708430400000,10232.434237368152
1708434000000,10232.434237368152
1708437600000,10232.434237368152
1708441200000,10232.434237368152
1708444800000,10232.434237368152
1708448400000,10232.434237368152
1708452000000,10232.434237368152
1708455600000,10232.434237368152
1708459200000,10232.434237368152
1708462800000,10232.434237368152
1708466400000,10232.434237368152
1708470000000,10232.434237368152
1708473600000,10232.434237368152
1708477200000,10232.434237368152
1708480800000,10232.434237368152
1708484400000,10232.434237368152
1708488000000,10232.434237368152
1708491600000,10232.434237368152
1708495200000,10232.434237368152
1708498800000,10232.434237368152
1708502400000,10232.434237368152
1708506000000,10232.434237368152
1708509600000,10232.434237368152
1708513200000,10232.434237368152
1708516800000,10232.434237368152
1708520400000,10232.434237368152
1708524000000,10232.434237368152
1708527600000,10232.434237368152
1708531200000,10232.434237368152
1708534800000,10232.434237368152
1708538400000,10232.434237368152
1708542000000,10232.434237368152
1708545600000,10232.434237368152
1708549200000,10232.434237368152
1708552800000,10232.434237368152
1708556400000,10232.434237368152
1708560000000,10232.434237368152
1708563600000,10232.434237368152
1708567200000,10232.434237368152
1708570800000,10232.434237368152
1708574400000,10232.434237368152
1708578000000,10232.434237368152
1708581600000,10232.434237368152
1708585200000,10232.434237368152
1708588800000,10232.434237368152
1708592400000,10232.434237368152
1708596000000,10232.434237368152
1708599600000,10232.434237368152
1708603200000,10232.434237368152
1708606800000,10232.434237368152
1708610400000,10232.434237368152
1708614000000,10232.434237368152
1708617600000,10232.434237368152
1708621200000,10232.434237368152
1708624800000,10232.434237368152
1708628400000,10232.434237368152
1708632000000,10232.434237368152
1708635600000,10232.434237368152
1708639200000,10232.434237368152
1708642800000,10232.434237368152
1708646400000,10232.434237368152
1708650000000,10232.434237368152
1708653600000,10232.434237368152
1708657200000,10232.434237368152
1708660800000,10232.434237368152
1708664400000,10232.434237368152
1708668000000,10232.434237368152
1708671600000,10232.434237368152
1708675200000,10232.434237368152
1708678800000,10232.434237368152
1708682400000,10232.434237368152
1708686000000,10232.434237368152
1708689600000,10232.434237368152
1708693200000,10232.434237368152
1708696800000,10232.434237368152
1708700400000,10232.434237368152
1708704000000,10232.434237368152
1708707600000,10232.434237368152
1708711200000,10232.434237368152
1708714800000,10232.434237368152
1708718400000,10232.434237368152
1708722000000,10232.434237368152
1708725600000,10232.434237368152
1708729200000,10232.434237368152
1708732800000,10232.434237368152
1708736400000,10232.434237368152
1708740000000,10232.434237368152
1708743600000,10232.434237368152
1708747200000,10232.434237368152
1708750800000,10232.434237368152
1708754400000,10232.434237368152
1708758000000,10232.434237368152
1708761600000,10232.434237368152
1708765200000,10232.434237368152
1708768800000,10232.434237368152
1708772400000,10232.434237368152
1708776000000,10232.434237368152
1708779600000,10232.434237368152
1708783200000,10232.434237368152
1708786800000,10232.434237368152
1708790400000,10232.434237368152
1708794000000,10232.434237368152
1708797600000,10232.434237368152
1708801200000,10232.434237368152
1708804800000,10232.434237368152
1708808400000,10232.434237368152
1708812000000,10232.434237368152
1708815600000,10232.434237368152
1708819200000,10232.434237368152
1708822800000,10232.434237368152
1708826400000,10232.434237368152
1708830000000,10232.434237368152
1708833600000,10232.434237368152
1708837200000,10232.434237368152
1708840800000,10232.434237368152
1708844400000,10232.434237368152
1708848000000,10232.434237368152
1708851600000,10232.434237368152
1708855200000,10232.434237368152
1708858800000,10232.434237368152
1708862400000,10232.434237368152
1708866000000,10232.434237368152
1708869600000,10232.434237368152
1708873200000,10232.434237368152
1708876800000,10232.434237368152
1708880400000,10232.434237368152
1708884000000,10232.434237368152
1708887600000,10232.434237368152
1708891200000,10232.434237368152
1708894800000,10232.434237368152
1708898400000,10232.434237368152
1708902000000,10232.434237368152
1708905600000,10232.434237368152
1708909200000,10232.434237368152
1708912800000,10232.434237368152
1708916400000,10232.434237368152
1708920000000,10232.434237368152
1708923600000,10232.434237368152
1708927200000,10232.434237368152
1708930800000,10232.434237368152
1708934400000,10232.434237368152
1708938000000,10232.434237368152
1708941600000,10232.434237368152
1708945200000,10232.434237368152
1708948800000,10232.434237368152
1708952400000,10232.434237368152
1708956000000,10232.434237368152
1708959600000,10232.434237368152
1708963200000,10232.434237368152
1708966800000,10232.434237368152
1708970400000,10232.434237368152
1708974000000,10232.434237368152
1708977600000,10232.434237368152
1708981200000,10232.434237368152
1708984800000,10232.434237368152
1708988400000,10232.434237368152
1708992000000,10232.434237368152
1708995600000,10232.434237368152
1708999200000,10232.434237368152
1709002800000,10232.434237368152
1709006400000,10232.434237368152
1709010000000,10232.434237368152
1709013600000,10232.434237368152
1709017200000,10232.434237368152
1709020800000,10232.434237368152
1709024400000,10232.434237368152
1709028000000,10232.434237368152
1709031600000,10232.434237368152
1709035200000,10232.434237368152
1709038800000,10232.434237368152
1709042400000,10232.434237368152
1709046000000,10232.434237368152
1709049600000,10232.434237368152
1709053200000,10232.434237368152
1709056800000,10232.434237368152
1709060400000,10232.434237368152
1709064000000,10232.434237368152
1709067600000,10232.434237368152
1709071200000,10232.434237368152
1709074800000,10232.434237368152
1709078400000,10232.434237368152
1709082000000,10232.434237368152
1709085600000,10232.434237368152
1709089200000,10232.434237368152
1709092800000,10232.434237368152
1709096400000,10232.434237368152
1709100000000,10232.434237368152
1709103600000,10232.434237368152
1709107200000,10232.434237368152
1709110800000,10232.434237368152
1709114400000,10232.434237368152
1709118000000,10232.434237368152
1709121600000,10232.434237368152
1709125200000,10232.434237368152
1709128800000,10232.434237368152
1709132400000,10232.434237368152
1709136000000,10232.434237368152
1709139600000,10232.434237368152
1709143200000,10232.434237368152
1709146800000,10232.434237368152
1709150400000,10232.434237368152
1709154000000,10232.434237368152
1709157600000,10232.434237368152
1709161200000,10232.434237368152
1709164800000,10232.434237368152
1709168400000,10232.434237368152
1709172000000,10232.434237368152
1709175600000,10232.434237368152
1709179200000,10232.434237368152
1709182800000,10232.434237368152
1709186400000,10232.434237368152
1709190000000,10232.434237368152
1709193600000,10232.434237368152
1709197200000,10232.434237368152
1709200800000,10232.434237368152
1709204400000,10232.434237368152
1709208000000,10232.434237368152
1709211600000,10232.434237368152
1709215200000,10232.434237368152
1709218800000,10232.434237368152
1709222400000,10232.434237368152
1709226000000,10232.434237368152
1709229600000,10232.434237368152
1709233200000,10232.434237368152
1709236800000,10232.434237368152
1709240400000,10232.434237368152
1709244000000,10232.434237368152
1709247600000,10232.434237368152
1709251200000,10232.434237368152
1709254800000,10232.434237368152
1709258400000,10232.434237368152
1709262000000,10232.434237368152
1709265600000,10232.434237368152
1709269200000,10232.434237368152
1709272800000,10232.434237368152
1709276400000,10232.434237368152
1709280000000,10232.434237368152
1709283600000,10232.434237368152
1709287200000,10232.434237368152
1709290800000,10232.434237368152
1709294400000,10232.434237368152
1709298000000,10232.434237368152
1709301600000,10232.434237368152
1709305200000,10232.434237368152
1709308800000,10232.434237368152
1709312400000,10232.434237368152
1709316000000,10232.434237368152
1709319600000,10232.434237368152
1709323200000,10232.434237368152
1709326800000,10232.434237368152
1709330400000,10232.434237368152
1709334000000,10232.434237368152
1709337600000,10232.434237368152
1709341200000,10232.434237368152
1709344800000,10232.434237368152
1709348400000,10232.434237368152
1709352000000,10232.434237368152
1709355600000,10232.434237368152
1709359200000,10232.434237368152
1709362800000,10232.434237368152
1709366400000,10232.434237368152
1709370000000,10232.434237368152
1709373600000,10232.434237368152
1709377200000,10232.434237368152
1709380800000,10232.434237368152
1709384400000,10232.434237368152
1709388000000,10232.434237368152
1709391600000,10232.434237368152
1709395200000,10232.434237368152
1709398800000,10232.434237368152
1709402400000,10232.434237368152
1709406000000,10232.434237368152
1709409600000,10232.434237368152
1709413200000,10232.434237368152
1709416800000,10232.434237368152
1709420400000,10232.434237368152
1709424000000,10232.434237368152
1709427600000,10232.434237368152
1709431200000,10232.434237368152
1709434800000,10232.434237368152
1709438400000,10232.434237368152
1709442000000,10232.434237368152
1709445600000,10232.434237368152
1709449200000,10232.434237368152
1709452800000,10232.434237368152
1709456400000,10232.434237368152
1709460000000,10232.434237368152
1709463600000,10232.434237368152
1709467200000,10232.434237368152
1709470800000,10232.434237368152
1709474400000,10232.434237368152
1709478000000,10232.434237368152
1709481600000,10232.434237368152
1709485200000,10232.434237368152
1709488800000,10232.434237368152
1709492400000,10232.434237368152
1709496000000,10232.434237368152
1709499600000,10232.434237368152
1709503200000,10232.434237368152
1709506800000,10232.434237368152
1709510400000,10232.434237368152
1709514000000,10232.434237368152
1709517600000,10232.434237368152
1709521200000,10232.434237368152
1709524800000,10232.434237368152
1709528400000,10232.434237368152
1709532000000,10232.434237368152
1709535600000,10232.434237368152
1709539200000,10232.434237368152
1709542800000,10232.434237368152
1709546400000,10232.434237368152
1709550000000,10232.434237368152
1709553600000,10232.434237368152
1709557200000,10232.434237368152
1709560800000,10232.434237368152
1709564400000,10232.434237368152
1709568000000,10232.434237368152
1709571600000,10232.434237368152
1709575200000,10232.434237368152
1709578800000,10232.434237368152
1709582400000,10232.434237368152
1709586000000,10232.434237368152
1709589600000,10232.434237368152
1709593200000,10232.434237368152
1709596800000,10232.434237368152
1709600400000,10232.434237368152
1709604000000,10232.434237368152
1709607600000,10232.434237368152
1709611200000,10232.434237368152
1709614800000,10232.434237368152
1709618400000,10232.434237368152
1709622000000,10232.434237368152
1709625600000,10232.434237368152
1709629200000,10232.434237368152
1709632800000,10232.434237368152
1709636400000,10232.434237368152
1709640000000,10232.434237368152
1709643600000,10232.434237368152
1709647200000,10232.434237368152
1709650800000,10232.434237368152
1709654400000,10232.434237368152
1709658000000,10232.434237368152
1709661600000,10232.434237368152
1709665200000,10232.434237368152
1709668800000,10232.434237368152
1709672400000,10232.434237368152
1709676000000,10232.434237368152
1709679600000,10232.434237368152
1709683200000,10232.434237368152
1709686800000,10232.434237368152
1709690400000,10232.434237368152
1709694000000,10232.434237368152
1709697600000,10232.434237368152
1709701200000,10232.434237368152
1709704800000,10232.434237368152
1709708400000,10232.434237368152
1709712000000,10232.434237368152
1709715600000,10232.434237368152
1709719200000,10232.434237368152
1709722800000,10232.434237368152
1709726400000,10232.434237368152
1709730000000,10232.434237368152
1709733600000,10232.434237368152
1709737200000,10232.434237368152
1709740800000,10232.434237368152
1709744400000,10232.434237368152
1709748000000,10232.434237368152
1709751600000,10232.434237368152
1709755200000,10232.434237368152
1709758800000,10232.434237368152
1709762400000,10232.434237368152
1709766000000,10232.434237368152
1709769600000,10232.434237368152
1709773200000,10232.434237368152
1709776800000,10232.434237368152
1709780400000,10232.434237368152
1709784000000,10232.434237368152
1709787600000,10232.434237368152
1709791200000,10232.434237368152
1709794800000,10232.434237368152
1709798400000,10232.434237368152
1709802000000,10232.434237368152
1709805600000,10232.434237368152
1709809200000,10232.434237368152
1709812800000,10232.434237368152
1709816400000,10232.434237368152
1709820000000,10232.434237368152
1709823600000,10232.434237368152
1709827200000,10232.434237368152
1709830800000,10232.434237368152
1709834400000,10232.434237368152
1709838000000,10232.434237368152
1709841600000,10232.434237368152
1709845200000,10232.434237368152
1709848800000,10232.434237368152
1709852400000,10232.434237368152
1709856000000,10232.434237368152
1709859600000,10232.434237368152
1709863200000,10232.434237368152
1709866800000,10232.434237368152
1709870400000,10232.434237368152
1709874000000,10232.434237368152
1709877600000,10232.434237368152
1709881200000,10232.434237368152
1709884800000,10232.434237368152
1709888400000,10232.434237368152
1709892000000,10232.434237368152
1709895600000,10232.434237368152
1709899200000,10232.434237368152
1709902800000,10232.434237368152
1709906400000,10232.434237368152
1709910000000,10232.434237368152
1709913600000,10232.434237368152
1709917200000,10232.434237368152
1709920800000,10232.434237368152
1709924400000,10232.434237368152
1709928000000,10232.434237368152
1709931600000,10232.434237368152
1709935200000,10232.434237368152
1709938800000,10232.434237368152
1709942400000,10232.434237368152
1709946000000,10232.434237368152
1709949600000,10232.434237368152
1709953200000,10232.434237368152
1709956800000,10232.434237368152
1709960400000,10232.434237368152
1709964000000,10232.434237368152
1709967600000,10232.434237368152
1709971200000,10232.434237368152
1709974800000,10232.434237368152
1709978400000,10232.434237368152
1709982000000,10232.434237368152
1709985600000,10232.434237368152
1709989200000,10232.434237368152
1709992800000,10232.434237368152
1709996400000,10232.434237368152
1710000000000,10232.434237368152
1710003600000,10232.434237368152
1710007200000,10232.434237368152
1710010800000,10232.434237368152
1710014400000,10232.434237368152
1710018000000,10232.434237368152
1710021600000,10232.434237368152
1710025200000,10232.434237368152
1710028800000,10232.434237368152
1710032400000,10232.434237368152
1710036000000,10232.434237368152
1710039600000,10232.434237368152
1710043200000,10232.434237368152
1710046800000,10232.434237368152
1710050400000,10232.434237368152
1710054000000,10232.434237368152
1710057600000,10232.434237368152
1710061200000,10232.434237368152
1710064800000,10232.434237368152
1710068400000,10232.434237368152
1710072000000,10232.434237368152
1710075600000,10232.434237368152
1710079200000,10232.434237368152
1710082800000,10232.434237368152
1710086400000,10232.434237368152
1710090000000,10232.434237368152
1710093600000,10232.434237368152
1710097200000,10232.434237368152
1710100800000,10232.434237368152
1710104400000,10232.434237368152
1710108000000,10232.434237368152
1710111600000,10232.434237368152
1710115200000,10232.434237368152
1710118800000,10232.434237368152
1710122400000,10232.434237368152
1710126000000,10232.434237368152
1710129600000,10232.434237368152
1710133200000,10232.434237368152
1710136800000,10232.434237368152
1710140400000,10232.434237368152
1710144000000,10232.434237368152
1710147600000,10232.434237368152
1710151200000,10232.434237368152
1710154800000,10232.434237368152
1710158400000,10232.434237368152
1710162000000,10232.434237368152
1710165600000,10232.434237368152
1710169200000,10232.434237368152
1710172800000,10232.434237368152
1710176400000,10232.434237368152
1710180000000,10232.434237368152
1710183600000,10232.434237368152
1710187200000,10232.434237368152
1710190800000,10232.434237368152
1710194400000,10232.434237368152
1710198000000,10232.434237368152
1710201600000,10232.434237368152
1710205200000,10232.434237368152
1710208800000,10232.434237368152
1710212400000,10232.434237368152
1710216000000,10232.434237368152
1710219600000,10232.434237368152
1710223200000,10232.434237368152
1710226800000,10232.434237368152
1710230400000,10232.434237368152
1710234000000,10232.434237368152
1710237600000,10232.434237368152
1710241200000,10232.434237368152
1710244800000,10232.434237368152
1710248400000,10232.434237368152
1710252000000,10232.434237368152
1710255600000,10232.434237368152
1710259200000,10232.434237368152
1710262800000,10232.434237368152
1710266400000,10232.434237368152
1710270000000,10232.434237368152
1710273600000,10232.434237368152
1710277200000,10232.434237368152
1710280800000,10232.434237368152
1710284400000,10232.434237368152
1710288000000,10232.434237368152
1710291600000,10232.434237368152
1710295200000,10232.434237368152
1710298800000,10232.434237368152
1710302400000,10232.434237368152
1710306000000,10232.434237368152
1710309600000,10232.434237368152
1710313200000,10232.434237368152
1710316800000,10232.434237368152
1710320400000,10232.434237368152
1710324000000,10232.434237368152
1710327600000,10232.434237368152
1710331200000,10232.434237368152
1710334800000,10232.434237368152
1710338400000,10232.434237368152
1710342000000,10232.434237368152
1710345600000,10232.434237368152
1710349200000,10232.434237368152
1710352800000,10232.434237368152
1710356400000,10232.434237368152
1710360000000,10232.434237368152
1710363600000,10232.434237368152
1710367200000,10232.434237368152
1710370800000,10232.434237368152
1710374400000,10232.434237368152
1710378000000,10232.434237368152
1710381600000,10232.434237368152
1710385200000,10232.434237368152
1710388800000,10232.434237368152
1710392400000,10232.434237368152
1710396000000,10232.434237368152
1710399600000,10232.434237368152
1710403200000,10232.434237368152
1710406800000,10232.434237368152
1710410400000,10232.434237368152
1710414000000,10232.434237368152
1710417600000,10232.434237368152
1710421200000,10232.434237368152
1710424800000,10232.434237368152
1710428400000,10232.434237368152
1710432000000,10232.434237368152
1710435600000,10232.434237368152
1710439200000,10232.434237368152
1710442800000,10232.434237368152
1710446400000,10232.434237368152
1710450000000,10232.434237368152
1710453600000,10232.434237368152
1710457200000,10232.434237368152
1710460800000,10232.434237368152
1710464400000,10232.434237368152
1710468000000,10232.434237368152
1710471600000,10232.434237368152
1710475200000,10232.434237368152
1710478800000,10232.434237368152
1710482400000,10232.434237368152
1710486000000,10232.434237368152
1710489600000,10232.434237368152
1710493200000,10232.434237368152
1710496800000,10232.434237368152
1710500400000,10232.434237368152
1710504000000,10232.434237368152
1710507600000,10232.434237368152
1710511200000,10232.434237368152
1710514800000,10232.434237368152
1710518400000,10232.434237368152
1710522000000,10232.434237368152
1710525600000,10232.434237368152
1710529200000,10232.434237368152
1710532800000,10232.434237368152
1710536400000,10232.434237368152
1710540000000,10232.434237368152
1710543600000,10232.434237368152
1710547200000,10232.434237368152
1710550800000,10232.434237368152
1710554400000,10232.434237368152
1710558000000,10232.434237368152
1710561600000,10232.434237368152
1710565200000,10232.434237368152
1710568800000,10232.434237368152
1710572400000,10232.434237368152
1710576000000,10232.434237368152
1710579600000,10232.434237368152
1710583200000,10232.434237368152
1710586800000,10232.434237368152
1710590400000,10232.434237368152
1710594000000,10232.434237368152
1710597600000,10232.434237368152
1710601200000,10232.434237368152
1710604800000,10232.434237368152
1710608400000,10232.434237368152
1710612000000,10232.434237368152
1710615600000,10232.434237368152
1710619200000,10232.434237368152
1710622800000,10232.434237368152
1710626400000,10232.434237368152
1710630000000,10232.434237368152
1710633600000,10232.434237368152
1710637200000,10232.434237368152
1710640800000,10232.434237368152
1710644400000,10232.434237368152
1710648000000,10232.434237368152
1710651600000,10232.434237368152
1710655200000,10232.434237368152
1710658800000,10232.434237368152
1710662400000,10232.434237368152
1710666000000,10232.434237368152
1710669600000,10232.434237368152
1710673200000,10232.434237368152
1710676800000,10232.434237368152
1710680400000,10232.434237368152
1710684000000,10232.434237368152
1710687600000,10232.434237368152
1710691200000,10232.434237368152
1710694800000,10232.434237368152
1710698400000,10232.434237368152
1710702000000,10232.434237368152
1710705600000,10232.434237368152
1710709200000,10232.434237368152
1710712800000,10232.434237368152
1710716400000,10232.434237368152
1710720000000,10232.434237368152
1710723600000,10232.434237368152
1710727200000,10232.434237368152
1710730800000,10232.434237368152
1710734400000,10232.434237368152
1710738000000,10232.434237368152
1710741600000,10232.434237368152
1710745200000,10232.434237368152
1710748800000,10232.434237368152
1710752400000,10232.434237368152
1710756000000,10232.434237368152
1710759600000,10232.434237368152
1710763200000,10232.434237368152
1710766800000,10232.434237368152
1710770400000,10232.434237368152
1710774000000,10232.434237368152
1710777600000,10232.434237368152
1710781200000,10232.434237368152
1710784800000,10232.434237368152
1710788400000,10232.434237368152
1710792000000,10232.434237368152
1710795600000,10232.434237368152
1710799200000,10232.434237368152
1710802800000,10232.434237368152
1710806400000,10232.434237368152
1710810000000,10232.434237368152
1710813600000,10232.434237368152
1710817200000,10232.434237368152
1710820800000,10232.434237368152
1710824400000,10232.434237368152
1710828000000,10232.434237368152
1710831600000,10232.434237368152
1710835200000,10232.434237368152
1710838800000,10232.434237368152
1710842400000,10232.434237368152
1710846000000,10232.434237368152
1710849600000,10232.434237368152
1710853200000,10232.434237368152
1710856800000,10232.434237368152
1710860400000,10232.434237368152
1710864000000,10232.434237368152
1710867600000,10232.434237368152
1710871200000,10232.434237368152
1710874800000,10232.434237368152
1710878400000,10232.434237368152
1710882000000,10232.434237368152
1710885600000,10232.434237368152
1710889200000,10232.434237368152
1710892800000,10232.434237368152
1710896400000,10232.434237368152
1710900000000,10232.434237368152
1710903600000,10232.434237368152
1710907200000,10232.434237368152
1710910800000,10232.434237368152
1710914400000,10232.434237368152
1710918000000,10232.434237368152
1710921600000,10232.434237368152
1710925200000,10232.434237368152
1710928800000,10232.434237368152
1710932400000,10232.434237368152
1710936000000,10232.434237368152
1710939600000,10232.434237368152
1710943200000,10232.434237368152
1710946800000,10232.434237368152
1710950400000,10232.434237368152
1710954000000,10232.434237368152
1710957600000,10232.434237368152
1710961200000,10232.434237368152
1710964800000,10232.434237368152
1710968400000,10232.434237368152
1710972000000,10232.434237368152
1710975600000,10232.434237368152
1710979200000,10232.434237368152
1710982800000,10232.434237368152
1710986400000,10232.434237368152
1710990000000,10232.434237368152
1710993600000,10232.434237368152
1710997200000,10232.434237368152
1711000800000,10232.434237368152
1711004400000,10232.434237368152
1711008000000,10232.434237368152
1711011600000,10232.434237368152
1711015200000,10232.434237368152
1711018800000,10232.434237368152
1711022400000,10232.434237368152
1711026000000,10232.434237368152
1711029600000,10232.434237368152
1711033200000,10232.434237368152
1711036800000,10232.434237368152
1711040400000,10232.434237368152
1711044000000,10232.434237368152
1711047600000,10232.434237368152
1711051200000,10232.434237368152
1711054800000,10232.434237368152
1711058400000,10232.434237368152
1711062000000,10232.434237368152
1711065600000,10232.434237368152
1711069200000,10232.434237368152
1711072800000,10232.434237368152
1711076400000,10232.434237368152
1711080000000,10232.434237368152
1711083600000,10232.434237368152
1711087200000,10232.434237368152
1711090800000,10232.434237368152
1711094400000,10232.434237368152
1711098000000,10232.434237368152
1711101600000,10232.434237368152
1711105200000,10232.434237368152
1711108800000,10232.434237368152
1711112400000,10232.434237368152
1711116000000,10232.434237368152
1711119600000,10232.434237368152
1711123200000,10232.434237368152
1711126800000,10232.434237368152
1711130400000,10232.434237368152
1711134000000,10232.434237368152
1711137600000,10232.434237368152
1711141200000,10232.434237368152
1711144800000,10232.434237368152
1711148400000,10232.434237368152
1711152000000,10232.434237368152
1711155600000,10232.434237368152
1711159200000,10232.434237368152
1711162800000,10232.434237368152
1711166400000,10232.434237368152
1711170000000,10232.434237368152
1711173600000,10232.434237368152
1711177200000,10232.434237368152
1711180800000,10232.434237368152
1711184400000,10232.434237368152
1711188000000,10232.434237368152
1711191600000,10232.434237368152
1711195200000,10232.434237368152
1711198800000,10232.434237368152
1711202400000,10232.434237368152
1711206000000,10232.434237368152
1711209600000,10232.434237368152
1711213200000,10232.434237368152
1711216800000,10232.434237368152
1711220400000,10232.434237368152
1711224000000,10232.434237368152
1711227600000,10232.434237368152
1711231200000,10232.434237368152
1711234800000,10232.434237368152
1711238400000,10232.434237368152
1711242000000,10232.434237368152
1711245600000,10232.434237368152
1711249200000,10232.434237368152
1711252800000,10232.434237368152
1711256400000,10232.434237368152
1711260000000,10232.434237368152
1711263600000,10232.434237368152
1711267200000,10232.434237368152
1711270800000,10232.434237368152
1711274400000,10232.434237368152
1711278000000,10232.434237368152
1711281600000,10232.434237368152
1711285200000,10232.434237368152
1711288800000,10232.434237368152
1711292400000,10232.434237368152
1711296000000,10232.434237368152
1711299600000,10232.434237368152
1711303200000,10232.434237368152
1711306800000,10232.434237368152
1711310400000,10232.434237368152
1711314000000,10232.434237368152
1711317600000,10232.434237368152
1711321200000,10232.434237368152
1711324800000,10232.434237368152
1711328400000,10232.434237368152
1711332000000,10232.434237368152
1711335600000,10232.434237368152
1711339200000,10232.434237368152
1711342800000,10232.434237368152
1711346400000,10232.434237368152
1711350000000,10232.434237368152
1711353600000,10232.434237368152
1711357200000,10232.434237368152
1711360800000,10232.434237368152
1711364400000,10232.434237368152
1711368000000,10232.434237368152
1711371600000,10232.434237368152
1711375200000,10232.434237368152
1711378800000,10232.434237368152
1711382400000,10232.434237368152
1711386000000,10232.434237368152
1711389600000,10232.434237368152
1711393200000,10232.434237368152
1711396800000,10232.434237368152
1711400400000,10232.434237368152
1711404000000,10232.434237368152
1711407600000,10232.434237368152
1711411200000,10232.434237368152
1711414800000,10232.434237368152
1711418400000,10232.434237368152
1711422000000,10232.434237368152
1711425600000,10232.434237368152
1711429200000,10232.434237368152
1711432800000,10232.434237368152
1711436400000,10232.434237368152
1711440000000,10232.434237368152
1711443600000,10232.434237368152
1711447200000,10232.434237368152
1711450800000,10232.434237368152
1711454400000,10232.434237368152
1711458000000,10232.434237368152
1711461600000,10232.434237368152
1711465200000,10232.434237368152
1711468800000,10232.434237368152
1711472400000,10232.434237368152
1711476000000,10232.434237368152
1711479600000,10232.434237368152
1711483200000,10232.434237368152
1711486800000,10232.434237368152
1711490400000,10232.434237368152
1711494000000,10232.434237368152
1711497600000,10232.434237368152
1711501200000,10232.434237368152
1711504800000,10232.434237368152
1711508400000,10232.434237368152
1711512000000,10232.434237368152
1711515600000,10232.434237368152
1711519200000,10232.434237368152
1711522800000,10232.434237368152
1711526400000,10232.434237368152
1711530000000,10232.434237368152
1711533600000,10232.434237368152
1711537200000,10232.434237368152
1711540800000,10232.434237368152
1711544400000,10232.434237368152
1711548000000,10232.434237368152
1711551600000,10232.434237368152
1711555200000,10232.434237368152
1711558800000,10232.434237368152
1711562400000,10232.434237368152
1711566000000,10232.434237368152
1711569600000,10232.434237368152
1711573200000,10232.434237368152
1711576800000,10232.434237368152
1711580400000,10232.434237368152
1711584000000,10232.434237368152
1711587600000,10232.434237368152
1711591200000,10232.434237368152
1711594800000,10232.434237368152
1711598400000,10232.434237368152
1711602000000,10232.434237368152
1711605600000,10232.434237368152
1711609200000,10232.434237368152
1711612800000,10232.434237368152
1711616400000,10232.434237368152
1711620000000,10232.434237368152
1711623600000,10232.434237368152
1711627200000,10232.434237368152
1711630800000,10232.434237368152
1711634400000,10232.434237368152
1711638000000,10232.434237368152
1711641600000,10232.434237368152
1711645200000,10232.434237368152
1711648800000,10232.434237368152
1711652400000,10232.434237368152
1711656000000,10232.434237368152
1711659600000,10232.434237368152
1711663200000,10232.434237368152
1711666800000,10232.434237368152
1711670400000,10232.434237368152
1711674000000,10232.434237368152
1711677600000,10232.434237368152
1711681200000,10232.434237368152
1711684800000,10232.434237368152
1711688400000,10232.434237368152
1711692000000,10232.434237368152
1711695600000,10232.434237368152
1711699200000,10232.434237368152
1711702800000,10232.434237368152
1711706400000,10232.434237368152
1711710000000,10232.434237368152
1711713600000,10232.434237368152
1711717200000,10232.434237368152
1711720800000,10232.434237368152
1711724400000,10232.434237368152
1711728000000,10232.434237368152
1711731600000,10232.434237368152
1711735200000,10232.434237368152
1711738800000,10232.434237368152
1711742400000,10232.434237368152
1711746000000,10232.434237368152
1711749600000,10232.434237368152
1711753200000,10232.434237368152
1711756800000,10232.434237368152
1711760400000,10232.434237368152
1711764000000,10232.434237368152
1711767600000,10232.434237368152
1711771200000,10232.434237368152
1711774800000,10232.434237368152
1711778400000,10232.434237368152
1711782000000,10232.434237368152
1711785600000,10232.434237368152
1711789200000,10232.434237368152
1711792800000,10232.434237368152
1711796400000,10232.434237368152
1711800000000,10232.434237368152
1711803600000,10232.434237368152
1711807200000,10232.434237368152
1711810800000,10232.434237368152
1711814400000,10232.434237368152
1711818000000,10232.434237368152
1711821600000,10232.434237368152
1711825200000,10232.434237368152
1711828800000,10232.434237368152
1711832400000,10232.434237368152
1711836000000,10232.434237368152
1711839600000,10232.434237368152
1711843200000,10232.434237368152
1711846800000,10232.434237368152
1711850400000,10232.434237368152
1711854000000,10232.434237368152
1711857600000,10232.434237368152
1711861200000,10232.434237368152
1711864800000,10232.434237368152
1711868400000,10232.434237368152
1711872000000,10232.434237368152
1711875600000,10232.434237368152
1711879200000,10232.434237368152
1711882800000,10232.434237368152
1711886400000,10232.434237368152
1711890000000,10232.434237368152
1711893600000,10232.434237368152
1711897200000,10232.434237368152
1711900800000,10232.434237368152
1711904400000,10232.434237368152
1711908000000,10232.434237368152
1711911600000,10232.434237368152
1711915200000,10232.434237368152
1711918800000,10232.434237368152
1711922400000,10232.434237368152
1711926000000,10232.434237368152
1711929600000,10232.434237368152
1711933200000,10232.434237368152
1711936800000,10232.434237368152
1711940400000,10232.434237368152
1711944000000,10232.434237368152
1711947600000,10232.434237368152
1711951200000,10232.434237368152
1711954800000,10232.434237368152
1711958400000,10232.434237368152
1711962000000,10232.434237368152
1711965600000,10232.434237368152
1711969200000,10232.434237368152
1711972800000,10232.434237368152
1711976400000,10232.434237368152
1711980000000,10232.434237368152
1711983600000,10232.434237368152
1711987200000,10232.434237368152
1711990800000,10232.434237368152
1711994400000,10232.434237368152
1711998000000,10232.434237368152
1712001600000,10232.434237368152
1712005200000,10232.434237368152
1712008800000,10232.434237368152
1712012400000,10232.434237368152
1712016000000,10232.434237368152
1712019600000,10232.434237368152
1712023200000,10232.434237368152
1712026800000,10232.434237368152
1712030400000,10232.434237368152
1712034000000,10232.434237368152
1712037600000,10232.434237368152
1712041200000,10232.434237368152
1712044800000,10232.434237368152
1712048400000,10232.434237368152
1712052000000,10232.434237368152
1712055600000,10232.434237368152
1712059200000,10232.434237368152
1712062800000,10232.434237368152
1712066400000,10232.434237368152
1712070000000,10232.434237368152
1712073600000,10232.434237368152
1712077200000,10232.434237368152
1712080800000,10232.434237368152
1712084400000,10232.434237368152
1712088000000,10232.434237368152
1712091600000,10232.434237368152
1712095200000,10232.434237368152
1712098800000,10232.434237368152
1712102400000,10232.434237368152
1712106000000,10232.434237368152
1712109600000,10232.434237368152
1712113200000,10232.434237368152
1712116800000,10232.434237368152
1712120400000,10232.434237368152
1712124000000,10232.434237368152
1712127600000,10232.434237368152
1712131200000,10232.434237368152
1712134800000,10232.434237368152
1712138400000,10232.434237368152
1712142000000,10232.434237368152
1712145600000,10232.434237368152
1712149200000,10232.434237368152
1712152800000,10232.434237368152
1712156400000,10232.434237368152
1712160000000,10232.434237368152
1712163600000,10232.434237368152
1712167200000,10232.434237368152
1712170800000,10232.434237368152
1712174400000,10232.434237368152
1712178000000,10232.434237368152
1712181600000,10232.434237368152
1712185200000,10232.434237368152
1712188800000,10232.434237368152
1712192400000,10232.434237368152
1712196000000,10232.434237368152
1712199600000,10232.434237368152
1712203200000,10232.434237368152
1712206800000,10232.434237368152
1712210400000,10232.434237368152
1712214000000,10232.434237368152
1712217600000,10232.434237368152
1712221200000,10232.434237368152
1712224800000,10232.434237368152
1712228400000,10232.434237368152
1712232000000,10232.434237368152
1712235600000,10232.434237368152
1712239200000,10232.434237368152
1712242800000,10232.434237368152
1712246400000,10232.434237368152
1712250000000,10232.434237368152
1712253600000,10232.434237368152
1712257200000,10232.434237368152
1712260800000,10232.434237368152
1712264400000,10232.434237368152
1712268000000,10232.434237368152
1712271600000,10232.434237368152
1712275200000,10232.434237368152
1712278800000,10232.434237368152
1712282400000,10232.434237368152
1712286000000,10232.434237368152
1712289600000,10232.434237368152
1712293200000,10232.434237368152
1712296800000,10232.434237368152
1712300400000,10232.434237368152
1712304000000,10232.434237368152
1712307600000,10232.434237368152
1712311200000,10232.434237368152
1712314800000,10232.434237368152
1712318400000,10232.434237368152
1712322000000,10232.434237368152
1712325600000,10232.434237368152
1712329200000,10232.434237368152
1712332800000,10232.434237368152
1712336400000,10232.434237368152
1712340000000,10232.434237368152
1712343600000,10232.434237368152
1712347200000,10232.434237368152
1712350800000,10232.434237368152
1712354400000,10232.434237368152
1712358000000,10232.434237368152
1712361600000,10232.434237368152
1712365200000,10232.434237368152
1712368800000,10232.434237368152
1712372400000,10232.434237368152
1712376000000,10232.434237368152
1712379600000,10232.434237368152
1712383200000,10232.434237368152
1712386800000,10232.434237368152
1712390400000,10232.434237368152
1712394000000,10232.434237368152
1712397600000,10232.434237368152
1712401200000,10232.434237368152
1712404800000,10232.434237368152
1712408400000,10232.434237368152
1712412000000,10232.434237368152
1712415600000,10232.434237368152
1712419200000,10232.434237368152
1712422800000,10232.434237368152
1712426400000,10232.434237368152
1712430000000,10232.434237368152
1712433600000,10232.434237368152
1712437200000,10232.434237368152
1712440800000,10232.434237368152
1712444400000,10232.434237368152
1712448000000,10232.434237368152
1712451600000,10232.434237368152
1712455200000,10232.434237368152
1712458800000,10232.434237368152
1712462400000,10232.434237368152
1712466000000,10232.434237368152
1712469600000,10232.434237368152
1712473200000,10232.434237368152
1712476800000,10232.434237368152
1712480400000,10232.434237368152
1712484000000,10232.434237368152
1712487600000,10232.434237368152
1712491200000,10232.434237368152
1712494800000,10232.434237368152
1712498400000,10232.434237368152
1712502000000,10232.434237368152
1712505600000,10232.434237368152
1712509200000,10232.434237368152
1712512800000,10232.434237368152
1712516400000,10232.434237368152
1712520000000,10232.434237368152
1712523600000,10232.434237368152
1712527200000,10232.434237368152
1712530800000,10232.434237368152
1712534400000,10232.434237368152
1712538000000,10232.434237368152
1712541600000,10232.434237368152
1712545200000,10232.434237368152
1712548800000,10232.434237368152
1712552400000,10232.434237368152
1712556000000,10232.434237368152
1712559600000,10232.434237368152
1712563200000,10232.434237368152
1712566800000,10232.434237368152
1712570400000,10232.434237368152
1712574000000,10232.434237368152
1712577600000,10232.434237368152
1712581200000,10232.434237368152
1712584800000,10232.434237368152
1712588400000,10232.434237368152
1712592000000,10232.434237368152
1712595600000,10232.434237368152
1712599200000,10232.434237368152
1712602800000,10232.434237368152
1712606400000,10232.434237368152
1712610000000,10232.434237368152
1712613600000,10232.434237368152
1712617200000,10232.434237368152
1712620800000,10232.434237368152
1712624400000,10232.434237368152
1712628000000,10232.434237368152
1712631600000,10232.434237368152
1712635200000,10232.434237368152
1712638800000,10232.434237368152
1712642400000,10232.434237368152
1712646000000,10232.434237368152
1712649600000,10232.434237368152
1712653200000,10232.434237368152
1712656800000,10232.434237368152
1712660400000,10232.434237368152
1712664000000,10232.434237368152
1712667600000,10232.434237368152
1712671200000,10232.434237368152
1712674800000,10232.434237368152
1712678400000,10232.434237368152
1712682000000,10232.434237368152
1712685600000,10232.434237368152
1712689200000,10232.434237368152
1712692800000,10232.434237368152
1712696400000,10232.434237368152
1712700000000,10232.434237368152
1712703600000,10232.434237368152
1712707200000,10232.434237368152
1712710800000,10232.434237368152
1712714400000,10232.434237368152
1712718000000,10232.434237368152
1712721600000,10232.434237368152
1712725200000,10232.434237368152
1712728800000,10232.434237368152
1712732400000,10232.434237368152
1712736000000,10232.434237368152
1712739600000,10232.434237368152
1712743200000,10232.434237368152
1712746800000,10232.434237368152
1712750400000,10232.434237368152
1712754000000,10232.434237368152
1712757600000,10232.434237368152
1712761200000,10232.434237368152
1712764800000,10232.434237368152
1712768400000,10232.434237368152
1712772000000,10232.434237368152
1712775600000,10232.434237368152
1712779200000,10232.434237368152
1712782800000,10232.434237368152
1712786400000,10232.434237368152
1712790000000,10232.434237368152
1712793600000,10232.434237368152
1712797200000,10232.434237368152
1712800800000,10232.434237368152
1712804400000,10232.434237368152
1712808000000,10232.434237368152
1712811600000,10232.434237368152
1712815200000,10232.434237368152
1712818800000,10232.434237368152
1712822400000,10232.434237368152
1712826000000,10232.434237368152
1712829600000,10232.434237368152
1712833200000,10232.434237368152
1712836800000,10232.434237368152
1712840400000,10232.434237368152
1712844000000,10232.434237368152
1712847600000,10232.434237368152
1712851200000,10232.434237368152
1712854800000,10232.434237368152
1712858400000,10232.434237368152
1712862000000,10232.434237368152
1712865600000,10232.434237368152
1712869200000,10232.434237368152
1712872800000,10232.434237368152
1712876400000,10232.434237368152
1712880000000,10232.434237368152
1712883600000,10232.434237368152
1712887200000,10232.434237368152
1712890800000,10232.434237368152
1712894400000,10232.434237368152
1712898000000,10232.434237368152
1712901600000,10232.434237368152
1712905200000,10232.434237368152
1712908800000,10232.434237368152
1712912400000,10232.434237368152
1712916000000,10232.434237368152
1712919600000,10232.434237368152
1712923200000,10232.434237368152
1712926800000,10232.434237368152
1712930400000,10232.434237368152
1712934000000,10232.434237368152
1712937600000,10232.434237368152
1712941200000,10232.434237368152
1712944800000,10232.434237368152
1712948400000,10232.434237368152
1712952000000,10232.434237368152
1712955600000,10232.434237368152
1712959200000,10232.434237368152
1712962800000,10232.434237368152
1712966400000,10232.434237368152
1712970000000,10232.434237368152
1712973600000,10232.434237368152
1712977200000,10232.434237368152
1712980800000,10232.434237368152
1712984400000,10232.434237368152
1712988000000,10232.434237368152
1712991600000,10232.434237368152
1712995200000,10232.434237368152
1712998800000,10232.434237368152
1713002400000,10232.434237368152
1713006000000,10232.434237368152
1713009600000,10232.434237368152
1713013200000,10232.434237368152
1713016800000,10232.434237368152
1713020400000,10232.434237368152
1713024000000,10232.434237368152
1713027600000,10232.434237368152
1713031200000,10232.434237368152
1713034800000,10232.434237368152
1713038400000,10232.402483922757
1713042000000,10209.530719839328
1713045600000,10209.530719839328
1713049200000,10209.530719839328
1713052800000,10209.530719839328
1713056400000,10209.530719839328
1713060000000,10209.530719839328
1713063600000,10209.530719839328
1713067200000,10209.530719839328
1713070800000,10209.530719839328
1713074400000,10209.530719839328
1713078000000,10209.530719839328
1713081600000,10209.530719839328
1713085200000,10209.530719839328
1713088800000,10209.530719839328
1713092400000,10209.530719839328
1713096000000,10209.530719839328
1713099600000,10209.530719839328
1713103200000,10209.530719839328
1713106800000,10209.530719839328
1713110400000,10209.530719839328
1713114000000,10209.530719839328
1713117600000,10209.530719839328
1713121200000,10209.530719839328
1713124800000,10209.530719839328
1713128400000,10209.530719839328
1713132000000,10209.530719839328
1713135600000,10209.530719839328
1713139200000,10209.530719839328
1713142800000,10209.530719839328
1713146400000,10209.530719839328
1713150000000,10209.530719839328
1713153600000,10209.530719839328
1713157200000,10209.530719839328
1713160800000,10209.530719839328
1713164400000,10209.530719839328
1713168000000,10209.530719839328
1713171600000,10209.530719839328
1713175200000,10209.530719839328
1713178800000,10209.530719839328
1713182400000,10209.362196790025
1713186000000,10210.088196790024
1713189600000,10209.092196790025
1713193200000,10202.168596790025
1713196800000,10204.26261680054
1713200400000,10200.576516800542
1713204000000,10199.16787680054
1713207600000,10189.681936800542
1713211200000,10195.592816800541
1713214800000,10193.33637680054
1713218400000,10194.52437680054
1713222000000,10196.36409680054
1713225600000,10194.561058788748
1713229200000,10192.827338788748
1713232800000,10192.86557878875
1713236400000,10194.464278788748
1713240000000,10191.991078788747
1713243600000,10186.320618788748
1713247200000,10188.609738788748
1713250800000,10192.819458788748
1713254400000,10195.732052134577
1713258000000,10194.016952134578
1713261600000,10192.987652134578
1713265200000,10188.085072134578
1713268800000,10192.890492134577
1713272400000,10192.399672134577
1713276000000,10189.701992134576
1713279600000,10186.113552134577
1713283200000,10183.040665397879
1713286800000,10189.112565397878
1713290400000,10187.76198539788
1713294000000,10191.500645397879
1713297600000,10189.457365397879
1713301200000,10191.319485397878
1713304800000,10197.542905397879
1713308400000,10196.08918539788
1713312000000,10195.583531917315
1713315600000,10196.872671917314
1713319200000,10196.849271917315
1713322800000,10195.606251917316
1713326400000,10196.184071917314
1713330000000,10198.169411917313
1713333600000,10196.372731917316
1713337200000,10196.432731917315
1713340800000,10194.401286292845
1713344400000,10193.009986292845
1713348000000,10193.219026292845
1713351600000,10190.670786292845
1713355200000,10188.179446292845
1713358800000,10186.670306292845
1713362400000,10187.018986292846
1713366000000,10179.012986292844
1713369600000,10171.196586223847
1713373200000,10171.642746223846
1713376800000,10174.488666223846
1713380400000,10176.013266223847
1713384000000,10174.688646223845
1713387600000,10173.165366223846
1713391200000,10174.387686223847
1713394800000,10174.951326223845
1713398400000,10173.711536293695
1713402000000,10173.972236293695
1713405600000,10174.596596293695
1713409200000,10175.568776293696
1713412800000,10176.293456293695
1713416400000,10175.678336293695
1713420000000,10173.726716293695
1713423600000,10172.792156293695
1713427200000,10173.20156758638
1713430800000,10173.86090758638
1713434400000,10175.07266758638
1713438000000,10175.75312758638
1713441600000,10177.77998758638
1713445200000,10175.92802758638
1713448800000,10177.53908758638
1713452400000,10180.36256758638
1713456000000,10179.01868587174
1713459600000,10179.01868587174
1713463200000,10179.01868587174
1713466800000,10179.01868587174
1713470400000,10179.01868587174
1713474000000,10179.01868587174
1713477600000,10179.01868587174
1713481200000,10179.01868587174
1713484800000,10179.01868587174
1713488400000,10179.01868587174
1713492000000,10179.01868587174
1713495600000,10179.01868587174
1713499200000,10179.01868587174
1713502800000,10179.01868587174
1713506400000,10179.01868587174
1713510000000,10179.01868587174
1713513600000,10179.01868587174
1713517200000,10179.01868587174
1713520800000,10179.01868587174
1713524400000,10179.01868587174
1713528000000,10179.01868587174
1713531600000,10179.01868587174
1713535200000,10179.01868587174
1713538800000,10179.01868587174
1713542400000,10179.01868587174
1713546000000,10179.01868587174
1713549600000,10179.01868587174
1713553200000,10179.01868587174
1713556800000,10179.01868587174
1713560400000,10179.01868587174
1713564000000,10179.01868587174
1713567600000,10179.01868587174
1713571200000,10179.01868587174
1713574800000,10179.01868587174
1713578400000,10179.01868587174
1713582000000,10179.01868587174
1713585600000,10179.01868587174
1713589200000,10179.01868587174
1713592800000,10179.01868587174
1713596400000,10179.01868587174
1713600000000,10179.00128079522
1713603600000,10178.08528079522
1713607200000,10177.85328079522
1713610800000,10177.23688079522
1713614400000,10177.97608079522
1713618000000,10178.438480795221
1713621600000,10178.72968079522
1713625200000,10178.79768079522
1713628800000,10182.560786954611
1713632400000,10182.186386954612
1713636000000,10183.970386954612
1713639600000,10182.879186954611
1713643200000,10182.559586954612
1713646800000,10181.799186954611
1713650400000,10181.583586954612
1713654000000,10181.632786954611
1713657600000,10182.488115442222
1713661200000,10182.186515442221
1713664800000,10182.842115442221
1713668400000,10184.062915442222
1713672000000,10183.697315442221
1713675600000,10183.468515442222
1713679200000,10182.926515442221
1713682800000,10183.209715442223
1713686400000,10183.657966677465
1713690000000,10182.794366677466
1713693600000,10182.545566677465
1713697200000,10182.962366677466
1713700800000,10184.113966677465
1713704400000,10183.083966677465
1713708000000,10182.678766677465
1713711600000,10182.764766677465
1713715200000,10183.28485670833
1713718800000,10181.388056708329
1713722400000,10182.01245670833
1713726000000,10181.96965670833
1713729600000,10180.572456708329
1713733200000,10181.78125670833
1713736800000,10181.46205670833
1713740400000,10183.11365670833
1713744000000,10182.737008722193
1713747600000,10182.633408722193
1713751200000,10181.773408722192
1713754800000,10182.055408722194
1713758400000,10186.205408722193
1713762000000,10186.028608722192
1713765600000,10188.209008722193
1713769200000,10188.244208722193
1713772800000,10187.2796222482
1713776400000,10186.9832222482
1713780000000,10186.6080222482
1713783600000,10187.1908222482
1713787200000,10186.453622248198
1713790800000,10187.1528222482
1713794400000,10187.7996222482
1713798000000,10187.1028222482
1713801600000,10186.95125280695
1713805200000,10187.53605280695
1713808800000,10188.917652806951
1713812400000,10188.245252806952
1713816000000,10188.92925280695
1713819600000,10189.01245280695
1713823200000,10189.27685280695
1713826800000,10190.87845280695
1713830400000,10190.110154821838
1713834000000,10191.062554821838
1713837600000,10190.243754821839
1713841200000,10189.678554821838
1713844800000,10188.686154821838
1713848400000,10188.093754821839
1713852000000,10188.885354821838
1713855600000,10188.604554821839
1713859200000,10187.244332030803
1713862800000,10187.244332030803
1713866400000,10187.244332030803
1713870000000,10187.244332030803
1713873600000,10187.244332030803
1713877200000,10187.244332030803
1713880800000,10187.244332030803
1713884400000,10187.244332030803
1713888000000,10187.244332030803
1713891600000,10187.244332030803
1713895200000,10187.244332030803
1713898800000,10187.244332030803
1713902400000,10187.244332030803
1713906000000,10187.244332030803
1713909600000,10187.244332030803
1713913200000,10187.244332030803
1713916800000,10187.244332030803
1713920400000,10187.244332030803
1713924000000,10187.244332030803
1713927600000,10187.244332030803
1713931200000,10187.244332030803
1713934800000,10187.244332030803
1713938400000,10187.244332030803
1713942000000,10187.244332030803
1713945600000,10187.244332030803
1713949200000,10187.244332030803
1713952800000,10187.244332030803
1713956400000,10187.244332030803
1713960000000,10187.244332030803
1713963600000,10187.244332030803
1713967200000,10187.244332030803
1713970800000,10187.244332030803
1713974400000,10187.766921379769
1713978000000,10186.605801379768
1713981600000,10186.487721379768
1713985200000,10178.410721379769
1713988800000,10180.74444137977
1713992400000,10179.92280137977
1713996000000,10182.16632137977
1713999600000,10178.748561379769
1714003200000,10180.489482495312
1714006800000,10184.105682495312
1714010400000,10180.615762495312
1714014000000,10183.612042495311
1714017600000,10181.958922495312
1714021200000,10183.474282495312
1714024800000,10183.912162495311
1714028400000,10183.987602495312
1714032000000,10180.61027196637
1714035600000,10180.365911966372
1714039200000,10180.041191966371
1714042800000,10172.529991966372
1714046400000,10175.865751966372
1714050000000,10177.359791966372
1714053600000,10177.541831966371
1714057200000,10177.254831966371
1714060800000,10184.456738298371
1714064400000,10183.36941829837
1714068000000,10184.097578298371
1714071600000,10186.58545829837
1714075200000,10185.212778298372
1714078800000,10186.76257829837
1714082400000,10185.863858298371
1714086000000,10184.300938298371
1714089600000,10183.80542067608
1714093200000,10181.670140676082
1714096800000,10182.670540676081
1714100400000,10183.142860676082
1714104000000,10180.07523039218
1714107600000,10177.76847039218
1714111200000,10184.155830392181
1714114800000,10179.704150392181
1714118400000,10178.380100404127
1714122000000,10181.171820404126
1714125600000,10182.741180404126
1714129200000,10176.326460404127
1714132800000,10177.248140404126
1714136400000,10176.588820404126
1714140000000,10181.306940404125
1714143600000,10174.979380404126
1714147200000,10169.65403801339
1714150800000,10172.723118013391
1714154400000,10178.43867801339
1714158000000,10179.916958013391
1714161600000,10176.522518013391
1714165200000,10178.113558013392
1714168800000,10179.527798013392
1714172400000,10175.38579801339
1714176000000,10174.329667381391
1714179600000,10164.86434738139
1714183200000,10159.329707381392
1714186800000,10166.462987381392
1714190400000,10167.57666738139
1714194000000,10167.676267381392
1714197600000,10165.502267381391
1714201200000,10166.439387381391
1714204800000,10166.554196764466
1714208400000,10165.329396764466
1714212000000,10165.129476764465
1714215600000,10162.325676764465
1714219200000,10164.914636764464
1714222800000,10169.646996764466
1714226400000,10172.635516764465
1714230000000,10171.360796764466
1714233600000,10169.738677820436
1714237200000,10168.101077820436
1714240800000,10173.343477820436
1714244400000,10172.768277820436
1714248000000,10172.995477820436
1714251600000,10171.984277820437
1714255200000,10172.076277820435
1714258800000,10172.155477820435
1714262400000,10173.639173245247
1714266000000,10174.879173245246
1714269600000,10174.511173245246
1714273200000,10177.837573245246
1714276800000,10177.865573245246
1714280400000,10176.623973245245
1714284000000,10177.475173245246
1714287600000,10177.412773245245
1714291200000,10177.393808503733
1714294800000,10175.244208503735
1714298400000,10175.952208503733
1714302000000,10175.473008503734
1714305600000,10173.491408503734
1714309200000,10174.573008503734
1714312800000,10175.601008503734
1714316400000,10174.561008503733
1714320000000,10174.227674029717
1714323600000,10175.328474029717
1714327200000,10175.710874029717
1714330800000,10176.998074029718
1714334400000,10175.410874029718
1714338000000,10175.322074029717
1714341600000,10175.218874029717
1714345200000,10170.750874029716
1714348800000,10169.775197667734
1714352400000,10171.650397667732
1714356000000,10171.830397667733
1714359600000,10167.752797667732
1714363200000,10163.815696372052
1714366800000,10163.815696372052
1714370400000,10163.815696372052
1714374000000,10163.815696372052
1714377600000,10163.815696372052
1714381200000,10163.815696372052
1714384800000,10163.815696372052
1714388400000,10163.815696372052
1714392000000,10163.815696372052
1714395600000,10163.815696372052
1714399200000,10163.815696372052
1714402800000,10163.815696372052
1714406400000,10163.815696372052
1714410000000,10163.815696372052
1714413600000,10163.815696372052
1714417200000,10163.815696372052
1714420800000,10163.815696372052
1714424400000,10163.815696372052
1714428000000,10163.815696372052
1714431600000,10163.815696372052
1714435200000,10163.815696372052
1714438800000,10163.815696372052
1714442400000,10163.815696372052
1714446000000,10163.815696372052
1714449600000,10163.815696372052
1714453200000,10163.815696372052
1714456800000,10163.815696372052
1714460400000,10163.815696372052
1714464000000,10163.659102323956
1714467600000,10153.176802323957
1714471200000,10149.687502323955
1714474800000,10150.871902323956
1714478400000,10145.932021509732
1714482000000,10145.437921509732
1714485600000,10139.662621509733
1714489200000,10148.060221509731
1714492800000,10140.818268367802
1714496400000,10136.6846634521
1714500000000,10136.7026634521
1714503600000,10136.391863452101
1714507200000,10132.2806634521
1714510800000,10134.977063452101
1714514400000,10136.922263452101
1714518000000,10139.143463452101
1714521600000,10140.514321277855
1714525200000,10139.033521277855
1714528800000,10138.867921277855
1714532400000,10136.921521277854
1714536000000,10139.181121277854
1714539600000,10139.511121277854
1714543200000,10137.658321277855
1714546800000,10132.573921277855
1714550400000,10122.853890797616
1714554000000,10121.700690797616
1714557600000,10123.595490797616
1714561200000,10125.137490797615
1714564800000,10127.209890797616
1714568400000,10128.822690797615
1714572000000,10125.232290797616
1714575600000,10127.153490797615
1714579200000,10124.118459021998
1714582800000,10125.108459021998
1714586400000,10129.826859021998
1714590000000,10137.992859021999
1714593600000,10130.159259021999
1714597200000,10130.936859021998
1714600800000,10135.211259021999
1714604400000,10134.367659021998
1714608000000,10135.161165619695
1714611600000,10132.731165619694
1714615200000,10127.704365619695
1714618800000,10129.117965619695
1714622400000,10130.243565619694
1714626000000,10128.870765619695
1714629600000,10128.240765619694
1714633200000,10128.330765619694
1714636800000,10128.965599523592
1714640400000,10131.582799523592
1714644000000,10132.039999523591
1714647600000,10135.337599523591
1714651200000,10137.347599523591
1714654800000,10136.676799523591
1714658400000,10133.952799523591
1714662000000,10137.229999523592
1714665600000,10136.960977833
1714669200000,10135.928977833
1714672800000,10137.347377833
1714676400000,10137.187777833
1714680000000,10137.947377833
1714683600000,10136.869777833
1714687200000,10137.907777833
1714690800000,10138.013377833
1714694400000,10136.826493244089
1714698000000,10136.134093244089
1714701600000,10139.040493244089
1714705200000,10139.588893244088
1714708800000,10139.395693244089
1714712400000,10138.862893244088
1714716000000,10137.931693244089
1714719600000,10136.578093244088
1714723200000,10134.614411689685
1714726800000,10135.080011689684
1714730400000,10136.073611689684
1714734000000,10134.849611689686
1714737600000,10135.73515787714
1714741200000,10135.73515787714
1714744800000,10135.73515787714
1714748400000,10135.73515787714
1714752000000,10135.640726007354
1714755600000,10134.438026007354
1714759200000,10136.331566007355
1714762800000,10134.704786007354
1714766400000,10134.832466007354
1714770000000,10139.547506007355
1714773600000,10139.446046007355
1714777200000,10139.263646007355
1714780800000,10138.231597730726
1714784400000,10139.980357730727
1714788000000,10139.059237730726
1714791600000,10138.415137730726
1714795200000,10139.721577730726
1714798800000,10140.051037730726
1714802400000,10140.192397730727
1714806000000,10139.332837730726
1714809600000,10138.142452697748
1714813200000,10139.364532697748
1714816800000,10138.947292697747
1714820400000,10145.577532697747
1714824000000,10141.263772697748
1714827600000,10143.999772697747
1714831200000,10141.380052697748
1714834800000,10141.709512697747
1714838400000,10141.644667707982
1714842000000,10141.433767707982
1714845600000,10140.742927707983
1714849200000,10141.025647707982
1714852800000,10142.683207707982
1714856400000,10141.570567707982
1714860000000,10140.867187707981
1714863600000,10139.019247707982
1714867200000,10140.519981499156
1714870800000,10139.158821499155
1714874400000,10136.881101499155
1714878000000,10136.396601499155
1714881600000,10136.932401499156
1714885200000,10137.048681499155
1714888800000,10136.700981499156
1714892400000,10137.452241499155
1714896000000,10138.856540328721
1714899600000,10144.24190032872
1714903200000,10143.28088032872
1714906800000,10142.04398032872
1714910400000,10142.70974032872
1714914000000,10142.27312032872
1714917600000,10143.36296032872
1714921200000,10144.24874032872
1714924800000,10145.34243256403
1714928400000,10143.83763256403
1714932000000,10143.60051256403
1714935600000,10142.598452564029
1714939200000,10142.943872564028
1714942800000,10142.51979256403
1714946400000,10142.34195256403
1714950000000,10141.850612564029
1714953600000,10142.404491173855
1714957200000,10145.597211173854
1714960800000,10143.424311173856
1714964400000,10140.698991173855
1714968000000,10139.740791173856
1714971600000,10144.667451173855
1714975200000,10147.986831173854
1714978800000,10148.826891173854
1714982400000,10152.133468843622
1714986000000,10159.69310884362
1714989600000,10159.393648843621
1714993200000,10144.04834884362
1714996800000,10144.962328843621
1715000400000,10132.907308843622
1715004000000,10139.046628843622
1715007600000,10126.68392884362
1715011200000,10132.30829481004
1715014800000,10129.61639481004
1715018400000,10129.16459481004
1715022000000,10130.52629481004
1715025600000,10129.13669481004
1715029200000,10130.27789481004
1715032800000,10131.68999481004
1715036400000,10131.52799481004
1715040000000,10128.537033995512
1715043600000,10131.488133995512
1715047200000,10134.733533995512
1715050800000,10133.284533995513
1715054400000,10129.788033995512
1715058000000,10131.075033995512
1715061600000,10132.785933995512
1715065200000,10132.992933995512
1715068800000,10132.819177379302
1715072400000,10138.085977379302
1715076000000,10137.195877379301
1715079600000,10137.246277379301
1715083200000,10131.631177379302
1715086800000,10133.189977379301
1715090400000,10129.373077379301
1715094000000,10137.501877379302
1715097600000,10133.91130706914
1715101200000,10132.63600706914
1715104800000,10130.522807069141
1715108400000,10129.16650706914
1715112000000,10127.27110706914
1715115600000,10127.13790706914
1715119200000,10127.48710706914
1715122800000,10125.613307069141
1715126400000,10121.27398503692
1715130000000,10123.34758503692
1715133600000,10123.050585036919
1715137200000,10124.88388503692
1715140800000,10125.79558503692
1715144400000,10122.416085036919
1715148000000,10123.48798503692
1715151600000,10122.26218503692
1715155200000,10120.300606039837
1715158800000,10121.819806039837
1715162400000,10121.198806039836
1715166000000,10121.956606039837
1715169600000,10120.14884413253
1715173200000,10122.207704132528
1715176800000,10126.263964132528
1715180400000,10126.231464132528
1715184000000,10122.645640852597
1715187600000,10125.060110852597
1715191200000,10125.721730852598
1715194800000,10125.206430852597
1715198400000,10120.806300852597
1715202000000,10107.238420852598
1715205600000,10111.293080852598
1715209200000,10107.756342282953
1715212800000,10108.947941777911
1715216400000,10110.301801777912
1715220000000,10111.558361777912
1715223600000,10111.857211777911
1715227200000,10111.762691777913
1715230800000,10111.351251777913
1715234400000,10112.858011777913
1715238000000,10112.239461777912
1715241600000,10110.471428453737
1715245200000,10110.004968453735
1715248800000,10108.977538453735
1715252400000,10103.223938453735
1715256000000,10107.738938453736
1715259600000,10111.888478453737
1715263200000,10108.008938453735
1715266800000,10112.503928453736
1715270400000,10120.026412129371
1715274000000,10115.260712129371
1715277600000,10117.339822129372
1715281200000,10121.821132129371
1715284800000,10123.862892129371
1715288400000,10125.980962129372
1715292000000,10125.30941212937
1715295600000,10135.39387212937
1715299200000,10131.637642637164
1715302800000,10128.607262637166
1715306400000,10129.584642637166
1715310000000,10128.569392637166
1715313600000,10128.673182637165
1715317200000,10129.897072637166
1715320800000,10127.851792637164
1715324400000,10134.606592637165
1715328000000,10132.302776722683
1715331600000,10130.822656722683
1715335200000,10130.994946722683
1715338800000,10129.866126722683
1715342400000,10133.926996722685
1715346000000,10128.712126722683
1715349600000,10126.126086722685
1715353200000,10101.362866722684
1715356800000,10096.60678531729
1715360400000,10098.345605317289
1715364000000,10088.90724531729
1715367600000,10093.97285531729
1715371200000,10092.43074531729
1715374800000,10090.20866531729
1715378400000,10093.74946531729
1715382000000,10095.46394531729
1715385600000,10095.466193554035
1715389200000,10095.732483554035
1715392800000,10097.210883554037
1715396400000,10097.287343554035
1715400000000,10095.550373554037
1715403600000,10095.709093554036
1715407200000,10098.062263554037
1715410800000,10098.315123554035
1715414400000,10099.450362525291
1715418000000,10095.39120252529
1715421600000,10095.982032525291
1715425200000,10094.446912525293
1715428800000,10093.642123394244
1715432400000,10093.456523394243
1715436000000,10095.597323394244
1715439600000,10094.782123394243
1715443200000,10097.42174131497
1715446800000,10097.07608131497
1715450400000,10096.536881314973
1715454000000,10098.264181314971
1715457600000,10097.302321314972
1715461200000,10094.38518131497
1715464800000,10093.408601314972
1715468400000,10092.98728131497
1715472000000,10091.323308390787
1715475600000,10094.549568390788
1715479200000,10091.902028390788
1715482800000,10093.410588390787
1715486400000,10094.025868390789
1715490000000,10096.476968390789
1715493600000,10095.811468390788
1715497200000,10093.989348390787
1715500800000,10090.49852741954
1715504400000,10091.686987419542
1715508000000,10092.050987419541
1715511600000,10094.41334741954
1715515200000,10093.978739030923
1715518800000,10094.366299030922
1715522400000,10096.613739030923
1715526000000,10094.673479030924
1715529600000,10097.975123123548
1715533200000,10095.582623123548
1715536800000,10101.643763123548
1715540400000,10095.483103123548
1715544000000,10097.335223123548
1715547600000,10094.087543123547
1715551200000,10095.030043123548
1715554800000,10095.569063123548
1715558400000,10098.228042210078
1715562000000,10098.249562210078
1715565600000,10094.316322210076
1715569200000,10083.761782210076
1715572800000,10086.147322210078
1715576400000,10083.166042210078
1715580000000,10080.920162210077
1715583600000,10094.995162210078
1715587200000,10115.712402423062
1715590800000,10120.538722423064
1715594400000,10124.411762423062
1715598000000,10116.182322423061
1715601600000,10118.875302423063
1715605200000,10118.323222423061
1715608800000,10118.487442423062
1715612400000,10114.887942423064
1715616000000,10120.387435879633
1715619600000,10124.369655879633
1715623200000,10113.856875879634
1715626800000,10114.904055879633
1715630400000,10119.943715879632
1715634000000,10119.423635879632
1715637600000,10118.117615879632
1715641200000,10113.560675879631
1715644800000,10117.021026347173
1715648400000,10115.138426347172
1715652000000,10113.082446347173
1715655600000,10112.092046347172
1715659200000,10110.166426347172
1715662800000,10110.030966347173
1715666400000,10112.320766347173
1715670000000,10100.571646347173
1715673600000,10101.111698216053
1715677200000,10098.075978216053
1715680800000,10097.173258216053
1715684400000,10095.035798216053
1715688000000,10096.463118216054
1715691600000,10089.487438216054
1715695200000,10093.616818216055
1715698800000,10093.816498216052
1715702400000,10093.890651108948
1715706000000,10090.410251108948
1715709600000,10088.903251108948
1715713200000,10090.845851108947
1715716800000,10092.380351108948
1715720400000,10092.592651108947
1715724000000,10093.371451108947
1715727600000,10093.766351108947
1715731200000,10092.226843953029
1715734800000,10091.12464395303
1715738400000,10093.55344395303
1715742000000,10094.488443953029
1715745600000,10096.246243953028
1715749200000,10095.84254395303
1715752800000,10096.332043953029
1715756400000,10096.675243953028
1715760000000,10099.007676505478
1715763600000,10098.566576505478
1715767200000,10104.630876505478
1715770800000,10104.176576505477
1715774400000,10101.650988374302
1715778000000,10101.650988374302
1715781600000,10101.650988374302
1715785200000,10101.650988374302
1715788800000,10101.650988374302
1715792400000,10101.650988374302
1715796000000,10101.650988374302
1715799600000,10101.650988374302
1715803200000,10101.650988374302
1715806800000,10101.650988374302
1715810400000,10101.650988374302
1715814000000,10101.650988374302
1715817600000,10101.650988374302
1715821200000,10101.650988374302
1715824800000,10101.650988374302
1715828400000,10101.650988374302
1715832000000,10101.202002240601
1715835600000,10099.942802240601
1715839200000,10099.5196022406
1715842800000,10101.0396022406
1715846400000,10102.473976933352
1715850000000,10104.140376933352
1715853600000,10104.062776933351
1715857200000,10103.045976933352
1715860800000,10105.905976933353
1715864400000,10101.565176933353
1715868000000,10104.158776933351
1715871600000,10098.005976933351
1715875200000,10100.085726553008
1715878800000,10094.743326553009
1715882400000,10094.007326553008
1715886000000,10094.280126553009
1715889600000,10095.106526553009
1715893200000,10095.762526553008
1715896800000,10097.144926553008
1715900400000,10096.758526553009
1715904000000,10095.42533102384
1715907600000,10097.46793102384
1715911200000,10096.25465102384
1715914800000,10097.22025102384
1715918400000,10098.73057102384
1715922000000,10097.033211023841
1715925600000,10098.711811023839
1715929200000,10104.838331023839
1715932800000,10119.731427652609
1715936400000,10117.800987652608
1715940000000,10119.680947652609
1715943600000,10122.543427652608
1715947200000,10119.293827652607
1715950800000,10129.681627652608
1715954400000,10122.327387652607
1715958000000,10133.779507652609
1715961600000,10143.00969591802
1715965200000,10137.33981591802
1715968800000,10132.663535918018
1715972400000,10134.269055918017
1715976000000,10134.103535918019
1715979600000,10135.873695918019
1715983200000,10133.900215918018
1715986800000,10134.029255918018
1715990400000,10135.209196894515
1715994000000,10136.192236894514
1715997600000,10139.142796894515
1716001200000,10138.166276894513
1716004800000,10141.522596894514
1716008400000,10137.379116894514
1716012000000,10137.057996894513
1716015600000,10137.680396894513
1716019200000,10137.197466402653
1716022800000,10141.885466402651
1716026400000,10143.074626402653
1716030000000,10147.029266402651
1716033600000,10146.282506402653
1716037200000,10140.679386402651
1716040800000,10138.268066402652
1716044400000,10137.969586402653
1716048000000,10139.041973469457
1716051600000,10139.926093469456
1716055200000,10139.465013469457
1716058800000,10139.053013469456
1716062400000,10140.492333469456
1716066000000,10141.554533469456
1716069600000,10139.995213469458
1716073200000,10141.143973469458
1716076800000,10142.64822843041
1716080400000,10140.32362843041
1716084000000,10141.19422843041
1716087600000,10145.812628430409
1716091200000,10144.751866858292
1716094800000,10143.473466858293
1716098400000,10142.469546858294
1716102000000,10140.833946858293
1716105600000,10142.030100400367
1716109200000,10140.390740400368
1716112800000,10141.428500400367
1716116400000,10139.742140400367
1716120000000,10139.219500400368
1716123600000,10135.310980400367
1716127200000,10136.378820400367
1716130800000,10134.850380400367
1716134400000,10134.618860802579
1716138000000,10132.167340802578
1716141600000,10133.985300802578
1716145200000,10133.859340802579
1716148800000,10132.819700802578
1716152400000,10134.444020802579
1716156000000,10133.112980802578
1716159600000,10134.417700802578
1716163200000,10133.33188618728
1716166800000,10133.33188618728
1716170400000,10133.33188618728
1716174000000,10133.33188618728
1716177600000,10133.33188618728
1716181200000,10133.33188618728
1716184800000,10133.33188618728
1716188400000,10133.33188618728
1716192000000,10133.33188618728
1716195600000,10133.33188618728
1716199200000,10133.33188618728
1716202800000,10133.33188618728
1716206400000,10133.33188618728
1716210000000,10133.33188618728
1716213600000,10133.33188618728
1716217200000,10133.33188618728
1716220800000,10133.33188618728
1716224400000,10133.33188618728
1716228000000,10133.33188618728
1716231600000,10133.33188618728
1716235200000,10133.33188618728
1716238800000,10133.33188618728
1716242400000,10133.33188618728
1716246000000,10133.33188618728
1716249600000,10133.33188618728
1716253200000,10133.33188618728
1716256800000,10133.33188618728
1716260400000,10133.33188618728
1716264000000,10133.33188618728
1716267600000,10133.33188618728
1716271200000,10133.33188618728
1716274800000,10133.33188618728
1716278400000,10133.33188618728
1716282000000,10133.33188618728
1716285600000,10133.33188618728
1716289200000,10133.33188618728
1716292800000,10133.33188618728
1716296400000,10133.33188618728
1716300000000,10133.33188618728
1716303600000,10133.33188618728
1716307200000,10133.33188618728
1716310800000,10133.33188618728
1716314400000,10133.33188618728
1716318000000,10133.33188618728
1716321600000,10133.33188618728
1716325200000,10133.33188618728
1716328800000,10133.33188618728
1716332400000,10133.33188618728
1716336000000,10133.33188618728
1716339600000,10133.33188618728
1716343200000,10133.33188618728
1716346800000,10133.33188618728
1716350400000,10133.33188618728
1716354000000,10133.33188618728
1716357600000,10133.33188618728
1716361200000,10133.33188618728
1716364800000,10133.33188618728
1716368400000,10133.33188618728
1716372000000,10133.33188618728
1716375600000,10133.33188618728
1716379200000,10133.33188618728
1716382800000,10133.33188618728
1716386400000,10133.33188618728
1716390000000,10133.33188618728
1716393600000,10133.33188618728
1716397200000,10133.33188618728
1716400800000,10133.33188618728
1716404400000,10133.33188618728
1716408000000,10133.33188618728
1716411600000,10133.33188618728
1716415200000,10133.33188618728
1716418800000,10133.33188618728
1716422400000,10133.33188618728
1716426000000,10133.33188618728
1716429600000,10133.33188618728
1716433200000,10133.33188618728
1716436800000,10133.33188618728
1716440400000,10133.33188618728
1716444000000,10133.33188618728
1716447600000,10133.33188618728
1716451200000,10133.33188618728
1716454800000,10133.33188618728
1716458400000,10133.33188618728
1716462000000,10133.33188618728
1716465600000,10133.33188618728
1716469200000,10133.33188618728
1716472800000,10133.33188618728
1716476400000,10133.33188618728
1716480000000,10133.33188618728
1716483600000,10133.33188618728
1716487200000,10133.33188618728
1716490800000,10133.33188618728
1716494400000,10133.33188618728
1716498000000,10133.33188618728
1716501600000,10133.33188618728
1716505200000,10133.33188618728
1716508800000,10133.33188618728
1716512400000,10133.33188618728
1716516000000,10133.33188618728
1716519600000,10133.33188618728
1716523200000,10133.33188618728
1716526800000,10133.33188618728
1716530400000,10133.33188618728
1716534000000,10133.33188618728
1716537600000,10133.33188618728
1716541200000,10133.33188618728
1716544800000,10133.33188618728
1716548400000,10133.33188618728
1716552000000,10133.33188618728
1716555600000,10133.33188618728
1716559200000,10133.33188618728
1716562800000,10133.33188618728
1716566400000,10133.33188618728
1716570000000,10133.33188618728
1716573600000,10133.33188618728
1716577200000,10133.33188618728
1716580800000,10133.33188618728
1716584400000,10133.33188618728
1716588000000,10133.33188618728
1716591600000,10133.33188618728
1716595200000,10133.33188618728
1716598800000,10133.33188618728
1716602400000,10133.33188618728
1716606000000,10133.33188618728
1716609600000,10133.33188618728
1716613200000,10133.33188618728
1716616800000,10133.33188618728
1716620400000,10133.33188618728
1716624000000,10133.33188618728
1716627600000,10133.33188618728
1716631200000,10133.33188618728
1716634800000,10133.33188618728
1716638400000,10133.33188618728
1716642000000,10133.33188618728
1716645600000,10133.33188618728
1716649200000,10133.33188618728
1716652800000,10133.33188618728
1716656400000,10133.33188618728
1716660000000,10133.33188618728
1716663600000,10133.33188618728
1716667200000,10133.33188618728
1716670800000,10133.33188618728
1716674400000,10133.33188618728
1716678000000,10133.33188618728
1716681600000,10133.33188618728
1716685200000,10133.33188618728
1716688800000,10133.33188618728
1716692400000,10133.33188618728
1716696000000,10133.33188618728
1716699600000,10133.33188618728
1716703200000,10133.33188618728
1716706800000,10133.33188618728
1716710400000,10133.33188618728
1716714000000,10133.33188618728
1716717600000,10133.33188618728
1716721200000,10133.33188618728
1716724800000,10133.33188618728
1716728400000,10133.33188618728
1716732000000,10133.33188618728
1716735600000,10133.33188618728
1716739200000,10133.33188618728
1716742800000,10133.33188618728
1716746400000,10133.33188618728
1716750000000,10133.33188618728
1716753600000,10133.33188618728
1716757200000,10133.33188618728
1716760800000,10133.33188618728
1716764400000,10133.33188618728
1716768000000,10133.33188618728
1716771600000,10133.33188618728
1716775200000,10133.33188618728
1716778800000,10133.33188618728
1716782400000,10133.33188618728
1716786000000,10133.33188618728
1716789600000,10133.33188618728
1716793200000,10133.33188618728
1716796800000,10133.33188618728
1716800400000,10133.33188618728
1716804000000,10133.33188618728
1716807600000,10133.33188618728
1716811200000,10133.33188618728
1716814800000,10133.33188618728
1716818400000,10133.33188618728
1716822000000,10133.33188618728
1716825600000,10133.33188618728
1716829200000,10133.33188618728
1716832800000,10133.33188618728
1716836400000,10133.33188618728
1716840000000,10133.33188618728
1716843600000,10133.33188618728
1716847200000,10133.33188618728
1716850800000,10133.33188618728
1716854400000,10133.33188618728
1716858000000,10133.33188618728
1716861600000,10133.33188618728
1716865200000,10133.33188618728
1716868800000,10133.33188618728
1716872400000,10133.33188618728
1716876000000,10133.33188618728
1716879600000,10133.33188618728
1716883200000,10133.33188618728
1716886800000,10133.33188618728
1716890400000,10133.33188618728
1716894000000,10133.33188618728
1716897600000,10133.33188618728
1716901200000,10133.33188618728
1716904800000,10133.33188618728
1716908400000,10133.33188618728
1716912000000,10133.33188618728
1716915600000,10133.33188618728
1716919200000,10133.33188618728
1716922800000,10133.33188618728
1716926400000,10133.33188618728
1716930000000,10133.33188618728
1716933600000,10133.33188618728
1716937200000,10133.33188618728
1716940800000,10133.33188618728
1716944400000,10133.33188618728
1716948000000,10133.33188618728
1716951600000,10133.33188618728
1716955200000,10133.33188618728
1716958800000,10133.33188618728
1716962400000,10133.33188618728
1716966000000,10133.33188618728
1716969600000,10133.33188618728
1716973200000,10133.33188618728
1716976800000,10133.33188618728
1716980400000,10133.33188618728
1716984000000,10133.33188618728
1716987600000,10133.33188618728
1716991200000,10133.33188618728
1716994800000,10133.33188618728
1716998400000,10133.33188618728
1717002000000,10133.33188618728
1717005600000,10133.33188618728
1717009200000,10133.33188618728
1717012800000,10133.33188618728
1717016400000,10133.33188618728
1717020000000,10133.33188618728
1717023600000,10133.33188618728
1717027200000,10133.33188618728
1717030800000,10133.33188618728
1717034400000,10133.33188618728
1717038000000,10133.33188618728
1717041600000,10133.33188618728
1717045200000,10133.33188618728
1717048800000,10133.33188618728
1717052400000,10133.33188618728
1717056000000,10133.33188618728
1717059600000,10133.33188618728
1717063200000,10133.33188618728
1717066800000,10133.33188618728
1717070400000,10133.33188618728
1717074000000,10133.33188618728
1717077600000,10133.33188618728
1717081200000,10133.33188618728
1717084800000,10133.33188618728
1717088400000,10133.33188618728
1717092000000,10133.33188618728
1717095600000,10133.33188618728
1717099200000,10133.33188618728
1717102800000,10133.33188618728
1717106400000,10133.33188618728
1717110000000,10133.33188618728
1717113600000,10133.33188618728
1717117200000,10133.33188618728
1717120800000,10133.33188618728
1717124400000,10133.33188618728
1717128000000,10133.33188618728
1717131600000,10133.33188618728
1717135200000,10133.33188618728
1717138800000,10133.33188618728
1717142400000,10133.33188618728
1717146000000,10133.33188618728
1717149600000,10133.33188618728
1717153200000,10133.33188618728
1717156800000,10133.33188618728
1717160400000,10133.33188618728
1717164000000,10133.33188618728
1717167600000,10133.33188618728
1717171200000,10133.33188618728
1717174800000,10133.33188618728
1717178400000,10133.33188618728
1717182000000,10133.33188618728
1717185600000,10133.33188618728
1717189200000,10133.33188618728
1717192800000,10133.33188618728
1717196400000,10133.33188618728
1717200000000,10133.33188618728
1717203600000,10133.33188618728
1717207200000,10133.33188618728
1717210800000,10133.33188618728
1717214400000,10133.33188618728
1717218000000,10133.33188618728
1717221600000,10133.33188618728
1717225200000,10133.33188618728
1717228800000,10133.33188618728
1717232400000,10133.33188618728
1717236000000,10133.33188618728
1717239600000,10133.33188618728
1717243200000,10133.33188618728
1717246800000,10133.33188618728
1717250400000,10133.33188618728
1717254000000,10133.33188618728
1717257600000,10133.33188618728
1717261200000,10133.33188618728
1717264800000,10133.33188618728
1717268400000,10133.33188618728
1717272000000,10133.33188618728
1717275600000,10133.33188618728
1717279200000,10133.33188618728
1717282800000,10133.33188618728
1717286400000,10133.33188618728
1717290000000,10133.33188618728
1717293600000,10133.33188618728
1717297200000,10133.33188618728
1717300800000,10133.33188618728
1717304400000,10133.33188618728
1717308000000,10133.33188618728
1717311600000,10133.33188618728
1717315200000,10133.33188618728
1717318800000,10133.33188618728
1717322400000,10133.33188618728
1717326000000,10133.33188618728
1717329600000,10133.33188618728
1717333200000,10133.33188618728
1717336800000,10133.33188618728
1717340400000,10133.33188618728
1717344000000,10133.33188618728
1717347600000,10133.33188618728
1717351200000,10133.33188618728
1717354800000,10133.33188618728
1717358400000,10133.33188618728
1717362000000,10133.33188618728
1717365600000,10133.33188618728
1717369200000,10133.33188618728
1717372800000,10133.33188618728
1717376400000,10133.33188618728
1717380000000,10133.33188618728
1717383600000,10133.33188618728
1717387200000,10133.33188618728
1717390800000,10133.33188618728
1717394400000,10133.33188618728
1717398000000,10133.33188618728
1717401600000,10133.33188618728
1717405200000,10133.33188618728
1717408800000,10133.33188618728
1717412400000,10133.33188618728
1717416000000,10133.33188618728
1717419600000,10133.33188618728
1717423200000,10133.33188618728
1717426800000,10133.33188618728
1717430400000,10133.33188618728
1717434000000,10133.33188618728
1717437600000,10133.33188618728
1717441200000,10133.33188618728
1717444800000,10133.33188618728
1717448400000,10133.33188618728
1717452000000,10133.33188618728
1717455600000,10133.33188618728
1717459200000,10133.33188618728
1717462800000,10133.33188618728
1717466400000,10133.33188618728
1717470000000,10133.33188618728
1717473600000,10133.33188618728
1717477200000,10133.33188618728
1717480800000,10133.33188618728
1717484400000,10133.33188618728
1717488000000,10133.33188618728
1717491600000,10133.33188618728
1717495200000,10133.33188618728
1717498800000,10133.33188618728
1717502400000,10133.33188618728
1717506000000,10133.33188618728
1717509600000,10133.33188618728
1717513200000,10133.33188618728
1717516800000,10133.33188618728
1717520400000,10133.33188618728
1717524000000,10133.33188618728
1717527600000,10133.33188618728
1717531200000,10133.33188618728
1717534800000,10133.33188618728
1717538400000,10133.33188618728
1717542000000,10133.33188618728
1717545600000,10133.33188618728
1717549200000,10133.33188618728
1717552800000,10133.33188618728
1717556400000,10133.33188618728
1717560000000,10133.33188618728
1717563600000,10133.33188618728
1717567200000,10133.33188618728
1717570800000,10133.33188618728
1717574400000,10133.33188618728
1717578000000,10133.33188618728
1717581600000,10133.33188618728
1717585200000,10133.33188618728
1717588800000,10133.33188618728
1717592400000,10133.33188618728
1717596000000,10133.33188618728
1717599600000,10133.33188618728
1717603200000,10133.33188618728
1717606800000,10133.33188618728
1717610400000,10133.33188618728
1717614000000,10133.33188618728
1717617600000,10133.33188618728
1717621200000,10133.33188618728
1717624800000,10133.33188618728
1717628400000,10133.33188618728
1717632000000,10133.33188618728
1717635600000,10133.33188618728
1717639200000,10133.33188618728
1717642800000,10133.33188618728
1717646400000,10133.33188618728
1717650000000,10133.33188618728
1717653600000,10133.33188618728
1717657200000,10133.33188618728
1717660800000,10133.33188618728
1717664400000,10133.33188618728
1717668000000,10133.33188618728
1717671600000,10133.33188618728
1717675200000,10133.33188618728
1717678800000,10133.33188618728
1717682400000,10133.33188618728
1717686000000,10133.33188618728
1717689600000,10133.33188618728
1717693200000,10133.33188618728
1717696800000,10133.33188618728
1717700400000,10133.33188618728
1717704000000,10133.33188618728
1717707600000,10133.33188618728
1717711200000,10133.33188618728
1717714800000,10133.33188618728
1717718400000,10133.33188618728
1717722000000,10133.33188618728
1717725600000,10133.33188618728
1717729200000,10133.33188618728
1717732800000,10133.33188618728
1717736400000,10133.33188618728
1717740000000,10133.33188618728
1717743600000,10133.33188618728
1717747200000,10133.33188618728
1717750800000,10133.33188618728
1717754400000,10133.33188618728
1717758000000,10133.33188618728
1717761600000,10133.33188618728
1717765200000,10133.33188618728
1717768800000,10133.33188618728
1717772400000,10133.33188618728
1717776000000,10133.33188618728
1717779600000,10133.33188618728
1717783200000,10133.33188618728
1717786800000,10133.33188618728
1717790400000,10133.33188618728
1717794000000,10133.33188618728
1717797600000,10133.33188618728
1717801200000,10133.33188618728
1717804800000,10133.33188618728
1717808400000,10133.33188618728
1717812000000,10133.33188618728
1717815600000,10133.33188618728
1717819200000,10133.33188618728
1717822800000,10133.33188618728
1717826400000,10133.33188618728
1717830000000,10133.33188618728
1717833600000,10133.33188618728
1717837200000,10133.33188618728
1717840800000,10133.33188618728
1717844400000,10133.33188618728
1717848000000,10133.33188618728
1717851600000,10133.33188618728
1717855200000,10133.33188618728
1717858800000,10133.33188618728
1717862400000,10133.33188618728
1717866000000,10133.33188618728
1717869600000,10133.33188618728
1717873200000,10133.33188618728
1717876800000,10133.33188618728
1717880400000,10133.33188618728
1717884000000,10133.33188618728
1717887600000,10133.33188618728
1717891200000,10133.33188618728
1717894800000,10133.33188618728
1717898400000,10133.33188618728
1717902000000,10133.33188618728
1717905600000,10133.33188618728
1717909200000,10133.33188618728
1717912800000,10133.33188618728
1717916400000,10133.33188618728
1717920000000,10133.33188618728
1717923600000,10133.33188618728
1717927200000,10133.33188618728
1717930800000,10133.33188618728
1717934400000,10133.33188618728
1717938000000,10133.33188618728
1717941600000,10133.33188618728
1717945200000,10133.33188618728
1717948800000,10133.33188618728
1717952400000,10133.33188618728
1717956000000,10133.33188618728
1717959600000,10133.33188618728
1717963200000,10133.33188618728
1717966800000,10133.33188618728
1717970400000,10133.33188618728
1717974000000,10133.33188618728
1717977600000,10133.33188618728
1717981200000,10133.33188618728
1717984800000,10133.33188618728
1717988400000,10133.33188618728
1717992000000,10133.33188618728
1717995600000,10133.33188618728
1717999200000,10133.33188618728
1718002800000,10133.33188618728
1718006400000,10133.33188618728
1718010000000,10133.33188618728
1718013600000,10133.33188618728
1718017200000,10133.33188618728
1718020800000,10133.33188618728
1718024400000,10133.33188618728
1718028000000,10133.33188618728
1718031600000,10133.33188618728
1718035200000,10133.33188618728
1718038800000,10133.33188618728
1718042400000,10133.33188618728
1718046000000,10133.33188618728
1718049600000,10133.33188618728
1718053200000,10133.33188618728
1718056800000,10133.33188618728
1718060400000,10133.33188618728
1718064000000,10133.33188618728
1718067600000,10133.33188618728
1718071200000,10133.33188618728
1718074800000,10133.33188618728
1718078400000,10133.33188618728
1718082000000,10133.33188618728
1718085600000,10133.33188618728
1718089200000,10133.33188618728
1718092800000,10133.33188618728
1718096400000,10133.33188618728
1718100000000,10133.33188618728
1718103600000,10133.33188618728
1718107200000,10133.33188618728
1718110800000,10133.33188618728
1718114400000,10133.33188618728
1718118000000,10133.33188618728
1718121600000,10133.33188618728
1718125200000,10133.33188618728
1718128800000,10133.33188618728
1718132400000,10133.33188618728
1718136000000,10133.33188618728
1718139600000,10133.33188618728
1718143200000,10133.33188618728
1718146800000,10133.33188618728
1718150400000,10133.33188618728
1718154000000,10133.33188618728
1718157600000,10133.33188618728
1718161200000,10133.33188618728
1718164800000,10133.33188618728
1718168400000,10133.33188618728
1718172000000,10133.33188618728
1718175600000,10133.33188618728
1718179200000,10133.33188618728
1718182800000,10133.33188618728
1718186400000,10133.33188618728
1718190000000,10133.33188618728
1718193600000,10133.33188618728
1718197200000,10133.33188618728
1718200800000,10133.33188618728
1718204400000,10133.33188618728
1718208000000,10133.33188618728
1718211600000,10133.33188618728
1718215200000,10133.33188618728
1718218800000,10133.33188618728
1718222400000,10133.33188618728
1718226000000,10133.33188618728
1718229600000,10133.33188618728
1718233200000,10133.33188618728
1718236800000,10133.33188618728
1718240400000,10133.33188618728
1718244000000,10133.33188618728
1718247600000,10133.33188618728
1718251200000,10133.33188618728
1718254800000,10133.33188618728
1718258400000,10133.33188618728
1718262000000,10133.33188618728
1718265600000,10133.33188618728
1718269200000,10133.33188618728
1718272800000,10133.33188618728
1718276400000,10133.33188618728
1718280000000,10133.33188618728
1718283600000,10133.33188618728
1718287200000,10133.33188618728
1718290800000,10133.33188618728
1718294400000,10133.33188618728
1718298000000,10133.33188618728
1718301600000,10133.33188618728
1718305200000,10133.33188618728
1718308800000,10133.33188618728
1718312400000,10133.33188618728
1718316000000,10133.33188618728
1718319600000,10133.33188618728
1718323200000,10133.33188618728
1718326800000,10133.33188618728
1718330400000,10133.33188618728
1718334000000,10133.33188618728
1718337600000,10133.33188618728
1718341200000,10133.33188618728
1718344800000,10133.33188618728
1718348400000,10133.33188618728
1718352000000,10133.33188618728
1718355600000,10133.33188618728
1718359200000,10133.33188618728
1718362800000,10133.33188618728
1718366400000,10133.33188618728
1718370000000,10133.33188618728
1718373600000,10133.33188618728
1718377200000,10133.33188618728
1718380800000,10133.33188618728
1718384400000,10133.33188618728
1718388000000,10133.33188618728
1718391600000,10133.33188618728
1718395200000,10133.33188618728
1718398800000,10133.33188618728
1718402400000,10133.33188618728
1718406000000,10133.33188618728
1718409600000,10133.33188618728
1718413200000,10133.33188618728
1718416800000,10133.33188618728
1718420400000,10133.33188618728
1718424000000,10133.33188618728
1718427600000,10133.33188618728
1718431200000,10133.33188618728
1718434800000,10133.33188618728
1718438400000,10133.33188618728
1718442000000,10133.33188618728
1718445600000,10133.33188618728
1718449200000,10133.33188618728
1718452800000,10133.33188618728
1718456400000,10133.33188618728
1718460000000,10133.33188618728
1718463600000,10133.33188618728
1718467200000,10133.33188618728
1718470800000,10133.33188618728
1718474400000,10133.33188618728
1718478000000,10133.33188618728
1718481600000,10133.33188618728
1718485200000,10133.33188618728
1718488800000,10133.33188618728
1718492400000,10133.33188618728
1718496000000,10133.33188618728
1718499600000,10133.33188618728
1718503200000,10133.33188618728
1718506800000,10133.33188618728
1718510400000,10133.33188618728
1718514000000,10133.33188618728
1718517600000,10133.33188618728
1718521200000,10133.33188618728
1718524800000,10133.33188618728
1718528400000,10133.33188618728
1718532000000,10133.33188618728
1718535600000,10133.33188618728
1718539200000,10133.33188618728
1718542800000,10133.33188618728
1718546400000,10133.33188618728
1718550000000,10133.33188618728
1718553600000,10133.33188618728
1718557200000,10133.33188618728
1718560800000,10133.33188618728
1718564400000,10133.33188618728
1718568000000,10133.33188618728
1718571600000,10133.33188618728
1718575200000,10133.33188618728
1718578800000,10133.33188618728
1718582400000,10133.33188618728
1718586000000,10133.33188618728
1718589600000,10133.33188618728
1718593200000,10133.33188618728
1718596800000,10133.33188618728
1718600400000,10133.33188618728
1718604000000,10133.33188618728
1718607600000,10133.33188618728
1718611200000,10133.33188618728
1718614800000,10133.33188618728
1718618400000,10133.33188618728
1718622000000,10133.33188618728
1718625600000,10133.33188618728
1718629200000,10133.33188618728
1718632800000,10133.33188618728
1718636400000,10133.33188618728
1718640000000,10133.33188618728
1718643600000,10133.33188618728
1718647200000,10133.33188618728
1718650800000,10133.33188618728
1718654400000,10133.33188618728
1718658000000,10133.33188618728
1718661600000,10133.33188618728
1718665200000,10133.33188618728
1718668800000,10133.33188618728
1718672400000,10133.33188618728
1718676000000,10133.33188618728
1718679600000,10133.33188618728
1718683200000,10133.33188618728
1718686800000,10133.33188618728
1718690400000,10133.33188618728
1718694000000,10133.33188618728
1718697600000,10133.145165069378
1718701200000,10133.564585069378
1718704800000,10131.232985069379
1718708400000,10130.471865069378
1718712000000,10129.499025069379
1718715600000,10127.739605069379
1718719200000,10126.056565069379
1718722800000,10127.482325069379
1718726400000,10129.931497531164
1718730000000,10130.659117531166
1718733600000,10128.094357531165
1718737200000,10127.999217531165
1718740800000,10129.615257531166
1718744400000,10135.684117531166
1718748000000,10137.036177531165
1718751600000,10137.899137531165
1718755200000,10138.220974309166
1718758800000,10140.036674309165
1718762400000,10143.299574309165
1718766000000,10145.594994309165
1718769600000,10149.318854309166
1718773200000,10148.461254309166
1718776800000,10147.528614309165
1718780400000,10148.734614309165
1718784000000,10146.963897037165
1718787600000,10145.333117037166
1718791200000,10145.497937037166
1718794800000,10148.487477037164
1718798400000,10145.504637037166
1718802000000,10146.898237037165
1718805600000,10145.737797037165
1718809200000,10142.805877037164
1718812800000,10144.166886466883
1718816400000,10146.388286466881
1718820000000,10149.800286466883
1718823600000,10147.596526466883
1718827200000,10146.353926466882
1718830800000,10146.170186466883
1718834400000,10151.04916646688
1718838000000,10147.133106466883
1718841600000,10147.746614560394
1718845200000,10150.005354560395
1718848800000,10149.204694560394
1718852400000,10149.009494560394
1718856000000,10149.164134560395
1718859600000,10152.591214560394
1718863200000,10155.659114560394
1718866800000,10155.148014560395
1718870400000,10162.531694249932
1718874000000,10158.473614249931
1718877600000,10157.452334249932
1718881200000,10163.911174249932
1718884800000,10163.537734249932
1718888400000,10160.50439424993
1718892000000,10145.740194249931
1718895600000,10143.702114249932
1718899200000,10140.69412617307
1718902800000,10141.02460617307
1718906400000,10143.30370617307
1718910000000,10144.43966617307
1718913600000,10145.71086617307
1718917200000,10144.585606173072
1718920800000,10143.50860617307
1718924400000,10142.94520617307
1718928000000,10141.359226116314
1718931600000,10138.996366116313
1718935200000,10144.123026116315
1718938800000,10139.887826116314
1718942400000,10135.932826116314
1718946000000,10140.282706116315
1718949600000,10140.365606116315
1718953200000,10140.282566116315
1718956800000,10130.773637275308
1718960400000,10126.366437275308
1718964000000,10129.68883727531
1718967600000,10128.440837275308
1718971200000,10126.69219603597
1718974800000,10126.839616035972
1718978400000,10122.104276035972
1718982000000,10132.706356035971
1718985600000,10123.717431952176
1718989200000,10122.714961952175
1718992800000,10123.022861952175
1718996400000,10132.356841952174
1719000000000,10136.529031952176
1719003600000,10132.328501952175
1719007200000,10130.918281952176
1719010800000,10132.958611952175
1719014400000,10132.299459315427
1719018000000,10128.733239315427
1719021600000,10129.931379315427
1719025200000,10131.651699315427
1719028800000,10131.731729315426
1719032400000,10131.637079315427
1719036000000,10132.506209315427
1719039600000,10131.818889315427
1719043200000,10131.083762922515
1719046800000,10128.285592922515
1719050400000,10129.715272922516
1719054000000,10129.883532922517
1719057600000,10129.043912922516
1719061200000,10128.410772922516
1719064800000,10130.312522922515
1719068400000,10130.651012922515
1719072000000,10130.813253399454
1719075600000,10131.117663399455
1719079200000,10129.713763399453
1719082800000,10129.066023399455
1719086400000,10128.793583399454
1719090000000,10129.481633399455
1719093600000,10130.988393399453
1719097200000,10130.418493399455
1719100800000,10129.65476287913
1719104400000,10131.34639287913
1719108000000,10131.10592287913
1719111600000,10131.800922879129
1719115200000,10132.49314287913
1719118800000,10132.17344287913
1719122400000,10131.27689287913
1719126000000,10131.11843287913
1719129600000,10131.795183307875
1719133200000,10131.079333307875
1719136800000,10130.388503307875
1719140400000,10129.079123307874
1719144000000,10129.739373307875
1719147600000,10130.316223307875
1719151200000,10129.747713307876
1719154800000,10127.814223307876
1719158400000,10126.344621810584
1719162000000,10121.823481810583
1719165600000,10126.336361810583
1719169200000,10126.653301810584
1719172800000,10127.550011810583
1719176400000,10112.975771810583
1719180000000,10113.718911810583
1719183600000,10110.422311810582
1719187200000,10101.986502327916
1719190800000,10096.957952327917
1719194400000,10103.202542327916
1719198000000,10091.069613626607
1719201600000,10090.741573626607
1719205200000,10091.621443626607
1719208800000,10087.133133626607
1719212400000,10086.600763626608
1719216000000,10086.423293013608
1719219600000,10088.693163013608
1719223200000,10079.643421907736
1719226800000,10079.643421907736
1719230400000,10079.643421907736
1719234000000,10079.643421907736
1719237600000,10079.643421907736
1719241200000,10079.643421907736
1719244800000,10079.643421907736
1719248400000,10079.643421907736
1719252000000,10079.643421907736
1719255600000,10079.643421907736
1719259200000,10079.643421907736
1719262800000,10079.643421907736
1719266400000,10079.643421907736
1719270000000,10079.643421907736
1719273600000,10079.643421907736
1719277200000,10079.643421907736
1719280800000,10079.643421907736
1719284400000,10079.643421907736
1719288000000,10079.643421907736
1719291600000,10079.643421907736
1719295200000,10079.643421907736
1719298800000,10079.643421907736
1719302400000,10079.643421907736
1719306000000,10079.643421907736
1719309600000,10079.643421907736
1719313200000,10079.643421907736
1719316800000,10079.643421907736
1719320400000,10079.643421907736
1719324000000,10079.643421907736
1719327600000,10079.643421907736
1719331200000,10079.643421907736
1719334800000,10079.643421907736
1719338400000,10079.643421907736
1719342000000,10079.643421907736
1719345600000,10079.643421907736
1719349200000,10079.643421907736
1719352800000,10079.643421907736
1719356400000,10079.643421907736
1719360000000,10079.643421907736
1719363600000,10079.643421907736
1719367200000,10079.643421907736
1719370800000,10079.643421907736
1719374400000,10079.643421907736
1719378000000,10079.643421907736
1719381600000,10079.643421907736
1719385200000,10079.643421907736
1719388800000,10079.643421907736
1719392400000,10079.643421907736
1719396000000,10079.643421907736
1719399600000,10079.643421907736
1719403200000,10079.643421907736
1719406800000,10079.643421907736
1719410400000,10079.643421907736
1719414000000,10079.643421907736
1719417600000,10079.643421907736
1719421200000,10079.643421907736
1719424800000,10079.643421907736
1719428400000,10079.643421907736
1719432000000,10079.643421907736
1719435600000,10079.643421907736
1719439200000,10079.643421907736
1719442800000,10079.643421907736
1719446400000,10079.643421907736
1719450000000,10079.643421907736
1719453600000,10079.643421907736
1719457200000,10079.643421907736
1719460800000,10079.643421907736
1719464400000,10079.643421907736
1719468000000,10079.643421907736
1719471600000,10079.643421907736
1719475200000,10079.643421907736
1719478800000,10079.643421907736
1719482400000,10079.643421907736
1719486000000,10079.643421907736
1719489600000,10079.643421907736
1719493200000,10079.643421907736
1719496800000,10079.643421907736
1719500400000,10079.643421907736
1719504000000,10079.643421907736
1719507600000,10079.643421907736
1719511200000,10079.643421907736
1719514800000,10079.643421907736
1719518400000,10079.643421907736
1719522000000,10079.643421907736
1719525600000,10079.643421907736
1719529200000,10079.643421907736
1719532800000,10079.643421907736
1719536400000,10079.643421907736
1719540000000,10079.643421907736
1719543600000,10079.643421907736
1719547200000,10079.643421907736
1719550800000,10079.643421907736
1719554400000,10079.643421907736
1719558000000,10079.643421907736
1719561600000,10079.643421907736
1719565200000,10079.643421907736
1719568800000,10079.643421907736
1719572400000,10079.643421907736
1719576000000,10079.643421907736
1719579600000,10079.643421907736
1719583200000,10079.643421907736
1719586800000,10079.643421907736
1719590400000,10079.643421907736
1719594000000,10079.643421907736
1719597600000,10079.643421907736
1719601200000,10079.643421907736
1719604800000,10079.643421907736
1719608400000,10079.643421907736
1719612000000,10079.643421907736
1719615600000,10079.643421907736
1719619200000,10079.643421907736
1719622800000,10079.643421907736
1719626400000,10079.643421907736
1719630000000,10079.643421907736
1719633600000,10079.643421907736
1719637200000,10079.643421907736
1719640800000,10079.643421907736
1719644400000,10079.643421907736
1719648000000,10079.643421907736
1719651600000,10079.643421907736
1719655200000,10079.643421907736
1719658800000,10079.643421907736
1719662400000,10079.643421907736
1719666000000,10079.643421907736
1719669600000,10079.643421907736
1719673200000,10079.643421907736
1719676800000,10079.643421907736
1719680400000,10079.643421907736
1719684000000,10079.643421907736
1719687600000,10079.643421907736
1719691200000,10079.643421907736
1719694800000,10079.643421907736
1719698400000,10079.643421907736
1719702000000,10079.643421907736
1719705600000,10079.643421907736
1719709200000,10079.643421907736
1719712800000,10079.643421907736
1719716400000,10079.643421907736
1719720000000,10079.643421907736
1719723600000,10079.643421907736
1719727200000,10079.643421907736
1719730800000,10079.643421907736
1719734400000,10079.643421907736
1719738000000,10079.643421907736
1719741600000,10079.643421907736
1719745200000,10079.643421907736
1719748800000,10079.643421907736
1719752400000,10079.643421907736
1719756000000,10079.643421907736
1719759600000,10079.643421907736
1719763200000,10079.643421907736
1719766800000,10079.643421907736
1719770400000,10079.643421907736
1719774000000,10079.643421907736
1719777600000,10079.643421907736
1719781200000,10079.643421907736
1719784800000,10079.643421907736
1719788400000,10079.643421907736
1719792000000,10079.643421907736
1719795600000,10079.643421907736
1719799200000,10079.643421907736
1719802800000,10079.643421907736
1719806400000,10079.643421907736
1719810000000,10079.643421907736
1719813600000,10079.643421907736
1719817200000,10079.643421907736
1719820800000,10079.643421907736
1719824400000,10079.643421907736
1719828000000,10079.643421907736
1719831600000,10079.643421907736
1719835200000,10079.643421907736
1719838800000,10079.643421907736
1719842400000,10079.643421907736
1719846000000,10079.643421907736
1719849600000,10079.643421907736
1719853200000,10079.643421907736
1719856800000,10079.643421907736
1719860400000,10079.643421907736
1719864000000,10079.643421907736
1719867600000,10079.643421907736
1719871200000,10079.643421907736
1719874800000,10079.643421907736
1719878400000,10079.643421907736
1719882000000,10079.643421907736
1719885600000,10079.643421907736
1719889200000,10079.643421907736
1719892800000,10079.643421907736
1719896400000,10079.643421907736
1719900000000,10079.643421907736
1719903600000,10079.643421907736
1719907200000,10079.643421907736
1719910800000,10079.643421907736
1719914400000,10079.643421907736
1719918000000,10079.643421907736
1719921600000,10079.643421907736
1719925200000,10079.643421907736
1719928800000,10079.643421907736
1719932400000,10079.643421907736
1719936000000,10079.643421907736
1719939600000,10079.643421907736
1719943200000,10079.643421907736
1719946800000,10079.643421907736
1719950400000,10079.643421907736
1719954000000,10079.643421907736
1719957600000,10079.643421907736
1719961200000,10079.643421907736
1719964800000,10079.643421907736
1719968400000,10079.643421907736
1719972000000,10079.643421907736
1719975600000,10079.643421907736
1719979200000,10079.643421907736
1719982800000,10079.643421907736
1719986400000,10079.643421907736
1719990000000,10079.643421907736
1719993600000,10079.643421907736
1719997200000,10079.643421907736
1720000800000,10079.643421907736
1720004400000,10079.643421907736
1720008000000,10079.643421907736
1720011600000,10079.643421907736
1720015200000,10079.643421907736
1720018800000,10079.643421907736
1720022400000,10079.643421907736
1720026000000,10079.643421907736
1720029600000,10079.643421907736
1720033200000,10079.643421907736
1720036800000,10079.643421907736
1720040400000,10079.643421907736
1720044000000,10079.643421907736
1720047600000,10079.643421907736
1720051200000,10079.643421907736
1720054800000,10079.643421907736
1720058400000,10079.643421907736
1720062000000,10079.643421907736
1720065600000,10079.643421907736
1720069200000,10079.643421907736
1720072800000,10079.643421907736
1720076400000,10079.643421907736
1720080000000,10079.643421907736
1720083600000,10079.643421907736
1720087200000,10079.643421907736
1720090800000,10079.643421907736
1720094400000,10079.643421907736
1720098000000,10079.643421907736
1720101600000,10079.643421907736
1720105200000,10079.643421907736
1720108800000,10079.643421907736
1720112400000,10079.643421907736
1720116000000,10079.643421907736
1720119600000,10079.643421907736
1720123200000,10079.643421907736
1720126800000,10079.643421907736
1720130400000,10079.643421907736
1720134000000,10079.643421907736
1720137600000,10079.643421907736
1720141200000,10079.643421907736
1720144800000,10079.643421907736
1720148400000,10079.643421907736
1720152000000,10079.643421907736
1720155600000,10079.643421907736
1720159200000,10079.643421907736
1720162800000,10079.643421907736
1720166400000,10079.643421907736
1720170000000,10079.643421907736
1720173600000,10079.643421907736
1720177200000,10079.643421907736
1720180800000,10079.643421907736
1720184400000,10079.643421907736
1720188000000,10079.643421907736
1720191600000,10079.643421907736
1720195200000,10079.643421907736
1720198800000,10079.643421907736
1720202400000,10079.643421907736
1720206000000,10079.643421907736
1720209600000,10079.643421907736
1720213200000,10079.643421907736
1720216800000,10079.643421907736
1720220400000,10079.643421907736
1720224000000,10079.426786417827
1720227600000,10079.004786417829
1720231200000,10077.574286417828
1720234800000,10078.484286417828
1720238400000,10078.206286417828
1720242000000,10076.566786417829
1720245600000,10078.127286417828
1720249200000,10078.404786417828
1720252800000,10079.062285751708
1720256400000,10078.54458575171
1720260000000,10079.390495751708
1720263600000,10080.344255751708
1720267200000,10080.109575751709
1720270800000,10080.29472575171
1720274400000,10081.788725751709
1720278000000,10081.73205575171
1720281600000,10083.665601264212
1720285200000,10089.027731264212
1720288800000,10090.226931264213
1720292400000,10089.297681264212
1720296000000,10089.882521264211
1720299600000,10091.749521264212
1720303200000,10090.231061264212
1720306800000,10092.017231264212
1720310400000,10092.610246864308
1720314000000,10089.962176864306
1720317600000,10091.237776864307
1720321200000,10093.034346864308
1720324800000,10089.755126864307
1720328400000,10086.697496864306
1720332000000,10086.548856864307
1720335600000,10086.822986864307
1720339200000,10083.139522221749
1720342800000,10084.83829222175
1720346400000,10085.71518222175
1720350000000,10084.073772221747
1720353600000,10084.25312222175
1720357200000,10083.396882221748
1720360800000,10077.670652221748
1720364400000,10076.080282221748
1720368000000,10077.365076258853
1720371600000,10080.457556258852
1720375200000,10081.179486258854
1720378800000,10080.265186258854
1720382400000,10079.872876258854
1720386000000,10081.918416258854
1720389600000,10075.732856258854
1720393200000,10072.752636258854
1720396800000,10069.73049466378
1720400400000,10061.008814663779
1720404000000,10057.085074663779
1720407600000,10063.26679466378
1720411200000,10060.86665466378
1720414800000,10065.24632466378
1720418400000,10066.17928466378
1720422000000,10066.363614663778
1720425600000,10068.180935096614
1720429200000,10088.676185096614
1720432800000,10087.505425096615
1720436400000,10080.738745096614
1720440000000,10086.273365096615
1720443600000,10085.394745096615
1720447200000,10084.276245096615
1720450800000,10075.327035096614
1720454400000,10072.597103167898
1720458000000,10072.456373167899
1720461600000,10075.789153167898
1720465200000,10076.509613167898
1720468800000,10078.297443167898
1720472400000,10076.772773167897
1720476000000,10080.598723167897
1720479600000,10081.192053167897
1720483200000,10080.386024402747
1720486800000,10080.724454402747
1720490400000,10081.142924402748
1720494000000,10085.146664402748
1720497600000,10084.348874402747
1720501200000,10084.877834402747
1720504800000,10084.612484402747
1720508400000,10085.361554402747
1720512000000,10084.167900510825
1720515600000,10084.167900510825
1720519200000,10084.167900510825
1720522800000,10084.167900510825
1720526400000,10084.078736572777
1720530000000,10083.057456572777
1720533600000,10082.843216572777
1720537200000,10079.654576572777
1720540800000,10082.346329578688
1720544400000,10082.999449578687
1720548000000,10081.042169578686
1720551600000,10081.313609578687
1720555200000,10082.292249578688
1720558800000,10082.575129578687
1720562400000,10081.482089578687
1720566000000,10081.214809578687
1720569600000,10082.137828595338
1720573200000,10079.130148595337
1720576800000,10081.379668595337
1720580400000,10082.527828595337
1720584000000,10083.944308595337
1720587600000,10087.291028595337
1720591200000,10086.153268595337
1720594800000,10086.804308595338
1720598400000,10085.500873240051
1720602000000,10084.213353240051
1720605600000,10084.382873240053
1720609200000,10086.174793240052
1720612800000,10085.683913240051
1720616400000,10087.690073240052
1720620000000,10086.12487324005
1720623600000,10085.630873240052
1720627200000,10087.84377287059
1720630800000,10087.882252870591
1720634400000,10086.03833287059
1720638000000,10085.52665287059
1720641600000,10086.478252870591
1720645200000,10085.13977287059
1720648800000,10085.458012870591
1720652400000,10085.65353287059
1720656000000,10085.587729822351
1720659600000,10085.659489822352
1720663200000,10087.844529822352
1720666800000,10086.104609822352
1720670400000,10083.081329822351
1720674000000,10083.986129822351
1720677600000,10085.488929822352
1720681200000,10086.415569822351
1720684800000,10087.673989930294
1720688400000,10088.326069930294
1720692000000,10090.240709930293
1720695600000,10090.515269930293
1720699200000,10090.396709930294
1720702800000,10095.113109930293
1720706400000,10094.184389930293
1720710000000,10090.858469930294
1720713600000,10087.32407089928
1720717200000,10088.17687089928
1720720800000,10088.78423089928
1720724400000,10089.64951089928
1720728000000,10086.30383089928
1720731600000,10087.13063089928
1720735200000,10086.35583089928
1720738800000,10085.65903089928
1720742400000,10085.86601159528
1720746000000,10085.27737159528
1720749600000,10084.55561159528
1720753200000,10086.321531595282
1720756800000,10084.298731595281
1720760400000,10084.04185159528
1720764000000,10083.62481159528
1720767600000,10084.764651595282
1720771200000,10082.497943231165
1720774800000,10083.428743231165
1720778400000,10081.543223231165
1720782000000,10082.534343231166
1720785600000,10082.32702241153
1720789200000,10082.32702241153
1720792800000,10082.32702241153
1720796400000,10082.32702241153
1720800000000,10082.32702241153
1720803600000,10082.32702241153
1720807200000,10082.32702241153
1720810800000,10082.32702241153
1720814400000,10082.636938530059
1720818000000,10082.168138530058
1720821600000,10082.107338530059
1720825200000,10083.608138530059
1720828800000,10084.612024821106
1720832400000,10084.065624821107
1720836000000,10084.508024821107
1720839600000,10085.146424821107
1720843200000,10083.933624821106
1720846800000,10083.666424821107
1720850400000,10085.834424821107
1720854000000,10085.687224821106
1720857600000,10086.524093260718
1720861200000,10085.137693260718
1720864800000,10090.928893260718
1720868400000,10088.674493260718
1720872000000,10089.548893260719
1720875600000,10092.060093260718
1720879200000,10090.204893260718
1720882800000,10091.566493260718
1720886400000,10092.226646460718
1720890000000,10090.387446460718
1720893600000,10091.220246460718
1720897200000,10090.617846460718
1720900800000,10090.205846460718
1720904400000,10090.237046460717
1720908000000,10090.828246460718
1720911600000,10096.706646460718
1720915200000,10095.11408546254
1720918800000,10099.261285462539
1720922400000,10099.28768546254
1720926000000,10096.17808546254
1720929600000,10096.92368546254
1720933200000,10101.354085462539
1720936800000,10103.854085462539
1720940400000,10100.066885462538
1720944000000,10102.136268163495
1720947600000,10102.960268163495
1720951200000,10102.921068163496
1720954800000,10101.037068163496
1720958400000,10102.090668163495
1720962000000,10098.060268163495
1720965600000,10098.855468163496
1720969200000,10101.936268163496
1720972800000,10101.776188281076
1720976400000,10101.850588281077
1720980000000,10101.430588281077
1720983600000,10101.477788281076
1720987200000,10100.528988281076
1720990800000,10101.864188281075
1720994400000,10110.370588281075
1720998000000,10108.268988281076
1721001600000,10107.484274969156
1721005200000,10110.829074969157
1721008800000,10112.066674969155
1721012400000,10120.999474969156
1721016000000,10122.553074969157
1721019600000,10121.912274969156
1721023200000,10123.813074969155
1721026800000,10123.885074969156
1721030400000,10124.097782604065
1721034000000,10123.610582604066
1721037600000,10122.528182604065
1721041200000,10121.768982604066
1721044800000,10121.155382604065
1721048400000,10122.070582604065
1721052000000,10124.688182604064
1721055600000,10126.684182604065
1721059200000,10125.404372898443
1721062800000,10128.106772898444
1721066400000,10125.453172898444
1721070000000,10129.061972898444
1721073600000,10127.630731546438
1721077200000,10127.630731546438
1721080800000,10127.630731546438
1721084400000,10127.630731546438
1721088000000,10127.478546854965
1721091600000,10126.460946854966
1721095200000,10127.996146854966
1721098800000,10127.900146854965
1721102400000,10127.398546854965
1721106000000,10125.710546854965
1721109600000,10119.034546854966
1721113200000,10113.900146854965
1721116800000,10113.635805736325
1721120400000,10111.865405736326
1721124000000,10115.455805736325
1721127600000,10117.252605736325
1721131200000,10119.669405736326
1721134800000,10119.082205736326
1721138400000,10116.824605736325
1721142000000,10120.167805736324
1721145600000,10128.84411252147
1721149200000,10124.91611252147
1721152800000,10125.712112521469
1721156400000,10127.56171252147
1721160000000,10130.34731252147
1721163600000,10126.71611252147
1721167200000,10125.92891252147
1721170800000,10126.654512521469
1721174400000,10129.568292152306
1721178000000,10133.197092152306
1721181600000,10135.277092152306
1721185200000,10134.833892152306
1721188800000,10135.219492152306
1721192400000,10136.260292152307
1721196000000,10134.878692152306
1721199600000,10133.802692152305
1721203200000,10131.952628493264
1721206800000,10131.025428493263
1721210400000,10131.779828493265
1721214000000,10130.473428493264
1721217600000,10127.360628493265
1721221200000,10127.655828493263
1721224800000,10130.510228493264
1721228400000,10129.583028493264
1721232000000,10127.035137268183
1721235600000,10123.881537268184
1721239200000,10123.481537268184
1721242800000,10126.032737268184
1721246400000,10126.044737268185
1721250000000,10124.891937268185
1721253600000,10124.488737268184
1721257200000,10123.470337268183
1721260800000,10122.832406429809
1721264400000,10125.548406429809
1721268000000,10127.531606429808
1721271600000,10127.155606429807
1721275200000,10128.454806429809
1721278800000,10126.081206429808
1721282400000,10127.71400642981
1721286000000,10129.754006429808
1721289600000,10127.005211766977
1721293200000,10128.917211766977
1721296800000,10128.228411766977
1721300400000,10126.664411766977
1721304000000,10127.643611766976
1721307600000,10128.578011766976
1721311200000,10126.098011766977
1721314800000,10120.315611766977
1721318400000,10117.890924213041
1721322000000,10120.597324213042
1721325600000,10118.048524213042
1721329200000,10118.234924213042
1721332800000,10118.274924213041
1721336400000,10120.097324213042
1721340000000,10119.826924213041
1721343600000,10121.524524213042
1721347200000,10121.203666018138
1721350800000,10121.203666018138
1721354400000,10121.203666018138
1721358000000,10121.203666018138
1721361600000,10121.203666018138
1721365200000,10121.203666018138
1721368800000,10121.203666018138
1721372400000,10121.203666018138
1721376000000,10121.203666018138
1721379600000,10121.203666018138
1721383200000,10121.203666018138
1721386800000,10121.203666018138
1721390400000,10121.203666018138
1721394000000,10121.203666018138
1721397600000,10121.203666018138
1721401200000,10121.203666018138
1721404800000,10121.203666018138
1721408400000,10121.203666018138
1721412000000,10121.203666018138
1721415600000,10121.203666018138
1721419200000,10121.203666018138
1721422800000,10121.203666018138
1721426400000,10121.203666018138
1721430000000,10121.203666018138
1721433600000,10121.203666018138
1721437200000,10121.203666018138
1721440800000,10121.203666018138
1721444400000,10121.203666018138
1721448000000,10121.203666018138
1721451600000,10121.203666018138
1721455200000,10121.203666018138
1721458800000,10121.203666018138
1721462400000,10121.203666018138
1721466000000,10121.203666018138
1721469600000,10121.203666018138
1721473200000,10121.203666018138
1721476800000,10121.203666018138
1721480400000,10121.203666018138
1721484000000,10121.203666018138
1721487600000,10121.203666018138
1721491200000,10121.335474412936
1721494800000,10120.611874412934
1721498400000,10126.064074412936
1721502000000,10126.571674412935
1721505600000,10124.737474412936
1721509200000,10125.059674412934
1721512800000,10123.565674412936
1721516400000,10123.163374412936
1721520000000,10124.089158531186
1721523600000,10122.957858531187
1721527200000,10125.002658531186
1721530800000,10124.765958531187
1721534400000,10123.876758531187
1721538000000,10122.970458531187
1721541600000,10123.141458531187
1721545200000,10119.581058531186
1721548800000,10119.848693892733
1721552400000,10120.271693892731
1721556000000,10122.279593892732
1721559600000,10120.718993892731
1721563200000,10121.276993892732
1721566800000,10122.057293892733
1721570400000,10120.531793892733
1721574000000,10125.192893892732
1721577600000,10123.676990792637
1721581200000,10128.639590792638
1721584800000,10119.508190792638
1721588400000,10121.110190792637
1721592000000,10126.091690792638
1721595600000,10129.616090792637
1721599200000,10133.310590792638
1721602800000,10131.908390792638
1721606400000,10133.528165003518
1721610000000,10132.662365003518
1721613600000,10130.068565003518
1721617200000,10132.087265003518
1721620800000,10130.015465003518
1721624400000,10130.722865003518
1721628000000,10128.034565003518
1721631600000,10125.617165003518
1721635200000,10124.65865568751
1721638800000,10122.38345568751
1721642400000,10125.87635568751
1721646000000,10126.38035568751
1721649600000,10126.99595568751
1721653200000,10128.32975568751
1721656800000,10122.837055687509
1721660400000,10119.23165568751
1721664000000,10123.120048723873
1721667600000,10122.940948723872
1721671200000,10126.538248723873
1721674800000,10125.901048723872
1721678400000,10132.700548723873
1721682000000,10132.387348723872
1721685600000,10129.992448723871
1721689200000,10127.805448723871
1721692800000,10127.300738896563
1721696400000,10126.660838896563
1721700000000,10126.012838896564
1721703600000,10128.347438896564
1721707200000,10126.236038896564
1721710800000,10121.799038896565
1721714400000,10117.281938896564
1721718000000,10117.864238896564
1721721600000,10118.383824772205
1721725200000,10120.984824772204
1721728800000,10122.025224772206
1721732400000,10120.435824772205
1721736000000,10119.603324772204
1721739600000,10118.282124772204
1721743200000,10114.599324772205
1721746800000,10123.734324772204
1721750400000,10118.169371135262
1721754000000,10118.169371135262
1721757600000,10118.169371135262
1721761200000,10118.169371135262
1721764800000,10118.169371135262
1721768400000,10118.169371135262
1721772000000,10118.169371135262
1721775600000,10118.169371135262
1721779200000,10118.169371135262
1721782800000,10118.169371135262
1721786400000,10118.169371135262
1721790000000,10118.169371135262
1721793600000,10118.169371135262
1721797200000,10118.169371135262
1721800800000,10118.169371135262
1721804400000,10118.169371135262
1721808000000,10118.169371135262
1721811600000,10118.169371135262
1721815200000,10118.169371135262
1721818800000,10118.169371135262
1721822400000,10118.169371135262
1721826000000,10118.169371135262
1721829600000,10118.169371135262
1721833200000,10118.169371135262
1721836800000,10118.169371135262
1721840400000,10118.169371135262
1721844000000,10118.169371135262
1721847600000,10118.169371135262
1721851200000,10118.169371135262
1721854800000,10118.169371135262
1721858400000,10118.169371135262
1721862000000,10118.169371135262
1721865600000,10118.169371135262
1721869200000,10118.169371135262
1721872800000,10118.169371135262
1721876400000,10118.169371135262
1721880000000,10118.169371135262
1721883600000,10118.169371135262
1721887200000,10118.169371135262
1721890800000,10118.169371135262
1721894400000,10118.169371135262
1721898000000,10118.169371135262
1721901600000,10118.169371135262
1721905200000,10118.169371135262
1721908800000,10118.169371135262
1721912400000,10118.169371135262
1721916000000,10118.169371135262
1721919600000,10118.169371135262
1721923200000,10117.90160453339
1721926800000,10119.31510453339
1721930400000,10120.96950453339
1721934000000,10115.447504533391
1721937600000,10115.43650453339
1721941200000,10119.24030453339
1721944800000,10121.97380453339
1721948400000,10120.407404533391
1721952000000,10121.444278973046
1721955600000,10123.657478973046
1721959200000,10122.930378973046
1721962800000,10128.804378973045
1721966400000,10128.566778973047
1721970000000,10130.297078973046
1721973600000,10131.525778973046
1721977200000,10131.628078973046
1721980800000,10130.043380026975
1721984400000,10130.202880026975
1721988000000,10130.085180026976
1721991600000,10129.525280026975
1721995200000,10129.582480026975
1721998800000,10129.136980026975
1722002400000,10129.960880026974
1722006000000,10128.776180026975
1722009600000,10130.290859595762
1722013200000,10129.111659595761
1722016800000,10129.612159595761
1722020400000,10130.907959595761
1722024000000,10132.09705959576
1722027600000,10130.183059595762
1722031200000,10131.543759595761
1722034800000,10133.022159595761
1722038400000,10132.296178618668
1722042000000,10130.692378618669
1722045600000,10129.222778618669
1722049200000,10130.956378618668
1722052800000,10129.24147861867
1722056400000,10130.374478618669
1722060000000,10130.408578618668
1722063600000,10131.770378618668
1722067200000,10132.273878337346
1722070800000,10131.589678337346
1722074400000,10132.625878337347
1722078000000,10132.223278337347
1722081600000,10132.953678337346
1722085200000,10133.858978337346
1722088800000,10137.239278337347
1722092400000,10136.562778337347
1722096000000,10133.090256528107
1722099600000,10132.164056528107
1722103200000,10130.921056528108
1722106800000,10129.275456528107
1722110400000,10130.050956528108
1722114000000,10128.079756528108
1722117600000,10133.114456528107
1722121200000,10132.574356528108
1722124800000,10128.894327977025
1722128400000,10129.392627977024
1722132000000,10129.348627977024
1722135600000,10129.897527977024
1722139200000,10128.496127977023
1722142800000,10126.287327977025
1722146400000,10126.482027977025
1722150000000,10126.356627977024
1722153600000,10126.974534497023
1722157200000,10127.262734497024
1722160800000,10128.007434497023
1722164400000,10129.506734497025
1722168000000,10130.183234497024
1722171600000,10132.195134497024
1722175200000,10132.373334497024
1722178800000,10131.204034497025
1722182400000,10131.53061499219
1722186000000,10131.53061499219
1722189600000,10131.53061499219
1722193200000,10131.53061499219
1722196800000,10131.53061499219
1722200400000,10131.53061499219
1722204000000,10131.53061499219
1722207600000,10131.53061499219
1722211200000,10131.53061499219
1722214800000,10131.53061499219
1722218400000,10131.53061499219
1722222000000,10131.53061499219
1722225600000,10131.53061499219
1722229200000,10131.53061499219
1722232800000,10131.53061499219
1722236400000,10131.53061499219
1722240000000,10131.53061499219
1722243600000,10131.53061499219
1722247200000,10131.53061499219
1722250800000,10131.53061499219
1722254400000,10131.53061499219
1722258000000,10131.53061499219
1722261600000,10131.53061499219
1722265200000,10131.53061499219
1722268800000,10131.53061499219
1722272400000,10131.53061499219
1722276000000,10131.53061499219
1722279600000,10131.53061499219
1722283200000,10131.53061499219
1722286800000,10131.53061499219
1722290400000,10131.53061499219
1722294000000,10131.53061499219
1722297600000,10131.53061499219
1722301200000,10131.53061499219
1722304800000,10131.53061499219
1722308400000,10131.53061499219
1722312000000,10131.53061499219
1722315600000,10131.53061499219
1722319200000,10131.53061499219
1722322800000,10131.53061499219
1722326400000,10131.53061499219
1722330000000,10131.53061499219
1722333600000,10131.53061499219
1722337200000,10131.53061499219
1722340800000,10131.53061499219
1722344400000,10131.53061499219
1722348000000,10131.53061499219
1722351600000,10131.53061499219
1722355200000,10131.53061499219
1722358800000,10131.53061499219
1722362400000,10131.53061499219
1722366000000,10131.53061499219
1722369600000,10131.53061499219
1722373200000,10131.53061499219
1722376800000,10131.53061499219
1722380400000,10131.53061499219
1722384000000,10131.53061499219
1722387600000,10131.53061499219
1722391200000,10131.53061499219
1722394800000,10131.53061499219
1722398400000,10131.53061499219
1722402000000,10131.53061499219
1722405600000,10131.53061499219
1722409200000,10131.53061499219
1722412800000,10131.53061499219
1722416400000,10131.53061499219
1722420000000,10131.53061499219
1722423600000,10131.53061499219
1722427200000,10131.53061499219
1722430800000,10131.53061499219
1722434400000,10131.53061499219
1722438000000,10131.53061499219
1722441600000,10131.53061499219
1722445200000,10131.53061499219
1722448800000,10131.53061499219
1722452400000,10131.53061499219
1722456000000,10131.53061499219
1722459600000,10131.53061499219
1722463200000,10131.53061499219
1722466800000,10131.53061499219
1722470400000,10131.53061499219
1722474000000,10131.53061499219
1722477600000,10131.53061499219
1722481200000,10131.53061499219
1722484800000,10131.53061499219
1722488400000,10131.53061499219
1722492000000,10131.53061499219
1722495600000,10131.53061499219
1722499200000,10131.53061499219
1722502800000,10131.53061499219
1722506400000,10131.53061499219
1722510000000,10131.53061499219
1722513600000,10131.53061499219
1722517200000,10131.53061499219
1722520800000,10131.53061499219
1722524400000,10131.53061499219
1722528000000,10131.53061499219
1722531600000,10131.53061499219
1722535200000,10131.53061499219
1722538800000,10131.53061499219
1722542400000,10131.53061499219
1722546000000,10131.53061499219
1722549600000,10131.53061499219
1722553200000,10131.53061499219
1722556800000,10131.53061499219
1722560400000,10131.53061499219
1722564000000,10131.53061499219
1722567600000,10131.53061499219
1722571200000,10131.53061499219
1722574800000,10131.53061499219
1722578400000,10131.53061499219
1722582000000,10131.53061499219
1722585600000,10131.53061499219
1722589200000,10131.53061499219
1722592800000,10131.53061499219
1722596400000,10131.53061499219
1722600000000,10131.53061499219
1722603600000,10131.53061499219
1722607200000,10131.53061499219
1722610800000,10131.53061499219
1722614400000,10130.635212196677
1722618000000,10130.065652196678
1722621600000,10129.388212196676
1722625200000,10128.657412196677
1722628800000,10128.836052196677
1722632400000,10128.824452196677
1722636000000,10127.144772196676
1722639600000,10125.126372196677
1722643200000,10125.429849645214
1722646800000,10122.623809645213
1722650400000,10122.005529645214
1722654000000,10122.508969645212
1722657600000,10124.694409645213
1722661200000,10122.960209645213
1722664800000,10123.801209645213
1722668400000,10125.657209645213
1722672000000,10124.97894559374
1722675600000,10124.661105593741
1722679200000,10125.62390559374
1722682800000,10126.05658559374
1722686400000,10126.32686559374
1722690000000,10127.98450559374
1722693600000,10128.00074559374
1722697200000,10127.07970559374
1722700800000,10119.996540309003
1722704400000,10119.523260309004
1722708000000,10115.844900309003
1722711600000,10115.733540309004
1722715200000,10114.703460309003
1722718800000,10114.139700309004
1722722400000,10116.390100309003
1722726000000,10116.049060309004
1722729600000,10115.24270533176
1722733200000,10116.77970533176
1722736800000,10115.88070533176
1722740400000,10117.27502533176
1722744000000,10117.01402533176
1722747600000,10115.20210533176
1722751200000,10116.78898533176
1722754800000,10117.08594533176
1722758400000,10114.192061186448
1722762000000,10115.76270118645
1722765600000,10116.43898118645
1722769200000,10116.936621186449
1722772800000,10116.90298118645
1722776400000,10118.033981186449
1722780000000,10116.441301186449
1722783600000,10110.71554118645
1722787200000,10106.163660023592
1722790800000,10106.163660023592
1722794400000,10106.163660023592
1722798000000,10106.163660023592
1722801600000,10106.163660023592
1722805200000,10106.163660023592
1722808800000,10106.163660023592
1722812400000,10106.163660023592
1722816000000,10106.163660023592
1722819600000,10106.163660023592
1722823200000,10106.163660023592
1722826800000,10106.163660023592
1722830400000,10106.163660023592
1722834000000,10106.163660023592
1722837600000,10106.163660023592
1722841200000,10106.163660023592
1722844800000,10106.163660023592
1722848400000,10106.163660023592
1722852000000,10106.163660023592
1722855600000,10106.163660023592
1722859200000,10106.163660023592
1722862800000,10106.163660023592
1722866400000,10106.163660023592
1722870000000,10106.163660023592
1722873600000,10106.163660023592
1722877200000,10106.163660023592
1722880800000,10106.163660023592
1722884400000,10106.163660023592
1722888000000,10106.163660023592
1722891600000,10106.163660023592
1722895200000,10106.163660023592
1722898800000,10106.163660023592
1722902400000,10106.050408877973
1722906000000,10111.987108877973
1722909600000,10111.294108877973
1722913200000,10111.496908877973
1722916800000,10111.012108877972
1722920400000,10110.631108877973
1722924000000,10111.597408877973
1722927600000,10111.186108877973
1722931200000,10111.6900866757
1722934800000,10108.8982866757
1722938400000,10109.5438866757
1722942000000,10109.398086675701
1722945600000,10109.5426866757
1722949200000,10108.5238866757
1722952800000,10109.8951866757
1722956400000,10112.5309866757
1722960000000,10113.112000726762
1722963600000,10114.114600726762
1722967200000,10113.406300726761
1722970800000,10113.98200072676
1722974400000,10114.190200726762
1722978000000,10113.51160072676
1722981600000,10113.269200726761
1722985200000,10112.61190072676
1722988800000,10112.198227317214
1722992400000,10112.883127317215
1722996000000,10114.702027317215
1722999600000,10114.373227317215
1723003200000,10114.372327317215
1723006800000,10115.078227317215
1723010400000,10114.410127317215
1723014000000,10114.314727317214
1723017600000,10114.73983512253
1723021200000,10115.91073512253
1723024800000,10116.05053512253
1723028400000,10116.03283512253
1723032000000,10115.06953512253
1723035600000,10116.05923512253
1723039200000,10114.57753512253
1723042800000,10112.24623512253
1723046400000,10112.309783241972
1723050000000,10112.603783241972
1723053600000,10110.62738324197
1723057200000,10108.524083241971
1723060800000,10108.499183241971
1723064400000,10109.33618324197
1723068000000,10110.19238324197
1723071600000,10109.719283241971
1723075200000,10109.241824067374
1723078800000,10109.861024067375
1723082400000,10114.694624067375
1723086000000,10116.225824067375
1723089600000,10115.284124067375
1723093200000,10114.485224067375
1723096800000,10114.939724067375
1723100400000,10115.558924067374
1723104000000,10115.403032101995
1723107600000,10115.606132101993
1723111200000,10116.080132101994
1723114800000,10116.080132101994
1723118400000,10115.910032101994
1723122000000,10117.901132101993
1723125600000,10115.917832101994
1723129200000,10120.646732101994
1723132800000,10122.015688672647
1723136400000,10122.713788672647
1723140000000,10122.195088672646
1723143600000,10122.081088672647
1723147200000,10122.255088672646
1723150800000,10122.501388672646
1723154400000,10126.783888672646
1723158000000,10131.492388672646
1723161600000,10128.91603993937
1723165200000,10128.91603993937
1723168800000,10128.91603993937
1723172400000,10128.91603993937
1723176000000,10128.91603993937
1723179600000,10128.91603993937
1723183200000,10128.91603993937
1723186800000,10128.91603993937
1723190400000,10128.91603993937
1723194000000,10128.91603993937
1723197600000,10128.91603993937
1723201200000,10128.91603993937
1723204800000,10128.60326867849
1723208400000,10127.988768678488
1723212000000,10128.025768678488
1723215600000,10127.447268678488
1723219200000,10124.809782216678
1723222800000,10127.445282216679
1723226400000,10126.349782216677
1723230000000,10126.662782216677
1723233600000,10128.975782216678
1723237200000,10128.814282216677
1723240800000,10129.475282216677
1723244400000,10129.241782216677
1723248000000,10129.392765699578
1723251600000,10128.078265699578
1723255200000,10127.225765699579
1723258800000,10128.089265699578
1723262400000,10127.495765699578
1723266000000,10127.553765699578
1723269600000,10127.464765699578
1723273200000,10127.788265699579
1723276800000,10129.43845862789
1723280400000,10129.41195862789
1723284000000,10130.06245862789
1723287600000,10129.44095862789
1723291200000,10130.13645862789
1723294800000,10129.06195862789
1723298400000,10127.74445862789
1723302000000,10128.38695862789
1723305600000,10128.15485281318
1723309200000,10128.85935281318
1723312800000,10129.13985281318
1723316400000,10130.13985281318
1723320000000,10130.58835281318
1723323600000,10130.52635281318
1723327200000,10130.75835281318
1723330800000,10130.05535281318
1723334400000,10130.064524530055
1723338000000,10130.821024530056
1723341600000,10130.982524530056
1723345200000,10130.549524530055
1723348800000,10131.023024530055
1723352400000,10129.809524530056
1723356000000,10131.025524530056
1723359600000,10131.081024530054
1723363200000,10131.78515401249
1723366800000,10131.52765401249
1723370400000,10130.69465401249
1723374000000,10130.486654012491
1723377600000,10128.83915401249
1723381200000,10127.852154012491
1723384800000,10127.782154012491
1723388400000,10126.93665401249
1723392000000,10125.958093146739
1723395600000,10126.503093146739
1723399200000,10126.64809314674
1723402800000,10126.628093146739
1723406400000,10123.52309314674
1723410000000,10117.92559314674
1723413600000,10120.48759314674
1723417200000,10119.74609314674
1723420800000,10119.09532687016
1723424400000,10117.70932687016
1723428000000,10118.48932687016
1723431600000,10119.13832687016
1723435200000,10118.124326870158
1723438800000,10118.127826870159
1723442400000,10118.485326870159
1723446000000,10117.33382687016
1723449600000,10119.090571694403
1723453200000,10117.154571694404
1723456800000,10116.899571694405
1723460400000,10120.154071694404
1723464000000,10124.422792841799
1723467600000,10124.422792841799
1723471200000,10124.422792841799
1723474800000,10124.422792841799
1723478400000,10123.47601335913
1723482000000,10119.52171335913
1723485600000,10117.57291335913
1723489200000,10113.24551335913
1723492800000,10116.296113359129
1723496400000,10114.43271335913
1723500000000,10115.75641335913
1723503600000,10116.71261335913
1723507200000,10118.031816075849
1723510800000,10121.82651607585
1723514400000,10120.76041607585
1723518000000,10119.058016075849
1723521600000,10116.243316075848
1723525200000,10117.214916075849
1723528800000,10117.04971607585
1723532400000,10117.890416075848
1723536000000,10117.135441401533
1723539600000,10115.041941401534
1723543200000,10114.172041401534
1723546800000,10112.047641401534
1723550400000,10114.084141401534
1723554000000,10117.365841401534
1723557600000,10120.803041401534
1723561200000,10121.791241401534
1723564800000,10119.454992637347
1723568400000,10137.635992637348
1723572000000,10136.152492637348
1723575600000,10133.141392637348
1723579200000,10135.591792637348
1723582800000,10132.336892637348
1723586400000,10138.754692637347
1723590000000,10134.083792637348
1723593600000,10132.581460479054
1723597200000,10135.137560479056
1723600800000,10131.002360479055
1723604400000,10135.246060479056
1723608000000,10136.285860479054
1723611600000,10136.632760479055
1723615200000,10136.157560479054
1723618800000,10136.768260479055
1723622400000,10137.418633917088
1723626000000,10136.912933917089
1723629600000,10136.327233917089
1723633200000,10139.84573391709
1723636800000,10142.64123391709
1723640400000,10139.206933917088
1723644000000,10119.796433917089
1723647600000,10119.094833917088
1723651200000,10119.943183686648
1723654800000,10118.124383686647
1723658400000,10117.357683686649
1723662000000,10116.92988368665
1723665600000,10117.640083686647
1723669200000,10118.991683686647
1723672800000,10116.279883686648
1723676400000,10117.850883686648
1723680000000,10115.559374478898
1723683600000,10117.435774478898
1723687200000,10111.279374478898
1723690800000,10111.271374478898
1723694400000,10112.348374478897
1723698000000,10112.304174478899
1723701600000,10108.064474478897
1723705200000,10106.225374478898
1723708800000,10105.420270947165
1723712400000,10107.837470947165
1723716000000,10108.465270947165
1723719600000,10108.106670947163
1723723200000,10113.017170947165
1723726800000,10112.429370947166
1723730400000,10119.832170947164
1723734000000,10119.074670947164
1723737600000,10122.501551197556
1723741200000,10120.994551197557
1723744800000,10114.885151197557
1723748400000,10109.011151197556
1723752000000,10109.437119788316
1723755600000,10106.960119788315
1723759200000,10113.885819788316
1723762800000,10115.881419788317
1723766400000,10113.846330820223
1723770000000,10114.560130820222
1723773600000,10114.580030820222
1723777200000,10120.224830820223
1723780800000,10117.174730820223
1723784400000,10121.653530820222
1723788000000,10121.581730820222
1723791600000,10126.176630820222
1723795200000,10125.037738610303
1723798800000,10124.255938610304
1723802400000,10125.935338610303
1723806000000,10124.831338610304
1723809600000,10124.725124882598
1723813200000,10115.131664882598
1723816800000,10120.470964882597
1723820400000,10117.749274882597
1723824000000,10116.646447108087
1723827600000,10122.317517108087
1723831200000,10128.444867108088
1723834800000,10130.968397108087
1723838400000,10132.655267108086
1723842000000,10129.339757108086
1723845600000,10127.176397108087
1723849200000,10125.620677108087
1723852800000,10124.31833768801
1723856400000,10126.82538768801
1723860000000,10127.93496768801
1723863600000,10126.68435768801
1723867200000,10126.47384768801
1723870800000,10127.47965768801
1723874400000,10127.58940768801
1723878000000,10126.80450768801
1723881600000,10127.910804462763
1723885200000,10128.009574462763
1723888800000,10129.205804462763
1723892400000,10126.664844462763
1723896000000,10126.769074462763
1723899600000,10128.372674462762
1723903200000,10129.442044462763
1723906800000,10132.150854462763
1723910400000,10129.748144189427
1723914000000,10133.106034189426
1723917600000,10131.270954189426
1723921200000,10129.845054189425
1723924800000,10131.340754189427
1723928400000,10130.820414189426
1723932000000,10129.112714189427
1723935600000,10129.427474189426
1723939200000,10131.17631523537
1723942800000,10132.71181523537
1723946400000,10130.09704523537
1723950000000,10136.873945235371
1723953600000,10128.379415235371
1723957200000,10129.35566523537
1723960800000,10129.687865235372
1723964400000,10130.56859523537
1723968000000,10130.341598173001
1723971600000,10132.985898173003
1723975200000,10138.322658173003
1723978800000,10137.778648173002
1723982400000,10138.710888173002
1723986000000,10140.816678173003
1723989600000,10140.221058173001
1723993200000,10139.275408173004
1723996800000,10141.099626669646
1724000400000,10140.632726669646
1724004000000,10136.322156669647
1724007600000,10137.808396669645
1724011200000,10139.457661679759
1724014800000,10138.738131679758
1724018400000,10136.337481679759
1724022000000,10136.58486167976
1724025600000,10131.684824900422
1724029200000,10131.235154900422
1724032800000,10135.395164900421
1724036400000,10137.69265490042
1724040000000,10139.27810490042
1724043600000,10136.11558490042
1724047200000,10133.85681490042
1724050800000,10134.59837490042
1724054400000,10133.190814347514
1724058000000,10134.394264347513
1724061600000,10123.208504347513
1724065200000,10123.553354347514
1724068800000,10128.401587520346
1724072400000,10128.190387520346
1724076000000,10125.990387520345
1724079600000,10130.197887520346
1724083200000,10129.133583049625
1724086800000,10131.346783049625
1724090400000,10134.534583049624
1724094000000,10134.879983049625
1724097600000,10133.958183049624
1724101200000,10135.406883049625
1724104800000,10134.819483049625
1724108400000,10137.164683049625
1724112000000,10139.419437353625
1724115600000,10151.309337353625
1724119200000,10151.132237353624
1724122800000,10151.655837353625
1724126400000,10152.370837353625
1724130000000,10155.207737353625
1724133600000,10157.537537353624
1724137200000,10156.522237353625
1724140800000,10156.043500909429
1724144400000,10155.001800909427
1724148000000,10155.226200909428
1724151600000,10153.653200909428
1724155200000,10151.342100909427
1724158800000,10152.371700909429
1724162400000,10154.393500909428
1724166000000,10136.376600909429
1724169600000,10131.466691555235
1724173200000,10130.478851555235
1724176800000,10136.868611555235
1724180400000,10138.816651555237
1724184000000,10144.014371555235
1724187600000,10140.049711555235
1724191200000,10140.022931555235
1724194800000,10139.572311555236
1724198400000,10134.968208126074
1724202000000,10135.368088126075
1724205600000,10139.122788126075
1724209200000,10140.789068126076
1724212800000,10140.616588126075
1724216400000,10141.628248126075
1724220000000,10141.882228126075
1724223600000,10146.044228126077
1724227200000,10147.03589927756
1724230800000,10141.68241927756
1724234400000,10138.38571927756
1724238000000,10141.814519277561
1724241600000,10139.088859277561
1724245200000,10141.121439277562
1724248800000,10146.89353927756
1724252400000,10141.368119277562
1724256000000,10144.131529147684
1724259600000,10148.668709147683
1724263200000,10154.482889147683
1724266800000,10164.532749147684
1724270400000,10175.294109147684
1724274000000,10167.158329147684
1724277600000,10169.760709147684
1724281200000,10167.475409147683
1724284800000,10167.095499964165
1724288400000,10166.428059964166
1724292000000,10166.131599964165
1724295600000,10161.775419964166
1724299200000,10164.461379964165
1724302800000,10165.775199964166
1724306400000,10164.898779964165
1724310000000,10166.232039964165
1724313600000,10167.69111054311
1724317200000,10167.37035054311
1724320800000,10165.70013054311
1724324400000,10168.20627054311
1724328000000,10168.64367054311
1724331600000,10165.90425054311
1724335200000,10164.89661054311
1724338800000,10162.04055054311
1724342400000,10161.57524933997
1724346000000,10162.459769339972
1724349600000,10162.145489339971
1724353200000,10162.91660933997
1724356800000,10162.575224102475
1724360400000,10167.416444102473
1724364000000,10166.777904102475
1724367600000,10166.379604102474
1724371200000,10165.886728791334
1724374800000,10171.144508791334
1724378400000,10170.919108791335
1724382000000,10169.144948791334
1724385600000,10169.703148791335
1724389200000,10171.462408791334
1724392800000,10178.103188791334
1724396400000,10181.355588791335
1724400000000,10177.545671364574
1724403600000,10180.337871364574
1724407200000,10177.345251364573
1724410800000,10177.707011364575
1724414400000,10173.737711364574
1724418000000,10178.013571364574
1724421600000,10179.436351364573
1724425200000,10173.801391364574
1724428800000,10180.81845947968
1724432400000,10182.69795947968
1724436000000,10192.69745947968
1724439600000,10192.11435947968
1724443200000,10195.77535947968
1724446800000,10196.14495947968
1724450400000,10201.600759479681
1724454000000,10199.76465947968
1724457600000,10199.250119115077
1724461200000,10198.566919115076
1724464800000,10197.232019115076
1724468400000,10198.208519115076
1724472000000,10197.603019115077
1724475600000,10197.772419115076
1724479200000,10198.314219115076
1724482800000,10199.038719115077
1724486400000,10200.239672149688
1724490000000,10201.640372149686
1724493600000,10200.792672149688
1724497200000,10199.532672149688
1724500800000,10198.210372149688
1724504400000,10199.398272149687
1724508000000,10200.015672149688
1724511600000,10199.658672149688
1724515200000,10198.503047931443
1724518800000,10200.658347931443
1724522400000,10198.683647931442
1724526000000,10200.232747931443
1724529600000,10199.924747931442
1724533200000,10198.825047931443
1724536800000,10196.648747931442
1724540400000,10197.339647931443
1724544000000,10199.479419788371
1724547600000,10200.224919788372
1724551200000,10199.572519788371
1724554800000,10199.557819788371
1724558400000,10199.263819788372
1724562000000,10199.628519788372
1724565600000,10199.552919788372
1724569200000,10198.523919788371
1724572800000,10197.638961320861
1724576400000,10198.37186132086
1724580000000,10197.71106132086
1724583600000,10198.000861320861
1724587200000,10197.822361320861
1724590800000,10198.17026132086
1724594400000,10199.216061320862
1724598000000,10199.532461320861
1724601600000,10199.389015746616
1724605200000,10198.871715746616
1724608800000,10199.566115746617
1724612400000,10199.806215746616
1724616000000,10199.653239480105
1724619600000,10199.653239480105
1724623200000,10199.653239480105
1724626800000,10199.653239480105
1724630400000,10199.653239480105
1724634000000,10199.653239480105
1724637600000,10199.653239480105
1724641200000,10199.653239480105
1724644800000,10199.653239480105
1724648400000,10199.653239480105
1724652000000,10199.653239480105
1724655600000,10199.653239480105
1724659200000,10199.653239480105
1724662800000,10199.653239480105
1724666400000,10199.653239480105
1724670000000,10199.653239480105
1724673600000,10199.653239480105
1724677200000,10199.653239480105
1724680800000,10199.653239480105
1724684400000,10199.653239480105
1724688000000,10199.653239480105
1724691600000,10199.653239480105
1724695200000,10199.653239480105
1724698800000,10199.653239480105
1724702400000,10199.653239480105
1724706000000,10199.653239480105
1724709600000,10199.653239480105
1724713200000,10199.653239480105
1724716800000,10199.653239480105
1724720400000,10199.653239480105
1724724000000,10199.653239480105
1724727600000,10199.653239480105
1724731200000,10199.653239480105
1724734800000,10199.653239480105
1724738400000,10199.653239480105
1724742000000,10199.653239480105
1724745600000,10199.653239480105
1724749200000,10199.653239480105
1724752800000,10199.653239480105
1724756400000,10199.653239480105
1724760000000,10199.653239480105
1724763600000,10199.653239480105
1724767200000,10199.653239480105
1724770800000,10199.653239480105
1724774400000,10199.653239480105
1724778000000,10199.653239480105
1724781600000,10199.653239480105
1724785200000,10199.653239480105
1724788800000,10199.653239480105
1724792400000,10199.653239480105
1724796000000,10199.653239480105
1724799600000,10199.653239480105
1724803200000,10199.15457054986
1724806800000,10196.751390549858
1724810400000,10197.43395054986
1724814000000,10199.799210549858
1724817600000,10202.420430549859
1724821200000,10201.363410549859
1724824800000,10200.477030549859
1724828400000,10200.254250549859
1724832000000,10196.420943408457
1724835600000,10200.968183408457
1724839200000,10212.513243408457
1724842800000,10209.408543408457
1724846400000,10209.553903408458
1724850000000,10210.329683408458
1724853600000,10203.546743408457
1724857200000,10206.265923408457
1724860800000,10204.767070942613
1724864400000,10208.596990942613
1724868000000,10206.021590942613
1724871600000,10212.695510942613
1724875200000,10207.442010942614
1724878800000,10212.177270942613
1724882400000,10211.409390942614
1724886000000,10211.289310942613
1724889600000,10210.744319843483
1724893200000,10211.357359843483
1724896800000,10209.492959843485
1724900400000,10210.891259843484
1724904000000,10209.856359843485
1724907600000,10210.015939843484
1724911200000,10212.607139843483
1724914800000,10214.708539843485
1724918400000,10213.715447008883
1724922000000,10213.292007008884
1724925600000,10213.171927008883
1724929200000,10212.517807008884
1724932800000,10214.676087008884
1724936400000,10217.976707008884
1724940000000,10217.679667008882
1724943600000,10217.185127008883
1724947200000,10218.419190840403
1724950800000,10217.208910840403
1724954400000,10217.912010840402
1724958000000,10209.270990840403
1724961600000,10211.396090840402
1724965200000,10212.135530840402
1724968800000,10210.119450840402
1724972400000,10209.896670840402
1724976000000,10210.609454276144
1724979600000,10209.749934276144
1724983200000,10209.800494276144
1724986800000,10208.147814276143
1724990400000,10209.187454276143
1724994000000,10208.899894276143
1724997600000,10207.860254276144
1725001200000,10210.569954276143
1725004800000,10209.107247794404
1725008400000,10209.473807794404
1725012000000,10209.706067794405
1725015600000,10209.078807794403
1725019200000,10208.231927794404
1725022800000,10209.804027794404
1725026400000,10210.093167794405
1725030000000,10200.535747794404
1725033600000,10197.466556134608
1725037200000,10200.130436134608
1725040800000,10200.970996134607
1725044400000,10211.157256134607
1725048000000,10207.663876134608
1725051600000,10208.994236134607
1725055200000,10209.177516134609
1725058800000,10210.607416134608
1725062400000,10210.046755838066
1725066000000,10210.046755838066
1725069600000,10210.046755838066
1725073200000,10210.046755838066
1725076800000,10209.747780349435
1725080400000,10210.705030349436
1725084000000,10209.789780349436
1725087600000,10209.569280349435
1725091200000,10209.418367531434
1725094800000,10208.135617531434
1725098400000,10208.147867531434
1725102000000,10210.375617531434
1725105600000,10209.822617531434
1725109200000,10209.635367531433
1725112800000,10208.289617531434
1725116400000,10209.740367531434
1725120000000,10208.85894808655
1725123600000,10206.774698086549
1725127200000,10205.94344808655
1725130800000,10204.79019808655
1725134400000,10205.47444808655
1725138000000,10206.59444808655
1725141600000,10208.60694808655
1725145200000,10208.59994808655
1725148800000,10207.80666930156
1725152400000,10206.852919301562
1725156000000,10204.75641930156
1725159600000,10203.181419301562
1725163200000,10203.571669301562
1725166800000,10203.468419301562
1725170400000,10199.763669301561
1725174000000,10201.77966930156
1725177600000,10203.58198770952
1725181200000,10201.97548770952
1725184800000,10202.77698770952
1725188400000,10198.93748770952
1725192000000,10202.519845398878
1725195600000,10197.064545398878
1725199200000,10198.779745398877
1725202800000,10192.448345398878
1725206400000,10200.84168822174
1725210000000,10199.404538221741
1725213600000,10199.247638221741
1725217200000,10208.03663822174
1725220800000,10208.35668822174
1725224400000,10207.50298822174
1725228000000,10204.99238822174
1725231600000,10178.40298822174
1725235200000,10183.00643558909
1725238800000,10186.71023558909
1725242400000,10185.020635589088
1725246000000,10186.89908558909
1725249600000,10191.296735589089
1725253200000,10185.80188558909
1725256800000,10192.168785589089
1725260400000,10189.65168558909
1725264000000,10187.803296754433
1725267600000,10198.375646754434
1725271200000,10209.708746754432
1725274800000,10211.884996754434
1725278400000,10209.545596754433
1725282000000,10211.119896754431
1725285600000,10206.158496754433
1725289200000,10211.840896754433
1725292800000,10210.771877038851
1725296400000,10209.02757703885
1725300000000,10212.855477038851
1725303600000,10211.627177038852
1725307200000,10212.128127038852
1725310800000,10225.106677038852
1725314400000,10221.60247703885
1725318000000,10226.515677038851
1725321600000,10222.14999723828
1725325200000,10221.83959723828
1725328800000,10223.39064723828
1725332400000,10222.04894723828
1725336000000,10217.354514173105
1725339600000,10216.847414173104
1725343200000,10217.481014173105
1725346800000,10215.399814173104
1725350400000,10217.046220164708
1725354000000,10213.889220164707
1725357600000,10214.418320164707
1725361200000,10216.869120164707
1725364800000,10216.659020164707
1725368400000,10217.757920164708
1725372000000,10208.495920164707
1725375600000,10201.465820164707
1725379200000,10202.237432840955
1725382800000,10202.103232840955
1725386400000,10201.835932840955
1725390000000,10204.577132840954
1725393600000,10206.180932840954
1725397200000,10207.207232840954
1725400800000,10206.725432840954
1725404400000,10203.955632840954
1725408000000,10199.415170814455
1725411600000,10190.821970814455
1725415200000,10183.120665314582
1725418800000,10183.120665314582
1725422400000,10183.120665314582
1725426000000,10183.120665314582
1725429600000,10183.120665314582
1725433200000,10183.120665314582
1725436800000,10183.120665314582
1725440400000,10183.120665314582
1725444000000,10183.120665314582
1725447600000,10183.120665314582
1725451200000,10183.120665314582
1725454800000,10183.120665314582
1725458400000,10183.120665314582
1725462000000,10183.120665314582
1725465600000,10183.120665314582
1725469200000,10183.120665314582
1725472800000,10183.120665314582
1725476400000,10183.120665314582
1725480000000,10182.717689347106
1725483600000,10183.052889347106
1725487200000,10184.043289347106
1725490800000,10183.683289347106
1725494400000,10182.053537569478
1725498000000,10182.984977569477
1725501600000,10183.97924756948
1725505200000,10178.26050756948
1725508800000,10167.318497569478
1725512400000,10169.828157569478
1725516000000,10168.120417569478
1725519600000,10163.915487569477
1725523200000,10168.894406469662
1725526800000,10166.557186469663
1725530400000,10162.275416469663
1725534000000,10162.774686469664
1725537600000,10161.527156469663
1725541200000,10162.145126469664
1725544800000,10168.975636469664
1725548400000,10156.057536469663
1725552000000,10153.00441631994
1725555600000,10156.00955631994
1725559200000,10161.46644631994
1725562800000,10159.70342631994
1725566400000,10152.08801631994
1725570000000,10153.20215631994
1725573600000,10154.73042631994
1725577200000,10153.53575631994
1725580800000,10153.595555000033
1725584400000,10153.784285000032
1725588000000,10160.205875000032
1725591600000,10164.152705000031
1725595200000,10161.731085000032
1725598800000,10160.263655000033
1725602400000,10158.795025000034
1725606000000,10157.296185000032
1725609600000,10146.84174585269
1725613200000,10147.356515852689
1725616800000,10149.949125852689
1725620400000,10153.179745852689
1725624000000,10153.345165852688
1725627600000,10163.56675585269
1725631200000,10148.889215852689
1725634800000,10139.765805379497
1725638400000,10133.631932866736
1725642000000,10133.631932866736
1725645600000,10133.631932866736
1725649200000,10133.631932866736
1725652800000,10133.741980222327
1725656400000,10128.079780222326
1725660000000,10134.547780222327
1725663600000,10134.051580222325
1725667200000,10135.84402595494
1725670800000,10136.74048595494
1725674400000,10135.06944595494
1725678000000,10136.33600595494
1725681600000,10137.17876595494
1725685200000,10139.63477595494
1725688800000,10142.68509595494
1725692400000,10145.56078595494
1725696000000,10146.33488853107
1725699600000,10148.15055853107
1725703200000,10145.72141853107
1725706800000,10146.62217853107
1725710400000,10146.90868853107
1725714000000,10148.162358531068
1725717600000,10148.61753853107
1725721200000,10149.90322853107
1725724800000,10151.501712805084
1725728400000,10148.281842805085
1725732000000,10143.759652805084
1725735600000,10145.893532805085
1725739200000,10147.822172805085
1725742800000,10143.302832805084
1725746400000,10141.485762805085
1725750000000,10141.534502805085
1725753600000,10144.014587206457
1725757200000,10143.100007206456
1725760800000,10145.532457206458
1725764400000,10146.531897206456
1725768000000,10146.730127206458
1725771600000,10149.222287206458
1725775200000,10146.604467206458
1725778800000,10146.704617206457
1725782400000,10148.25600361921
1725786000000,10148.87250361921
1725789600000,10148.95020361921
1725793200000,10151.06907361921
1725796800000,10148.87325361921
1725800400000,10143.98230361921
1725804000000,10146.86608361921
1725807600000,10142.942563619208
1725811200000,10137.489050185073
1725814800000,10139.614950185072
1725818400000,10146.185080185074
1725822000000,10145.575220185072
1725825600000,10144.596790185073
1725829200000,10145.502210185074
1725832800000,10147.049070185074
1725836400000,10148.491370185073
1725840000000,10150.868121387397
1725843600000,10154.370411387396
1725847200000,10154.062231387397
1725850800000,10154.214061387396
1725854400000,10154.151341387396
1725858000000,10151.496321387396
1725861600000,10149.055221387396
1725865200000,10153.014141387397
1725868800000,10154.801505836986
1725872400000,10157.448225836984
1725876000000,10155.989075836986
1725879600000,10157.035155836986
1725883200000,10156.177755836985
1725886800000,10156.024255836985
1725890400000,10159.230265836986
1725894000000,10148.876375836986
1725897600000,10153.946597932278
1725901200000,10166.847007932278
1725904800000,10167.868817932278
1725908400000,10165.885377932278
1725912000000,10171.522489006717
1725915600000,10170.603699006717
1725919200000,10174.869609006717
1725922800000,10172.954189006716
1725926400000,10172.951951733376
1725930000000,10172.951951733376
1725933600000,10172.951951733376
1725937200000,10172.951951733376
1725940800000,10173.025428043375
1725944400000,10172.187188043375
1725948000000,10174.181908043374
1725951600000,10173.580788043375
1725955200000,10177.208634946826
1725958800000,10175.407354946827
1725962400000,10174.893594946827
1725966000000,10175.143194946826
1725969600000,10174.804154946825
1725973200000,10174.123994946825
1725976800000,10171.141274946825
1725980400000,10171.736154946826
1725984000000,10170.30193292214
1725987600000,10172.37985292214
1725991200000,10175.094252922141
1725994800000,10178.224652922141
1725998400000,10181.14913292214
1726002000000,10180.38577292214
1726005600000,10179.99681292214
1726009200000,10182.78193292214
1726012800000,10182.532854968016
1726016400000,10180.173974968016
1726020000000,10168.412694968018
1726023600000,10169.487574968018
1726027200000,10166.566294968017
1726030800000,10162.096054968017
1726034400000,10158.314454968016
1726038000000,10161.377974968018
1726041600000,10164.789140670968
1726045200000,10158.77906067097
1726048800000,10162.558100670967
1726052400000,10159.292980670969
1726056000000,10162.412660670969
1726059600000,10164.988980670969
1726063200000,10147.434420670968
1726066800000,10152.604020670968
1726070400000,10162.24738027196
1726074000000,10171.386420271961
1726077600000,10176.68482027196
1726081200000,10169.44162027196
1726084800000,10171.518420271961
1726088400000,10172.946740271962
1726092000000,10170.35954027196
1726095600000,10171.31378027196
1726099200000,10170.338271647623
1726102800000,10175.985151647623
1726106400000,10186.89379164762
1726110000000,10179.807551647624
1726113600000,10183.261151647623
1726117200000,10181.47379164762
1726120800000,10178.021151647623
1726124400000,10178.853951647623
1726128000000,10180.067766204507
1726131600000,10180.775446204507
1726135200000,10177.811766204506
1726138800000,10175.743446204508
1726142400000,10178.123446204507
1726146000000,10172.750166204507
1726149600000,10172.858966204505
1726153200000,10167.548886204508
1726156800000,10168.054253620026
1726160400000,10175.225773620026
1726164000000,10180.380333620025
1726167600000,10178.354253620026
1726171200000,10181.880013620026
1726174800000,10178.813773620026
1726178400000,10177.021453620026
1726182000000,10181.370733620026
1726185600000,10180.826303604246
1726189200000,10179.696703604246
1726192800000,10180.806943604246
1726196400000,10178.816543604245
1726200000000,10177.082314301646
1726203600000,10177.124714301644
1726207200000,10177.843114301646
1726210800000,10176.689514301645
1726214400000,10179.375952009343
1726218000000,10178.172752009341
1726221600000,10178.716752009343
1726225200000,10180.910352009341
1726228800000,10177.743952009341
1726232400000,10177.807152009342
1726236000000,10178.119952009341
1726239600000,10181.967152009342
1726243200000,10192.000406096542
1726246800000,10190.135606096543
1726250400000,10190.409206096543
1726254000000,10192.322806096543
1726257600000,10191.618006096542
1726261200000,10193.338806096543
1726264800000,10196.578006096543
1726268400000,10198.929206096542
1726272000000,10198.054053946034
1726275600000,10198.054053946034
1726279200000,10198.054053946034
1726282800000,10198.054053946034
1726286400000,10198.054053946034
1726290000000,10198.054053946034
1726293600000,10198.054053946034
1726297200000,10198.054053946034
1726300800000,10198.054053946034
1726304400000,10198.054053946034
1726308000000,10198.054053946034
1726311600000,10198.054053946034
1726315200000,10198.054053946034
1726318800000,10198.054053946034
1726322400000,10198.054053946034
1726326000000,10198.054053946034
1726329600000,10198.054053946034
1726333200000,10198.054053946034
1726336800000,10198.054053946034
1726340400000,10198.054053946034
1726344000000,10198.054053946034
1726347600000,10198.054053946034
1726351200000,10198.054053946034
1726354800000,10198.054053946034
1726358400000,10198.054053946034
1726362000000,10198.054053946034
1726365600000,10198.054053946034
1726369200000,10198.054053946034
1726372800000,10198.054053946034
1726376400000,10198.054053946034
1726380000000,10198.054053946034
1726383600000,10198.054053946034
1726387200000,10198.054053946034
1726390800000,10198.054053946034
1726394400000,10198.054053946034
1726398000000,10198.054053946034
1726401600000,10198.054053946034
1726405200000,10198.054053946034
1726408800000,10198.054053946034
1726412400000,10198.054053946034
1726416000000,10198.054053946034
1726419600000,10198.054053946034
1726423200000,10198.054053946034
1726426800000,10198.054053946034
1726430400000,10198.054053946034
1726434000000,10198.054053946034
1726437600000,10198.054053946034
1726441200000,10198.054053946034
1726444800000,10196.763595450062
1726448400000,10193.535565450062
1726452000000,10187.852335450061
1726455600000,10182.85544545006
1726459200000,10186.697275450062
1726462800000,10188.114595450063
1726466400000,10190.720455450062
1726470000000,10190.438665450061
1726473600000,10195.976903580158
1726477200000,10197.321683580158
1726480800000,10190.98838358016
1726484400000,10194.28058358016
1726488000000,10195.357523580158
1726491600000,10193.48543358016
1726495200000,10193.697473580158
1726498800000,10187.545523580158
1726502400000,10190.119653883829
1726506000000,10189.330083883828
1726509600000,10193.805243883828
1726513200000,10190.407023883829
1726516800000,10186.288983883827
1726520400000,10186.062993883828
1726524000000,10190.515833883828
1726527600000,10189.999683883829
1726531200000,10191.81104765638
1726534800000,10186.39565765638
1726538400000,10186.404027656381
1726542000000,10189.88036765638
1726545600000,10188.59696765638
1726549200000,10189.89989765638
1726552800000,10193.41250765638
1726556400000,10193.19767765638
1726560000000,10196.22038448122
1726563600000,10195.673544481218
1726567200000,10197.50378448122
1726570800000,10198.591884481219
1726574400000,10195.53683448122
1726578000000,10198.05620448122
1726581600000,10195.132284481218
1726585200000,10206.37598448122
1726588800000,10217.071024090199
1726592400000,10212.634924090198
1726596000000,10212.015544090198
1726599600000,10206.628054090199
1726603200000,10207.412044090199
1726606800000,10205.626444090198
1726610400000,10206.181654090198
1726614000000,10203.254944090198
1726617600000,10204.15272082647
1726621200000,10200.12396082647
1726624800000,10199.95098082647
1726628400000,10201.91235082647
1726632000000,10202.81631082647
1726635600000,10199.16141082647
1726639200000,10199.049810826471
1726642800000,10200.95538082647
1726646400000,10200.701048038138
1726650000000,10198.669928038138
1726653600000,10192.816508038139
1726657200000,10194.24498803814
1726660800000,10193.391248038139
1726664400000,10196.231468038139
1726668000000,10191.538688038137
1726671600000,10193.268488038138
1726675200000,10192.268704620164
1726678800000,10194.860614620166
1726682400000,10200.513154620165
1726686000000,10202.454994620164
1726689600000,10196.771764620165
1726693200000,10200.727984620165
1726696800000,10202.750734620164
1726700400000,10204.494484620165
1726704000000,10213.601778282235
1726707600000,10213.601778282235
1726711200000,10213.601778282235
1726714800000,10213.601778282235
1726718400000,10213.601778282235
1726722000000,10213.601778282235
1726725600000,10213.601778282235
1726729200000,10213.601778282235
1726732800000,10213.601778282235
1726736400000,10213.601778282235
1726740000000,10213.601778282235
1726743600000,10213.601778282235
1726747200000,10213.601778282235
1726750800000,10213.601778282235
1726754400000,10213.601778282235
1726758000000,10213.601778282235
1726761600000,10213.601778282235
1726765200000,10213.601778282235
1726768800000,10213.601778282235
1726772400000,10213.601778282235
1726776000000,10213.601778282235
1726779600000,10213.601778282235
1726783200000,10213.601778282235
1726786800000,10213.601778282235
1726790400000,10213.601778282235
1726794000000,10213.601778282235
1726797600000,10213.601778282235
1726801200000,10213.601778282235
1726804800000,10213.601778282235
1726808400000,10213.601778282235
1726812000000,10213.601778282235
1726815600000,10213.601778282235
1726819200000,10213.601778282235
1726822800000,10213.601778282235
1726826400000,10213.601778282235
1726830000000,10213.601778282235
1726833600000,10213.601778282235
1726837200000,10213.601778282235
1726840800000,10213.601778282235
1726844400000,10213.601778282235
1726848000000,10213.601778282235
1726851600000,10213.601778282235
1726855200000,10213.601778282235
1726858800000,10213.601778282235
1726862400000,10213.601778282235
1726866000000,10213.601778282235
1726869600000,10213.601778282235
1726873200000,10213.601778282235
1726876800000,10213.601778282235
1726880400000,10213.601778282235
1726884000000,10213.601778282235
1726887600000,10213.601778282235
1726891200000,10213.601778282235
1726894800000,10213.601778282235
1726898400000,10213.601778282235
1726902000000,10213.601778282235
1726905600000,10213.601778282235
1726909200000,10213.601778282235
1726912800000,10213.601778282235
1726916400000,10213.601778282235
1726920000000,10213.601778282235
1726923600000,10213.601778282235
1726927200000,10213.601778282235
1726930800000,10213.601778282235
1726934400000,10213.601778282235
1726938000000,10213.601778282235
1726941600000,10213.601778282235
1726945200000,10213.601778282235
1726948800000,10213.601778282235
1726952400000,10213.601778282235
1726956000000,10213.601778282235
1726959600000,10213.601778282235
1726963200000,10213.601778282235
1726966800000,10213.601778282235
1726970400000,10213.601778282235
1726974000000,10213.601778282235
1726977600000,10213.601778282235
1726981200000,10213.601778282235
1726984800000,10213.601778282235
1726988400000,10213.601778282235
1726992000000,10213.601778282235
1726995600000,10213.601778282235
1726999200000,10213.601778282235
1727002800000,10213.601778282235
1727006400000,10213.601778282235
1727010000000,10213.601778282235
1727013600000,10213.601778282235
1727017200000,10213.601778282235
1727020800000,10213.601778282235
1727024400000,10213.601778282235
1727028000000,10213.601778282235
1727031600000,10213.601778282235
1727035200000,10213.601778282235
1727038800000,10213.601778282235
1727042400000,10213.601778282235
1727046000000,10213.601778282235
1727049600000,10213.601778282235
1727053200000,10213.601778282235
1727056800000,10213.601778282235
1727060400000,10213.601778282235
1727064000000,10213.601778282235
1727067600000,10213.601778282235
1727071200000,10213.601778282235
1727074800000,10213.601778282235
1727078400000,10213.601778282235
1727082000000,10213.601778282235
1727085600000,10213.601778282235
1727089200000,10213.601778282235
1727092800000,10213.601778282235
1727096400000,10213.601778282235
1727100000000,10213.601778282235
1727103600000,10213.601778282235
1727107200000,10213.601778282235
1727110800000,10213.601778282235
1727114400000,10213.601778282235
1727118000000,10213.601778282235
1727121600000,10213.601778282235
1727125200000,10213.601778282235
1727128800000,10213.601778282235
1727132400000,10213.601778282235
1727136000000,10213.601778282235
1727139600000,10213.601778282235
1727143200000,10213.601778282235
1727146800000,10213.601778282235
1727150400000,10213.601778282235
1727154000000,10213.601778282235
1727157600000,10213.601778282235
1727161200000,10213.601778282235
1727164800000,10213.601778282235
1727168400000,10213.601778282235
1727172000000,10213.601778282235
1727175600000,10213.601778282235
1727179200000,10213.601778282235
1727182800000,10213.601778282235
1727186400000,10213.601778282235
1727190000000,10213.601778282235
1727193600000,10213.601778282235
1727197200000,10213.601778282235
1727200800000,10213.601778282235
1727204400000,10213.601778282235
1727208000000,10213.601778282235
1727211600000,10213.601778282235
1727215200000,10213.601778282235
1727218800000,10213.601778282235
1727222400000,10213.601778282235
1727226000000,10213.601778282235
1727229600000,10213.601778282235
1727233200000,10213.601778282235
1727236800000,10213.601778282235
1727240400000,10213.601778282235
1727244000000,10213.601778282235
1727247600000,10213.601778282235
1727251200000,10213.601778282235
1727254800000,10213.601778282235
1727258400000,10213.601778282235
1727262000000,10213.601778282235
1727265600000,10213.601778282235
1727269200000,10213.601778282235
1727272800000,10213.601778282235
1727276400000,10213.601778282235
1727280000000,10213.601778282235
1727283600000,10213.601778282235
1727287200000,10213.601778282235
1727290800000,10213.601778282235
1727294400000,10213.601778282235
1727298000000,10213.601778282235
1727301600000,10213.601778282235
1727305200000,10213.601778282235
1727308800000,10213.601778282235
1727312400000,10213.601778282235
1727316000000,10213.601778282235
1727319600000,10213.601778282235
1727323200000,10213.601778282235
1727326800000,10213.601778282235
1727330400000,10213.601778282235
1727334000000,10213.601778282235
1727337600000,10213.601778282235
1727341200000,10213.601778282235
1727344800000,10213.601778282235
1727348400000,10213.601778282235
1727352000000,10213.601778282235
1727355600000,10213.601778282235
1727359200000,10213.601778282235
1727362800000,10213.601778282235
1727366400000,10213.601778282235
1727370000000,10213.601778282235
1727373600000,10213.601778282235
1727377200000,10213.601778282235
1727380800000,10213.601778282235
1727384400000,10213.601778282235
1727388000000,10213.601778282235
1727391600000,10213.601778282235
1727395200000,10213.601778282235
1727398800000,10213.601778282235
1727402400000,10213.601778282235
1727406000000,10213.601778282235
1727409600000,10213.601778282235
1727413200000,10213.601778282235
1727416800000,10213.601778282235
1727420400000,10213.601778282235
1727424000000,10213.601778282235
1727427600000,10213.601778282235
1727431200000,10213.601778282235
1727434800000,10213.601778282235
1727438400000,10213.601778282235
1727442000000,10213.601778282235
1727445600000,10213.601778282235
1727449200000,10213.601778282235
1727452800000,10213.601778282235
1727456400000,10213.601778282235
1727460000000,10213.601778282235
1727463600000,10213.601778282235
1727467200000,10213.601778282235
1727470800000,10213.601778282235
1727474400000,10213.601778282235
1727478000000,10213.601778282235
1727481600000,10213.601778282235
1727485200000,10213.601778282235
1727488800000,10213.601778282235
1727492400000,10213.601778282235
1727496000000,10213.601778282235
1727499600000,10213.601778282235
1727503200000,10213.601778282235
1727506800000,10213.601778282235
1727510400000,10213.601778282235
1727514000000,10213.601778282235
1727517600000,10213.601778282235
1727521200000,10213.601778282235
1727524800000,10213.601778282235
1727528400000,10213.601778282235
1727532000000,10213.601778282235
1727535600000,10213.601778282235
1727539200000,10213.601778282235
1727542800000,10213.601778282235
1727546400000,10213.601778282235
1727550000000,10213.601778282235
1727553600000,10213.601778282235
1727557200000,10213.601778282235
1727560800000,10213.601778282235
1727564400000,10213.601778282235
1727568000000,10213.601778282235
1727571600000,10213.601778282235
1727575200000,10213.601778282235
1727578800000,10213.601778282235
1727582400000,10213.601778282235
1727586000000,10213.601778282235
1727589600000,10213.601778282235
1727593200000,10213.601778282235
1727596800000,10213.601778282235
1727600400000,10213.601778282235
1727604000000,10213.601778282235
1727607600000,10213.601778282235
1727611200000,10213.601778282235
1727614800000,10213.601778282235
1727618400000,10213.601778282235
1727622000000,10213.601778282235
1727625600000,10213.601778282235
1727629200000,10213.601778282235
1727632800000,10213.601778282235
1727636400000,10213.601778282235
1727640000000,10213.601778282235
1727643600000,10213.601778282235
1727647200000,10213.601778282235
1727650800000,10213.601778282235
1727654400000,10213.601778282235
1727658000000,10213.601778282235
1727661600000,10213.601778282235
1727665200000,10213.601778282235
1727668800000,10213.601778282235
1727672400000,10213.601778282235
1727676000000,10213.601778282235
1727679600000,10213.601778282235
1727683200000,10213.601778282235
1727686800000,10213.601778282235
1727690400000,10213.601778282235
1727694000000,10213.601778282235
1727697600000,10213.601778282235
1727701200000,10213.601778282235
1727704800000,10213.601778282235
1727708400000,10213.601778282235
1727712000000,10213.601778282235
1727715600000,10213.601778282235
1727719200000,10213.601778282235
1727722800000,10213.601778282235
1727726400000,10213.601778282235
1727730000000,10213.601778282235
1727733600000,10213.601778282235
1727737200000,10213.601778282235
1727740800000,10213.601778282235
