ts,equity
1633737600000,10000.0
1633741200000,10000.0
1633744800000,10000.0
1633748400000,10000.0
1633752000000,9999.33180096924
1633755600000,10001.730490969241
1633759200000,10001.95893096924
1633762800000,10005.005850969239
1633766400000,10006.33988122142
1633770000000,10000.70125122142
1633773600000,10004.61055122142
1633777200000,10005.59281122142
1633780800000,10004.55020122142
1633784400000,10006.995591221419
1633788000000,10012.33904122142
1633791600000,10009.87345122142
1633795200000,10006.185486727905
1633798800000,10002.203336727905
1633802400000,10004.317226727906
1633806000000,10004.188286727906
1633809600000,9998.286136727906
1633813200000,9999.045486727906
1633816800000,10000.961376727904
1633820400000,10002.860816727905
1633824000000,10001.227521630502
1633827600000,10001.296811630502
1633831200000,9985.954941630504
1633834800000,9992.766081630503
1633838400000,9997.650641630502
1633842000000,10013.224631630503
1633845600000,10007.059281630502
1633849200000,10012.173081630503
1633852800000,10010.481702293102
1633856400000,10009.484452293103
1633860000000,10001.464072293104
1633863600000,10001.974122293102
1633867200000,10003.106412293102
1633870800000,9997.195712293103
1633874400000,10002.543972293102
1633878000000,9999.931242293102
1633881600000,10003.533505005627
1633885200000,10002.045295005628
1633888800000,9997.453455005627
1633892400000,10000.128105005628
1633896000000,10001.516505005628
1633899600000,9997.907105005628
1633903200000,9982.510498988857
1633906800000,9983.837898988857
1633910400000,9981.039891198858
1633914000000,9985.930091198858
1633917600000,9988.201791198859
1633921200000,9993.384591198857
1633924800000,9998.414091198858
1633928400000,9999.927991198858
1633932000000,10000.894691198859
1633935600000,10001.037091198858
1633939200000,10002.740472878859
1633942800000,10000.43357287886
1633946400000,9999.97467287886
1633950000000,9997.31907287886
1633953600000,9998.32427287886
1633957200000,9999.99757287886
1633960800000,10006.385272878859
1633964400000,10008.285072878858
1633968000000,10009.90278123962
1633971600000,10006.834781239619
1633975200000,10008.129081239618
1633978800000,10007.902681239619
1633982400000,10008.409381239619
1633986000000,10007.940281239618
1633989600000,10005.062181239618
1633993200000,10005.419381239619
1633996800000,10008.564981239619
1634000400000,10003.975881239618
1634004000000,10005.058681239618
1634007600000,10001.762581239618
1634011200000,10000.773681239618
1634014800000,10004.711281239619
1634018400000,10008.399981239618
1634022000000,10006.845881239618
1634025600000,10007.550636544553
1634029200000,10009.118536544553
1634032800000,10003.251336544552
1634036400000,10006.366936544553
1634040000000,10007.076436544552
1634043600000,10004.020436544553
1634047200000,10004.371636544553
1634050800000,9997.863036544553
1634054400000,9997.227486674554
1634058000000,9993.809186674553
1634061600000,9994.410186674553
1634065200000,9990.402686674553
1634068800000,9987.168986674553
1634072400000,9973.170000300495
1634076000000,9973.170000300495
1634079600000,9973.170000300495
1634083200000,9973.170000300495
1634086800000,9973.170000300495
1634090400000,9973.170000300495
1634094000000,9973.170000300495
1634097600000,9973.170000300495
1634101200000,9973.170000300495
1634104800000,9973.170000300495
1634108400000,9973.170000300495
1634112000000,9973.170000300495
1634115600000,9973.170000300495
1634119200000,9973.170000300495
1634122800000,9973.170000300495
1634126400000,9973.170000300495
1634130000000,9973.170000300495
1634133600000,9973.170000300495
1634137200000,9973.170000300495
1634140800000,9973.170000300495
1634144400000,9973.170000300495
1634148000000,9973.170000300495
1634151600000,9973.170000300495
1634155200000,9973.170000300495
1634158800000,9973.170000300495
1634162400000,9973.170000300495
1634166000000,9973.170000300495
1634169600000,9973.170000300495
1634173200000,9973.170000300495
1634176800000,9973.170000300495
1634180400000,9973.170000300495
1634184000000,9972.66541046455
1634187600000,9973.61369046455
1634191200000,9971.01962046455
1634194800000,9968.89994046455
1634198400000,9967.208784100738
1634202000000,9968.831164100739
1634205600000,9966.554404100738
1634209200000,9969.498454100738
1634212800000,9977.750864100739
1634216400000,9978.732114100738
1634220000000,9981.202594100738
1634223600000,9983.049284100738
1634227200000,9983.328674577773
1634230800000,9979.721954577773
1634234400000,9980.500794577774
1634238000000,9985.782544577774
1634241600000,9984.373544577775
1634245200000,9980.306274577773
1634248800000,9983.052054577773
1634252400000,9982.996334577774
1634256000000,9981.619010740982
1634259600000,9978.503680740983
1634263200000,9977.469200740983
1634266800000,9997.327400740982
1634270400000,9997.017870740983
1634274000000,9998.200750740982
1634277600000,10001.182750740982
1634281200000,9998.890140740981
1634284800000,9995.144743861458
1634288400000,9989.000763861459
1634292000000,9992.24835386146
1634295600000,9991.908853861458
1634299200000,9992.806893861458
1634302800000,9990.622623861458
1634306400000,9998.619023861458
1634310000000,9999.077953861459
1634313600000,9997.6979734102
1634317200000,10013.0353034102
1634320800000,10014.4035034102
1634324400000,10016.0771834102
1634328000000,10011.3929934102
1634331600000,10020.7047734102
1634335200000,10010.1825634102
1634338800000,10010.2149134102
1634342400000,10014.621608040552
1634346000000,10009.254918040551
1634349600000,10008.310178040552
1634353200000,10012.316208040553
1634356800000,10011.182518040552
1634360400000,10011.622968040552
1634364000000,10015.888638040553
1634367600000,10013.873758040554
1634371200000,10013.373782451272
1634374800000,10020.587342451272
1634378400000,10020.430822451273
1634382000000,10020.405532451272
1634385600000,10022.482212451272
1634389200000,10013.547522451272
1634392800000,10014.496442451273
1634396400000,10013.342722451272
1634400000000,10013.214885787322
1634403600000,10010.094935787321
1634407200000,10006.989795787322
1634410800000,10010.378375787323
1634414400000,10007.175805787323
1634418000000,10006.043725787322
1634421600000,10002.086895787323
1634425200000,10004.258345787322
1634428800000,10005.14648038308
1634432400000,10006.853120383083
1634436000000,10008.153570383081
1634439600000,10008.07174038308
1634443200000,10011.73260038308
1634446800000,10010.428690383082
1634450400000,10007.36897038308
1634454000000,10008.477460383081
1634457600000,10007.252902885031
1634461200000,10009.42863288503
1634464800000,10013.80183288503
1634468400000,10012.465682885031
1634472000000,10009.24573288503
1634475600000,10006.645912885031
1634479200000,10008.590072885032
1634482800000,10009.33238288503
1634486400000,10000.086444754139
1634490000000,10003.12373475414
1634493600000,10002.61091475414
1634497200000,10003.285684754139
1634500800000,9995.075674754138
1634504400000,9986.32195307288
1634508000000,9994.62139307288
1634511600000,9998.01019307288
1634515200000,9998.59128498968
1634518800000,10004.21682498968
1634522400000,10003.08462498968
1634526000000,10002.41568498968
1634529600000,10002.33648498968
1634533200000,10003.44834498968
1634536800000,10003.11864498968
1634540400000,10002.85326498968
1634544000000,10001.113828475247
1634547600000,9999.526828475246
1634551200000,9995.717128475246
1634554800000,9996.784048475247
1634558400000,9995.283028475245
1634562000000,9992.191228475247
1634565600000,10000.683028475247
1634569200000,10002.041728475246
1634572800000,10000.988836016551
1634576400000,10000.510516016553
1634580000000,9999.646816016553
1634583600000,9999.279496016552
1634587200000,9997.071556016552
1634590800000,9996.797296016552
1634594400000,9999.793336016552
1634598000000,10001.286256016552
1634601600000,10001.108693258553
1634605200000,10000.732133258552
1634608800000,10000.373813258553
1634612400000,9999.712433258554
1634616000000,10005.306713258553
1634619600000,10003.662773258553
1634623200000,10003.763213258553
1634626800000,10002.186293258554
1634630400000,10002.634902199237
1634634000000,10003.948662199236
1634637600000,10001.944902199237
1634641200000,10002.318282199236
1634644800000,10001.360802199237
1634648400000,10001.715882199236
1634652000000,10004.020842199237
1634655600000,10003.536702199237
1634659200000,10003.640245357237
1634662800000,10009.106125357237
1634666400000,10009.312705357237
1634670000000,10009.793065357237
1634673600000,10013.284225357238
1634677200000,10012.970845357237
1634680800000,10013.527225357237
1634684400000,10013.316265357238
1634688000000,10015.008624985114
1634691600000,10013.059344985113
1634695200000,10012.305144985114
1634698800000,10011.991284985113
1634702400000,10012.205544985114
1634706000000,10013.114364985113
1634709600000,10011.724284985114
1634713200000,10011.738744985114
1634716800000,10012.770666505114
1634720400000,10013.107146505114
1634724000000,10012.961526505112
1634727600000,10012.164006505112
1634731200000,10011.901626505112
1634734800000,10015.154346505113
1634738400000,10024.460046505113
1634742000000,10030.193826505114
1634745600000,10028.211196784494
1634749200000,10027.162956784494
1634752800000,10027.077776784496
1634756400000,10032.656056784495
1634760000000,10028.341356784495
1634763600000,10026.789776784495
1634767200000,10024.354396784494
1634770800000,10028.286456784495
1634774400000,10031.168118474254
1634778000000,10032.435458474254
1634781600000,10030.262098474253
1634785200000,10026.552698474252
1634788800000,10027.384238474253
1634792400000,10025.678718474253
1634796000000,10025.179638474254
1634799600000,10022.296578474252
1634803200000,10026.504401385577
1634806800000,10033.799781385576
1634810400000,10043.900261385577
1634814000000,10041.158641385578
1634817600000,10029.655441385577
1634821200000,10030.266021385578
1634824800000,10029.090481385578
1634828400000,10010.102271200876
1634832000000,10006.058492053171
1634835600000,10005.10633205317
1634839200000,10003.888412053171
1634842800000,10005.09929205317
1634846400000,10006.31721205317
1634850000000,10007.58177205317
1634853600000,10006.363852053171
1634857200000,10005.24977205317
1634860800000,10003.419236938304
1634864400000,10008.988756938305
1634868000000,10007.506836938304
1634871600000,10009.053876938304
1634875200000,10012.213956938303
1634878800000,10012.168196938304
1634882400000,10010.207556938305
1634886000000,10009.356596938303
1634889600000,10010.95811898422
1634893200000,10011.202758984218
1634896800000,10009.640758984218
1634900400000,10008.460678984218
1634904000000,10009.739318984219
1634907600000,10011.09187898422
1634911200000,10003.21147898422
1634914800000,10001.28955898422
1634918400000,9995.127712237903
1634922000000,9991.50241094881
1634925600000,9991.50241094881
1634929200000,9991.50241094881
1634932800000,9991.50241094881
1634936400000,9991.50241094881
1634940000000,9991.50241094881
1634943600000,9991.50241094881
1634947200000,9991.50241094881
1634950800000,9991.50241094881
1634954400000,9991.50241094881
1634958000000,9991.50241094881
1634961600000,9991.50241094881
1634965200000,9991.50241094881
1634968800000,9991.50241094881
1634972400000,9991.50241094881
1634976000000,9991.50241094881
1634979600000,9991.50241094881
1634983200000,9991.50241094881
1634986800000,9991.50241094881
1634990400000,9991.50241094881
1634994000000,9991.50241094881
1634997600000,9991.50241094881
1635001200000,9991.50241094881
1635004800000,9991.50241094881
1635008400000,9991.50241094881
1635012000000,9991.50241094881
1635015600000,9991.50241094881
1635019200000,9991.50241094881
1635022800000,9991.50241094881
1635026400000,9991.50241094881
1635030000000,9991.50241094881
1635033600000,9991.50241094881
1635037200000,9991.50241094881
1635040800000,9991.50241094881
1635044400000,9991.50241094881
1635048000000,9991.50241094881
1635051600000,9991.50241094881
1635055200000,9991.50241094881
1635058800000,9991.50241094881
1635062400000,9991.50241094881
1635066000000,9991.50241094881
1635069600000,9991.50241094881
1635073200000,9991.50241094881
1635076800000,9991.50241094881
1635080400000,9991.50241094881
1635084000000,9991.50241094881
1635087600000,9991.50241094881
1635091200000,9991.50241094881
1635094800000,9991.50241094881
1635098400000,9991.50241094881
1635102000000,9991.50241094881
1635105600000,9991.50241094881
1635109200000,9991.50241094881
1635112800000,9991.50241094881
1635116400000,9991.50241094881
1635120000000,9991.50241094881
1635123600000,9991.50241094881
1635127200000,9991.50241094881
1635130800000,9991.50241094881
1635134400000,9991.50241094881
1635138000000,9991.50241094881
1635141600000,9991.50241094881
1635145200000,9991.50241094881
1635148800000,9991.50241094881
1635152400000,9991.50241094881
1635156000000,9991.50241094881
1635159600000,9991.50241094881
1635163200000,9991.50241094881
1635166800000,9991.50241094881
1635170400000,9991.50241094881
1635174000000,9991.50241094881
1635177600000,9991.50241094881
1635181200000,9991.50241094881
1635184800000,9991.50241094881
1635188400000,9991.50241094881
1635192000000,9991.50241094881
1635195600000,9991.50241094881
1635199200000,9991.50241094881
1635202800000,9991.50241094881
1635206400000,9991.560757618006
1635210000000,9992.290837618006
1635213600000,9991.767037618005
1635217200000,9992.523037618006
1635220800000,9991.954957618005
1635224400000,9990.299317618006
1635228000000,9988.385557618005
1635231600000,9988.124197618006
1635235200000,9988.724143618183
1635238800000,9990.377623618184
1635242400000,9989.909983618183
1635246000000,9991.910143618183
1635249600000,9990.748063618183
1635253200000,9987.795343618183
1635256800000,9985.845943618184
1635260400000,9983.962423618183
1635264000000,9987.266593160406
1635267600000,9984.542833160407
1635271200000,9989.814313160407
1635274800000,9990.076753160407
1635278400000,9989.765713160406
1635282000000,9995.749993160407
1635285600000,9989.220313160406
1635289200000,9977.961313160406
1635292800000,9980.825022605057
1635296400000,9983.513142605056
1635300000000,9982.865142605056
1635303600000,9985.869702605056
1635307200000,9989.549262605056
1635310800000,9998.576982605056
1635314400000,9997.257222605056
1635318000000,9992.564622605056
1635321600000,9979.642532866565
1635325200000,9967.54376030474
1635328800000,9967.54376030474
1635332400000,9967.54376030474
1635336000000,9967.54376030474
1635339600000,9967.54376030474
1635343200000,9967.54376030474
1635346800000,9967.54376030474
1635350400000,9967.54376030474
1635354000000,9967.54376030474
1635357600000,9967.54376030474
1635361200000,9967.54376030474
1635364800000,9967.54376030474
1635368400000,9967.54376030474
1635372000000,9967.54376030474
1635375600000,9967.54376030474
1635379200000,9967.54376030474
1635382800000,9967.54376030474
1635386400000,9967.54376030474
1635390000000,9967.54376030474
1635393600000,9967.54376030474
1635397200000,9967.54376030474
1635400800000,9967.54376030474
1635404400000,9967.54376030474
1635408000000,9967.54376030474
1635411600000,9967.54376030474
1635415200000,9967.54376030474
1635418800000,9967.54376030474
1635422400000,9967.54376030474
1635426000000,9967.54376030474
1635429600000,9967.54376030474
1635433200000,9967.54376030474
1635436800000,9967.54376030474
1635440400000,9967.54376030474
1635444000000,9967.54376030474
1635447600000,9967.54376030474
1635451200000,9968.32526092389
1635454800000,9966.70798092389
1635458400000,9967.503500923889
1635462000000,9967.39598092389
1635465600000,9968.926601262436
1635469200000,9972.824841262436
1635472800000,9973.945481262437
1635476400000,9974.155401262436
1635480000000,9975.341321262436
1635483600000,9973.565961262437
1635487200000,9970.941961262437
1635490800000,9972.049801262436
1635494400000,9970.897647605272
1635498000000,9972.401007605273
1635501600000,9971.378287605272
1635505200000,9971.369967605273
1635508800000,9970.417007605272
1635512400000,9970.487407605273
1635516000000,9973.937647605273
1635519600000,9972.409327605272
1635523200000,9979.185080199479
1635526800000,9977.69132019948
1635530400000,9976.89388019948
1635534000000,9974.10476019948
1635537600000,9976.17452019948
1635541200000,9975.95052019948
1635544800000,9977.75404019948
1635548400000,9976.77420019948
1635552000000,9977.329817531701
1635555600000,9974.161177531701
1635559200000,9973.4770175317
1635562800000,9973.507737531701
1635566400000,9972.5029375317
1635570000000,9972.178457531701
1635573600000,9973.249177531701
1635577200000,9973.1960575317
1635580800000,9972.786406205878
1635584400000,9970.482406205878
1635588000000,9970.835046205877
1635591600000,9972.428646205877
1635595200000,9971.295206205878
1635598800000,9970.408166205878
1635602400000,9969.967206205878
1635606000000,9967.704166205878
1635609600000,9968.117754330247
1635613200000,9968.055034330248
1635616800000,9969.466234330248
1635620400000,9970.962554330246
1635624000000,9971.429754330247
1635627600000,9969.930234330248
1635631200000,9968.775674330247
1635634800000,9967.975034330248
1635638400000,9970.840201244331
1635642000000,9974.909961244331
1635645600000,9973.725321244332
1635649200000,9973.194761244331
1635652800000,9973.715081244332
1635656400000,9973.787401244332
1635660000000,9970.967561244332
1635663600000,9970.671241244332
1635667200000,9970.417667432308
1635670800000,9966.791427432308
1635674400000,9966.083587432307
1635678000000,9966.168707432309
1635681600000,9962.267907432308
1635685200000,9962.487427432308
1635688800000,9962.552707432309
1635692400000,9963.148547432309
1635696000000,9963.841770476187
1635699600000,9965.316330476187
1635703200000,9965.255530476188
1635706800000,9966.147050476187
1635710400000,9965.375850476188
1635714000000,9966.980970476188
1635717600000,9970.260970476187
1635721200000,9969.171690476187
1635724800000,9968.47197188383
1635728400000,9970.52445188383
1635732000000,9968.59101188383
1635735600000,9964.69981188383
1635739200000,9960.745242877345
1635742800000,9960.745242877345
1635746400000,9960.745242877345
1635750000000,9960.745242877345
1635753600000,9960.745242877345
1635757200000,9960.745242877345
1635760800000,9960.745242877345
1635764400000,9960.745242877345
1635768000000,9960.745242877345
1635771600000,9960.745242877345
1635775200000,9960.745242877345
1635778800000,9960.745242877345
1635782400000,9960.745242877345
1635786000000,9960.745242877345
1635789600000,9960.745242877345
1635793200000,9960.745242877345
1635796800000,9960.745242877345
1635800400000,9960.745242877345
1635804000000,9960.745242877345
1635807600000,9960.745242877345
1635811200000,9960.745242877345
1635814800000,9960.745242877345
1635818400000,9960.745242877345
1635822000000,9960.745242877345
1635825600000,9960.745242877345
1635829200000,9960.745242877345
1635832800000,9960.745242877345
1635836400000,9960.745242877345
1635840000000,9960.745242877345
1635843600000,9960.745242877345
1635847200000,9960.745242877345
1635850800000,9960.745242877345
1635854400000,9960.745242877345
1635858000000,9960.745242877345
1635861600000,9960.745242877345
1635865200000,9960.745242877345
1635868800000,9960.732223421921
1635872400000,9959.50582342192
1635876000000,9958.029023421921
1635879600000,9959.32982342192
1635883200000,9959.64662342192
1635886800000,9959.492223421921
1635890400000,9960.861823421921
1635894000000,9963.24422342192
1635897600000,9966.969890753895
1635901200000,9969.492290753895
1635904800000,9967.546690753894
1635908400000,9967.068290753894
1635912000000,9966.780290753893
1635915600000,9963.477090753895
1635919200000,9964.847490753895
1635922800000,9963.755490753894
1635926400000,9967.974023750607
1635930000000,9965.679623750606
1635933600000,9967.022023750607
1635937200000,9965.882823750606
1635940800000,9965.503623750606
1635944400000,9960.968423750606
1635948000000,9957.458823750607
1635951600000,9960.030823750607
1635955200000,9962.458645641998
1635958800000,9961.103445641998
1635962400000,9961.205045641998
1635966000000,9972.565845641997
1635969600000,9969.244245641998
1635973200000,9968.705045641998
1635976800000,9968.225045641997
1635980400000,9966.942645641997
1635984000000,9967.276349304297
1635987600000,9964.957149304297
1635991200000,9963.772349304296
1635994800000,9964.493149304297
1635998400000,9964.020349304295
1636002000000,9965.587549304297
1636005600000,9962.278749304296
1636009200000,9965.164349304296
1636012800000,9960.931750763397
1636016400000,9958.875750763396
1636020000000,9960.423750763397
1636023600000,9961.678150763397
1636027200000,9959.519750763397
1636030800000,9961.996550763397
1636034400000,9963.796550763396
1636038000000,9961.566950763397
1636041600000,9956.796535946765
1636045200000,9956.037335946765
1636048800000,9953.449335946765
1636052400000,9954.806135946765
1636056000000,9957.817335946766
1636059600000,9959.997335946766
1636063200000,9961.018135946766
1636066800000,9960.378935946766
1636070400000,9961.471334682285
1636074000000,9956.939334682285
1636077600000,9961.024134682286
1636081200000,9959.258534682285
1636084800000,9962.017734682286
1636088400000,9961.432934682285
1636092000000,9962.644934682285
1636095600000,9961.329734682286
1636099200000,9961.160097037822
1636102800000,9961.857697037822
1636106400000,9959.991297037821
1636110000000,9958.898497037822
1636113600000,9956.591297037821
1636117200000,9958.104097037822
1636120800000,9960.722497037821
1636124400000,9957.584897037821
1636128000000,9955.51685690546
1636131600000,9956.97365690546
1636135200000,9957.279256905462
1636138800000,9958.526456905462
1636142400000,9957.723256905461
1636146000000,9954.99365690546
1636149600000,9955.29925690546
1636153200000,9957.143256905461
1636156800000,9956.225813923062
1636160400000,9959.225813923062
1636164000000,9959.023413923062
1636167600000,9957.144213923062
1636171200000,9957.993013923062
1636174800000,9958.217813923062
1636178400000,9959.434613923062
1636182000000,9957.816213923063
1636185600000,9955.919096108473
1636189200000,9955.975896108474
1636192800000,9955.391096108473
1636196400000,9950.79598254969
1636200000000,9950.79598254969
1636203600000,9950.79598254969
1636207200000,9950.79598254969
1636210800000,9950.79598254969
1636214400000,9950.79598254969
1636218000000,9950.79598254969
1636221600000,9950.79598254969
1636225200000,9950.79598254969
1636228800000,9950.79598254969
1636232400000,9950.79598254969
1636236000000,9950.79598254969
1636239600000,9950.79598254969
1636243200000,9950.79598254969
1636246800000,9950.79598254969
1636250400000,9950.79598254969
1636254000000,9950.79598254969
1636257600000,9950.79598254969
1636261200000,9950.79598254969
1636264800000,9950.79598254969
1636268400000,9950.79598254969
1636272000000,9950.79598254969
1636275600000,9950.79598254969
1636279200000,9950.79598254969
1636282800000,9950.79598254969
1636286400000,9950.79598254969
1636290000000,9950.79598254969
1636293600000,9950.79598254969
1636297200000,9950.79598254969
1636300800000,9950.79598254969
1636304400000,9950.79598254969
1636308000000,9950.79598254969
1636311600000,9950.79598254969
1636315200000,9950.79598254969
1636318800000,9950.79598254969
1636322400000,9950.79598254969
1636326000000,9950.79598254969
1636329600000,9950.79598254969
1636333200000,9950.79598254969
1636336800000,9950.79598254969
1636340400000,9950.79598254969
1636344000000,9950.579329484877
1636347600000,9949.491429484879
1636351200000,9949.965529484878
1636354800000,9952.347029484878
1636358400000,9950.965725299078
1636362000000,9951.954625299079
1636365600000,9950.604925299078
1636369200000,9951.83802529908
1636372800000,9951.88092529908
1636376400000,9953.185525299079
1636380000000,9949.754625299078
1636383600000,9948.92522529908
1636387200000,9955.026234114079
1636390800000,9955.34193411408
1636394400000,9956.67623411408
1636398000000,9955.955734114079
1636401600000,9952.384034114079
1636405200000,9954.437734114079
1636408800000,9955.59603411408
1636412400000,9955.64003411408
1636416000000,9958.487219840845
1636419600000,9957.156839840845
1636423200000,9957.658019840845
1636426800000,9957.086529840844
1636430400000,9965.461029840846
1636434000000,9964.072179840845
1636437600000,9966.619719840846
1636441200000,9962.522389840846
1636444800000,9958.184594732465
1636448400000,9962.138884732465
1636452000000,9964.023684732465
1636455600000,9959.742234732465
1636459200000,9957.098264732465
1636462800000,9956.586874732466
1636466400000,9962.328714732465
1636470000000,9954.826614732467
1636473600000,9952.732168571869
1636477200000,9949.491818571867
1636480800000,9950.651638571868
1636484400000,9946.23832857187
1636488000000,9946.61759857187
1636491600000,9952.631298571869
1636495200000,9958.094138571869
1636498800000,9952.598748571869
1636502400000,9946.0672190947
1636506000000,9943.7398290947
1636509600000,9945.9389390947
1636513200000,9943.982959094701
1636516800000,9937.7090390947
1636520400000,9941.454409094702
1636524000000,9938.1320990947
1636527600000,9943.9159090947
1636531200000,9940.815496086041
1636534800000,9941.118916086041
1636538400000,9940.45902608604
1636542000000,9944.23415608604
1636545600000,9941.60935608604
1636549200000,9938.303236086042
1636552800000,9959.303826086041
1636556400000,9969.029626086041
1636560000000,9968.500240561525
1636563600000,9968.808120561525
1636567200000,9968.078880561525
1636570800000,9958.170870561526
1636574400000,9936.486850561525
1636578000000,9919.067559761803
1636581600000,9919.067559761803
1636585200000,9919.067559761803
1636588800000,9919.067559761803
1636592400000,9919.067559761803
1636596000000,9919.067559761803
1636599600000,9919.067559761803
1636603200000,9919.067559761803
1636606800000,9919.067559761803
1636610400000,9919.067559761803
1636614000000,9919.067559761803
1636617600000,9919.067559761803
1636621200000,9919.067559761803
1636624800000,9919.067559761803
1636628400000,9919.067559761803
1636632000000,9919.067559761803
1636635600000,9919.067559761803
1636639200000,9919.067559761803
1636642800000,9919.067559761803
1636646400000,9919.067559761803
1636650000000,9919.067559761803
1636653600000,9919.067559761803
1636657200000,9919.067559761803
1636660800000,9919.067559761803
1636664400000,9919.067559761803
1636668000000,9919.067559761803
1636671600000,9919.067559761803
1636675200000,9919.067559761803
1636678800000,9919.067559761803
1636682400000,9919.067559761803
1636686000000,9919.067559761803
1636689600000,9919.067559761803
1636693200000,9919.067559761803
1636696800000,9919.067559761803
1636700400000,9919.067559761803
1636704000000,9919.067559761803
1636707600000,9919.067559761803
1636711200000,9919.067559761803
1636714800000,9919.067559761803
1636718400000,9919.067559761803
1636722000000,9919.067559761803
1636725600000,9919.067559761803
1636729200000,9919.067559761803
1636732800000,9919.067559761803
1636736400000,9919.067559761803
1636740000000,9919.067559761803
1636743600000,9919.067559761803
1636747200000,9919.067559761803
1636750800000,9919.067559761803
1636754400000,9919.067559761803
1636758000000,9919.067559761803
1636761600000,9919.067559761803
1636765200000,9919.067559761803
1636768800000,9919.067559761803
1636772400000,9919.067559761803
1636776000000,9919.067559761803
1636779600000,9919.067559761803
1636783200000,9919.067559761803
1636786800000,9919.067559761803
1636790400000,9919.067559761803
1636794000000,9919.067559761803
1636797600000,9919.067559761803
1636801200000,9919.067559761803
1636804800000,9919.067559761803
1636808400000,9919.067559761803
1636812000000,9919.067559761803
1636815600000,9919.067559761803
1636819200000,9919.067559761803
1636822800000,9919.067559761803
1636826400000,9919.067559761803
1636830000000,9919.067559761803
1636833600000,9919.067559761803
1636837200000,9919.067559761803
1636840800000,9919.067559761803
1636844400000,9919.067559761803
1636848000000,9919.067559761803
1636851600000,9919.067559761803
1636855200000,9919.067559761803
1636858800000,9919.067559761803
1636862400000,9919.067559761803
1636866000000,9919.067559761803
1636869600000,9919.067559761803
1636873200000,9919.067559761803
1636876800000,9919.067559761803
1636880400000,9919.067559761803
1636884000000,9919.067559761803
1636887600000,9919.067559761803
1636891200000,9919.067559761803
1636894800000,9919.067559761803
1636898400000,9919.067559761803
1636902000000,9919.067559761803
1636905600000,9919.067559761803
1636909200000,9919.067559761803
1636912800000,9919.067559761803
1636916400000,9919.067559761803
1636920000000,9919.067559761803
1636923600000,9919.067559761803
1636927200000,9919.067559761803
1636930800000,9919.067559761803
1636934400000,9919.067559761803
1636938000000,9919.067559761803
1636941600000,9919.067559761803
1636945200000,9919.067559761803
1636948800000,9919.067559761803
1636952400000,9919.067559761803
1636956000000,9919.067559761803
1636959600000,9919.067559761803
1636963200000,9919.067559761803
1636966800000,9919.067559761803
1636970400000,9919.067559761803
1636974000000,9919.067559761803
1636977600000,9919.067559761803
1636981200000,9919.067559761803
1636984800000,9919.067559761803
1636988400000,9919.067559761803
1636992000000,9919.067559761803
1636995600000,9919.067559761803
1636999200000,9919.067559761803
1637002800000,9919.067559761803
1637006400000,9919.067559761803
1637010000000,9919.067559761803
1637013600000,9919.067559761803
1637017200000,9919.067559761803
1637020800000,9919.067559761803
1637024400000,9919.067559761803
1637028000000,9919.067559761803
1637031600000,9919.067559761803
1637035200000,9919.067559761803
1637038800000,9919.067559761803
1637042400000,9919.067559761803
1637046000000,9919.067559761803
1637049600000,9919.067559761803
1637053200000,9919.067559761803
1637056800000,9919.067559761803
1637060400000,9919.067559761803
1637064000000,9919.093535525839
1637067600000,9921.385535525838
1637071200000,9919.106135525839
1637074800000,9916.732535525838
1637078400000,9917.851137611839
1637082000000,9917.839917611838
1637085600000,9918.98177761184
1637089200000,9921.364257611838
1637092800000,9921.546477611839
1637096400000,9923.13083761184
1637100000000,9919.10513761184
1637103600000,9918.413637611839
1637107200000,9921.281042159839
1637110800000,9923.31594215984
1637114400000,9925.472462159838
1637118000000,9925.26324215984
1637121600000,9927.87420215984
1637125200000,9925.969862159838
1637128800000,9924.895982159838
1637132400000,9924.097562159839
1637136000000,9923.413787390647
1637139600000,9925.316507390648
1637143200000,9928.380947390648
1637146800000,9919.223147390647
1637150400000,9918.168527390648
1637154000000,9919.191827390647
1637157600000,9920.958947390647
1637161200000,9924.681167390647
1637164800000,9924.629412950646
1637168400000,9920.234832950646
1637172000000,9920.611512950647
1637175600000,9919.615452950646
1637179200000,9921.177312950647
1637182800000,9920.369472950646
1637186400000,9921.469032950647
1637190000000,9922.049892950647
1637193600000,9920.451951182647
1637197200000,9919.532151182648
1637200800000,9918.688371182647
1637204400000,9918.475131182648
1637208000000,9923.095971182647
1637211600000,9924.202251182647
1637215200000,9923.608251182646
1637218800000,9923.190891182647
1637222400000,9924.007959392646
1637226000000,9924.075519392647
1637229600000,9925.964079392646
1637233200000,9923.899479392647
1637236800000,9926.995659392647
1637240400000,9926.826939392646
1637244000000,9927.916539392647
1637247600000,9928.276899392646
1637251200000,9934.319665018222
1637254800000,9939.310765018223
1637258400000,9936.911425018223
1637262000000,9934.292485018223
1637265600000,9935.107645018223
1637269200000,9934.702705018222
1637272800000,9936.885985018223
1637276400000,9942.615805018222
1637280000000,9940.365756046222
1637283600000,9937.544616046222
1637287200000,9942.500136046223
1637290800000,9945.598896046222
1637294400000,9946.966356046221
1637298000000,9944.837376046222
1637301600000,9944.029776046222
1637305200000,9943.859376046223
1637308800000,9946.404901593596
1637312400000,9940.072261593596
1637316000000,9940.356481593597
1637319600000,9939.534541593595
1637323200000,9940.756021593596
1637326800000,9940.950961593597
1637330400000,9936.458341593596
1637334000000,9934.911061593597
1637337600000,9935.263014550463
1637341200000,9933.575334550464
1637344800000,9934.462314550463
1637348400000,9935.415174550462
1637352000000,9934.331994550463
1637355600000,9935.727714550463
1637359200000,9935.272374550463
1637362800000,9935.975874550462
1637366400000,9933.717515370894
1637370000000,9933.165215370895
1637373600000,9929.854835370894
1637377200000,9929.699315370895
1637380800000,9931.275455370895
1637384400000,9931.339175370895
1637388000000,9931.957835370895
1637391600000,9931.016975370894
1637395200000,9932.267735568894
1637398800000,9931.763735568895
1637402400000,9931.938395568894
1637406000000,9931.530155568895
1637409600000,9930.702395568895
1637413200000,9931.094015568895
1637416800000,9931.536215568894
1637420400000,9932.520095568894
1637424000000,9937.016873856894
1637427600000,9936.039773856894
1637431200000,9935.322413856893
1637434800000,9925.166364686296
1637438400000,9925.166364686296
1637442000000,9925.166364686296
1637445600000,9925.166364686296
1637449200000,9925.166364686296
1637452800000,9925.166364686296
1637456400000,9925.166364686296
1637460000000,9925.166364686296
1637463600000,9925.166364686296
1637467200000,9925.166364686296
1637470800000,9925.166364686296
1637474400000,9925.166364686296
1637478000000,9925.166364686296
1637481600000,9925.166364686296
1637485200000,9925.166364686296
1637488800000,9925.166364686296
1637492400000,9925.166364686296
1637496000000,9925.166364686296
1637499600000,9925.166364686296
1637503200000,9925.166364686296
1637506800000,9925.166364686296
1637510400000,9925.166364686296
1637514000000,9925.166364686296
1637517600000,9925.166364686296
1637521200000,9925.166364686296
1637524800000,9925.166364686296
1637528400000,9925.166364686296
1637532000000,9925.166364686296
1637535600000,9925.166364686296
1637539200000,9925.166364686296
1637542800000,9925.166364686296
1637546400000,9925.166364686296
1637550000000,9925.166364686296
1637553600000,9925.166364686296
1637557200000,9925.166364686296
1637560800000,9925.166364686296
1637564400000,9925.166364686296
1637568000000,9925.166364686296
1637571600000,9925.166364686296
1637575200000,9925.166364686296
1637578800000,9925.166364686296
1637582400000,9925.166364686296
1637586000000,9925.166364686296
1637589600000,9925.166364686296
1637593200000,9925.166364686296
1637596800000,9925.166364686296
1637600400000,9925.166364686296
1637604000000,9925.166364686296
1637607600000,9925.166364686296
1637611200000,9925.539418089389
1637614800000,9925.682238089388
1637618400000,9923.809298089389
1637622000000,9921.294778089388
1637625600000,9923.803275656404
1637629200000,9919.341075656404
1637632800000,9919.720695656406
1637636400000,9918.023875656405
1637640000000,9915.601550728477
1637643600000,9915.148370728477
1637647200000,9914.157770728478
1637650800000,9912.748310728477
1637654400000,9910.501846895424
1637658000000,9912.351226895425
1637661600000,9912.334066895424
1637665200000,9914.049286895424
1637668800000,9912.712366895425
1637672400000,9912.650746895424
1637676000000,9916.752766895424
1637679600000,9927.133006895425
1637683200000,9923.420431769424
1637686800000,9929.539531769424
1637690400000,9926.597371769425
1637694000000,9927.772831769425
1637697600000,9929.836711769425
1637701200000,9931.381111769424
1637704800000,9929.565271769425
1637708400000,9928.758751769425
1637712000000,9928.724899691424
1637715600000,9929.607079691425
1637719200000,9925.559659691424
1637722800000,9921.831259691424
1637726400000,9922.032499691424
1637730000000,9922.621399691425
1637733600000,9922.700959691423
1637737200000,9922.690039691424
1637740800000,9923.045156765424
1637744400000,9925.014656765425
1637748000000,9924.369596765424
1637751600000,9922.807256765425
1637755200000,9924.754916765425
1637758800000,9923.949176765425
1637762400000,9918.228656765425
1637766000000,9918.734876765424
1637769600000,9922.422266762365
1637773200000,9919.325666762365
1637776800000,9918.622106762365
1637780400000,9920.353706762366
1637784000000,9918.115106762365
1637787600000,9923.479946762365
1637791200000,9922.525226762365
1637794800000,9921.378626762365
1637798400000,9923.229788282366
1637802000000,9927.121208282366
1637805600000,9927.579068282364
1637809200000,9926.267108282365
1637812800000,9926.828708282364
1637816400000,9924.257828282365
1637820000000,9923.655668282365
1637823600000,9923.724308282364
1637827200000,9925.061250042581
1637830800000,9924.270330042582
1637834400000,9924.978570042582
1637838000000,9930.973650042582
1637841600000,9932.018850042583
1637845200000,9937.527990042583
1637848800000,9937.925010042582
1637852400000,9940.164390042582
1637856000000,9939.91139088669
1637859600000,9940.478450886689
1637863200000,9942.203030886689
1637866800000,9940.76471088669
1637870400000,9941.572790886688
1637874000000,9941.63675088669
1637877600000,9940.742870886688
1637881200000,9942.453410886688
1637884800000,9943.214569567876
1637888400000,9940.369909567877
1637892000000,9939.967429567876
1637895600000,9937.211689567876
1637899200000,9935.643109567876
1637902800000,9934.801489567875
1637906400000,9935.615029567876
1637910000000,9933.769549567876
1637913600000,9927.456352906967
1637917200000,9920.31273024849
1637920800000,9920.31273024849
1637924400000,9920.31273024849
1637928000000,9917.575136582518
1637931600000,9910.913636582518
1637935200000,9907.397776582518
1637938800000,9906.057696582518
1637942400000,9909.59508830593
1637946000000,9909.935018305929
1637949600000,9910.792018305929
1637953200000,9909.66065830593
1637956800000,9910.33775830593
1637960400000,9911.25595830593
1637964000000,9911.925708305931
1637967600000,9911.393398305929
1637971200000,9912.152423482965
1637974800000,9911.424353482964
1637978400000,9912.272693482966
1637982000000,9912.236373482965
1637985600000,9912.484053482965
1637989200000,9912.777573482965
1637992800000,9911.548813482965
1637996400000,9912.046353482965
1638000000000,9912.872839527692
1638003600000,9910.905319527694
1638007200000,9911.653439527692
1638010800000,9911.234269527693
1638014400000,9909.64362581553
1638018000000,9909.25163581553
1638021600000,9905.75142581553
1638025200000,9909.19995581553
1638028800000,9906.685431752516
1638032400000,9906.162421752515
1638036000000,9906.819881752514
1638039600000,9906.472891752515
1638043200000,9907.971561752514
1638046800000,9917.302961752515
1638050400000,9911.669471752515
1638054000000,9908.026801752516
1638057600000,9911.778745447986
1638061200000,9912.084115447986
1638064800000,9918.129765447986
1638068400000,9914.923385447986
1638072000000,9918.596105447985
1638075600000,9920.533375447987
1638079200000,9916.185185447986
1638082800000,9913.587805447985
1638086400000,9913.390630485319
1638090000000,9914.902440485317
1638093600000,9915.810690485318
1638097200000,9909.316340485317
1638100800000,9911.089030485318
1638104400000,9912.739320485318
1638108000000,9913.932210485318
1638111600000,9913.649600485318
1638115200000,9914.526971230433
1638118800000,9915.820971230432
1638122400000,9918.954351230434
1638126000000,9918.422101230432
1638129600000,9910.601831230433
1638133200000,9906.058591230432
1638136800000,9886.411031230433
1638140400000,9888.409782935702
1638144000000,9883.718483016266
1638147600000,9882.169839791033
1638151200000,9882.169839791033
1638154800000,9882.169839791033
1638158400000,9882.169839791033
1638162000000,9882.169839791033
1638165600000,9882.169839791033
1638169200000,9882.169839791033
1638172800000,9882.169839791033
1638176400000,9882.169839791033
1638180000000,9882.169839791033
1638183600000,9882.169839791033
1638187200000,9882.169839791033
1638190800000,9882.169839791033
1638194400000,9882.169839791033
1638198000000,9882.169839791033
1638201600000,9882.232336497924
1638205200000,9888.183136497924
1638208800000,9890.469496497924
1638212400000,9890.163256497925
1638216000000,9886.618006497923
1638219600000,9888.250996497924
1638223200000,9891.138526497924
1638226800000,9890.157166497924
1638230400000,9891.089417614248
1638234000000,9895.030517614248
1638237600000,9892.972097614249
1638241200000,9893.280947614248
1638244800000,9890.01931761425
1638248400000,9891.160757614249
1638252000000,9886.585427614249
1638255600000,9888.01831761425
1638259200000,9888.011251208703
1638262800000,9890.107951208704
1638266400000,9890.126221208702
1638270000000,9894.262201208703
1638273600000,9904.857061208702
1638277200000,9904.081891208703
1638280800000,9909.077431208703
1638284400000,9912.833221208703
1638288000000,9907.583832438731
1638291600000,9901.370292438733
1638295200000,9904.531872438733
1638298800000,9911.454462438733
1638302400000,9910.762812438732
1638306000000,9909.336012438733
1638309600000,9907.011372438732
1638313200000,9910.056372438732
1638316800000,9906.002869269072
1638320400000,9914.353129269071
1638324000000,9912.547879269072
1638327600000,9918.155899269072
1638331200000,9918.144589269072
1638334800000,9916.013959269072
1638338400000,9913.796329269071
1638342000000,9915.56938926907
1638345600000,9919.081867239072
1638349200000,9912.398527239071
1638352800000,9916.694587239072
1638356400000,9915.038977239072
1638360000000,9912.080107239071
1638363600000,9910.992607239072
1638367200000,9912.133177239071
1638370800000,9917.727277239072
1638374400000,9915.960061483289
1638378000000,9913.451851483289
1638381600000,9911.523061483289
1638385200000,9909.25323148329
1638388800000,9909.21060148329
1638392400000,9901.534591483289
1638396000000,9901.37886148329
1638399600000,9902.51247148329
1638403200000,9903.31298745429
1638406800000,9901.98710745429
1638410400000,9906.02912745429
1638414000000,9902.14196745429
1638417600000,9894.65126745429
1638421200000,9896.15897745429
1638424800000,9897.78152745429
1638428400000,9898.90034745429
1638432000000,9901.32624165847
1638435600000,9903.08277165847
1638439200000,9902.48160165847
1638442800000,9901.16616165847
1638446400000,9897.95847165847
1638450000000,9899.45139165847
1638453600000,9898.62315165847
1638457200000,9903.19848165847
1638460800000,9899.051680424469
1638464400000,9894.003940424469
1638468000000,9894.439810424468
1638471600000,9893.96827042447
1638475200000,9895.17931042447
1638478800000,9898.57405042447
1638482400000,9898.684540424469
1638486000000,9899.032540424469
1638489600000,9897.034402271285
1638493200000,9897.542482271287
1638496800000,9897.323242271286
1638500400000,9894.519232271286
1638504000000,9895.460572271286
1638507600000,9898.350712271285
1638511200000,9902.408392271285
1638514800000,9902.523232271285
1638518400000,9901.496898945246
1638522000000,9900.765228945245
1638525600000,9903.577068945246
1638529200000,9902.492178945246
1638532800000,9905.986098945246
1638536400000,9903.511818945246
1638540000000,9903.151638945246
1638543600000,9897.694128945246
1638547200000,9891.701825682247
1638550800000,9888.116479990982
1638554400000,9888.116479990982
1638558000000,9888.116479990982
1638561600000,9888.116479990982
1638565200000,9888.116479990982
1638568800000,9888.116479990982
1638572400000,9888.116479990982
1638576000000,9887.579790480748
1638579600000,9891.372140480747
1638583200000,9890.896940480749
1638586800000,9890.429890480747
1638590400000,9895.094740480748
1638594000000,9903.413890480748
1638597600000,9918.283840480748
1638601200000,9918.809390480748
1638604800000,9920.889702999217
1638608400000,9917.118232999217
1638612000000,9916.703962999216
1638615600000,9918.030752999217
1638619200000,9923.340992999216
1638622800000,9920.188182999216
1638626400000,9916.561202999215
1638630000000,9911.453022999216
1638633600000,9909.02232673302
1638637200000,9912.49270673302
1638640800000,9909.69237673302
1638644400000,9904.692226733021
1638648000000,9900.82366673302
1638651600000,9900.37463673302
1638655200000,9904.733056733021
1638658800000,9900.10058673302
1638662400000,9899.476084244212
1638666000000,9902.69870424421
1638669600000,9901.663984244213
1638673200000,9902.244004244212
1638676800000,9898.234144244212
1638680400000,9899.531124244211
1638684000000,9896.064694244213
1638687600000,9893.956014244211
1638691200000,9896.125967521746
1638694800000,9894.815637521746
1638698400000,9898.454677521746
1638702000000,9896.429447521745
1638705600000,9896.369437521746
1638709200000,9894.659907521745
1638712800000,9895.783707521747
1638716400000,9900.250517521747
1638720000000,9908.392871346532
1638723600000,9903.586611346533
1638727200000,9898.158611346533
1638730800000,9899.040181346534
1638734400000,9900.195211346532
1638738000000,9900.229501346532
1638741600000,9899.174991346534
1638745200000,9898.837831346531
1638748800000,9895.142109532582
1638752400000,9902.496899532583
1638756000000,9900.598469532582
1638759600000,9900.245859532582
1638763200000,9898.401789532583
1638766800000,9898.687049532584
1638770400000,9901.445939532583
1638774000000,9908.157909532583
1638777600000,9905.45632475567
1638781200000,9908.486024755672
1638784800000,9916.005624755671
1638788400000,9915.23096475567
1638792000000,9906.73952475567
1638795600000,9906.697894755673
1638799200000,9908.415254755671
1638802800000,9909.150624755672
1638806400000,9901.764414532672
1638810000000,9898.542144532672
1638813600000,9899.429014532672
1638817200000,9897.025884532673
1638820800000,9897.209854532673
1638824400000,9898.144414532673
1638828000000,9887.957262876607
1638831600000,9885.413336480231
1638835200000,9885.570365371846
1638838800000,9884.900165371848
1638842400000,9884.486165371847
1638846000000,9883.362965371847
1638849600000,9884.870165371847
1638853200000,9885.276965371848
1638856800000,9884.830565371847
1638860400000,9885.854165371848
1638864000000,9885.361730638728
1638867600000,9888.475730638727
1638871200000,9887.984330638728
1638874800000,9888.583730638728
1638878400000,9888.992330638728
1638882000000,9886.041530638728
1638885600000,9884.735330638727
1638889200000,9888.167330638727
1638892800000,9887.760620168485
1638896400000,9885.361220168485
1638900000000,9883.857620168485
1638903600000,9882.687020168485
1638907200000,9882.939020168486
1638910800000,9881.074220168484
1638914400000,9881.836820168484
1638918000000,9880.077620168486
1638921600000,9883.153784913704
1638925200000,9883.990184913704
1638928800000,9882.997184913704
1638932400000,9881.552984913704
1638936000000,9882.608384913705
1638939600000,9883.476584913704
1638943200000,9884.144984913704
1638946800000,9886.601984913705
1638950400000,9886.396397107053
1638954000000,9886.296797107054
1638957600000,9883.689797107054
1638961200000,9880.895597107054
1638964800000,9880.758797107053
1638968400000,9881.206997107054
1638972000000,9881.662997107054
1638975600000,9888.894197107054
1638979200000,9888.780181507054
1638982800000,9888.474181507054
1638986400000,9887.227381507055
1638990000000,9887.733181507054
1638993600000,9886.888981507054
1638997200000,9888.620581507055
1639000800000,9888.544981507055
1639004400000,9888.067381507055
1639008000000,9890.593172047056
1639011600000,9889.985372047055
1639015200000,9889.057172047056
1639018800000,9887.469572047055
1639022400000,9886.293572047056
1639026000000,9887.639972047054
1639029600000,9886.169372047056
1639033200000,9886.762172047056
1639036800000,9886.752099652831
1639040400000,9884.19969965283
1639044000000,9882.64749965283
1639047600000,9882.73509965283
1639051200000,9882.13929965283
1639054800000,9882.56529965283
1639058400000,9882.16209965283
1639062000000,9877.47729965283
1639065600000,9872.528305558917
1639069200000,9871.220305558918
1639072800000,9873.936055558917
1639076400000,9877.302805558918
1639080000000,9877.923055558918
1639083600000,9877.287055558918
1639087200000,9874.382305558918
1639090800000,9875.175805558918
1639094400000,9878.017589405079
1639098000000,9878.601839405079
1639101600000,9875.293589405079
1639105200000,9874.48883940508
1639108800000,9876.256589405079
1639112400000,9877.90508940508
1639116000000,9877.46183940508
1639119600000,9881.95433940508
1639123200000,9884.987554505078
1639126800000,9881.190304505079
1639130400000,9879.11955450508
1639134000000,9880.33680450508
1639137600000,9875.57505450508
1639141200000,9874.52955450508
1639144800000,9872.062054505079
1639148400000,9883.521304505079
1639152000000,9886.093678214515
1639155600000,9889.473928214515
1639159200000,9889.569178214513
1639162800000,9888.225178214514
1639166400000,9885.444178214513
1639170000000,9883.801678214513
1639173600000,9887.031178214515
1639177200000,9891.781678214515
1639180800000,9894.256671420528
1639184400000,9891.978171420527
1639188000000,9889.355421420529
1639191600000,9888.162171420528
1639195200000,9885.939921420528
1639198800000,9884.686671420528
1639202400000,9884.811171420528
1639206000000,9889.539171420527
1639209600000,9888.761258267981
1639213200000,9885.589508267982
1639216800000,9886.234508267982
1639220400000,9885.724508267982
1639224000000,9885.486946514282
1639227600000,9887.082946514282
1639231200000,9885.321076514281
1639234800000,9886.75348651428
1639238400000,9887.386350052879
1639242000000,9886.806660052878
1639245600000,9888.13647005288
1639249200000,9888.505830052878
1639252800000,9890.299620052878
1639256400000,9889.986120052878
1639260000000,9889.279320052878
1639263600000,9889.705680052879
1639267200000,9884.89722182889
1639270800000,9883.77799182889
1639274400000,9881.92008182889
1639278000000,9882.14841182889
1639281600000,9881.76975689504
1639285200000,9883.46250689504
1639288800000,9882.13575689504
1639292400000,9880.990786895041
1639296000000,9881.009420347576
1639299600000,9883.639130347578
1639303200000,9883.974630347577
1639306800000,9883.372560347578
1639310400000,9882.188550347577
1639314000000,9882.398390347576
1639317600000,9881.803030347577
1639321200000,9881.510840347577
1639324800000,9883.067091537328
1639328400000,9881.689711537329
1639332000000,9879.117341537329
1639335600000,9875.14136153733
1639339200000,9875.4605333265
1639342800000,9875.839973326501
1639346400000,9874.2365333265
1639350000000,9876.4580933265
1639353600000,9874.400892337097
1639357200000,9868.484892337097
1639360800000,9863.907812337096
1639364400000,9864.198172337097
1639368000000,9864.66971332238
1639371600000,9863.47032332238
1639375200000,9861.911043322381
1639378800000,9865.01354332238
1639382400000,9864.896883632859
1639386000000,9862.942673632857
1639389600000,9864.542833632857
1639393200000,9865.104933632858
1639396800000,9863.548573632857
1639400400000,9865.284513632858
1639404000000,9866.570773632857
1639407600000,9870.763893632859
1639411200000,9878.220002586288
1639414800000,9878.254312586289
1639418400000,9877.536722586288
1639422000000,9877.764482586288
1639425600000,9882.067832586288
1639429200000,9881.675822586289
1639432800000,9881.344402586288
1639436400000,9880.109242586288
1639440000000,9880.723968422228
1639443600000,9878.174808422229
1639447200000,9880.334148422227
1639450800000,9880.070618422229
1639454400000,9880.579428422228
1639458000000,9881.115248422228
1639461600000,9883.244658422229
1639465200000,9883.264368422228
1639468800000,9879.931776432699
1639472400000,9877.6797264327
1639476000000,9881.5837664327
1639479600000,9877.687026432699
1639483200000,9876.274476432698
1639486800000,9876.7716064327
1639490400000,9879.902576432698
1639494000000,9877.567306432698
1639497600000,9880.1813190487
1639501200000,9881.065349048698
1639504800000,9881.788049048699
1639508400000,9882.5414090487
1639512000000,9880.7675090487
1639515600000,9876.633519048699
1639519200000,9875.1224190487
1639522800000,9876.7568890487
1639526400000,9874.898727849699
1639530000000,9875.6265378497
1639533600000,9876.3638378497
1639537200000,9877.2055278497
1639540800000,9875.1702878497
1639544400000,9875.394397849699
1639548000000,9875.216277849699
1639551600000,9874.9768378497
1639555200000,9874.46045394068
1639558800000,9872.77926394068
1639562400000,9873.068343940678
1639566000000,9874.240723940678
1639569600000,9875.096283940678
1639573200000,9877.89802394068
1639576800000,9877.814803940679
1639580400000,9880.618003940679
1639584000000,9889.54558631768
1639587600000,9885.341516317678
1639591200000,9884.477196317679
1639594800000,9879.49713631768
1639598400000,9865.824236317678
1639602000000,9862.988774148329
1639605600000,9862.988774148329
1639609200000,9862.988774148329
1639612800000,9862.988774148329
1639616400000,9862.988774148329
1639620000000,9862.988774148329
1639623600000,9862.988774148329
1639627200000,9862.988774148329
1639630800000,9862.988774148329
1639634400000,9862.988774148329
1639638000000,9862.988774148329
1639641600000,9862.988774148329
1639645200000,9862.988774148329
1639648800000,9862.988774148329
1639652400000,9862.988774148329
1639656000000,9862.988774148329
1639659600000,9862.988774148329
1639663200000,9862.988774148329
1639666800000,9862.988774148329
1639670400000,9862.988774148329
1639674000000,9862.988774148329
1639677600000,9862.988774148329
1639681200000,9862.988774148329
1639684800000,9862.988774148329
1639688400000,9862.988774148329
1639692000000,9862.988774148329
1639695600000,9862.988774148329
1639699200000,9862.988774148329
1639702800000,9862.988774148329
1639706400000,9862.988774148329
1639710000000,9862.988774148329
1639713600000,9862.988774148329
1639717200000,9862.988774148329
1639720800000,9862.988774148329
1639724400000,9862.988774148329
1639728000000,9862.988774148329
1639731600000,9862.988774148329
1639735200000,9862.988774148329
1639738800000,9862.988774148329
1639742400000,9862.988774148329
1639746000000,9862.988774148329
1639749600000,9862.988774148329
1639753200000,9862.988774148329
1639756800000,9862.988774148329
1639760400000,9862.988774148329
1639764000000,9862.988774148329
1639767600000,9862.988774148329
1639771200000,9862.988774148329
1639774800000,9862.988774148329
1639778400000,9862.988774148329
1639782000000,9862.988774148329
1639785600000,9862.09235044466
1639789200000,9861.42105044466
1639792800000,9865.80235044466
1639796400000,9865.33363044466
1639800000000,9861.447300444659
1639803600000,9860.996850444659
1639807200000,9859.60119044466
1639810800000,9861.22029044466
1639814400000,9861.032641505095
1639818000000,9861.205401505094
1639821600000,9857.422461505095
1639825200000,9855.224041505095
1639828800000,9856.363781505095
1639832400000,9856.172611505095
1639836000000,9859.162801505096
1639839600000,9856.799181505095
1639843200000,9857.505456528694
1639846800000,9858.409716528693
1639850400000,9858.860306528693
1639854000000,9858.652896528694
1639857600000,9859.060086528694
1639861200000,9857.816886528693
1639864800000,9857.366296528693
1639868400000,9858.623496528693
1639872000000,9858.218647284424
1639875600000,9858.911647284425
1639879200000,9859.482777284426
1639882800000,9855.161747284425
1639886400000,9851.028667284425
1639890000000,9850.357507284425
1639893600000,9852.622707284425
1639897200000,9853.514157284426
1639900800000,9852.846727352833
1639904400000,9852.415727352834
1639908000000,9852.684787352835
1639911600000,9850.949097352835
1639915200000,9851.097387352835
1639918800000,9851.829427352834
1639922400000,9849.988297352835
1639926000000,9850.596987352834
1639929600000,9850.99228530019
1639933200000,9849.885035300189
1639936800000,9851.78358530019
1639940400000,9850.28755530019
1639944000000,9856.220075300189
1639947600000,9854.20709530019
1639951200000,9855.05285530019
1639954800000,9845.324505300188
1639958400000,9853.818869787265
1639962000000,9850.995779787267
1639965600000,9853.809989787265
1639969200000,9854.137889787264
1639972800000,9855.043839787266
1639976400000,9851.912919787264
1639980000000,9863.146819787265
1639983600000,9861.372529787264
1639987200000,9864.100527562026
1639990800000,9865.618987562026
1639994400000,9872.719957562027
1639998000000,9870.769137562027
1640001600000,9867.499257562027
1640005200000,9872.025827562027
1640008800000,9872.591327562026
1640012400000,9866.107247562028
1640016000000,9868.692431147303
1640019600000,9863.248821147305
1640023200000,9865.610771147303
1640026800000,9863.537491147303
1640030400000,9858.251751147303
1640034000000,9850.779301147304
1640037600000,9851.575261147304
1640041200000,9855.663441147304
1640044800000,9849.762803643705
1640048400000,9851.136873643705
1640052000000,9851.789363643706
1640055600000,9852.898543643705
1640059200000,9836.865933643705
1640062800000,9829.666267950208
1640066400000,9832.310917950208
1640070000000,9831.720427950208
1640073600000,9833.0990677882
1640077200000,9831.624867788201
1640080800000,9831.8216977882
1640084400000,9831.575457788202
1640088000000,9831.211767788202
1640091600000,9827.83548897
1640095200000,9827.83548897
1640098800000,9827.83548897
1640102400000,9827.83548897
1640106000000,9827.83548897
1640109600000,9827.83548897
1640113200000,9827.83548897
1640116800000,9827.83548897
1640120400000,9827.83548897
1640124000000,9827.83548897
1640127600000,9827.83548897
1640131200000,9827.83548897
1640134800000,9827.83548897
1640138400000,9827.83548897
1640142000000,9827.83548897
1640145600000,9827.83548897
1640149200000,9827.83548897
1640152800000,9827.83548897
1640156400000,9827.83548897
1640160000000,9827.83548897
1640163600000,9827.83548897
1640167200000,9827.83548897
1640170800000,9827.83548897
1640174400000,9827.83548897
1640178000000,9827.83548897
1640181600000,9827.83548897
1640185200000,9827.83548897
1640188800000,9827.83548897
1640192400000,9827.83548897
1640196000000,9827.83548897
1640199600000,9827.83548897
1640203200000,9827.83548897
1640206800000,9827.83548897
1640210400000,9827.83548897
1640214000000,9827.83548897
1640217600000,9827.83548897
1640221200000,9827.83548897
1640224800000,9827.83548897
1640228400000,9827.83548897
1640232000000,9827.83548897
1640235600000,9827.83548897
1640239200000,9827.83548897
1640242800000,9827.83548897
1640246400000,9827.83548897
1640250000000,9827.83548897
1640253600000,9827.83548897
1640257200000,9827.83548897
1640260800000,9827.83548897
1640264400000,9827.83548897
1640268000000,9827.83548897
1640271600000,9827.83548897
1640275200000,9827.83548897
1640278800000,9827.83548897
1640282400000,9827.83548897
1640286000000,9827.83548897
1640289600000,9827.83548897
1640293200000,9827.83548897
1640296800000,9827.83548897
1640300400000,9827.83548897
1640304000000,9827.83548897
1640307600000,9827.83548897
1640311200000,9827.83548897
1640314800000,9827.83548897
1640318400000,9827.83548897
1640322000000,9827.83548897
1640325600000,9827.83548897
1640329200000,9827.83548897
1640332800000,9827.83548897
1640336400000,9827.83548897
1640340000000,9827.83548897
1640343600000,9827.83548897
1640347200000,9827.83548897
1640350800000,9827.83548897
1640354400000,9827.83548897
1640358000000,9827.83548897
1640361600000,9827.83548897
1640365200000,9827.83548897
1640368800000,9827.83548897
1640372400000,9827.83548897
1640376000000,9827.83548897
1640379600000,9827.83548897
1640383200000,9827.83548897
1640386800000,9827.83548897
1640390400000,9827.83548897
1640394000000,9827.83548897
1640397600000,9827.83548897
1640401200000,9827.83548897
1640404800000,9827.83548897
1640408400000,9827.83548897
1640412000000,9827.83548897
1640415600000,9827.83548897
1640419200000,9827.83548897
1640422800000,9827.83548897
1640426400000,9827.83548897
1640430000000,9827.83548897
1640433600000,9827.83548897
1640437200000,9827.83548897
1640440800000,9827.83548897
1640444400000,9827.83548897
1640448000000,9827.83548897
1640451600000,9827.83548897
1640455200000,9827.83548897
1640458800000,9827.83548897
1640462400000,9827.83548897
1640466000000,9827.83548897
1640469600000,9827.83548897
1640473200000,9827.83548897
1640476800000,9827.83548897
1640480400000,9827.83548897
1640484000000,9827.83548897
1640487600000,9827.83548897
1640491200000,9827.83548897
1640494800000,9827.83548897
1640498400000,9827.83548897
1640502000000,9827.83548897
1640505600000,9827.83548897
1640509200000,9827.83548897
1640512800000,9827.83548897
1640516400000,9827.83548897
1640520000000,9826.088116095352
1640523600000,9829.127716095352
1640527200000,9828.630056095353
1640530800000,9830.045556095352
1640534400000,9828.452837470555
1640538000000,9826.028597470555
1640541600000,9825.979757470555
1640545200000,9825.367037470556
1640548800000,9824.592325556105
1640552400000,9823.153295556105
1640556000000,9826.049475556105
1640559600000,9824.913955556105
1640563200000,9823.368314410793
1640566800000,9822.053104410792
1640570400000,9824.425314410792
1640574000000,9823.711084410792
1640577600000,9825.347924410791
1640581200000,9823.419654410793
1640584800000,9822.731094410792
1640588400000,9822.951554410793
1640592000000,9819.762535439306
1640595600000,9822.066175439306
1640599200000,9818.858575439306
1640602800000,9818.040475439306
1640606400000,9818.204095439305
1640610000000,9814.450555439305
1640613600000,9813.114055439306
1640617200000,9811.701415439305
1640620800000,9812.443234529446
1640624400000,9813.271054529447
1640628000000,9808.720474529446
1640631600000,9812.370334529447
1640635200000,9814.938034529447
1640638800000,9813.318034529446
1640642400000,9817.888054529447
1640646000000,9817.641814529446
1640649600000,9823.106686010613
1640653200000,9823.916686010612
1640656800000,9832.100926010613
1640660400000,9834.577906010612
1640664000000,9835.587166010613
1640667600000,9842.486746010612
1640671200000,9840.873226010612
1640674800000,9841.313866010612
1640678400000,9841.968062939342
1640682000000,9841.937282939343
1640685600000,9844.529282939342
1640689200000,9844.061102939342
1640692800000,9841.297382939343
1640696400000,9842.800742939342
1640700000000,9843.030782939342
1640703600000,9841.851422939342
1640707200000,9844.189842268983
1640710800000,9850.731402268982
1640714400000,9857.713602268981
1640718000000,9861.282462268982
1640721600000,9859.771002268983
1640725200000,9857.180622268981
1640728800000,9859.056582268982
1640732400000,9858.935082268981
1640736000000,9861.072788508776
1640739600000,9857.855468508777
1640743200000,9860.777948508776
1640746800000,9858.521288508777
1640750400000,9857.976968508776
1640754000000,9860.308148508777
1640757600000,9860.347028508777
1640761200000,9860.552768508776
1640764800000,9861.009534798777
1640768400000,9861.583014798776
1640772000000,9858.942414798777
1640775600000,9861.012774798777
1640779200000,9862.300674798777
1640782800000,9871.638354798777
1640786400000,9868.367574798776
1640790000000,9864.173394798776
1640793600000,9861.657557174649
1640797200000,9864.520097174649
1640800800000,9867.497657174648
1640804400000,9868.31089717465
1640808000000,9873.794597174649
1640811600000,9869.258597174648
1640815200000,9873.20815717465
1640818800000,9872.44351717465
1640822400000,9887.207381897595
1640826000000,9884.997701897595
1640829600000,9885.200201897596
1640833200000,9885.459401897597
1640836800000,9884.723921897596
1640840400000,9883.559141897596
1640844000000,9881.090261897596
1640847600000,9878.891921897595
1640851200000,9874.116433198136
1640854800000,9877.565413198137
1640858400000,9879.305293198136
1640862000000,9876.630673198137
1640865600000,9871.466113198136
1640869200000,9870.821353198136
1640872800000,9874.419373198136
1640876400000,9874.100233198136
1640880000000,9875.250535035435
1640883600000,9868.010755035435
1640887200000,9870.845755035434
1640890800000,9868.232695035435
1640894400000,9869.188495035434
1640898000000,9872.639095035434
1640901600000,9872.190355035435
1640905200000,9875.913115035435
1640908800000,9876.017444576213
1640912400000,9876.268544576213
1640916000000,9873.914684576213
1640919600000,9875.045444576213
1640923200000,9870.060704576214
1640926800000,9869.286344576212
1640930400000,9871.278944576214
1640934000000,9870.528884576213
1640937600000,9874.328780323263
1640941200000,9860.260700323262
1640944800000,9861.590720323262
1640948400000,9864.709220323262
1640952000000,9864.613640323263
1640955600000,9862.470380323262
1640959200000,9862.293800323263
1640962800000,9861.072320323263
1640966400000,9863.625149047262
1640970000000,9868.997069047262
1640973600000,9873.88298904726
1640977200000,9876.892949047262
1640980800000,9886.218542550583
1640984400000,9883.691282550582
1640988000000,9873.887412550583
1640991600000,9874.444152550584
1640995200000,9875.53557472103
1640998800000,9867.26723472103
1641002400000,9864.75138472103
1641006000000,9864.647224721031
1641009600000,9864.94537472103
1641013200000,9867.83382472103
1641016800000,9861.06106472103
1641020400000,9865.66600472103
1641024000000,9864.585662780526
1641027600000,9863.038122780525
1641031200000,9862.260182780525
1641034800000,9869.713412780526
1641038400000,9869.195862780525
1641042000000,9863.488832780524
1641045600000,9866.221912780526
1641049200000,9869.653512780525
1641052800000,9861.354453796364
1641056400000,9860.771353796365
1641060000000,9852.821603796365
1641063600000,9855.481523796363
1641067200000,9858.294063796364
1641070800000,9854.855593796363
1641074400000,9857.607553796364
1641078000000,9856.164803796364
1641081600000,9852.278722137182
1641085200000,9853.731992137182
1641088800000,9858.052242137182
1641092400000,9857.825682137182
1641096000000,9856.583562137183
1641099600000,9864.957272137182
1641103200000,9861.170662137181
1641106800000,9861.661442137181
1641110400000,9859.987383239393
1641114000000,9860.039373239393
1641117600000,9857.650283239393
1641121200000,9860.252183239394
1641124800000,9859.438783239393
1641128400000,9857.86356323939
1641132000000,9860.127393239392
1641135600000,9858.499913239391
1641139200000,9852.943643604252
1641142800000,9841.116326870559
1641146400000,9845.461366870559
1641150000000,9847.690096870558
1641153600000,9848.502306870558
1641157200000,9847.854526870558
1641160800000,9847.160826870559
1641164400000,9845.679906870559
1641168000000,9846.039842675957
1641171600000,9847.469102675956
1641175200000,9847.088512675957
1641178800000,9847.357242675957
1641182400000,9849.248362675957
1641186000000,9849.004482675957
1641189600000,9847.139822675956
1641193200000,9848.408992675955
1641196800000,9847.166241341187
1641200400000,9847.284751341187
1641204000000,9847.054451341186
1641207600000,9846.666371341187
1641211200000,9844.050406549744
1641214800000,9842.789086549745
1641218400000,9841.934086549745
1641222000000,9839.017246549745
1641225600000,9835.643541032385
1641229200000,9837.545301032384
1641232800000,9835.738221032383
1641236400000,9837.544821032385
1641240000000,9838.884021032383
1641243600000,9844.807221032384
1641247200000,9843.639621032384
1641250800000,9839.835981032384
1641254400000,9837.169627617519
1641258000000,9840.692827617519
1641261600000,9841.603387617519
1641265200000,9841.605787617518
1641268800000,9839.821987617519
1641272400000,9842.509987617519
1641276000000,9842.11350761752
1641279600000,9838.80426761752
1641283200000,9837.25365691441
1641286800000,9837.849336914409
1641290400000,9838.83405691441
1641294000000,9835.74741691441
1641297600000,9834.68541691441
1641301200000,9835.82973691441
1641304800000,9831.58665691441
1641308400000,9826.88589691441
1641312000000,9833.558144438563
1641315600000,9834.023384438562
1641319200000,9836.931464438561
1641322800000,9847.344824438562
1641326400000,9841.592144438562
1641330000000,9840.347624438562
1641333600000,9841.530944438562
1641337200000,9842.193944438563
1641340800000,9844.558589561446
1641344400000,9840.991229561445
1641348000000,9840.978269561445
1641351600000,9839.745989561445
1641355200000,9838.577309561446
1641358800000,9838.667069561445
1641362400000,9839.924189561445
1641366000000,9838.065029561445
1641369600000,9838.409188686808
1641373200000,9835.760068686808
1641376800000,9832.986748686808
1641380400000,9834.012268686807
1641384000000,9839.790748686808
1641387600000,9841.038148686808
1641391200000,9838.407868686807
1641394800000,9834.488908686808
1641398400000,9836.459681886807
1641402000000,9839.587361886806
1641405600000,9843.965201886807
1641409200000,9844.439561886807
1641412800000,9859.256921886807
1641416400000,9865.552121886807
1641420000000,9870.724601886806
1641423600000,9874.287161886807
1641427200000,9874.943833932342
1641430800000,9871.426613932343
1641434400000,9875.301953932343
1641438000000,9879.552153932342
1641441600000,9888.194833932343
1641445200000,9888.342253932342
1641448800000,9887.688753932343
1641452400000,9889.152153932342
1641456000000,9884.483648115922
1641459600000,9891.779688115921
1641463200000,9903.434928115923
1641466800000,9897.741208115924
1641470400000,9897.207948115922
1641474000000,9893.538328115923
1641477600000,9889.694328115922
1641481200000,9896.605068115923
1641484800000,9892.61008635378
1641488400000,9893.959886353778
1641492000000,9890.69746635378
1641495600000,9884.21756635378
1641499200000,9882.790406353779
1641502800000,9887.898666353778
1641506400000,9888.07466635378
1641510000000,9888.03058635378
1641513600000,9889.691715790672
1641517200000,9897.330815790674
1641520800000,9894.193535790671
1641524400000,9898.956975790672
1641528000000,9921.057555790672
1641531600000,9924.865815790672
1641535200000,9922.336735790672
1641538800000,9932.190495790674
1641542400000,9927.656906946972
1641546000000,9919.166966946972
1641549600000,9914.204926946972
1641553200000,9918.914646946972
1641556800000,9915.915446946972
1641560400000,9914.45438694697
1641564000000,9932.964606946973
1641567600000,9925.639946946972
1641571200000,9935.607702074973
1641574800000,9921.578362074972
1641578400000,9924.342422074971
1641582000000,9929.153202074973
1641585600000,9925.883702074972
1641589200000,9922.959842074973
1641592800000,9924.682322074972
1641596400000,9931.349882074974
1641600000000,9926.964650372975
1641603600000,9921.147770372972
1641607200000,9923.437550372973
1641610800000,9924.588390372974
1641614400000,9924.877090372975
1641618000000,9923.994710372974
1641621600000,9923.349050372974
1641625200000,9923.411950372974
1641628800000,9922.82516048449
1641632400000,9922.14720048449
1641636000000,9917.521120484489
1641639600000,9923.04556048449
1641643200000,9923.133440484491
1641646800000,9925.93366048449
1641650400000,9925.38282048449
1641654000000,9928.04016048449
1641657600000,9932.253252192646
1641661200000,9937.211572192646
1641664800000,9949.681632192645
1641668400000,9958.146372192645
1641672000000,9951.694732192645
1641675600000,9951.789012192645
1641679200000,9937.065972192646
1641682800000,9933.276012192646
1641686400000,9939.273628533438
1641690000000,9934.937328533439
1641693600000,9934.254808533437
1641697200000,9929.505808533437
1641700800000,9932.705368533438
1641704400000,9928.616188533437
1641708000000,9933.697108533437
1641711600000,9930.832668533438
1641715200000,9932.50905435023
1641718800000,9935.69771435023
1641722400000,9938.903794350232
1641726000000,9936.00845435023
1641729600000,9931.54483435023
1641733200000,9936.65745435023
1641736800000,9940.120314350232
1641740400000,9938.529454350231
1641744000000,9937.518439711124
1641747600000,9925.382739711124
1641751200000,9926.324859711125
1641754800000,9928.205479711123
1641758400000,9914.874859711124
1641762000000,9918.897759711124
1641765600000,9921.379119711124
1641769200000,9922.963759711123
1641772800000,9931.13836991897
1641776400000,9934.62782991897
1641780000000,9931.147049918969
1641783600000,9930.10740991897
1641787200000,9928.70612991897
1641790800000,9924.34410991897
1641794400000,9926.90542991897
1641798000000,9927.62348991897
1641801600000,9926.207352930713
1641805200000,9931.255252930714
1641808800000,9932.101972930712
1641812400000,9933.145292930712
1641816000000,9937.198412930713
1641819600000,9952.384792930712
1641823200000,9955.863952930713
1641826800000,9956.594772930714
1641830400000,9956.314570896098
1641834000000,9936.3300708961
1641837600000,9952.3565708961
1641841200000,9944.979550896098
1641844800000,9946.1545908961
1641848400000,9938.815630896099
1641852000000,9938.608390896099
1641855600000,9942.7003908961
1641859200000,9936.661578880381
1641862800000,9942.59117888038
1641866400000,9935.742658880381
1641870000000,9930.14497888038
1641873600000,9929.015118880381
1641877200000,9928.78849888038
1641880800000,9931.790878880382
1641884400000,9931.18217888038
1641888000000,9927.768126994752
1641891600000,9932.451866994752
1641895200000,9932.220206994753
1641898800000,9938.337446994752
1641902400000,9934.93226699475
1641906000000,9933.82424699475
1641909600000,9936.657326994751
1641913200000,9933.651566994751
1641916800000,9933.386613912206
1641920400000,9912.103562755648
1641924000000,9907.031689555093
1641927600000,9907.031689555093
1641931200000,9907.031689555093
1641934800000,9907.031689555093
1641938400000,9907.031689555093
1641942000000,9907.031689555093
1641945600000,9907.031689555093
1641949200000,9907.031689555093
1641952800000,9907.031689555093
1641956400000,9907.031689555093
1641960000000,9907.031689555093
1641963600000,9907.031689555093
1641967200000,9907.031689555093
1641970800000,9907.031689555093
1641974400000,9907.031689555093
1641978000000,9907.031689555093
1641981600000,9907.031689555093
1641985200000,9907.031689555093
1641988800000,9907.031689555093
1641992400000,9907.031689555093
1641996000000,9907.031689555093
1641999600000,9907.031689555093
1642003200000,9907.031689555093
1642006800000,9907.031689555093
1642010400000,9907.031689555093
1642014000000,9907.031689555093
1642017600000,9907.031689555093
1642021200000,9907.031689555093
1642024800000,9907.031689555093
1642028400000,9907.031689555093
1642032000000,9907.031689555093
1642035600000,9907.031689555093
1642039200000,9907.031689555093
1642042800000,9907.031689555093
1642046400000,9907.031689555093
1642050000000,9907.031689555093
1642053600000,9907.031689555093
1642057200000,9907.031689555093
1642060800000,9907.031689555093
1642064400000,9907.031689555093
1642068000000,9907.031689555093
1642071600000,9907.031689555093
1642075200000,9907.031689555093
1642078800000,9907.031689555093
1642082400000,9907.031689555093
1642086000000,9907.031689555093
1642089600000,9907.031689555093
1642093200000,9907.031689555093
1642096800000,9907.031689555093
1642100400000,9907.031689555093
1642104000000,9907.031689555093
1642107600000,9907.031689555093
1642111200000,9907.031689555093
1642114800000,9907.031689555093
1642118400000,9907.031689555093
1642122000000,9907.031689555093
1642125600000,9907.031689555093
1642129200000,9907.031689555093
1642132800000,9907.031689555093
1642136400000,9907.031689555093
1642140000000,9907.031689555093
1642143600000,9907.031689555093
1642147200000,9907.031689555093
1642150800000,9907.031689555093
1642154400000,9907.031689555093
1642158000000,9907.031689555093
1642161600000,9907.031689555093
1642165200000,9907.031689555093
1642168800000,9907.031689555093
1642172400000,9907.031689555093
1642176000000,9907.031689555093
1642179600000,9907.031689555093
1642183200000,9907.031689555093
1642186800000,9907.031689555093
1642190400000,9907.031689555093
1642194000000,9907.031689555093
1642197600000,9907.031689555093
1642201200000,9907.031689555093
1642204800000,9907.031689555093
1642208400000,9907.031689555093
1642212000000,9907.031689555093
1642215600000,9907.031689555093
1642219200000,9907.031689555093
1642222800000,9907.031689555093
1642226400000,9907.031689555093
1642230000000,9907.031689555093
1642233600000,9907.031689555093
1642237200000,9907.031689555093
1642240800000,9907.031689555093
1642244400000,9907.031689555093
1642248000000,9907.031689555093
1642251600000,9907.031689555093
1642255200000,9907.031689555093
1642258800000,9907.031689555093
1642262400000,9907.031689555093
1642266000000,9907.031689555093
1642269600000,9907.031689555093
1642273200000,9907.031689555093
1642276800000,9907.031689555093
1642280400000,9907.031689555093
1642284000000,9907.031689555093
1642287600000,9907.031689555093
1642291200000,9907.031689555093
1642294800000,9907.031689555093
1642298400000,9907.031689555093
1642302000000,9907.031689555093
1642305600000,9907.031689555093
1642309200000,9907.031689555093
1642312800000,9907.031689555093
1642316400000,9907.031689555093
1642320000000,9907.031689555093
1642323600000,9907.031689555093
1642327200000,9907.031689555093
1642330800000,9907.031689555093
1642334400000,9907.031689555093
1642338000000,9907.031689555093
1642341600000,9907.031689555093
1642345200000,9907.031689555093
1642348800000,9907.031689555093
1642352400000,9907.031689555093
1642356000000,9907.031689555093
1642359600000,9907.031689555093
1642363200000,9907.031689555093
1642366800000,9907.031689555093
1642370400000,9907.031689555093
1642374000000,9907.031689555093
1642377600000,9907.031689555093
1642381200000,9907.031689555093
1642384800000,9907.031689555093
1642388400000,9907.031689555093
1642392000000,9907.031689555093
1642395600000,9907.031689555093
1642399200000,9907.031689555093
1642402800000,9907.031689555093
1642406400000,9907.031689555093
1642410000000,9907.031689555093
1642413600000,9907.031689555093
1642417200000,9907.031689555093
1642420800000,9907.031689555093
1642424400000,9907.031689555093
1642428000000,9907.031689555093
1642431600000,9907.031689555093
1642435200000,9907.031689555093
1642438800000,9907.031689555093
1642442400000,9907.031689555093
1642446000000,9907.031689555093
1642449600000,9907.031689555093
1642453200000,9907.031689555093
1642456800000,9907.031689555093
1642460400000,9907.031689555093
1642464000000,9907.031689555093
1642467600000,9907.031689555093
1642471200000,9907.031689555093
1642474800000,9907.031689555093
1642478400000,9907.031689555093
1642482000000,9907.031689555093
1642485600000,9907.031689555093
1642489200000,9907.031689555093
1642492800000,9907.031689555093
1642496400000,9907.031689555093
1642500000000,9907.031689555093
1642503600000,9907.031689555093
1642507200000,9907.031689555093
1642510800000,9907.031689555093
1642514400000,9907.031689555093
1642518000000,9907.031689555093
1642521600000,9907.031689555093
1642525200000,9907.031689555093
1642528800000,9907.031689555093
1642532400000,9907.031689555093
1642536000000,9907.031689555093
1642539600000,9907.031689555093
1642543200000,9907.031689555093
1642546800000,9907.031689555093
1642550400000,9907.031689555093
1642554000000,9907.031689555093
1642557600000,9907.031689555093
1642561200000,9907.031689555093
1642564800000,9907.031689555093
1642568400000,9907.031689555093
1642572000000,9907.031689555093
1642575600000,9907.031689555093
1642579200000,9907.031689555093
1642582800000,9907.031689555093
1642586400000,9907.031689555093
1642590000000,9907.031689555093
1642593600000,9907.031689555093
1642597200000,9907.031689555093
1642600800000,9907.031689555093
1642604400000,9907.031689555093
1642608000000,9907.031689555093
1642611600000,9907.031689555093
1642615200000,9907.031689555093
1642618800000,9907.031689555093
1642622400000,9907.031689555093
1642626000000,9907.031689555093
1642629600000,9907.031689555093
1642633200000,9907.031689555093
1642636800000,9907.031689555093
1642640400000,9907.031689555093
1642644000000,9907.031689555093
1642647600000,9907.031689555093
1642651200000,9907.031689555093
1642654800000,9907.031689555093
1642658400000,9907.031689555093
1642662000000,9907.031689555093
1642665600000,9907.031689555093
1642669200000,9907.031689555093
1642672800000,9907.031689555093
1642676400000,9907.031689555093
1642680000000,9907.031689555093
1642683600000,9907.031689555093
1642687200000,9907.031689555093
1642690800000,9907.031689555093
1642694400000,9907.031689555093
1642698000000,9907.031689555093
1642701600000,9907.031689555093
1642705200000,9907.031689555093
1642708800000,9907.031689555093
1642712400000,9907.031689555093
1642716000000,9907.031689555093
1642719600000,9907.031689555093
1642723200000,9905.735561631223
1642726800000,9903.447201631223
1642730400000,9923.618221631223
1642734000000,9923.904051631223
1642737600000,9940.441951631223
1642741200000,9938.332401631222
1642744800000,9937.263781631224
1642748400000,9938.372911631222
1642752000000,9933.164248864678
1642755600000,9931.570808864677
1642759200000,9936.404638864677
1642762800000,9935.642498864678
1642766400000,9937.605828864676
1642770000000,9950.861108864676
1642773600000,9944.668808864677
1642777200000,9948.169998864678
1642780800000,9941.177050711118
1642784400000,9943.745280711119
1642788000000,9947.968480711117
1642791600000,9950.244240711118
1642795200000,9954.563610711119
1642798800000,9951.935600711118
1642802400000,9979.189170711117
1642806000000,9991.475680711117
1642809600000,9986.09785285726
1642813200000,9986.554582857261
1642816800000,9983.597112857262
1642820400000,9981.80980285726
1642824000000,9988.54571285726
1642827600000,9990.95496285726
1642831200000,9999.70986285726
1642834800000,10001.02591285726
1642838400000,10005.699398559618
1642842000000,10005.857788559617
1642845600000,10019.466508559619
1642849200000,10009.343378559617
1642852800000,10010.902808559618
1642856400000,10003.059288559618
1642860000000,10005.306268559618
1642863600000,10013.263548559618
1642867200000,10019.648568678087
1642870800000,10010.843778678087
1642874400000,10024.152398678087
1642878000000,10029.04968867809
1642881600000,10027.869138678088
1642885200000,10012.643538678087
1642888800000,10011.699898678087
1642892400000,10021.777448678087
1642896000000,10015.762426774803
1642899600000,10009.816786774802
1642903200000,10011.103026774803
1642906800000,10018.929726774802
1642910400000,10016.572936774803
1642914000000,10012.192836774802
1642917600000,10006.711546774803
1642921200000,10009.635936774803
1642924800000,10004.565515349284
1642928400000,9999.732825349285
1642932000000,9996.310005349284
1642935600000,9996.139955349285
1642939200000,10001.665325349284
1642942800000,10001.369305349284
1642946400000,9997.985195349283
1642950000000,10011.640235349283
1642953600000,10011.76919659833
1642957200000,10012.340036598329
1642960800000,10010.71951659833
1642964400000,10015.19994659833
1642968000000,10020.64506659833
1642971600000,10012.84598659833
1642975200000,10012.31904659833
1642978800000,10009.63974659833
1642982400000,9993.357070647286
1642986000000,10000.442820647286
1642989600000,10005.835020647286
1642993200000,10012.310570647285
1642996800000,10007.548430647284
1643000400000,10013.390770647286
1643004000000,10011.765100647284
1643007600000,10012.521020647284
1643011200000,10020.219142014914
1643014800000,10018.710442014913
1643018400000,10027.644722014915
1643022000000,10049.662272014913
1643025600000,10046.691622014914
1643029200000,10053.765802014914
1643032800000,10055.481352014913
1643036400000,10048.279972014914
1643040000000,10038.836842327295
1643043600000,10037.508952327295
1643047200000,10018.513672327295
1643050800000,10008.921412327294
1643054400000,10008.690282327294
1643058000000,9989.379831697734
1643061600000,9991.272831697734
1643065200000,9993.305831697733
1643068800000,9991.283965362034
1643072400000,9995.438965362035
1643076000000,9995.918965362034
1643079600000,9994.206965362035
1643083200000,9993.423965362033
1643086800000,9997.013965362034
1643090400000,9995.188965362035
1643094000000,9998.301965362034
1643097600000,9996.857863900394
1643101200000,9996.722863900393
1643104800000,9992.333863900394
1643108400000,9992.180863900394
1643112000000,9992.115863900393
1643115600000,9991.179863900394
1643119200000,9992.733863900394
1643122800000,9995.660863900393
1643126400000,9992.791818413192
1643130000000,9991.448818413193
1643133600000,9987.640818413192
1643137200000,9985.092818413194
1643140800000,9988.327818413192
1643144400000,9991.302818413193
1643148000000,9993.233818413193
1643151600000,9991.782818413194
1643155200000,9989.445870979433
1643158800000,9992.460870979432
1643162400000,9990.291870979432
1643166000000,9990.516870979432
1643169600000,9987.200870979434
1643173200000,9985.102870979434
1643176800000,9987.226870979433
1643180400000,9989.997870979432
1643184000000,9988.369334864903
1643187600000,9986.025334864904
1643191200000,9986.131334864904
1643194800000,9981.030334864903
1643198400000,9980.958334864905
1643202000000,9981.492334864904
1643205600000,9978.904860068846
1643209200000,9978.904860068846
1643212800000,9978.904860068846
1643216400000,9978.904860068846
1643220000000,9978.904860068846
1643223600000,9978.904860068846
1643227200000,9978.904860068846
1643230800000,9978.904860068846
1643234400000,9978.904860068846
1643238000000,9978.904860068846
1643241600000,9978.904860068846
1643245200000,9978.904860068846
1643248800000,9978.904860068846
1643252400000,9978.904860068846
1643256000000,9978.904860068846
1643259600000,9978.904860068846
1643263200000,9978.904860068846
1643266800000,9978.904860068846
1643270400000,9978.904860068846
1643274000000,9978.904860068846
1643277600000,9978.904860068846
1643281200000,9978.904860068846
1643284800000,9978.904860068846
1643288400000,9978.904860068846
1643292000000,9978.904860068846
1643295600000,9978.904860068846
1643299200000,9978.904860068846
1643302800000,9978.904860068846
1643306400000,9978.904860068846
1643310000000,9978.904860068846
1643313600000,9978.904860068846
1643317200000,9978.904860068846
1643320800000,9978.904860068846
1643324400000,9978.904860068846
1643328000000,9978.904860068846
1643331600000,9978.904860068846
1643335200000,9978.904860068846
1643338800000,9978.904860068846
1643342400000,9978.904860068846
1643346000000,9978.904860068846
1643349600000,9978.904860068846
1643353200000,9978.904860068846
1643356800000,9978.904860068846
1643360400000,9978.904860068846
1643364000000,9978.904860068846
1643367600000,9978.904860068846
1643371200000,9978.904860068846
1643374800000,9978.904860068846
1643378400000,9978.904860068846
1643382000000,9978.904860068846
1643385600000,9978.904860068846
1643389200000,9978.904860068846
1643392800000,9978.904860068846
1643396400000,9978.904860068846
1643400000000,9978.904860068846
1643403600000,9978.904860068846
1643407200000,9978.904860068846
1643410800000,9978.904860068846
1643414400000,9978.904860068846
1643418000000,9978.904860068846
1643421600000,9978.904860068846
1643425200000,9978.904860068846
1643428800000,9978.904860068846
1643432400000,9978.904860068846
1643436000000,9978.904860068846
1643439600000,9978.904860068846
1643443200000,9978.904860068846
1643446800000,9978.904860068846
1643450400000,9978.904860068846
1643454000000,9978.904860068846
1643457600000,9978.904860068846
1643461200000,9978.904860068846
1643464800000,9978.904860068846
1643468400000,9978.904860068846
1643472000000,9978.904860068846
1643475600000,9978.904860068846
1643479200000,9978.904860068846
1643482800000,9978.904860068846
1643486400000,9978.904860068846
1643490000000,9978.904860068846
1643493600000,9978.904860068846
1643497200000,9978.904860068846
1643500800000,9978.904860068846
1643504400000,9978.904860068846
1643508000000,9978.904860068846
1643511600000,9978.904860068846
1643515200000,9978.904860068846
1643518800000,9978.904860068846
1643522400000,9978.904860068846
1643526000000,9978.904860068846
1643529600000,9978.904860068846
1643533200000,9978.904860068846
1643536800000,9978.904860068846
1643540400000,9978.904860068846
1643544000000,9978.904860068846
1643547600000,9978.904860068846
1643551200000,9978.904860068846
1643554800000,9978.904860068846
1643558400000,9978.904860068846
1643562000000,9978.904860068846
1643565600000,9978.904860068846
1643569200000,9978.904860068846
1643572800000,9978.904860068846
1643576400000,9978.904860068846
1643580000000,9978.904860068846
1643583600000,9978.904860068846
1643587200000,9978.904860068846
1643590800000,9978.904860068846
1643594400000,9978.904860068846
1643598000000,9978.904860068846
1643601600000,9978.904860068846
1643605200000,9978.904860068846
1643608800000,9978.904860068846
1643612400000,9978.904860068846
1643616000000,9978.904860068846
1643619600000,9978.904860068846
1643623200000,9978.904860068846
1643626800000,9978.904860068846
1643630400000,9978.904860068846
1643634000000,9978.904860068846
1643637600000,9978.904860068846
1643641200000,9978.904860068846
1643644800000,9978.904860068846
1643648400000,9978.904860068846
1643652000000,9978.904860068846
1643655600000,9978.904860068846
1643659200000,9978.904860068846
1643662800000,9978.904860068846
1643666400000,9978.904860068846
1643670000000,9978.904860068846
1643673600000,9978.904860068846
1643677200000,9978.904860068846
1643680800000,9978.904860068846
1643684400000,9978.904860068846
1643688000000,9978.904860068846
1643691600000,9978.904860068846
1643695200000,9978.904860068846
1643698800000,9978.904860068846
1643702400000,9978.904860068846
1643706000000,9978.904860068846
1643709600000,9978.904860068846
1643713200000,9978.904860068846
1643716800000,9978.904860068846
1643720400000,9978.904860068846
1643724000000,9978.904860068846
1643727600000,9978.904860068846
1643731200000,9978.904860068846
1643734800000,9978.904860068846
1643738400000,9978.904860068846
1643742000000,9978.904860068846
1643745600000,9978.904860068846
1643749200000,9978.904860068846
1643752800000,9978.904860068846
1643756400000,9978.904860068846
1643760000000,9978.904860068846
1643763600000,9978.904860068846
1643767200000,9978.904860068846
1643770800000,9978.904860068846
1643774400000,9978.904860068846
1643778000000,9978.904860068846
1643781600000,9978.904860068846
1643785200000,9978.904860068846
1643788800000,9978.904860068846
1643792400000,9978.904860068846
1643796000000,9978.904860068846
1643799600000,9978.904860068846
1643803200000,9978.904860068846
1643806800000,9978.904860068846
1643810400000,9978.904860068846
1643814000000,9978.904860068846
1643817600000,9978.904860068846
1643821200000,9978.904860068846
1643824800000,9978.904860068846
1643828400000,9978.904860068846
1643832000000,9978.904860068846
1643835600000,9978.904860068846
1643839200000,9978.904860068846
1643842800000,9978.904860068846
1643846400000,9978.904860068846
1643850000000,9978.904860068846
1643853600000,9978.904860068846
1643857200000,9978.904860068846
1643860800000,9978.904860068846
1643864400000,9978.904860068846
1643868000000,9978.904860068846
1643871600000,9978.904860068846
1643875200000,9978.904860068846
1643878800000,9978.904860068846
1643882400000,9978.904860068846
1643886000000,9978.904860068846
1643889600000,9978.904860068846
1643893200000,9978.904860068846
1643896800000,9978.904860068846
1643900400000,9978.904860068846
1643904000000,9978.904860068846
1643907600000,9978.904860068846
1643911200000,9978.904860068846
1643914800000,9978.904860068846
1643918400000,9978.904860068846
1643922000000,9978.904860068846
1643925600000,9978.904860068846
1643929200000,9978.904860068846
1643932800000,9978.904860068846
1643936400000,9978.904860068846
1643940000000,9978.904860068846
1643943600000,9978.904860068846
1643947200000,9978.904860068846
1643950800000,9978.904860068846
1643954400000,9978.904860068846
1643958000000,9978.904860068846
1643961600000,9978.904860068846
1643965200000,9978.904860068846
1643968800000,9978.904860068846
1643972400000,9978.904860068846
1643976000000,9978.904860068846
1643979600000,9978.904860068846
1643983200000,9978.904860068846
1643986800000,9978.904860068846
1643990400000,9978.904860068846
1643994000000,9978.904860068846
1643997600000,9978.904860068846
1644001200000,9978.904860068846
1644004800000,9978.904860068846
1644008400000,9978.904860068846
1644012000000,9978.904860068846
1644015600000,9978.904860068846
1644019200000,9978.904860068846
1644022800000,9978.904860068846
1644026400000,9978.904860068846
1644030000000,9978.904860068846
1644033600000,9978.904860068846
1644037200000,9978.904860068846
1644040800000,9978.904860068846
1644044400000,9978.904860068846
1644048000000,9978.904860068846
1644051600000,9978.904860068846
1644055200000,9978.904860068846
1644058800000,9978.904860068846
1644062400000,9978.904860068846
1644066000000,9978.904860068846
1644069600000,9978.904860068846
1644073200000,9978.904860068846
1644076800000,9978.904860068846
1644080400000,9978.904860068846
1644084000000,9978.904860068846
1644087600000,9978.904860068846
1644091200000,9978.904860068846
1644094800000,9978.904860068846
1644098400000,9978.904860068846
1644102000000,9978.904860068846
1644105600000,9978.904860068846
1644109200000,9978.904860068846
1644112800000,9978.904860068846
1644116400000,9978.904860068846
1644120000000,9978.904860068846
1644123600000,9978.904860068846
1644127200000,9978.904860068846
1644130800000,9978.904860068846
1644134400000,9978.904860068846
1644138000000,9978.904860068846
1644141600000,9978.904860068846
1644145200000,9978.904860068846
1644148800000,9978.904860068846
1644152400000,9978.904860068846
1644156000000,9978.904860068846
1644159600000,9978.904860068846
1644163200000,9978.310521390415
1644166800000,9979.584561390415
1644170400000,9979.524711390415
1644174000000,9978.531831390414
1644177600000,9979.917692289308
1644181200000,9980.557792289306
1644184800000,9979.766492289307
1644188400000,9980.602392289307
1644192000000,9972.66911307715
1644195600000,9965.23795307715
1644199200000,9969.44941307715
1644202800000,9971.63291307715
1644206400000,9976.82535307715
1644210000000,9976.50272307715
1644213600000,9976.38315307715
1644217200000,9976.10430307715
1644220800000,9975.337068776835
1644224400000,9974.642528776834
1644228000000,9972.473108776834
1644231600000,9974.078778776835
1644235200000,9975.513178776835
1644238800000,9974.413288776836
1644242400000,9976.297478776834
1644246000000,9983.089648776835
1644249600000,9987.743775987505
1644253200000,9986.559735987505
1644256800000,9991.642725987504
1644260400000,9989.997345987504
1644264000000,9992.490589767593
1644267600000,9987.463379767592
1644271200000,9987.651089767594
1644274800000,9987.242549767594
1644278400000,9984.700060163594
1644282000000,9981.546290163595
1644285600000,9986.961640163594
1644289200000,9983.961270163594
1644292800000,9988.525770163593
1644296400000,9991.328000163594
1644300000000,10000.848090163594
1644303600000,9999.030520163595
1644307200000,10000.265230318793
1644310800000,9982.714780318793
1644314400000,9977.759910318793
1644318000000,9980.608570318793
1644321600000,9979.467358048363
1644325200000,9978.324748048364
1644328800000,9977.364408048365
1644332400000,9979.296728048364
1644336000000,9977.354286395077
1644339600000,9976.640126395077
1644343200000,9974.956946395077
1644346800000,9974.143266395078
1644350400000,9975.535786395078
1644354000000,9981.117746395079
1644357600000,9980.733916395078
1644361200000,9979.136166395077
1644364800000,9979.023510596888
1644368400000,9979.330930596887
1644372000000,9978.796150596887
1644375600000,9976.062730596886
1644379200000,9976.195430596887
1644382800000,9977.000230596888
1644386400000,9977.146210596886
1644390000000,9976.825100596889
1644393600000,9977.77545836035
1644397200000,9974.566448360349
1644400800000,9973.507388360349
1644404400000,9971.696428360348
1644408000000,9970.250436264914
1644411600000,9976.562546264913
1644415200000,9976.168206264914
1644418800000,9979.010356264915
1644422400000,9974.155816708828
1644426000000,9980.278586708826
1644429600000,9978.597716708828
1644433200000,9981.580116708828
1644436800000,9989.514366708827
1644440400000,9991.726546708827
1644444000000,9988.652476708827
1644447600000,9989.547956708826
1644451200000,9987.501511809824
1644454800000,9982.103721809824
1644458400000,9983.489901809824
1644462000000,9975.453231809823
1644465600000,9973.065351809822
1644469200000,9972.140861809823
1644472800000,9974.309291809823
1644476400000,9974.980651809823
1644480000000,9977.512730436614
1644483600000,9980.450190436615
1644487200000,9983.709750436616
1644490800000,9990.795110436615
1644494400000,9992.343050436615
1644498000000,9992.006810436615
1644501600000,9967.094110436614
1644505200000,9977.745030436614
1644508800000,9988.788747714894
1644512400000,9996.810147714894
1644516000000,9993.947637714895
1644519600000,9989.902687714894
1644523200000,9972.787274109749
1644526800000,9970.510994109749
1644530400000,9966.18716410975
1644534000000,9968.458044109748
1644537600000,9967.386336075911
1644541200000,9965.490176075911
1644544800000,9965.047726075913
1644548400000,9964.589186075911
1644552000000,9964.675186075912
1644555600000,9963.347946075912
1644559200000,9962.809476075912
1644562800000,9964.263226075911
1644566400000,9963.437148951485
1644570000000,9962.346978951486
1644573600000,9964.555508951486
1644577200000,9963.729488951485
1644580800000,9964.368898951485
1644584400000,9965.645368951484
1644588000000,9965.408328951486
1644591600000,9965.999738951483
1644595200000,9966.594517163905
1644598800000,9966.518857163906
1644602400000,9966.667667163905
1644606000000,9964.768987163907
1644609600000,9960.706872892211
1644613200000,9969.10744289221
1644616800000,9968.55549289221
1644620400000,9974.964722892211
1644624000000,9971.132750314782
1644627600000,9971.324590314784
1644631200000,9968.665910314783
1644634800000,9967.907230314784
1644638400000,9970.199120314783
1644642000000,9969.760900314783
1644645600000,9971.666780314783
1644649200000,9973.705350314784
1644652800000,9972.699287111149
1644656400000,9970.927197111148
1644660000000,9969.757747111149
1644663600000,9973.133457111147
1644667200000,9969.872317111149
1644670800000,9972.957887111148
1644674400000,9974.69955711115
1644678000000,9974.67491711115
1644681600000,9976.254876098563
1644685200000,9968.576856098562
1644688800000,9966.853936098561
1644692400000,9963.107516098562
1644696000000,9966.205286098562
1644699600000,9965.719306098561
1644703200000,9978.050656098561
1644706800000,9974.237586098561
1644710400000,9973.269759769833
1644714000000,9970.472389769833
1644717600000,9972.186509769834
1644721200000,9972.232399769833
1644724800000,9972.039729769833
1644728400000,9973.465279769835
1644732000000,9972.868619769833
1644735600000,9971.156319769832
1644739200000,9971.843943201146
1644742800000,9970.739973201145
1644746400000,9973.275773201147
1644750000000,9969.461673201145
1644753600000,9969.148147950318
1644757200000,9968.653917950318
1644760800000,9968.467987950318
1644764400000,9969.417207950319
1644768000000,9969.78786061107
1644771600000,9976.44204061107
1644775200000,9975.881040611068
1644778800000,9982.52008061107
1644782400000,9982.06912061107
1644786000000,9973.99122061107
1644789600000,9978.29217061107
1644793200000,9974.16220061107
1644796800000,9979.458472859418
1644800400000,9979.38482285942
1644804000000,9988.01680285942
1644807600000,9987.16010285942
1644811200000,9982.460202859418
1644814800000,9981.836122859419
1644818400000,9985.209902859418
1644822000000,9978.708982859418
1644825600000,9976.279206111887
1644829200000,9981.999556111887
1644832800000,9982.207676111888
1644836400000,9978.720896111887
1644840000000,9980.063626111887
1644843600000,9969.183096111887
1644847200000,9969.523336111886
1644850800000,9969.884656111886
1644854400000,9968.790896059298
1644858000000,9966.953776059298
1644861600000,9967.952336059296
1644865200000,9974.048386059298
1644868800000,9979.564066059298
1644872400000,9976.646526059296
1644876000000,9973.264136059297
1644879600000,9967.907976059296
1644883200000,9969.246464918695
1644886800000,9970.137684918695
1644890400000,9951.125964918696
1644894000000,9948.963914918695
1644897600000,9948.433059444953
1644901200000,9948.686709444954
1644904800000,9949.456059444952
1644908400000,9947.801059444953
1644912000000,9947.0143658107
1644915600000,9950.669665810701
1644919200000,9950.8599658107
1644922800000,9952.9675658107
1644926400000,9952.6364658107
1644930000000,9952.5044658107
1644933600000,9953.4702658107
1644937200000,9952.6265658107
1644940800000,9952.329419676375
1644944400000,9951.795919676375
1644948000000,9949.843419676374
1644951600000,9951.661719676375
1644955200000,9950.320819676374
1644958800000,9951.812419676375
1644962400000,9950.372519676373
1644966000000,9952.283219676374
1644969600000,9954.998534916374
1644973200000,9952.303534916375
1644976800000,9950.379634916375
1644980400000,9951.009934916374
1644984000000,9949.838434916373
1644987600000,9949.193834916374
1644991200000,9951.029734916374
1644994800000,9950.896634916375
1644998400000,9952.319846972909
1645002000000,9952.078946972908
1645005600000,9950.146246972909
1645009200000,9951.773146972908
1645012800000,9951.840246972908
1645016400000,9950.739146972908
1645020000000,9945.876046972908
1645023600000,9945.132446972908
1645027200000,9945.698298302908
1645030800000,9946.598098302908
1645034400000,9945.606998302908
1645038000000,9951.168598302907
1645041600000,9953.039698302908
1645045200000,9951.247798302908
1645048800000,9950.380998302908
1645052400000,9950.558098302909
1645056000000,9948.748752840953
1645059600000,9950.723252840951
1645063200000,9950.245852840952
1645066800000,9950.171052840953
1645070400000,9944.845952840951
1645074000000,9945.595052840952
1645077600000,9945.849152840952
1645081200000,9948.469352840952
1645084800000,9949.422060090952
1645088400000,9944.850460090953
1645092000000,9941.279860090952
1645095600000,9939.241560090952
1645099200000,9941.054360090953
1645102800000,9942.019060090952
1645106400000,9933.277903694361
1645110000000,9933.277903694361
1645113600000,9933.277903694361
1645117200000,9933.277903694361
1645120800000,9933.277903694361
1645124400000,9933.277903694361
1645128000000,9933.726626598656
1645131600000,9935.272626598657
1645135200000,9938.574626598656
1645138800000,9938.413626598656
1645142400000,9939.436852670238
1645146000000,9938.960852670238
1645149600000,9937.067852670238
1645153200000,9937.130852670238
1645156800000,9937.674852670238
1645160400000,9939.377852670239
1645164000000,9939.052852670238
1645167600000,9937.573852670239
1645171200000,9938.017974475139
1645174800000,9936.031974475138
1645178400000,9936.251974475137
1645182000000,9936.948974475137
1645185600000,9942.877974475137
1645189200000,9940.222974475138
1645192800000,9940.573974475137
1645196400000,9938.437974475139
1645200000000,9946.999699101638
1645203600000,9944.558999101639
1645207200000,9946.698599101637
1645210800000,9943.456299101637
1645214400000,9941.723549101638
1645218000000,9943.956349101638
1645221600000,9947.712649101639
1645225200000,9947.181999101638
1645228800000,9946.543918087078
1645232400000,9941.576218087079
1645236000000,9941.561218087078
1645239600000,9941.552918087078
1645243200000,9942.660618087079
1645246800000,9941.076368087079
1645250400000,9941.790968087078
1645254000000,9939.11666808708
1645257600000,9940.78567935656
1645261200000,9947.492679356561
1645264800000,9946.593479356561
1645268400000,9946.45147935656
1645272000000,9953.642929356562
1645275600000,9955.80352935656
1645279200000,9950.353129356561
1645282800000,9952.312429356562
1645286400000,9949.332417698844
1645290000000,9951.027067698844
1645293600000,9947.144717698844
1645297200000,9948.023517698844
1645300800000,9950.377317698843
1645304400000,9948.774517698843
1645308000000,9951.017267698844
1645311600000,9950.325917698843
1645315200000,9947.760239485742
1645318800000,9951.743139485743
1645322400000,9950.336189485743
1645326000000,9953.914939485743
1645329600000,9954.655239485743
1645333200000,9960.209739485741
1645336800000,9964.186189485741
1645340400000,9972.602389485743
1645344000000,9971.026243751421
1645347600000,9980.13069375142
1645351200000,9978.875693751419
1645354800000,9980.09369375142
1645358400000,9976.050443751421
1645362000000,9978.46689375142
1645365600000,9978.534243751421
1645369200000,9978.97769375142
1645372800000,9975.556065484332
1645376400000,9976.88261548433
1645380000000,9976.725015484331
1645383600000,9973.745515484332
1645387200000,9975.163365484332
1645390800000,9977.838865484331
1645394400000,9980.180415484332
1645398000000,9967.809915484331
1645401600000,9977.261562506417
1645405200000,9969.948912506416
1645408800000,9961.525762506417
1645412400000,9961.276412506417
1645416000000,9963.563812506416
1645419600000,9957.428062506418
1645423200000,9959.006162506415
1645426800000,9958.090062506417
1645430400000,9956.751316897204
1645434000000,9961.784316897205
1645437600000,9963.761016897204
1645441200000,9972.580866897204
1645444800000,9984.929466897203
1645448400000,9986.878766897204
1645452000000,9988.221866897204
1645455600000,9967.401816897203
1645459200000,9963.752911834163
1645462800000,9965.48456183416
1645466400000,9968.053861834162
1645470000000,9982.572761834163
1645473600000,9978.461011834162
1645477200000,9977.072861834162
1645480800000,9998.458611834161
1645484400000,9984.705861834162
1645488000000,9995.503853086933
1645491600000,9991.626153086934
1645495200000,9992.047403086932
1645498800000,9996.664303086933
1645502400000,10005.527903086933
1645506000000,10004.782753086933
1645509600000,10004.881803086932
1645513200000,10001.827353086932
1645516800000,10003.81338637656
1645520400000,9997.915586376559
1645524000000,9997.418836376559
1645527600000,9988.031686376558
1645531200000,9990.662236376558
1645534800000,9987.57943637656
1645538400000,9984.60638637656
1645542000000,9979.932686376558
1645545600000,9982.739648315923
1645549200000,9986.268198315922
1645552800000,9987.805548315922
1645556400000,9987.911848315924
1645560000000,9978.806548315923
1645563600000,9983.219298315924
1645567200000,9984.341098315923
1645570800000,9983.694698315923
1645574400000,9977.597537246964
1645578000000,9979.633437246963
1645581600000,9981.568987246963
1645585200000,9986.055937246963
1645588800000,9984.116637246963
1645592400000,9977.924687246963
1645596000000,9977.844637246964
1645599600000,9977.612537246963
1645603200000,9972.805091152952
1645606800000,9967.638091152952
1645610400000,9963.678291152954
1645614000000,9964.015791152951
1645617600000,9964.087141152952
1645621200000,9960.669191152952
1645624800000,9961.243541152951
1645628400000,9967.464191152952
1645632000000,9970.128456856157
1645635600000,9966.841306856157
1645639200000,9976.240706856159
1645642800000,9980.754556856158
1645646400000,9984.804606856158
1645650000000,9984.310106856157
1645653600000,9986.400156856156
1645657200000,9984.033256856159
1645660800000,9993.89348617072
1645664400000,9998.89373617072
1645668000000,9996.38878617072
1645671600000,10019.07013617072
1645675200000,10034.785286170722
1645678800000,10032.98393617072
1645682400000,10042.480686170722
1645686000000,10038.62843617072
1645689600000,10033.437073629952
1645693200000,10030.670523629951
1645696800000,10031.111323629952
1645700400000,10033.623173629952
1645704000000,10030.16882362995
1645707600000,10033.55627362995
1645711200000,10027.704023629953
1645714800000,10023.60207362995
1645718400000,10017.764704393123
1645722000000,10014.225554393122
1645725600000,10020.794404393124
1645729200000,10006.969604393122
1645732800000,9989.135004393123
1645736400000,9978.278293558024
1645740000000,9978.278293558024
1645743600000,9978.278293558024
1645747200000,9978.278293558024
1645750800000,9978.278293558024
1645754400000,9978.278293558024
1645758000000,9978.278293558024
1645761600000,9978.278293558024
1645765200000,9978.278293558024
1645768800000,9978.278293558024
1645772400000,9978.278293558024
1645776000000,9978.278293558024
1645779600000,9978.278293558024
1645783200000,9978.278293558024
1645786800000,9978.278293558024
1645790400000,9978.278293558024
1645794000000,9978.278293558024
1645797600000,9978.278293558024
1645801200000,9978.278293558024
1645804800000,9978.278293558024
1645808400000,9978.278293558024
1645812000000,9978.278293558024
1645815600000,9978.278293558024
1645819200000,9978.278293558024
1645822800000,9978.278293558024
1645826400000,9978.278293558024
1645830000000,9978.278293558024
1645833600000,9978.278293558024
1645837200000,9978.278293558024
1645840800000,9978.278293558024
1645844400000,9978.278293558024
1645848000000,9978.278293558024
1645851600000,9978.278293558024
1645855200000,9978.278293558024
1645858800000,9978.278293558024
1645862400000,9978.278293558024
1645866000000,9978.278293558024
1645869600000,9978.278293558024
1645873200000,9978.278293558024
1645876800000,9978.278293558024
1645880400000,9978.278293558024
1645884000000,9978.278293558024
1645887600000,9978.278293558024
1645891200000,9978.278293558024
1645894800000,9978.278293558024
1645898400000,9978.278293558024
1645902000000,9978.278293558024
1645905600000,9978.278293558024
1645909200000,9978.278293558024
1645912800000,9978.278293558024
1645916400000,9978.278293558024
1645920000000,9978.278293558024
1645923600000,9978.278293558024
1645927200000,9978.278293558024
1645930800000,9978.278293558024
1645934400000,9978.278293558024
1645938000000,9978.278293558024
1645941600000,9978.278293558024
1645945200000,9978.278293558024
1645948800000,9978.278293558024
1645952400000,9978.278293558024
1645956000000,9978.278293558024
1645959600000,9978.278293558024
1645963200000,9978.278293558024
1645966800000,9978.278293558024
1645970400000,9978.278293558024
1645974000000,9978.278293558024
1645977600000,9978.278293558024
1645981200000,9978.278293558024
1645984800000,9978.278293558024
1645988400000,9978.278293558024
1645992000000,9978.278293558024
1645995600000,9978.278293558024
1645999200000,9978.278293558024
1646002800000,9978.278293558024
1646006400000,9978.278293558024
1646010000000,9978.278293558024
1646013600000,9978.278293558024
1646017200000,9978.278293558024
1646020800000,9978.278293558024
1646024400000,9978.278293558024
1646028000000,9978.278293558024
1646031600000,9978.278293558024
1646035200000,9978.278293558024
1646038800000,9978.278293558024
1646042400000,9978.278293558024
1646046000000,9978.278293558024
1646049600000,9978.278293558024
1646053200000,9978.278293558024
1646056800000,9978.278293558024
1646060400000,9978.278293558024
1646064000000,9978.278293558024
1646067600000,9978.278293558024
1646071200000,9978.278293558024
1646074800000,9978.278293558024
1646078400000,9978.278293558024
1646082000000,9978.278293558024
1646085600000,9978.278293558024
1646089200000,9978.278293558024
1646092800000,9977.882741802381
1646096400000,9981.676841802382
1646100000000,9978.358691802381
1646103600000,9977.233241802382
1646107200000,9977.370341802382
1646110800000,9979.616741802382
1646114400000,9977.290541802382
1646118000000,9978.86434180238
1646121600000,9979.63835632133
1646125200000,9979.456706321327
1646128800000,9976.796306321328
1646132400000,9980.175506321328
1646136000000,9979.401206321329
1646139600000,9988.20380632133
1646143200000,9993.258056321329
1646146800000,9986.374706321329
1646150400000,9982.661639692695
1646154000000,9978.328589692695
1646157600000,9982.178939692694
1646161200000,9983.724839692695
1646164800000,9983.544839692695
1646168400000,9988.096739692695
1646172000000,9984.459839692694
1646175600000,9987.078689692695
1646179200000,9988.66827490673
1646182800000,9985.980724906729
1646186400000,9982.49922490673
1646190000000,9986.025274906731
1646193600000,9991.60565225695
1646197200000,9992.480352256951
1646200800000,9992.58585225695
1646204400000,9993.29685225695
1646208000000,9993.197154721951
1646211600000,9991.87300472195
1646215200000,9991.132254721952
1646218800000,9991.27435472195
1646222400000,9991.167957141031
1646226000000,9992.87425714103
1646229600000,9998.670607141032
1646233200000,9980.60570714103
1646236800000,9995.76131373108
1646240400000,9994.532213731081
1646244000000,9996.84301373108
1646247600000,10000.24661373108
1646251200000,9999.403413731081
1646254800000,9997.68091373108
1646258400000,9992.47761373108
1646262000000,9994.49746373108
1646265600000,9997.71155075388
1646269200000,9994.937550753879
1646272800000,9997.73200075388
1646276400000,9998.72120075388
1646280000000,10004.36820075388
1646283600000,10002.97685075388
1646287200000,10003.801850753878
1646290800000,10002.50040075388
1646294400000,10002.669793833878
1646298000000,10003.35589383388
1646301600000,10006.086893833879
1646305200000,10003.68134383388
1646308800000,10003.076693833878
1646312400000,10001.586693833879
1646316000000,9997.38494383388
1646319600000,10004.379993833878
1646323200000,10015.493204699282
1646326800000,10016.265654699282
1646330400000,10016.447854699281
1646334000000,10017.359954699283
1646337600000,10018.293104699282
1646341200000,10020.834004699283
1646344800000,10018.613354699282
1646348400000,10014.929454699284
1646352000000,10015.876705699437
1646355600000,10029.754705699437
1646359200000,10029.974355699438
1646362800000,10030.746855699437
1646366400000,10030.742755699437
1646370000000,10030.880155699437
1646373600000,10030.842105699438
1646377200000,10030.904005699436
1646380800000,10029.971687606054
1646384400000,10027.616987606054
1646388000000,10029.814687606055
1646391600000,10027.716137606054
1646395200000,10027.825787606052
1646398800000,10030.033137606053
1646402400000,10031.675887606052
1646406000000,10033.781637606053
1646409600000,10039.159260976758
1646413200000,10039.482810976757
1646416800000,10037.209110976759
1646420400000,10040.167510976758
1646424000000,10050.852160976758
1646427600000,10051.120610976759
1646431200000,10052.837060976757
1646434800000,10054.74611097676
1646438400000,10053.222702272324
1646442000000,10057.177352272323
1646445600000,10055.249752272322
1646449200000,10056.030902272323
1646452800000,10053.627302272324
1646456400000,10055.358752272325
1646460000000,10054.085302272324
1646463600000,10054.421402272323
1646467200000,10052.493209049382
1646470800000,10051.345009049382
1646474400000,10051.856859049383
1646478000000,10051.326709049383
1646481600000,10051.395759049383
1646485200000,10051.446109049382
1646488800000,10052.798159049382
1646492400000,10051.809259049382
1646496000000,10051.203578092636
1646499600000,10048.728478092637
1646503200000,10047.756228092636
1646506800000,10048.647228092635
1646510400000,10048.096028092637
1646514000000,10047.950028092637
1646517600000,10049.303628092637
1646521200000,10048.665978092637
1646524800000,10048.594456130877
1646528400000,10046.460706130876
1646532000000,10048.754606130877
1646535600000,10047.869506130877
1646539200000,10050.640556130877
1646542800000,10049.532756130877
1646546400000,10048.993906130878
1646550000000,10049.014706130878
1646553600000,10050.567879435099
1646557200000,10051.7452794351
1646560800000,10057.8525794351
1646564400000,10060.4755294351
1646568000000,10059.1058794351
1646571600000,10057.336029435099
1646575200000,10053.502579435099
1646578800000,10055.0615294351
1646582400000,10055.366930196507
1646586000000,10050.812130196506
1646589600000,10053.794380196507
1646593200000,10055.273730196506
1646596800000,10057.764780196507
1646600400000,10055.918230196507
1646604000000,10053.616830196508
1646607600000,10053.606130196507
1646611200000,10063.645732164727
1646614800000,10064.759232164726
1646618400000,10064.785482164727
1646622000000,10070.579282164726
1646625600000,10069.352532164727
1646629200000,10068.903682164726
1646632800000,10068.269732164727
1646636400000,10066.442682164727
1646640000000,10069.14717489549
1646643600000,10066.43147489549
1646647200000,10066.99482489549
1646650800000,10069.12227489549
1646654400000,10065.01112489549
1646658000000,10062.13692489549
1646661600000,10054.76547489549
1646665200000,10055.810724895491
1646668800000,10054.046058081845
1646672400000,10058.750108081844
1646676000000,10063.679658081845
1646679600000,10068.342058081844
1646683200000,10078.071558081845
1646686800000,10076.186358081844
1646690400000,10073.205108081844
1646694000000,10069.791058081844
1646697600000,10071.47052969817
1646701200000,10068.163879698172
1646704800000,10067.390529698172
1646708400000,10062.99492969817
1646712000000,10062.785579698171
1646715600000,10063.841529698171
1646719200000,10066.22677969817
1646722800000,10067.989979698172
1646726400000,10064.11029764817
1646730000000,10059.453097648171
1646733600000,10057.67654764817
1646737200000,10056.39989764817
1646740800000,10057.595447648171
1646744400000,10059.35259764817
1646748000000,10058.41199764817
1646751600000,10059.54004764817
1646755200000,10062.21166065317
1646758800000,10065.36266065317
1646762400000,10055.42301065317
1646766000000,10060.969060653171
1646769600000,10059.33961065317
1646773200000,10063.10821065317
1646776800000,10061.993260653171
1646780400000,10061.27611065317
1646784000000,10060.061919708607
1646787600000,10056.768919708607
1646791200000,10053.307669708607
1646794800000,10052.332419708608
1646798400000,10044.840150046786
1646802000000,10044.840150046786
1646805600000,10044.840150046786
1646809200000,10044.840150046786
1646812800000,10044.840150046786
1646816400000,10044.840150046786
1646820000000,10044.840150046786
1646823600000,10044.840150046786
1646827200000,10044.795770846738
1646830800000,10043.168970846738
1646834400000,10042.389870846739
1646838000000,10044.853170846738
1646841600000,10046.756814546738
1646845200000,10045.399514546738
1646848800000,10045.466714546737
1646852400000,10043.521414546738
1646856000000,10045.025014546738
1646859600000,10041.953414546739
1646863200000,10042.505714546738
1646866800000,10042.540014546737
1646870400000,10043.207153676738
1646874000000,10042.30135367674
1646877600000,10036.400353676738
1646881200000,10033.979753676738
1646884800000,10033.73065841277
1646888400000,10042.844658412769
1646892000000,10044.642258412769
1646895600000,10044.418958412769
1646899200000,10045.315290266808
1646902800000,10044.885490266808
1646906400000,10045.340490266808
1646910000000,10046.540290266808
1646913600000,10046.180490266808
1646917200000,10044.710490266809
1646920800000,10047.734490266808
1646924400000,10045.02269026681
1646928000000,10045.74794175374
1646931600000,10045.93484175374
1646935200000,10045.70804175374
1646938800000,10045.72834175374
1646942400000,10044.02454175374
1646946000000,10042.420841753741
1646949600000,10044.366841753741
1646953200000,10043.783741753741
1646956800000,10043.536884492796
1646960400000,10044.483984492796
1646964000000,10049.110284492795
1646967600000,10051.295684492796
1646971200000,10048.975884492796
1646974800000,10050.090284492797
1646978400000,10048.408184492797
1646982000000,10046.968284492796
1646985600000,10046.062925382616
1646989200000,10046.237225382616
1646992800000,10046.302325382616
1646996400000,10046.627125382616
1647000000000,10040.418825382616
1647003600000,10040.360025382615
1647007200000,10044.865925382615
1647010800000,10045.106025382616
1647014400000,10046.383382166116
1647018000000,10048.325182166116
1647021600000,10048.173282166115
1647025200000,10049.156082166115
1647028800000,10048.166982166116
1647032400000,10050.718482166116
1647036000000,10047.336082166115
1647039600000,10047.583182166116
1647043200000,10048.991450190346
1647046800000,10045.592950190345
1647050400000,10045.163150190345
1647054000000,10045.698650190345
1647057600000,10046.138250190344
1647061200000,10045.916350190346
1647064800000,10045.318550190344
1647068400000,10045.950650190345
1647072000000,10045.991519853193
1647075600000,10045.999219853193
1647079200000,10045.144519853193
1647082800000,10044.956219853193
1647086400000,10046.098619853194
1647090000000,10045.348919853193
1647093600000,10046.440919853192
1647097200000,10047.306819853193
1647100800000,10046.264580674306
1647104400000,10045.666080674306
1647108000000,10045.976180674304
1647111600000,10046.633480674305
1647115200000,10046.443780674304
1647118800000,10045.554080674305
1647122400000,10045.912480674306
1647126000000,10045.615680674306
1647129600000,10048.235980420599
1647133200000,10047.3021804206
1647136800000,10046.646980420599
1647140400000,10045.1167804206
1647144000000,10045.2182804206
1647147600000,10045.6368804206
1647151200000,10045.786680420599
1647154800000,10045.5941804206
1647158400000,10045.945157210379
1647162000000,10045.98575721038
1647165600000,10046.71025721038
1647169200000,10046.613657210379
1647172800000,10048.21175721038
1647176400000,10050.22845721038
1647180000000,10048.35245721038
1647183600000,10047.39205721038
1647187200000,10047.323217916899
1647190800000,10047.253917916898
1647194400000,10047.069117916899
1647198000000,10046.3957179169
1647201600000,10048.0477179169
1647205200000,10048.912217916899
1647208800000,10048.383717916899
1647212400000,10056.175417916898
1647216000000,10055.345756096604
1647219600000,10054.481956096603
1647223200000,10053.366856096603
1647226800000,10053.434756096603
1647230400000,10052.384756096602
1647234000000,10049.695356096603
1647237600000,10050.074756096603
1647241200000,10048.996756096603
1647244800000,10046.014639247198
1647248400000,10045.714339247197
1647252000000,10045.460239247197
1647255600000,10045.773139247198
1647259200000,10046.898739247197
1647262800000,10047.605739247198
1647266400000,10047.643539247198
1647270000000,10046.051039247197
1647273600000,10046.92152192678
1647277200000,10047.68172192678
1647280800000,10048.40342192678
1647284400000,10048.61482192678
1647288000000,10047.70202192678
1647291600000,10048.39152192678
1647295200000,10048.425821926781
1647298800000,10042.38429663867
1647302400000,10042.38429663867
1647306000000,10042.38429663867
1647309600000,10042.38429663867
1647313200000,10042.38429663867
1647316800000,10042.38429663867
1647320400000,10042.38429663867
1647324000000,10042.38429663867
1647327600000,10042.38429663867
1647331200000,10042.38429663867
1647334800000,10042.38429663867
1647338400000,10042.38429663867
1647342000000,10042.38429663867
1647345600000,10042.38429663867
1647349200000,10042.38429663867
1647352800000,10042.38429663867
1647356400000,10042.38429663867
1647360000000,10042.38429663867
1647363600000,10042.38429663867
1647367200000,10042.38429663867
1647370800000,10042.38429663867
1647374400000,10042.38429663867
1647378000000,10042.38429663867
1647381600000,10042.38429663867
1647385200000,10042.38429663867
1647388800000,10042.38429663867
1647392400000,10042.38429663867
1647396000000,10042.38429663867
1647399600000,10042.38429663867
1647403200000,10042.38429663867
1647406800000,10042.38429663867
1647410400000,10042.38429663867
1647414000000,10042.38429663867
1647417600000,10042.38429663867
1647421200000,10042.38429663867
1647424800000,10042.38429663867
1647428400000,10042.38429663867
1647432000000,10042.38429663867
1647435600000,10042.38429663867
1647439200000,10042.38429663867
1647442800000,10042.38429663867
1647446400000,10042.38429663867
1647450000000,10042.38429663867
1647453600000,10042.38429663867
1647457200000,10042.38429663867
1647460800000,10042.38429663867
1647464400000,10042.38429663867
1647468000000,10042.38429663867
1647471600000,10042.38429663867
1647475200000,10042.38429663867
1647478800000,10042.38429663867
1647482400000,10042.38429663867
1647486000000,10042.38429663867
1647489600000,10042.38429663867
1647493200000,10042.38429663867
1647496800000,10042.38429663867
1647500400000,10042.38429663867
1647504000000,10042.38429663867
1647507600000,10042.38429663867
1647511200000,10042.38429663867
1647514800000,10042.38429663867
1647518400000,10042.38429663867
1647522000000,10042.38429663867
1647525600000,10042.38429663867
1647529200000,10042.38429663867
1647532800000,10042.38429663867
1647536400000,10042.38429663867
1647540000000,10042.38429663867
1647543600000,10042.38429663867
1647547200000,10042.38429663867
1647550800000,10042.38429663867
1647554400000,10042.38429663867
1647558000000,10042.38429663867
1647561600000,10042.38429663867
1647565200000,10042.38429663867
1647568800000,10042.38429663867
1647572400000,10042.38429663867
1647576000000,10042.38429663867
1647579600000,10042.38429663867
1647583200000,10042.38429663867
1647586800000,10042.38429663867
1647590400000,10042.38429663867
1647594000000,10042.38429663867
1647597600000,10042.38429663867
1647601200000,10042.38429663867
1647604800000,10042.38429663867
1647608400000,10042.38429663867
1647612000000,10042.38429663867
1647615600000,10042.38429663867
1647619200000,10042.38429663867
1647622800000,10042.38429663867
1647626400000,10042.38429663867
1647630000000,10042.38429663867
1647633600000,10042.38429663867
1647637200000,10042.38429663867
1647640800000,10042.38429663867
1647644400000,10042.38429663867
1647648000000,10042.38429663867
1647651600000,10042.38429663867
1647655200000,10042.38429663867
1647658800000,10042.38429663867
1647662400000,10042.38429663867
1647666000000,10042.38429663867
1647669600000,10042.38429663867
1647673200000,10042.38429663867
1647676800000,10042.38429663867
1647680400000,10042.38429663867
1647684000000,10042.38429663867
1647687600000,10042.38429663867
1647691200000,10042.38429663867
1647694800000,10042.38429663867
1647698400000,10042.38429663867
1647702000000,10042.38429663867
1647705600000,10041.811677381493
1647709200000,10042.434677381492
1647712800000,10041.024877381493
1647716400000,10043.320877381493
1647720000000,10043.175977708219
1647723600000,10046.99545770822
1647727200000,10043.38331770822
1647730800000,10038.32525770822
1647734400000,10044.93472596142
1647738000000,10041.31880596142
1647741600000,10038.270585961422
1647745200000,10035.387285961422
1647748800000,10038.92788596142
1647752400000,10035.877285961422
1647756000000,10036.919725961421
1647759600000,10036.466405961422
1647763200000,10035.781214079818
1647766800000,10036.444674079818
1647770400000,10034.410614079818
1647774000000,10033.484794079819
1647777600000,10028.26293407982
1647781200000,10028.74789407982
1647784800000,10022.985494079818
1647788400000,10020.452334079819
1647792000000,10017.717934957087
1647795600000,10016.096734957086
1647799200000,10007.704714957086
1647802800000,10014.004154957087
1647806400000,10021.355134957086
1647810000000,10017.139734957087
1647813600000,10023.110174957086
1647817200000,10021.557014957087
1647820800000,10017.774323250394
1647824400000,10022.342103250394
1647828000000,10018.312343250394
1647831600000,10005.232618058975
1647835200000,10005.288058058975
1647838800000,10005.703858058974
1647842400000,10008.964038058975
1647846000000,10007.984598058974
1647849600000,10013.100635754976
1647853200000,10011.428195754976
1647856800000,10015.612375754976
1647860400000,10015.604675754976
1647864000000,10015.670895754976
1647867600000,10016.989135754975
1647871200000,10016.484015754975
1647874800000,10018.350495754976
1647878400000,10021.865481074976
1647882000000,10014.960121074975
1647885600000,10017.120741074976
1647889200000,10014.972441074975
1647892800000,10016.393861074976
1647896400000,10015.764001074975
1647900000000,10016.520141074976
1647903600000,10015.189581074976
1647907200000,10012.396178562061
1647910800000,10014.82937856206
1647914400000,10013.329418562062
1647918000000,10025.136598562061
1647921600000,10031.260088872485
1647925200000,10043.217268872484
1647928800000,10038.728948872485
1647932400000,10026.376828872484
1647936000000,10028.098419368567
1647939600000,10035.386279368566
1647943200000,10032.467079368567
1647946800000,10038.967139368566
1647950400000,10043.438039368566
1647954000000,10039.948179368566
1647957600000,10037.690459368567
1647961200000,10035.942899368565
1647964800000,10033.100504905398
1647968400000,10031.518264905399
1647972000000,10034.057484905397
1647975600000,10032.8908449054
1647979200000,10027.929544905399
1647982800000,10033.390964905399
1647986400000,10037.7253049054
1647990000000,10031.666944905399
1647993600000,10024.725332036205
1647997200000,10024.385572036206
1648000800000,10023.016872036205
1648004400000,10026.324792036206
1648008000000,10018.499312036207
1648011600000,10012.908912036206
1648015200000,10016.929492036206
1648018800000,10021.808372036206
1648022400000,10019.544221650132
1648026000000,10021.766321650133
1648029600000,10020.444921650133
1648033200000,10020.553221650132
1648036800000,10016.913261650134
1648040400000,10025.379681650133
1648044000000,10017.560701650133
1648047600000,10030.885641650133
1648051200000,10039.28335786093
1648054800000,10035.44659786093
1648058400000,10019.70803786093
1648062000000,10019.708217860929
1648065600000,10022.01397786093
1648069200000,10026.63741786093
1648072800000,10029.54369786093
1648076400000,10031.95921786093
1648080000000,10043.01837891569
1648083600000,10045.76177891569
1648087200000,10039.086418915691
1648090800000,10042.600998915692
1648094400000,10037.48909891569
1648098000000,10040.85245891569
1648101600000,10045.919618915692
1648105200000,10048.554358915691
1648108800000,10045.737226718771
1648112400000,10046.56406671877
1648116000000,10044.558786718771
1648119600000,10045.97774671877
1648123200000,10044.712886718771
1648126800000,10038.21110671877
1648130400000,10043.118166718772
1648134000000,10056.598726718772
1648137600000,10069.124781129845
1648141200000,10067.995461129845
1648144800000,10064.362901129844
1648148400000,10066.283841129845
1648152000000,10065.836261129845
1648155600000,10065.354421129845
1648159200000,10066.340101129845
1648162800000,10067.272841129845
1648166400000,10066.829554468983
1648170000000,10066.892434468982
1648173600000,10071.233814468984
1648177200000,10068.631534468983
1648180800000,10071.130054468982
1648184400000,10073.397734468983
1648188000000,10071.619754468982
1648191600000,10073.969414468982
1648195200000,10068.570515850557
1648198800000,10069.809755850558
1648202400000,10073.654395850557
1648206000000,10078.009515850557
1648209600000,10085.298075850558
1648213200000,10089.33663585056
1648216800000,10091.316015850558
1648220400000,10086.832135850558
1648224000000,10073.05629019599
1648227600000,10069.147310195991
1648231200000,10070.68253019599
1648234800000,10075.063750195988
1648238400000,10072.975870195989
1648242000000,10075.82169019599
1648245600000,10074.999630195989
1648249200000,10069.35267019599
1648252800000,10070.975072698448
1648256400000,10064.678352698447
1648260000000,10069.710892698447
1648263600000,10069.700072698448
1648267200000,10072.977092698447
1648270800000,10073.358492698448
1648274400000,10077.04737269845
1648278000000,10075.430932698448
1648281600000,10078.033917070596
1648285200000,10076.653797070594
1648288800000,10076.967037070595
1648292400000,10075.721097070596
1648296000000,10073.783697070596
1648299600000,10075.107417070596
1648303200000,10071.621857070595
1648306800000,10072.911337070595
1648310400000,10071.054077470595
1648314000000,10073.733737470595
1648317600000,10074.227897470595
1648321200000,10075.772997470596
1648324800000,10074.115017470594
1648328400000,10080.001397470596
1648332000000,10076.579357470595
1648335600000,10075.965257470596
1648339200000,10079.753590295833
1648342800000,10083.373930295835
1648346400000,10082.794190295834
1648350000000,10083.251030295834
1648353600000,10081.406050295835
1648357200000,10079.462930295835
1648360800000,10080.814250295834
1648364400000,10081.484910295834
1648368000000,10083.894907222932
1648371600000,10080.461367222933
1648375200000,10080.517667222932
1648378800000,10079.750407222933
1648382400000,10079.674367222933
1648386000000,10075.800247222933
1648389600000,10080.401967222933
1648393200000,10081.113467222933
1648396800000,10086.448492196634
1648400400000,10089.702492196635
1648404000000,10090.303252196636
1648407600000,10089.475672196635
1648411200000,10088.804012196635
1648414800000,10116.044272196634
1648418400000,10125.383772196636
1648422000000,10126.648312196636
1648425600000,10131.546527729148
1648429200000,10132.358327729147
1648432800000,10132.701407729148
1648436400000,10135.119467729148
1648440000000,10137.907707729148
1648443600000,10140.178367729148
1648447200000,10141.675247729148
1648450800000,10137.259687729149
1648454400000,10137.682555509276
1648458000000,10139.879515509278
1648461600000,10143.379735509277
1648465200000,10147.129195509278
1648468800000,10146.927255509278
1648472400000,10144.423935509276
1648476000000,10155.659695509277
1648479600000,10158.569775509277
1648483200000,10151.016828292502
1648486800000,10149.650448292501
1648490400000,10155.161628292502
1648494000000,10165.030068292503
1648497600000,10163.314608292501
1648501200000,10166.877628292503
1648504800000,10155.361688292502
1648508400000,10153.369628292503
1648512000000,10143.872772908773
1648515600000,10151.225552908772
1648519200000,10156.874312908772
1648522800000,10151.634012908771
1648526400000,10151.269112908773
1648530000000,10157.031532908772
1648533600000,10160.117892908773
1648537200000,10159.212832908772
1648540800000,10153.597697642812
1648544400000,10158.72469764281
1648548000000,10161.435237642812
1648551600000,10163.072937642812
1648555200000,10170.985477642813
1648558800000,10169.531997642813
1648562400000,10165.987437642812
1648566000000,10168.292037642812
1648569600000,10157.70829567894
1648573200000,10158.59841567894
1648576800000,10156.140495678941
1648580400000,10159.65983567894
1648584000000,10163.59189567894
1648587600000,10155.86303567894
1648591200000,10151.86309567894
1648594800000,10152.57321567894
1648598400000,10155.565812629346
1648602000000,10149.105752629344
1648605600000,10140.195852629344
1648609200000,10149.228292629345
1648612800000,10153.898092629344
1648616400000,10148.138672629344
1648620000000,10157.305072629344
1648623600000,10155.237292629345
1648627200000,10156.920960491634
1648630800000,10156.676600491634
1648634400000,10151.165100491635
1648638000000,10153.642160491634
1648641600000,10154.671840491634
1648645200000,10153.828400491635
1648648800000,10145.312160491634
1648652400000,10147.372560491634
1648656000000,10149.364577730623
1648659600000,10153.54315773062
1648663200000,10165.058717730622
1648666800000,10149.380137730623
1648670400000,10152.285917730622
1648674000000,10153.623777730621
1648677600000,10148.790197730621
1648681200000,10149.168137730621
1648684800000,10147.238342190623
1648688400000,10152.086622190624
1648692000000,10158.671922190622
1648695600000,10153.225982190623
1648699200000,10151.111322190623
1648702800000,10150.117622190624
1648706400000,10150.198882190623
1648710000000,10151.627342190623
1648713600000,10152.171775701327
1648717200000,10155.162635701327
1648720800000,10157.239455701329
1648724400000,10155.606855701328
1648728000000,10153.718815701328
1648731600000,10161.405675701328
1648735200000,10140.232375701327
1648738800000,10145.004975701328
1648742400000,10136.356022959297
1648746000000,10120.10002015096
1648749600000,10120.10002015096
1648753200000,10120.10002015096
1648756800000,10120.10002015096
1648760400000,10120.10002015096
1648764000000,10120.10002015096
1648767600000,10120.10002015096
1648771200000,10120.10002015096
1648774800000,10120.10002015096
1648778400000,10120.10002015096
1648782000000,10120.10002015096
1648785600000,10120.10002015096
1648789200000,10120.10002015096
1648792800000,10120.10002015096
1648796400000,10120.10002015096
1648800000000,10120.10002015096
1648803600000,10120.10002015096
1648807200000,10120.10002015096
1648810800000,10120.10002015096
1648814400000,10120.10002015096
1648818000000,10120.10002015096
1648821600000,10120.10002015096
1648825200000,10120.10002015096
1648828800000,10120.10002015096
1648832400000,10120.10002015096
1648836000000,10120.10002015096
1648839600000,10120.10002015096
1648843200000,10119.103355799962
1648846800000,10116.496735799961
1648850400000,10118.01303579996
1648854000000,10117.06077579996
1648857600000,10117.248936040827
1648861200000,10125.262316040826
1648864800000,10121.124056040826
1648868400000,10119.966476040827
1648872000000,10120.491576040826
1648875600000,10120.259116040826
1648879200000,10120.594236040826
1648882800000,10121.808456040826
1648886400000,10120.981464931318
1648890000000,10120.330104931318
1648893600000,10122.224004931317
1648897200000,10122.285364931317
1648900800000,10121.606864931317
1648904400000,10124.337384931318
1648908000000,10124.038844931318
1648911600000,10121.547864931317
1648915200000,10118.453195908862
1648918800000,10120.050915908861
1648922400000,10120.201955908862
1648926000000,10117.995355908863
1648929600000,10119.406635908863
1648933200000,10119.522275908863
1648936800000,10120.906415908863
1648940400000,10118.784775908862
1648944000000,10116.92577331004
1648947600000,10119.04151331004
1648951200000,10115.99003331004
1648954800000,10115.40121331004
1648958400000,10117.34349331004
1648962000000,10120.101153310039
1648965600000,10120.21207331004
1648969200000,10123.962113310039
1648972800000,10122.652449597712
1648976400000,10120.224009597712
1648980000000,10122.884909597713
1648983600000,10121.178629597713
1648987200000,10121.298989597713
1648990800000,10122.172189597713
1648994400000,10122.851869597713
1648998000000,10124.284389597713
1649001600000,10122.842444816753
1649005200000,10122.018804816755
1649008800000,10122.232384816754
1649012400000,10123.774644816755
1649016000000,10121.393404816754
1649019600000,10122.125004816755
1649023200000,10125.499804816754
1649026800000,10127.994324816755
1649030400000,10125.058237370753
1649034000000,10120.680437370753
1649037600000,10120.906997370754
1649041200000,10122.826857370754
1649044800000,10121.801437370754
1649048400000,10122.196737370754
1649052000000,10123.415677370753
1649055600000,10122.960197370754
1649059200000,10123.20311356384
1649062800000,10121.82605356384
1649066400000,10119.41531356384
1649070000000,10117.68897356384
1649073600000,10120.53513356384
1649077200000,10119.14391356384
1649080800000,10119.93215356384
1649084400000,10117.09779356384
1649088000000,10113.19997756184
1649091600000,10117.129377561841
1649095200000,10115.20833756184
1649098800000,10118.51233756184
1649102400000,10121.37619756184
1649106000000,10124.51263756184
1649109600000,10124.62827756184
1649113200000,10126.81481756184
1649116800000,10124.822753505216
1649120400000,10123.656913505216
1649124000000,10125.247553505214
1649127600000,10124.808593505215
1649131200000,10125.675893505215
1649134800000,10125.839913505215
1649138400000,10124.998573505216
1649142000000,10124.714193505215
1649145600000,10126.112191897215
1649149200000,10125.739311897216
1649152800000,10124.172271897216
1649156400000,10124.776431897215
1649160000000,10125.620131897216
1649163600000,10124.553411897215
1649167200000,10120.350251897215
1649170800000,10116.669831897216
1649174400000,10116.659780239803
1649178000000,10119.361980239803
1649181600000,10116.616120239803
1649185200000,10116.572460239802
1649188800000,10117.955420239803
1649192400000,10115.450280239804
1649196000000,10117.558940239804
1649199600000,10116.188960239802
1649203200000,10110.597840336959
1649206800000,10106.200840604231
1649210400000,10106.200840604231
1649214000000,10106.200840604231
1649217600000,10106.200840604231
1649221200000,10106.200840604231
1649224800000,10106.200840604231
1649228400000,10106.200840604231
1649232000000,10106.200840604231
1649235600000,10106.200840604231
1649239200000,10106.200840604231
1649242800000,10106.200840604231
1649246400000,10106.200840604231
1649250000000,10106.200840604231
1649253600000,10106.200840604231
1649257200000,10106.200840604231
1649260800000,10106.200840604231
1649264400000,10106.200840604231
1649268000000,10106.200840604231
1649271600000,10106.200840604231
1649275200000,10106.200840604231
1649278800000,10106.200840604231
1649282400000,10106.200840604231
1649286000000,10106.200840604231
1649289600000,10106.200840604231
1649293200000,10106.200840604231
1649296800000,10106.200840604231
1649300400000,10106.200840604231
1649304000000,10106.200840604231
1649307600000,10106.200840604231
1649311200000,10106.200840604231
1649314800000,10106.200840604231
1649318400000,10106.200840604231
1649322000000,10106.200840604231
1649325600000,10106.200840604231
1649329200000,10106.200840604231
1649332800000,10106.200840604231
1649336400000,10106.200840604231
1649340000000,10106.200840604231
1649343600000,10106.200840604231
1649347200000,10106.200840604231
1649350800000,10106.200840604231
1649354400000,10106.200840604231
1649358000000,10106.200840604231
1649361600000,10106.200840604231
1649365200000,10106.200840604231
1649368800000,10106.200840604231
1649372400000,10106.200840604231
1649376000000,10106.200840604231
1649379600000,10106.200840604231
1649383200000,10106.200840604231
1649386800000,10106.200840604231
1649390400000,10106.200840604231
1649394000000,10106.200840604231
1649397600000,10106.200840604231
1649401200000,10106.200840604231
1649404800000,10106.200840604231
1649408400000,10106.200840604231
1649412000000,10106.200840604231
1649415600000,10106.200840604231
1649419200000,10106.200840604231
1649422800000,10106.200840604231
1649426400000,10106.200840604231
1649430000000,10106.200840604231
1649433600000,10105.870340926449
1649437200000,10107.610340926449
1649440800000,10112.123340926448
1649444400000,10113.099340926448
1649448000000,10114.332340926449
1649451600000,10113.829340926448
1649455200000,10115.783340926448
1649458800000,10119.669340926448
1649462400000,10119.637587815045
1649466000000,10118.452587815045
1649469600000,10117.942587815045
1649473200000,10120.088587815046
1649476800000,10118.284587815046
1649480400000,10118.196587815046
1649484000000,10116.631587815045
1649487600000,10117.783587815045
1649491200000,10117.379991181337
1649494800000,10117.604991181337
1649498400000,10117.856991181336
1649502000000,10117.563991181336
1649505600000,10117.943991181337
1649509200000,10117.383991181336
1649512800000,10117.523991181337
1649516400000,10117.660991181336
1649520000000,10120.253203281336
1649523600000,10118.276203281335
1649527200000,10116.541203281335
1649530800000,10117.024203281335
1649534400000,10117.115203281335
1649538000000,10118.432203281336
1649541600000,10116.630203281335
1649545200000,10117.077203281335
1649548800000,10114.871830372453
1649552400000,10116.044830372452
1649556000000,10114.671830372452
1649559600000,10114.210830372453
1649563200000,10114.571830372452
1649566800000,10115.070830372451
1649570400000,10115.579830372451
1649574000000,10114.541830372453
1649577600000,10116.291383876433
1649581200000,10115.796383876432
1649584800000,10117.280383876432
1649588400000,10117.001383876432
1649592000000,10115.620383876432
1649595600000,10116.690383876432
1649599200000,10116.958383876432
1649602800000,10114.941383876432
1649606400000,10114.989109347578
1649610000000,10114.257109347578
1649613600000,10111.160109347578
1649617200000,10111.444109347578
1649620800000,10109.689109347579
1649624400000,10111.50510934758
1649628000000,10115.854109347578
1649631600000,10121.437109347578
1649635200000,10120.793133091998
1649638800000,10119.526133091998
1649642400000,10120.781133092
1649646000000,10123.237133092
1649649600000,10121.415133092
1649653200000,10119.682133092
1649656800000,10119.744133092
1649660400000,10119.904133091999
1649664000000,10119.203420212387
1649667600000,10120.631420212387
1649671200000,10128.939420212388
1649674800000,10126.937420212387
1649678400000,10129.862879739552
1649682000000,10129.830429739553
1649685600000,10131.120929739553
1649689200000,10137.109379739552
1649692800000,10143.190757974553
1649696400000,10138.382707974553
1649700000000,10143.174057974555
1649703600000,10139.770007974554
1649707200000,10148.837657974553
1649710800000,10151.288707974552
1649714400000,10160.612957974552
1649718000000,10152.205907974554
1649721600000,10156.709465899663
1649725200000,10159.767315899662
1649728800000,10159.837915899663
1649732400000,10160.864965899664
1649736000000,10155.721165899664
1649739600000,10152.238015899664
1649743200000,10146.060115899663
1649746800000,10150.065065899664
1649750400000,10145.684030382079
1649754000000,10144.80678038208
1649757600000,10143.93463038208
1649761200000,10146.470780382078
1649764800000,10139.77503038208
1649768400000,10132.841930382077
1649772000000,10138.98448038208
1649775600000,10145.71518038208
1649779200000,10141.218107979517
1649782800000,10141.870107979517
1649786400000,10145.763057979517
1649790000000,10153.029057979518
1649793600000,10161.048757979517
1649797200000,10157.351807979518
1649800800000,10153.465657979517
1649804400000,10149.875857979516
1649808000000,10143.963649395548
1649811600000,10145.247279395548
1649815200000,10145.961309395549
1649818800000,10146.146379395548
1649822400000,10146.624679395549
1649826000000,10147.312969395549
1649829600000,10147.358319395547
1649833200000,10147.617089395548
1649836800000,10146.073142427345
1649840400000,10146.407352427344
1649844000000,10146.820512427345
1649847600000,10147.242702427344
1649851200000,10146.437732427345
1649854800000,10145.323462427345
1649858400000,10145.481092427344
1649862000000,10143.457132427344
1649865600000,10140.963057769803
1649869200000,10141.643777769803
1649872800000,10140.649197769802
1649876400000,10140.509097769804
1649880000000,10141.107547769803
1649883600000,10141.655147769803
1649887200000,10141.872717769802
1649890800000,10143.602787769803
1649894400000,10144.418586195685
1649898000000,10143.530526195684
1649901600000,10143.759826195685
1649905200000,10142.130336195683
1649908800000,10142.355566195683
1649912400000,10142.002286195684
1649916000000,10141.736386195684
1649919600000,10142.309446195684
1649923200000,10142.186678460179
1649926800000,10142.49867846018
1649930400000,10141.589458460177
1649934000000,10141.51259846018
1649937600000,10141.00376846018
1649941200000,10140.384408460179
1649944800000,10141.06878846018
1649948400000,10142.417818460179
1649952000000,10144.149451367077
1649955600000,10143.771801367076
1649959200000,10144.481131367076
1649962800000,10142.811821367075
1649966400000,10143.325551367076
1649970000000,10144.099911367077
1649973600000,10143.914881367076
1649977200000,10144.903591367076
1649980800000,10144.66806507664
1649984400000,10144.720445076638
1649988000000,10144.88932507664
1649991600000,10144.202855076639
1649995200000,10144.635315076639
1649998800000,10144.28131507664
1650002400000,10144.575995076639
1650006000000,10143.92310507664
1650009600000,10143.173621538603
1650013200000,10142.858471538602
1650016800000,10143.280991538602
1650020400000,10142.361341538603
1650024000000,10142.594581538602
1650027600000,10142.627371538603
1650031200000,10141.754411538603
1650034800000,10141.034751538602
1650038400000,10140.63333792088
1650042000000,10140.30290792088
1650045600000,10141.000537920881
1650049200000,10141.13672792088
1650052800000,10141.250537920881
1650056400000,10141.24287792088
1650060000000,10141.64242792088
1650063600000,10140.81797792088
1650067200000,10141.019758748687
1650070800000,10140.81777874869
1650074400000,10140.502628748687
1650078000000,10141.02701874869
1650081600000,10141.677458748687
1650085200000,10141.493628748689
1650088800000,10141.942648748687
1650092400000,10141.796268748687
1650096000000,10141.085401286435
1650099600000,10140.584601286435
1650103200000,10141.055201286434
1650106800000,10139.061001286436
1650110400000,10139.315701286436
1650114000000,10138.055301286435
1650117600000,10138.738601286435
1650121200000,10134.104101286433
1650124800000,10147.66008080539
1650128400000,10143.74838080539
1650132000000,10146.21108080539
1650135600000,10144.357280805389
1650139200000,10145.11438080539
1650142800000,10141.472480805389
1650146400000,10135.25608080539
1650150000000,10134.39038080539
1650153600000,10135.823012927114
1650157200000,10136.125512927114
1650160800000,10136.301612927113
1650164400000,10144.481012927114
1650168000000,10142.933312927114
1650171600000,10141.767612927115
1650175200000,10139.906212927115
1650178800000,10139.438112927113
1650182400000,10141.116555961917
1650186000000,10139.109155961916
1650189600000,10138.008055961918
1650193200000,10138.542755961918
1650196800000,10136.571455961917
1650200400000,10137.767755961919
1650204000000,10134.722625258833
1650207600000,10132.868325258833
1650211200000,10128.902301698627
1650214800000,10125.552581698626
1650218400000,10122.891021698626
1650222000000,10118.013181698627
1650225600000,10122.02480887957
1650229200000,10123.447888879571
1650232800000,10122.579408879572
1650236400000,10124.568888879572
1650240000000,10137.948442184408
1650243600000,10137.004442184409
1650247200000,10137.75492218441
1650250800000,10135.796122184409
1650254400000,10136.426242184409
1650258000000,10155.013602184408
1650261600000,10155.12688218441
1650265200000,10154.06252218441
1650268800000,10158.776637329174
1650272400000,10159.304497329176
1650276000000,10155.552697329176
1650279600000,10155.180937329176
1650283200000,10153.122957329175
1650286800000,10141.215177329173
1650290400000,10144.955697329175
1650294000000,10144.068437329175
1650297600000,10147.935050437034
1650301200000,10140.604830437032
1650304800000,10111.629344052395
1650308400000,10102.825999669367
1650312000000,10102.978488869432
1650315600000,10102.423488869434
1650319200000,10107.920988869433
1650322800000,10111.828488869432
1650326400000,10109.974651024262
1650330000000,10110.760651024262
1650333600000,10109.476651024263
1650337200000,10107.417151024263
1650340800000,10107.313651024262
1650344400000,10108.080151024264
1650348000000,10107.261151024262
1650351600000,10108.132651024263
1650355200000,10107.108033574183
1650358800000,10107.589533574184
1650362400000,10107.289533574183
1650366000000,10109.667033574184
1650369600000,10107.999033574184
1650373200000,10110.637533574183
1650376800000,10117.419033574184
1650380400000,10118.307033574183
1650384000000,10117.817780666936
1650387600000,10115.032080666937
1650391200000,10113.884380666936
1650394800000,10116.161180666935
1650398400000,10115.508080666936
1650402000000,10113.855680666935
1650405600000,10113.950680666936
1650409200000,10115.638280666937
1650412800000,10115.705057336008
1650416400000,10111.570557336008
1650420000000,10112.924457336008
1650423600000,10113.440957336008
1650427200000,10113.083357336007
1650430800000,10112.108657336006
1650434400000,10115.245157336009
1650438000000,10115.614357336008
1650441600000,10113.408426767624
1650445200000,10116.493826767623
1650448800000,10117.063326767624
1650452400000,10122.785726767625
1650456000000,10132.032226767624
1650459600000,10130.264826767625
1650463200000,10118.105526767624
1650466800000,10114.654826767624
1650470400000,10108.174657947686
1650474000000,10112.660257947686
1650477600000,10111.245257947687
1650481200000,10103.219057947688
1650484800000,10109.423757947687
1650488400000,10113.165757947687
1650492000000,10113.721657947686
1650495600000,10113.770757947686
1650499200000,10110.45482414012
1650502800000,10114.53372414012
1650506400000,10118.095824140122
1650510000000,10116.28262414012
1650513600000,10117.091986524767
1650517200000,10116.029186524765
1650520800000,10116.128486524765
1650524400000,10116.499586524766
1650528000000,10115.125059961429
1650531600000,10114.418359961428
1650535200000,10114.072059961429
1650538800000,10113.872259961428
1650542400000,10114.707859961429
1650546000000,10112.99895996143
1650549600000,10111.785359961428
1650553200000,10113.116359961428
1650556800000,10111.751534257475
1650560400000,10112.690934257475
1650564000000,10114.383434257476
1650567600000,10114.134734257475
1650571200000,10112.736734257476
1650574800000,10116.589493948079
1650578400000,10115.731293948078
1650582000000,10119.52949394808
1650585600000,10118.925031715284
1650589200000,10119.633431715283
1650592800000,10118.121431715283
1650596400000,10118.547031715283
1650600000000,10118.737431715283
1650603600000,10117.025231715283
1650607200000,10115.962631715283
1650610800000,10115.773631715283
1650614400000,10115.454287556387
1650618000000,10119.606687556387
1650621600000,10120.715487556387
1650625200000,10118.185687556386
1650628800000,10117.345687556386
1650632400000,10119.006087556387
1650636000000,10120.193287556387
1650639600000,10126.465287556388
1650643200000,10131.626927484187
1650646800000,10135.131077484186
1650650400000,10134.214227484186
1650654000000,10129.629027484187
1650657600000,10131.282577484186
1650661200000,10127.653327484186
1650664800000,10128.302377484186
1650668400000,10127.130927484186
1650672000000,10127.78453579553
1650675600000,10129.282335795531
1650679200000,10129.211835795531
1650682800000,10130.509435795531
1650686400000,10132.607135795532
1650690000000,10131.096635795531
1650693600000,10130.354385795532
1650697200000,10130.216385795531
1650700800000,10129.190488353623
1650704400000,10128.617738353621
1650708000000,10130.136938353622
1650711600000,10128.90198835362
1650715200000,10128.510688353623
1650718800000,10126.907288353621
1650722400000,10126.980288353621
1650726000000,10127.500238353621
1650729600000,10125.655322373592
1650733200000,10125.836072373591
1650736800000,10125.921222373592
1650740400000,10129.141072373592
1650744000000,10127.633022373591
1650747600000,10125.637822373592
1650751200000,10123.898322373592
1650754800000,10127.310872373591
1650758400000,10134.428777063718
1650762000000,10132.390927063718
1650765600000,10134.266177063719
1650769200000,10133.086227063719
1650772800000,10126.914327063718
1650776400000,10128.249177063717
1650780000000,10129.019927063719
1650783600000,10127.364827063719
1650787200000,10128.00614390215
1650790800000,10128.99049390215
1650794400000,10127.67984390215
1650798000000,10129.10699390215
1650801600000,10131.00309390215
1650805200000,10132.124843902151
1650808800000,10131.508043902151
1650812400000,10127.20659390215
1650816000000,10129.16782284585
1650819600000,10133.28202284585
1650823200000,10135.07127284585
1650826800000,10126.557222845848
1650830400000,10126.963222845849
1650834000000,10132.27402284585
1650837600000,10129.526172845848
1650841200000,10133.257522845848
1650844800000,10134.775562195142
1650848400000,10153.30226219514
1650852000000,10146.967862195143
1650855600000,10148.08911219514
1650859200000,10144.455712195142
1650862800000,10146.815812195142
1650866400000,10150.217762195141
1650870000000,10159.443412195142
1650873600000,10164.267334709917
1650877200000,10164.206884709918
1650880800000,10159.639434709918
1650884400000,10162.264584709916
1650888000000,10152.108884709916
1650891600000,10152.501634709917
1650895200000,10154.221234709916
1650898800000,10146.211084709917
1650902400000,10149.403896470809
1650906000000,10135.36439647081
1650909600000,10133.424347964079
1650913200000,10124.549907146704
1650916800000,10124.549907146704
1650920400000,10124.549907146704
1650924000000,10124.549907146704
1650927600000,10124.549907146704
1650931200000,10124.549907146704
1650934800000,10124.549907146704
1650938400000,10124.549907146704
1650942000000,10124.549907146704
1650945600000,10124.549907146704
1650949200000,10124.549907146704
1650952800000,10124.549907146704
1650956400000,10124.549907146704
1650960000000,10124.549907146704
1650963600000,10124.549907146704
1650967200000,10124.549907146704
1650970800000,10124.549907146704
1650974400000,10124.549907146704
1650978000000,10124.549907146704
1650981600000,10124.549907146704
1650985200000,10124.549907146704
1650988800000,10124.549907146704
1650992400000,10124.549907146704
1650996000000,10124.549907146704
1650999600000,10124.549907146704
1651003200000,10124.019681517155
1651006800000,10125.818781517155
1651010400000,10123.818981517154
1651014000000,10124.692881517154
1651017600000,10125.195348183577
1651021200000,10123.957748183577
1651024800000,10120.760748183577
1651028400000,10119.390448183578
1651032000000,10120.929808183577
1651035600000,10118.626488183578
1651039200000,10118.540608183579
1651042800000,10113.076308183578
1651046400000,10108.44409652658
1651050000000,10108.51277652658
1651053600000,10106.43029652658
1651057200000,10106.174096526582
1651060800000,10109.053996526582
1651064400000,10110.97069652658
1651068000000,10104.273916526581
1651071600000,10114.611356526582
1651075200000,10110.408052614739
1651078800000,10108.27719261474
1651082400000,10108.46287261474
1651086000000,10114.875132614741
1651089600000,10113.78199261474
1651093200000,10110.31711261474
1651096800000,10106.30645261474
1651100400000,10109.25315261474
1651104000000,10107.26550449574
1651107600000,10103.85398449574
1651111200000,10106.99410449574
1651114800000,10103.53946449574
1651118400000,10105.631944495739
1651122000000,10103.819964495739
1651125600000,10106.011704495739
1651129200000,10104.99446449574
1651132800000,10102.855947811138
1651136400000,10096.092347811136
1651140000000,10095.040107811137
1651143600000,10096.899627811139
1651147200000,10097.001047811138
1651150800000,10100.279627811138
1651154400000,10111.689147811137
1651158000000,10105.432227811138
1651161600000,10104.56186462071
1651165200000,10094.115764620708
1651168800000,10088.719504620709
1651172400000,10086.9319085184
1651176000000,10088.6466285184
1651179600000,10088.9042285184
1651183200000,10089.8999085184
1651186800000,10090.8149485184
1651190400000,10089.874546972707
1651194000000,10089.283186972707
1651197600000,10090.582386972706
1651201200000,10092.881746972707
1651204800000,10091.108786972707
1651208400000,10091.572466972708
1651212000000,10091.711346972706
1651215600000,10091.489586972706
1651219200000,10091.274832618725
1651222800000,10094.289872618725
1651226400000,10096.510832618724
1651230000000,10098.595152618725
1651233600000,10100.104912618724
1651237200000,10098.607472618725
1651240800000,10096.700112618724
1651244400000,10099.258192618725
1651248000000,10099.322110257326
1651251600000,10103.084190257327
1651255200000,10103.625150257327
1651258800000,10103.937630257327
1651262400000,10106.121630257327
1651266000000,10104.506590257326
1651269600000,10104.885150257327
1651273200000,10103.329470257326
1651276800000,10103.420138588417
1651280400000,10102.643978588418
1651284000000,10102.300138588418
1651287600000,10102.430058588418
1651291200000,10103.223018588418
1651294800000,10102.994538588417
1651298400000,10101.308938588418
1651302000000,10101.696458588418
1651305600000,10102.194062421857
1651309200000,10102.890702421857
1651312800000,10101.420142421857
1651316400000,10101.954382421858
1651320000000,10101.787502421857
1651323600000,10102.571502421857
1651327200000,10102.679022421857
1651330800000,10107.035822421858
1651334400000,10103.355341494891
1651338000000,10105.347821494892
1651341600000,10107.022221494892
1651345200000,10106.046701494892
1651348800000,10104.70270149489
1651352400000,10106.370381494891
1651356000000,10106.008621494891
1651359600000,10107.027821494892
1651363200000,10112.461177792187
1651366800000,10111.503017792187
1651370400000,10104.722537792186
1651374000000,10106.551217792186
1651377600000,10101.531097792187
1651381200000,10102.930537792186
1651384800000,10100.834457792187
1651388400000,10102.545257792188
1651392000000,10104.14867175678
1651395600000,10101.16947175678
1651399200000,10103.15635175678
1651402800000,10102.65795175678
1651406400000,10104.47095175678
1651410000000,10103.40247175678
1651413600000,10105.84267175678
1651417200000,10103.508311756781
1651420800000,10091.590302421771
1651424400000,10090.90626242177
1651428000000,10093.36886242177
1651431600000,10103.430102421771
1651435200000,10105.773702421771
1651438800000,10094.819262421772
1651442400000,10093.08438242177
1651446000000,10095.24178242177
1651449600000,10089.68121415778
1651453200000,10085.13569415778
1651456800000,10089.697454157778
1651460400000,10085.736014157777
1651464000000,10085.288854157778
1651467600000,10078.657614157779
1651471200000,10078.723134157779
1651474800000,10076.442213520904
1651478400000,10077.465990586108
1651482000000,10078.500870586107
1651485600000,10081.396070586108
1651489200000,10081.827270586107
1651492800000,10083.735750586107
1651496400000,10083.207110586107
1651500000000,10079.229990586107
1651503600000,10080.124870586107
1651507200000,10079.547323575332
1651510800000,10081.972123575331
1651514400000,10083.438203575331
1651518000000,10082.755003575332
1651521600000,10077.64668357533
1651525200000,10079.530523575331
1651528800000,10075.053883575332
1651532400000,10073.636538155211
1651536000000,10073.636538155211
1651539600000,10073.636538155211
1651543200000,10073.636538155211
1651546800000,10073.636538155211
1651550400000,10073.636538155211
1651554000000,10073.636538155211
1651557600000,10073.636538155211
1651561200000,10073.636538155211
1651564800000,10073.636538155211
1651568400000,10073.636538155211
1651572000000,10073.636538155211
1651575600000,10073.636538155211
1651579200000,10073.636538155211
1651582800000,10073.636538155211
1651586400000,10073.636538155211
1651590000000,10073.636538155211
1651593600000,10073.636538155211
1651597200000,10073.636538155211
1651600800000,10073.636538155211
1651604400000,10073.636538155211
1651608000000,10073.636538155211
1651611600000,10073.636538155211
1651615200000,10073.636538155211
1651618800000,10073.636538155211
1651622400000,10073.636538155211
1651626000000,10073.636538155211
1651629600000,10073.636538155211
1651633200000,10073.636538155211
1651636800000,10073.636538155211
1651640400000,10073.636538155211
1651644000000,10073.636538155211
1651647600000,10073.636538155211
1651651200000,10073.636538155211
1651654800000,10073.636538155211
1651658400000,10073.636538155211
1651662000000,10073.636538155211
1651665600000,10073.636538155211
1651669200000,10073.636538155211
1651672800000,10073.636538155211
1651676400000,10073.636538155211
1651680000000,10073.636538155211
1651683600000,10073.636538155211
1651687200000,10073.636538155211
1651690800000,10073.636538155211
1651694400000,10073.636538155211
1651698000000,10073.636538155211
1651701600000,10073.636538155211
1651705200000,10073.636538155211
1651708800000,10073.636538155211
1651712400000,10073.636538155211
1651716000000,10073.636538155211
1651719600000,10073.636538155211
1651723200000,10073.636538155211
1651726800000,10073.636538155211
1651730400000,10073.636538155211
1651734000000,10073.636538155211
1651737600000,10073.636538155211
1651741200000,10073.636538155211
1651744800000,10073.636538155211
1651748400000,10073.636538155211
1651752000000,10073.636538155211
1651755600000,10073.636538155211
1651759200000,10073.636538155211
1651762800000,10073.636538155211
1651766400000,10073.960707501621
1651770000000,10071.879707501621
1651773600000,10074.255707501621
1651777200000,10078.76670750162
1651780800000,10079.318707501621
1651784400000,10078.032707501621
1651788000000,10077.63270750162
1651791600000,10079.540707501621
1651795200000,10076.95453166082
1651798800000,10078.31453166082
1651802400000,10079.08053166082
1651806000000,10077.833531660819
1651809600000,10077.62953166082
1651813200000,10078.06853166082
1651816800000,10077.12853166082
1651820400000,10078.19753166082
1651824000000,10079.336677964631
1651827600000,10079.810677964631
1651831200000,10078.006677964631
1651834800000,10083.686677964632
1651838400000,10083.080089855423
1651842000000,10081.788829855423
1651845600000,10084.264889855423
1651849200000,10076.777819855422
1651852800000,10080.246451051155
1651856400000,10076.078891051153
1651860000000,10081.502991051155
1651863600000,10081.877171051154
1651867200000,10081.297301051154
1651870800000,10077.026681051153
1651874400000,10080.660021051155
1651878000000,10079.239651051155
1651881600000,10079.169362257133
1651885200000,10080.432272257132
1651888800000,10079.962432257133
1651892400000,10081.468902257131
1651896000000,10084.155712257132
1651899600000,10086.238142257132
1651903200000,10082.473922257132
1651906800000,10085.277802257133
1651910400000,10082.572028972594
1651914000000,10080.711418972594
1651917600000,10081.616418972595
1651921200000,10079.076958972595
1651924800000,10080.224518972595
1651928400000,10080.156558972594
1651932000000,10083.057288972594
1651935600000,10080.743028972594
1651939200000,10080.421718818587
1651942800000,10080.216638818587
1651946400000,10082.007128818586
1651950000000,10081.333438818587
1651953600000,10082.328928818588
1651957200000,10084.324408818587
1651960800000,10095.769758818587
1651964400000,10099.813048818587
1651968000000,10091.904463974055
1651971600000,10097.456463974055
1651975200000,10102.550463974054
1651978800000,10110.790843974055
1651982400000,10112.410703974054
1651986000000,10114.237183974055
1651989600000,10113.464203974054
1651993200000,10107.700203974055
1651996800000,10110.388085971019
1652000400000,10109.06045597102
1652004000000,10110.818455971019
1652007600000,10107.79683597102
1652011200000,10107.783755971019
1652014800000,10110.36911597102
1652018400000,10115.774105971019
1652022000000,10115.39971597102
1652025600000,10117.067019027027
1652029200000,10118.034539027027
1652032800000,10118.410289027026
1652036400000,10110.980629027026
1652040000000,10109.636389027026
1652043600000,10115.672469027026
1652047200000,10112.471669027025
1652050800000,10116.254099027024
1652054400000,10119.509450378722
1652058000000,10119.061630378723
1652061600000,10121.925510378724
1652065200000,10136.301640378722
1652068800000,10133.201260378723
1652072400000,10131.220030378721
1652076000000,10135.250820378722
1652079600000,10132.827530378723
1652083200000,10134.92037977591
1652086800000,10131.798929775909
1652090400000,10135.681879775908
1652094000000,10151.685659775909
1652097600000,10144.452939775909
1652101200000,10148.66741977591
1652104800000,10145.916519775908
1652108400000,10151.56386977591
1652112000000,10155.5953833099
1652115600000,10169.643103309898
1652119200000,10176.265563309898
1652122800000,10183.1717133099
1652126400000,10178.5120033099
1652130000000,10178.403153309899
1652133600000,10183.018533309898
1652137200000,10177.790043309898
1652140800000,10194.394816487249
1652144400000,10183.70788648725
1652148000000,10178.047126487249
1652151600000,10175.878836487249
1652155200000,10182.066836487249
1652158800000,10169.27361648725
1652162400000,10157.777106487249
1652166000000,10153.605046487248
1652169600000,10163.544652685112
1652173200000,10159.307132685113
1652176800000,10165.779292685113
1652180400000,10166.281662685113
1652184000000,10159.019062685113
1652187600000,10148.361352685111
1652191200000,10156.575622685112
1652194800000,10170.483642685112
1652198400000,10167.280557418111
1652202000000,10168.882727418111
1652205600000,10159.728317418112
1652209200000,10162.106337418112
1652212800000,10168.957827418111
1652216400000,10174.923597418112
1652220000000,10191.468907418111
1652223600000,10179.272387418112
1652227200000,10173.779347932914
1652230800000,10172.453247932914
1652234400000,10177.011197932914
1652238000000,10164.711417932915
1652241600000,10168.820797932915
1652245200000,10170.229987932915
1652248800000,10164.202267932915
1652252400000,10185.860767932914
1652256000000,10181.793077295953
1652259600000,10167.708147295953
1652263200000,10152.636977295953
1652266800000,10154.792747295953
1652270400000,10160.810057295954
1652274000000,10213.676087295955
1652277600000,10168.069517295955
1652281200000,10166.359507295952
1652284800000,10184.43431140885
1652288400000,10197.88736140885
1652292000000,10203.89629140885
1652295600000,10206.62131140885
1652299200000,10213.04646140885
1652302800000,10236.29494140885
1652306400000,10224.29340140885
1652310000000,10227.09275140885
1652313600000,10223.118242872097
1652317200000,10208.993502872097
1652320800000,10223.560872872096
1652324400000,10230.033422872097
1652328000000,10243.803712872097
1652331600000,10262.100752872097
1652335200000,10275.974242872097
1652338800000,10275.336132872097
1652342400000,10252.646363212696
1652346000000,10252.605943212697
1652349600000,10255.952183212697
1652353200000,10243.825143212696
1652356800000,10244.167643212697
1652360400000,10246.033713212697
1652364000000,10256.185363212697
1652367600000,10228.290293212696
1652371200000,10238.334558075316
1652374800000,10224.554068075317
1652378400000,10246.401108075317
1652382000000,10250.785258075315
1652385600000,10245.503208075315
1652389200000,10248.767378075316
1652392800000,10251.666368075315
1652396400000,10245.012158075317
1652400000000,10238.449016244136
1652403600000,10227.516436244136
1652407200000,10227.781056244135
1652410800000,10213.881646244135
1652414400000,10209.556526244136
1652418000000,10209.462216244136
1652421600000,10205.568716244135
1652425200000,10210.742346244135
1652428800000,10215.826768586267
1652432400000,10212.844648586266
1652436000000,10211.225478586268
1652439600000,10207.265978586267
1652443200000,10204.796688586266
1652446800000,10203.443918586267
1652450400000,10201.536888586266
1652454000000,10203.182108586267
1652457600000,10210.337194346179
1652461200000,10215.30561434618
1652464800000,10222.480354346179
1652468400000,10214.876664346179
1652472000000,10215.33594434618
1652475600000,10221.77444434618
1652479200000,10215.61227434618
1652482800000,10219.35932434618
1652486400000,10229.62919596452
1652490000000,10226.24866596452
1652493600000,10220.18432596452
1652497200000,10224.03174596452
1652500800000,10222.61088596452
1652504400000,10227.684335964519
1652508000000,10226.52380596452
1652511600000,10224.027235964519
1652515200000,10226.30206890544
1652518800000,10224.68182890544
1652522400000,10227.14256890544
1652526000000,10231.16169890544
1652529600000,10236.47721890544
1652533200000,10235.074848905439
1652536800000,10240.799568905439
1652540400000,10238.98380890544
1652544000000,10240.709430739505
1652547600000,10231.287570739505
1652551200000,10226.858940739505
1652554800000,10228.366290739505
1652558400000,10232.595980739505
1652562000000,10231.059320739505
1652565600000,10223.899750739505
1652569200000,10214.731120739505
1652572800000,10217.658576522395
1652576400000,10218.395086522396
1652580000000,10220.051576522395
1652583600000,10222.401536522395
1652587200000,10225.896396522396
1652590800000,10227.053506522396
1652594400000,10222.729506522395
1652598000000,10219.143856522396
1652601600000,10222.674299624297
1652605200000,10225.998549624299
1652608800000,10223.643289624299
1652612400000,10219.852249624299
1652616000000,10211.563489624297
1652619600000,10212.406999624298
1652623200000,10214.161259624298
1652626800000,10216.573829624298
1652630400000,10217.49381665363
1652634000000,10213.45068665363
1652637600000,10216.872496653632
1652641200000,10211.341836653632
1652644800000,10207.246526653631
1652648400000,10204.617119952856
1652652000000,10204.617119952856
1652655600000,10204.617119952856
1652659200000,10204.617119952856
1652662800000,10204.617119952856
1652666400000,10204.617119952856
1652670000000,10204.617119952856
1652673600000,10204.617119952856
1652677200000,10204.617119952856
1652680800000,10204.617119952856
1652684400000,10204.617119952856
1652688000000,10204.617119952856
1652691600000,10204.617119952856
1652695200000,10204.617119952856
1652698800000,10204.617119952856
1652702400000,10204.617119952856
1652706000000,10204.617119952856
1652709600000,10204.617119952856
1652713200000,10204.617119952856
1652716800000,10204.617119952856
1652720400000,10204.617119952856
1652724000000,10204.617119952856
1652727600000,10204.617119952856
1652731200000,10204.617119952856
1652734800000,10204.617119952856
1652738400000,10204.617119952856
1652742000000,10204.617119952856
1652745600000,10204.617119952856
1652749200000,10204.617119952856
1652752800000,10204.617119952856
1652756400000,10204.617119952856
1652760000000,10204.617119952856
1652763600000,10204.617119952856
1652767200000,10204.617119952856
1652770800000,10204.617119952856
1652774400000,10204.617119952856
1652778000000,10204.617119952856
1652781600000,10204.617119952856
1652785200000,10204.617119952856
1652788800000,10204.617119952856
1652792400000,10204.617119952856
1652796000000,10204.617119952856
1652799600000,10204.617119952856
1652803200000,10204.617119952856
1652806800000,10204.617119952856
1652810400000,10204.617119952856
1652814000000,10204.617119952856
1652817600000,10204.617119952856
1652821200000,10204.617119952856
1652824800000,10204.617119952856
1652828400000,10204.617119952856
1652832000000,10204.617119952856
1652835600000,10204.617119952856
1652839200000,10204.617119952856
1652842800000,10204.617119952856
1652846400000,10204.617119952856
1652850000000,10204.617119952856
1652853600000,10204.617119952856
1652857200000,10204.617119952856
1652860800000,10204.617119952856
1652864400000,10204.617119952856
1652868000000,10204.617119952856
1652871600000,10204.617119952856
1652875200000,10204.617119952856
1652878800000,10204.617119952856
1652882400000,10204.617119952856
1652886000000,10204.617119952856
1652889600000,10204.617119952856
1652893200000,10204.617119952856
1652896800000,10204.617119952856
1652900400000,10204.617119952856
1652904000000,10204.617119952856
1652907600000,10204.617119952856
1652911200000,10204.617119952856
1652914800000,10204.617119952856
1652918400000,10204.617119952856
1652922000000,10204.617119952856
1652925600000,10204.617119952856
1652929200000,10204.617119952856
1652932800000,10204.617119952856
1652936400000,10204.617119952856
1652940000000,10204.617119952856
1652943600000,10204.617119952856
1652947200000,10204.617119952856
1652950800000,10204.617119952856
1652954400000,10204.617119952856
1652958000000,10204.617119952856
1652961600000,10204.617119952856
1652965200000,10204.617119952856
1652968800000,10204.617119952856
1652972400000,10204.617119952856
1652976000000,10204.617119952856
1652979600000,10204.617119952856
1652983200000,10204.617119952856
1652986800000,10204.617119952856
1652990400000,10204.617119952856
1652994000000,10204.617119952856
1652997600000,10204.617119952856
1653001200000,10204.617119952856
1653004800000,10204.617119952856
1653008400000,10204.617119952856
1653012000000,10204.617119952856
1653015600000,10204.617119952856
1653019200000,10204.617119952856
1653022800000,10204.617119952856
1653026400000,10204.617119952856
1653030000000,10204.617119952856
1653033600000,10204.617119952856
1653037200000,10204.617119952856
1653040800000,10204.617119952856
1653044400000,10204.617119952856
1653048000000,10204.617119952856
1653051600000,10204.617119952856
1653055200000,10204.617119952856
1653058800000,10204.617119952856
1653062400000,10204.617119952856
1653066000000,10204.617119952856
1653069600000,10204.617119952856
1653073200000,10204.617119952856
1653076800000,10204.617119952856
1653080400000,10204.617119952856
1653084000000,10204.617119952856
1653087600000,10204.617119952856
1653091200000,10204.617119952856
1653094800000,10204.617119952856
1653098400000,10204.617119952856
1653102000000,10204.617119952856
1653105600000,10204.617119952856
1653109200000,10204.617119952856
1653112800000,10204.617119952856
1653116400000,10204.617119952856
1653120000000,10204.617119952856
1653123600000,10204.617119952856
1653127200000,10204.617119952856
1653130800000,10204.617119952856
1653134400000,10204.617119952856
1653138000000,10204.617119952856
1653141600000,10204.617119952856
1653145200000,10204.617119952856
1653148800000,10204.617119952856
1653152400000,10204.617119952856
1653156000000,10204.617119952856
1653159600000,10204.617119952856
1653163200000,10204.617119952856
1653166800000,10204.617119952856
1653170400000,10204.617119952856
1653174000000,10204.617119952856
1653177600000,10204.617119952856
1653181200000,10204.617119952856
1653184800000,10204.617119952856
1653188400000,10204.617119952856
1653192000000,10204.617119952856
1653195600000,10204.617119952856
1653199200000,10204.617119952856
1653202800000,10204.617119952856
1653206400000,10204.617119952856
1653210000000,10204.617119952856
1653213600000,10204.617119952856
1653217200000,10204.617119952856
1653220800000,10204.617119952856
1653224400000,10204.617119952856
1653228000000,10204.617119952856
1653231600000,10204.617119952856
1653235200000,10204.617119952856
1653238800000,10204.617119952856
1653242400000,10204.617119952856
1653246000000,10204.617119952856
1653249600000,10204.617119952856
1653253200000,10204.617119952856
1653256800000,10204.617119952856
1653260400000,10204.617119952856
1653264000000,10204.617119952856
1653267600000,10204.617119952856
1653271200000,10204.617119952856
1653274800000,10204.617119952856
1653278400000,10204.617119952856
1653282000000,10204.617119952856
1653285600000,10204.617119952856
1653289200000,10204.617119952856
1653292800000,10204.617119952856
1653296400000,10204.617119952856
1653300000000,10204.617119952856
1653303600000,10204.617119952856
1653307200000,10204.617119952856
1653310800000,10204.617119952856
1653314400000,10204.617119952856
1653318000000,10204.617119952856
1653321600000,10204.617119952856
1653325200000,10204.617119952856
1653328800000,10204.617119952856
1653332400000,10204.617119952856
1653336000000,10204.617119952856
1653339600000,10204.617119952856
1653343200000,10204.617119952856
1653346800000,10204.617119952856
1653350400000,10204.617119952856
1653354000000,10204.617119952856
1653357600000,10204.617119952856
1653361200000,10204.617119952856
1653364800000,10204.617119952856
1653368400000,10204.617119952856
1653372000000,10204.617119952856
1653375600000,10204.617119952856
1653379200000,10204.617119952856
1653382800000,10204.617119952856
1653386400000,10204.617119952856
1653390000000,10204.617119952856
1653393600000,10204.617119952856
1653397200000,10204.617119952856
1653400800000,10204.617119952856
1653404400000,10204.617119952856
1653408000000,10204.617119952856
1653411600000,10204.617119952856
1653415200000,10204.617119952856
1653418800000,10204.617119952856
1653422400000,10204.617119952856
1653426000000,10204.617119952856
1653429600000,10204.617119952856
1653433200000,10204.617119952856
1653436800000,10204.617119952856
1653440400000,10204.617119952856
1653444000000,10204.617119952856
1653447600000,10204.617119952856
1653451200000,10204.617119952856
1653454800000,10204.617119952856
1653458400000,10204.617119952856
1653462000000,10204.617119952856
1653465600000,10204.617119952856
1653469200000,10204.617119952856
1653472800000,10204.617119952856
1653476400000,10204.617119952856
1653480000000,10204.617119952856
1653483600000,10204.617119952856
1653487200000,10204.617119952856
1653490800000,10204.617119952856
1653494400000,10204.617119952856
1653498000000,10204.617119952856
1653501600000,10204.617119952856
1653505200000,10204.617119952856
1653508800000,10204.617119952856
1653512400000,10204.617119952856
1653516000000,10204.617119952856
1653519600000,10204.617119952856
1653523200000,10204.617119952856
1653526800000,10204.617119952856
1653530400000,10204.617119952856
1653534000000,10204.617119952856
1653537600000,10204.617119952856
1653541200000,10204.617119952856
1653544800000,10204.617119952856
1653548400000,10204.617119952856
1653552000000,10204.617119952856
1653555600000,10204.617119952856
1653559200000,10204.617119952856
1653562800000,10204.617119952856
1653566400000,10203.91340699458
1653570000000,10205.32162699458
1653573600000,10204.82165699458
1653577200000,10197.77363699458
1653580800000,10196.620257290719
1653584400000,10192.89902729072
1653588000000,10193.86955729072
1653591600000,10196.431687290718
1653595200000,10202.152797290719
1653598800000,10201.91232729072
1653602400000,10202.168367290718
1653606000000,10204.23052729072
1653609600000,10208.263021831719
1653613200000,10211.53618183172
1653616800000,10217.93891183172
1653620400000,10214.94255183172
1653624000000,10213.06896183172
1653627600000,10216.46322183172
1653631200000,10219.03573183172
1653634800000,10211.562131831719
1653638400000,10213.609984665645
1653642000000,10212.850514665644
1653645600000,10209.982174665643
1653649200000,10214.315824665644
1653652800000,10213.032164665645
1653656400000,10204.889054665644
1653660000000,10204.729894665645
1653663600000,10212.841864665645
1653667200000,10213.664369886765
1653670800000,10216.238609886765
1653674400000,10219.845659886765
1653678000000,10219.177879886765
1653681600000,10215.710959886765
1653685200000,10216.413339886765
1653688800000,10219.828359886766
1653692400000,10216.776639886764
1653696000000,10219.465519201765
1653699600000,10215.842899201765
1653703200000,10219.192179201764
1653706800000,10219.936079201765
1653710400000,10213.529889201765
1653714000000,10214.102519201764
1653717600000,10211.730689201764
1653721200000,10212.827509201765
1653724800000,10212.673974579515
1653728400000,10214.431654579515
1653732000000,10214.623684579516
1653735600000,10213.924764579515
1653739200000,10211.471624579515
1653742800000,10209.880024579516
1653746400000,10209.162074579515
1653750000000,10210.153364579515
1653753600000,10208.77043593011
1653757200000,10208.10438593011
1653760800000,10210.96061593011
1653764400000,10208.96765593011
1653768000000,10208.870775930109
1653771600000,10207.90889593011
1653775200000,10210.32916593011
1653778800000,10209.913965930109
1653782400000,10208.64919303211
1653786000000,10209.26853303211
1653789600000,10211.579813032109
1653793200000,10212.48287303211
1653796800000,10211.36356303211
1653800400000,10211.70437303211
1653804000000,10209.339463032109
1653807600000,10209.946693032109
1653811200000,10210.44691357749
1653814800000,10209.53693357749
1653818400000,10210.20298357749
1653822000000,10207.78790357749
1653825600000,10206.94539357749
1653829200000,10204.701583577491
1653832800000,10205.57004357749
1653836400000,10206.877923577491
1653840000000,10207.634431085182
1653843600000,10206.776351085182
1653847200000,10207.215771085182
1653850800000,10208.063471085183
1653854400000,10208.758931085182
1653858000000,10207.734771085183
1653861600000,10206.027261085183
1653865200000,10205.497881085183
1653868800000,10205.16185818125
1653872400000,10205.95938818125
1653876000000,10198.721735343626
1653879600000,10198.721735343626
1653883200000,10198.721735343626
1653886800000,10198.721735343626
1653890400000,10198.721735343626
1653894000000,10198.721735343626
1653897600000,10198.721735343626
1653901200000,10198.721735343626
1653904800000,10198.721735343626
1653908400000,10198.721735343626
1653912000000,10198.721735343626
1653915600000,10198.721735343626
1653919200000,10198.721735343626
1653922800000,10198.721735343626
1653926400000,10198.721735343626
1653930000000,10198.721735343626
1653933600000,10198.721735343626
1653937200000,10198.721735343626
1653940800000,10198.721735343626
1653944400000,10198.721735343626
1653948000000,10198.721735343626
1653951600000,10198.721735343626
1653955200000,10198.721735343626
1653958800000,10198.721735343626
1653962400000,10198.721735343626
1653966000000,10198.721735343626
1653969600000,10198.721735343626
1653973200000,10198.721735343626
1653976800000,10198.721735343626
1653980400000,10198.721735343626
1653984000000,10198.721735343626
1653987600000,10198.721735343626
1653991200000,10198.721735343626
1653994800000,10198.721735343626
1653998400000,10198.721735343626
1654002000000,10198.721735343626
1654005600000,10198.721735343626
1654009200000,10198.721735343626
1654012800000,10198.721735343626
1654016400000,10198.721735343626
1654020000000,10198.721735343626
1654023600000,10198.721735343626
1654027200000,10198.721735343626
1654030800000,10198.721735343626
1654034400000,10198.721735343626
1654038000000,10198.721735343626
1654041600000,10198.721735343626
1654045200000,10198.721735343626
1654048800000,10198.721735343626
1654052400000,10198.721735343626
1654056000000,10198.721735343626
1654059600000,10198.721735343626
1654063200000,10198.721735343626
1654066800000,10198.721735343626
1654070400000,10198.721735343626
1654074000000,10198.721735343626
1654077600000,10198.721735343626
1654081200000,10198.721735343626
1654084800000,10198.721735343626
1654088400000,10198.721735343626
1654092000000,10198.721735343626
1654095600000,10198.721735343626
1654099200000,10198.721735343626
1654102800000,10198.721735343626
1654106400000,10198.721735343626
1654110000000,10198.721735343626
1654113600000,10198.721735343626
1654117200000,10198.721735343626
1654120800000,10198.721735343626
1654124400000,10198.721735343626
1654128000000,10198.721735343626
1654131600000,10198.721735343626
1654135200000,10198.721735343626
1654138800000,10198.721735343626
1654142400000,10198.721735343626
1654146000000,10198.721735343626
1654149600000,10198.721735343626
1654153200000,10198.721735343626
1654156800000,10198.721735343626
1654160400000,10198.721735343626
1654164000000,10198.721735343626
1654167600000,10198.721735343626
1654171200000,10198.721735343626
1654174800000,10198.721735343626
1654178400000,10198.721735343626
1654182000000,10198.721735343626
1654185600000,10198.721735343626
1654189200000,10198.721735343626
1654192800000,10198.721735343626
1654196400000,10198.721735343626
1654200000000,10198.721735343626
1654203600000,10198.721735343626
1654207200000,10198.721735343626
1654210800000,10198.721735343626
1654214400000,10198.721735343626
1654218000000,10198.721735343626
1654221600000,10198.721735343626
1654225200000,10198.721735343626
1654228800000,10198.721735343626
1654232400000,10198.721735343626
1654236000000,10198.721735343626
1654239600000,10198.721735343626
1654243200000,10198.721735343626
1654246800000,10198.721735343626
1654250400000,10198.721735343626
1654254000000,10198.721735343626
1654257600000,10198.721735343626
1654261200000,10198.721735343626
1654264800000,10198.721735343626
1654268400000,10198.721735343626
1654272000000,10198.721735343626
1654275600000,10198.721735343626
1654279200000,10198.721735343626
1654282800000,10198.721735343626
1654286400000,10198.721735343626
1654290000000,10198.721735343626
1654293600000,10198.721735343626
1654297200000,10198.721735343626
1654300800000,10198.721735343626
1654304400000,10198.721735343626
1654308000000,10198.721735343626
1654311600000,10198.721735343626
1654315200000,10198.721735343626
1654318800000,10198.721735343626
1654322400000,10198.721735343626
1654326000000,10198.721735343626
1654329600000,10198.721735343626
1654333200000,10198.721735343626
1654336800000,10198.721735343626
1654340400000,10198.721735343626
1654344000000,10198.721735343626
1654347600000,10198.721735343626
1654351200000,10198.721735343626
1654354800000,10198.721735343626
1654358400000,10198.721735343626
1654362000000,10198.721735343626
1654365600000,10198.721735343626
1654369200000,10198.721735343626
1654372800000,10198.721735343626
1654376400000,10198.721735343626
1654380000000,10198.721735343626
1654383600000,10198.721735343626
1654387200000,10198.721735343626
1654390800000,10198.721735343626
1654394400000,10198.721735343626
1654398000000,10198.721735343626
1654401600000,10198.721735343626
1654405200000,10198.721735343626
1654408800000,10198.721735343626
1654412400000,10198.721735343626
1654416000000,10198.721735343626
1654419600000,10198.721735343626
1654423200000,10198.721735343626
1654426800000,10198.721735343626
1654430400000,10198.721735343626
1654434000000,10198.721735343626
1654437600000,10198.721735343626
1654441200000,10198.721735343626
1654444800000,10198.721735343626
1654448400000,10198.721735343626
1654452000000,10198.721735343626
1654455600000,10198.721735343626
1654459200000,10198.721735343626
1654462800000,10198.721735343626
1654466400000,10198.721735343626
1654470000000,10198.721735343626
1654473600000,10198.721735343626
1654477200000,10198.721735343626
1654480800000,10198.721735343626
1654484400000,10198.721735343626
1654488000000,10198.721735343626
1654491600000,10198.721735343626
1654495200000,10198.721735343626
1654498800000,10198.721735343626
1654502400000,10198.721735343626
1654506000000,10198.721735343626
1654509600000,10198.721735343626
1654513200000,10198.721735343626
1654516800000,10198.721735343626
1654520400000,10198.721735343626
1654524000000,10198.721735343626
1654527600000,10198.721735343626
1654531200000,10198.721735343626
1654534800000,10198.721735343626
1654538400000,10198.721735343626
1654542000000,10198.721735343626
1654545600000,10198.721735343626
1654549200000,10198.721735343626
1654552800000,10198.721735343626
1654556400000,10198.721735343626
1654560000000,10198.721735343626
1654563600000,10198.721735343626
1654567200000,10198.721735343626
1654570800000,10198.721735343626
1654574400000,10198.721735343626
1654578000000,10198.721735343626
1654581600000,10198.721735343626
1654585200000,10198.721735343626
1654588800000,10198.721735343626
1654592400000,10198.721735343626
1654596000000,10198.721735343626
1654599600000,10198.721735343626
1654603200000,10198.721735343626
1654606800000,10198.721735343626
1654610400000,10198.721735343626
1654614000000,10198.721735343626
1654617600000,10198.721735343626
1654621200000,10198.721735343626
1654624800000,10198.721735343626
1654628400000,10198.721735343626
1654632000000,10198.721735343626
1654635600000,10198.721735343626
1654639200000,10198.721735343626
1654642800000,10198.721735343626
1654646400000,10198.721735343626
1654650000000,10198.721735343626
1654653600000,10198.721735343626
1654657200000,10198.721735343626
1654660800000,10198.721735343626
1654664400000,10198.721735343626
1654668000000,10198.721735343626
1654671600000,10198.721735343626
1654675200000,10198.721735343626
1654678800000,10198.721735343626
1654682400000,10198.721735343626
1654686000000,10198.721735343626
1654689600000,10198.721735343626
1654693200000,10198.721735343626
1654696800000,10198.721735343626
1654700400000,10198.721735343626
1654704000000,10198.721735343626
1654707600000,10198.721735343626
1654711200000,10198.721735343626
1654714800000,10198.721735343626
1654718400000,10198.721735343626
1654722000000,10198.721735343626
1654725600000,10198.721735343626
1654729200000,10198.721735343626
1654732800000,10198.613355608597
1654736400000,10198.685355608597
1654740000000,10197.320955608597
1654743600000,10198.314555608596
1654747200000,10198.738138304585
1654750800000,10198.851138304586
1654754400000,10198.301138304585
1654758000000,10198.369138304586
1654761600000,10196.702889477005
1654765200000,10196.452889477005
1654768800000,10196.043889477005
1654772400000,10197.429889477005
1654776000000,10198.520889477006
1654779600000,10200.530889477006
1654783200000,10199.868889477006
1654786800000,10200.737889477005
1654790400000,10198.455180320512
1654794000000,10198.333180320513
1654797600000,10198.570180320514
1654801200000,10200.247180320514
1654804800000,10201.914180320513
1654808400000,10199.895180320513
1654812000000,10200.061180320514
1654815600000,10201.654180320513
1654819200000,10200.680276005904
1654822800000,10204.084276005902
1654826400000,10202.930276005904
1654830000000,10201.281276005902
1654833600000,10200.235276005902
1654837200000,10200.509276005903
1654840800000,10200.522276005902
1654844400000,10200.588276005903
1654848000000,10201.132185327544
1654851600000,10201.451185327543
1654855200000,10202.886185327545
1654858800000,10201.688185327544
1654862400000,10201.563185327544
1654866000000,10205.558185327543
1654869600000,10208.394185327545
1654873200000,10205.695185327544
1654876800000,10206.91535149336
1654880400000,10221.36505149336
1654884000000,10220.27475149336
1654887600000,10221.565851493358
1654891200000,10223.72765149336
1654894800000,10220.398651493359
1654898400000,10220.24945149336
1654902000000,10221.82165149336
1654905600000,10225.242390566644
1654909200000,10219.803590566644
1654912800000,10220.598090566644
1654916400000,10220.915190566644
1654920000000,10220.589986374891
1654923600000,10221.189786374889
1654927200000,10221.33788637489
1654930800000,10222.14028637489
1654934400000,10221.97708524894
1654938000000,10240.138285248939
1654941600000,10233.83328524894
1654945200000,10233.81538524894
1654948800000,10229.196381990989
1654952400000,10240.42908199099
1654956000000,10232.406481990987
1654959600000,10246.453181990988
1654963200000,10249.936152034075
1654966800000,10246.799452034076
1654970400000,10245.128152034076
1654974000000,10239.878352034075
1654977600000,10241.344452034074
1654981200000,10249.882752034075
1654984800000,10242.414552034073
1654988400000,10240.271252034076
1654992000000,10247.444330172999
1654995600000,10244.793330172999
1654999200000,10254.426130173
1655002800000,10282.536930173
1655006400000,10276.425230173
1655010000000,10281.623130172999
1655013600000,10288.094730173
1655017200000,10279.375030173
1655020800000,10275.234243389401
1655024400000,10276.2203433894
1655028000000,10279.2677433894
1655031600000,10281.8494433894
1655035200000,10278.3979433894
1655038800000,10279.1733433894
1655042400000,10284.2384433894
1655046000000,10262.5497433894
1655049600000,10256.093383562296
1655053200000,10260.663583562296
1655056800000,10254.122183562296
1655060400000,10260.135783562297
1655064000000,10274.919883562296
1655067600000,10276.654783562297
1655071200000,10282.017183562295
1655074800000,10287.917583562297
1655078400000,10297.6879717872
1655082000000,10315.8706717872
1655085600000,10330.409271787199
1655089200000,10342.0822717872
1655092800000,10340.970571787198
1655096400000,10338.3672717872
1655100000000,10350.4230717872
1655103600000,10344.8296717872
1655107200000,10367.849618781895
1655110800000,10392.761718781894
1655114400000,10387.813118781894
1655118000000,10391.410718781894
1655121600000,10395.208118781895
1655125200000,10398.330718781894
1655128800000,10394.029118781895
1655132400000,10418.754218781894
1655136000000,10406.882286917633
1655139600000,10393.277886917635
1655143200000,10398.826486917633
1655146800000,10401.226586917634
1655150400000,10402.372786917633
1655154000000,10401.361386917633
1655157600000,10406.668986917633
1655161200000,10424.493886917635
1655164800000,10425.448296651797
1655168400000,10440.814796651797
1655172000000,10472.984096651797
1655175600000,10457.530796651798
1655179200000,10437.496196651797
1655182800000,10442.310496651799
1655186400000,10415.075696651798
1655190000000,10415.457196651798
1655193600000,10408.943335671815
1655197200000,10416.997035671813
1655200800000,10428.983535671814
1655204400000,10430.560535671813
1655208000000,10438.811935671814
1655211600000,10428.807135671814
1655215200000,10418.939635671815
1655218800000,10418.645935671813
1655222400000,10411.277808923676
1655226000000,10416.904408923674
1655229600000,10422.159008923676
1655233200000,10425.080508923675
1655236800000,10428.069308923676
1655240400000,10432.916808923675
1655244000000,10448.521708923674
1655247600000,10444.498808923676
1655251200000,10427.583977561753
1655254800000,10437.509277561754
1655258400000,10426.401977561753
1655262000000,10432.121577561753
1655265600000,10447.772977561754
1655269200000,10460.235977561755
1655272800000,10461.575077561754
1655276400000,10458.173177561754
1655280000000,10479.262780543962
1655283600000,10500.014580543962
1655287200000,10499.255080543962
1655290800000,10486.006780543963
1655294400000,10466.608080543963
1655298000000,10467.029180543963
1655301600000,10452.957480543962
1655305200000,10466.607080543963
1655308800000,10461.96380453304
1655312400000,10480.269704533039
1655316000000,10467.76190453304
1655319600000,10442.11520453304
1655323200000,10442.059804533039
1655326800000,10440.218604533038
1655330400000,10421.82130453304
1655334000000,10420.224004533038
1655337600000,10414.2602112004
1655341200000,10412.006611200402
1655344800000,10420.396711200401
1655348400000,10420.521911200402
1655352000000,10426.380211200401
1655355600000,10431.497911200402
1655359200000,10436.176311200403
1655362800000,10440.547711200401
1655366400000,10444.619984938994
1655370000000,10442.429884938994
1655373600000,10460.879084938993
1655377200000,10464.619184938994
1655380800000,10466.130384938993
1655384400000,10464.688484938995
1655388000000,10472.892384938994
1655391600000,10471.446584938993
1655395200000,10467.908093505961
1655398800000,10463.600593505962
1655402400000,10470.46299350596
1655406000000,10469.682393505962
1655409600000,10472.583793505963
1655413200000,10478.028193505961
1655416800000,10478.059393505962
1655420400000,10488.997993505962
1655424000000,10490.92732588281
1655427600000,10489.62182588281
1655431200000,10470.44792588281
1655434800000,10481.80332588281
1655438400000,10488.82742588281
1655442000000,10482.20682588281
1655445600000,10474.91042588281
1655449200000,10471.197025882811
1655452800000,10469.952987410434
1655456400000,10471.560487410432
1655460000000,10474.497087410435
1655463600000,10468.498687410432
1655467200000,10473.455287410434
1655470800000,10484.001887410433
1655474400000,10477.563987410433
1655478000000,10485.937987410434
1655481600000,10481.214503024892
1655485200000,10485.461103024893
1655488800000,10483.246003024891
1655492400000,10484.588703024892
1655496000000,10483.848903024893
1655499600000,10478.280603024894
1655503200000,10483.640403024892
1655506800000,10484.938603024893
1655510400000,10485.5360085527
1655514000000,10481.3463085527
1655517600000,10487.0693085527
1655521200000,10485.199708552702
1655524800000,10485.926408552701
1655528400000,10484.0333085527
1655532000000,10487.2598085527
1655535600000,10513.2975085527
1655539200000,10524.918029097971
1655542800000,10532.755629097972
1655546400000,10526.64372909797
1655550000000,10520.741629097973
1655553600000,10523.123129097972
1655557200000,10526.818229097971
1655560800000,10525.004629097972
1655564400000,10529.86792909797
1655568000000,10531.506260737635
1655571600000,10534.785260737635
1655575200000,10544.819860737634
1655578800000,10556.744960737635
1655582400000,10564.977460737635
1655586000000,10570.521360737635
1655589600000,10550.195260737635
1655593200000,10524.738360737634
1655596800000,10529.383613849106
1655600400000,10530.623213849105
1655604000000,10546.068613849106
1655607600000,10550.524113849106
1655611200000,10552.086913849105
1655614800000,10544.255713849107
1655618400000,10556.887613849105
1655622000000,10551.737213849106
1655625600000,10551.221368779632
1655629200000,10542.28796877963
1655632800000,10531.134668779632
1655636400000,10498.566834458963
1655640000000,10502.352734458962
1655643600000,10507.884534458963
1655647200000,10510.664034458963
1655650800000,10505.800334458963
1655654400000,10501.482919023225
1655658000000,10504.865919023225
1655661600000,10506.475819023224
1655665200000,10492.34035522029
1655668800000,10492.34035522029
1655672400000,10492.34035522029
1655676000000,10492.34035522029
1655679600000,10492.34035522029
1655683200000,10492.34035522029
1655686800000,10492.34035522029
1655690400000,10492.34035522029
1655694000000,10492.34035522029
1655697600000,10492.34035522029
1655701200000,10492.34035522029
1655704800000,10492.34035522029
1655708400000,10492.34035522029
1655712000000,10492.34035522029
1655715600000,10492.34035522029
1655719200000,10492.34035522029
1655722800000,10492.34035522029
1655726400000,10492.34035522029
1655730000000,10492.34035522029
1655733600000,10492.34035522029
1655737200000,10492.34035522029
1655740800000,10492.34035522029
1655744400000,10492.34035522029
1655748000000,10492.34035522029
1655751600000,10492.34035522029
1655755200000,10492.34035522029
1655758800000,10492.34035522029
1655762400000,10492.34035522029
1655766000000,10492.34035522029
1655769600000,10492.34035522029
1655773200000,10492.34035522029
1655776800000,10492.34035522029
1655780400000,10492.34035522029
1655784000000,10492.34035522029
1655787600000,10492.34035522029
1655791200000,10492.34035522029
1655794800000,10492.34035522029
1655798400000,10492.34035522029
1655802000000,10492.34035522029
1655805600000,10492.34035522029
1655809200000,10492.34035522029
1655812800000,10492.34035522029
1655816400000,10492.34035522029
1655820000000,10492.34035522029
1655823600000,10492.34035522029
1655827200000,10492.34035522029
1655830800000,10492.34035522029
1655834400000,10492.34035522029
1655838000000,10492.34035522029
1655841600000,10492.34035522029
1655845200000,10492.34035522029
1655848800000,10492.34035522029
1655852400000,10492.34035522029
1655856000000,10492.34035522029
1655859600000,10492.34035522029
1655863200000,10492.34035522029
1655866800000,10492.34035522029
1655870400000,10492.34035522029
1655874000000,10492.34035522029
1655877600000,10492.34035522029
1655881200000,10492.34035522029
1655884800000,10492.34035522029
1655888400000,10492.34035522029
1655892000000,10492.34035522029
1655895600000,10492.34035522029
1655899200000,10492.34035522029
1655902800000,10492.34035522029
1655906400000,10492.34035522029
1655910000000,10492.34035522029
1655913600000,10492.34035522029
1655917200000,10492.34035522029
1655920800000,10492.34035522029
1655924400000,10492.34035522029
1655928000000,10492.34035522029
1655931600000,10492.34035522029
1655935200000,10492.34035522029
1655938800000,10492.34035522029
1655942400000,10492.34035522029
1655946000000,10492.34035522029
1655949600000,10492.34035522029
1655953200000,10492.34035522029
1655956800000,10492.34035522029
1655960400000,10492.34035522029
1655964000000,10492.34035522029
1655967600000,10492.34035522029
1655971200000,10492.34035522029
1655974800000,10492.34035522029
1655978400000,10492.34035522029
1655982000000,10492.34035522029
1655985600000,10492.34035522029
1655989200000,10492.34035522029
1655992800000,10492.34035522029
1655996400000,10492.34035522029
1656000000000,10492.34035522029
1656003600000,10492.34035522029
1656007200000,10492.34035522029
1656010800000,10492.34035522029
1656014400000,10492.34035522029
1656018000000,10492.34035522029
1656021600000,10492.34035522029
1656025200000,10492.34035522029
1656028800000,10492.34035522029
1656032400000,10492.34035522029
1656036000000,10492.34035522029
1656039600000,10492.34035522029
1656043200000,10492.34035522029
1656046800000,10492.34035522029
1656050400000,10492.34035522029
1656054000000,10492.34035522029
1656057600000,10492.34035522029
1656061200000,10492.34035522029
1656064800000,10492.34035522029
1656068400000,10492.34035522029
1656072000000,10492.34035522029
1656075600000,10492.34035522029
1656079200000,10492.34035522029
1656082800000,10492.34035522029
1656086400000,10492.34035522029
1656090000000,10492.34035522029
1656093600000,10492.34035522029
1656097200000,10492.34035522029
1656100800000,10492.34035522029
1656104400000,10492.34035522029
1656108000000,10492.34035522029
1656111600000,10492.34035522029
1656115200000,10492.34035522029
1656118800000,10492.34035522029
1656122400000,10492.34035522029
1656126000000,10492.34035522029
1656129600000,10492.34035522029
1656133200000,10492.34035522029
1656136800000,10492.34035522029
1656140400000,10492.34035522029
1656144000000,10492.34035522029
1656147600000,10492.34035522029
1656151200000,10492.34035522029
1656154800000,10492.34035522029
1656158400000,10492.34035522029
1656162000000,10492.34035522029
1656165600000,10492.34035522029
1656169200000,10492.34035522029
1656172800000,10492.34035522029
1656176400000,10492.34035522029
1656180000000,10492.34035522029
1656183600000,10492.34035522029
1656187200000,10492.34035522029
1656190800000,10492.34035522029
1656194400000,10492.34035522029
1656198000000,10492.34035522029
1656201600000,10492.34035522029
1656205200000,10492.34035522029
1656208800000,10492.34035522029
1656212400000,10492.34035522029
1656216000000,10492.34035522029
1656219600000,10492.34035522029
1656223200000,10492.34035522029
1656226800000,10492.34035522029
1656230400000,10492.34035522029
1656234000000,10492.34035522029
1656237600000,10492.34035522029
1656241200000,10492.34035522029
1656244800000,10492.34035522029
1656248400000,10492.34035522029
1656252000000,10492.34035522029
1656255600000,10492.34035522029
1656259200000,10492.34035522029
1656262800000,10492.34035522029
1656266400000,10492.34035522029
1656270000000,10492.34035522029
1656273600000,10492.34035522029
1656277200000,10492.34035522029
1656280800000,10492.34035522029
1656284400000,10492.34035522029
1656288000000,10492.34035522029
1656291600000,10492.34035522029
1656295200000,10492.34035522029
1656298800000,10492.34035522029
1656302400000,10492.34035522029
1656306000000,10492.34035522029
1656309600000,10492.34035522029
1656313200000,10492.34035522029
1656316800000,10492.34035522029
1656320400000,10492.34035522029
1656324000000,10492.34035522029
1656327600000,10492.34035522029
1656331200000,10492.34035522029
1656334800000,10492.34035522029
1656338400000,10492.34035522029
1656342000000,10492.34035522029
1656345600000,10492.34035522029
1656349200000,10492.34035522029
1656352800000,10492.34035522029
1656356400000,10492.34035522029
1656360000000,10492.34035522029
1656363600000,10492.34035522029
1656367200000,10492.34035522029
1656370800000,10492.34035522029
1656374400000,10492.34035522029
1656378000000,10492.34035522029
1656381600000,10492.34035522029
1656385200000,10492.34035522029
1656388800000,10492.34035522029
1656392400000,10492.34035522029
1656396000000,10492.34035522029
1656399600000,10492.34035522029
1656403200000,10492.34035522029
1656406800000,10492.34035522029
1656410400000,10492.34035522029
1656414000000,10492.34035522029
1656417600000,10492.34035522029
1656421200000,10492.34035522029
1656424800000,10492.34035522029
1656428400000,10492.34035522029
1656432000000,10492.34035522029
1656435600000,10492.34035522029
1656439200000,10492.34035522029
1656442800000,10492.34035522029
1656446400000,10492.34035522029
1656450000000,10492.34035522029
1656453600000,10492.34035522029
1656457200000,10492.34035522029
1656460800000,10492.34035522029
1656464400000,10492.34035522029
1656468000000,10492.34035522029
1656471600000,10492.34035522029
1656475200000,10492.34035522029
1656478800000,10492.34035522029
1656482400000,10492.34035522029
1656486000000,10492.34035522029
1656489600000,10492.34035522029
1656493200000,10492.34035522029
1656496800000,10492.34035522029
1656500400000,10492.34035522029
1656504000000,10492.34035522029
1656507600000,10492.34035522029
1656511200000,10492.34035522029
1656514800000,10492.34035522029
1656518400000,10492.34035522029
1656522000000,10492.34035522029
1656525600000,10492.34035522029
1656529200000,10492.34035522029
1656532800000,10492.34035522029
1656536400000,10492.34035522029
1656540000000,10492.34035522029
1656543600000,10492.34035522029
1656547200000,10492.34035522029
1656550800000,10492.34035522029
1656554400000,10492.34035522029
1656558000000,10492.34035522029
1656561600000,10492.34035522029
1656565200000,10492.34035522029
1656568800000,10492.34035522029
1656572400000,10492.34035522029
1656576000000,10492.34035522029
1656579600000,10492.34035522029
1656583200000,10492.34035522029
1656586800000,10492.34035522029
1656590400000,10492.34035522029
1656594000000,10492.34035522029
1656597600000,10492.34035522029
1656601200000,10492.34035522029
1656604800000,10492.34035522029
1656608400000,10492.34035522029
1656612000000,10492.34035522029
1656615600000,10492.34035522029
1656619200000,10492.34035522029
1656622800000,10492.34035522029
1656626400000,10492.34035522029
1656630000000,10492.34035522029
1656633600000,10492.34035522029
1656637200000,10492.34035522029
1656640800000,10492.34035522029
1656644400000,10492.34035522029
1656648000000,10492.34035522029
1656651600000,10492.34035522029
1656655200000,10492.34035522029
1656658800000,10492.34035522029
1656662400000,10492.34035522029
1656666000000,10492.34035522029
1656669600000,10492.34035522029
1656673200000,10492.34035522029
1656676800000,10492.34035522029
1656680400000,10492.34035522029
1656684000000,10492.34035522029
1656687600000,10492.34035522029
1656691200000,10492.34035522029
1656694800000,10492.34035522029
1656698400000,10492.34035522029
1656702000000,10492.34035522029
1656705600000,10492.34035522029
1656709200000,10492.34035522029
1656712800000,10492.34035522029
1656716400000,10492.34035522029
1656720000000,10492.34035522029
1656723600000,10492.34035522029
1656727200000,10492.34035522029
1656730800000,10492.34035522029
1656734400000,10492.34035522029
1656738000000,10492.34035522029
1656741600000,10492.34035522029
1656745200000,10492.34035522029
1656748800000,10492.34035522029
1656752400000,10492.34035522029
1656756000000,10492.34035522029
1656759600000,10492.34035522029
1656763200000,10492.34035522029
1656766800000,10492.34035522029
1656770400000,10492.34035522029
1656774000000,10492.34035522029
1656777600000,10492.34035522029
1656781200000,10492.34035522029
1656784800000,10492.34035522029
1656788400000,10492.34035522029
1656792000000,10492.34035522029
1656795600000,10492.34035522029
1656799200000,10492.34035522029
1656802800000,10492.34035522029
1656806400000,10492.34035522029
1656810000000,10492.34035522029
1656813600000,10492.34035522029
1656817200000,10492.34035522029
1656820800000,10492.34035522029
1656824400000,10492.34035522029
1656828000000,10492.34035522029
1656831600000,10492.34035522029
1656835200000,10492.34035522029
1656838800000,10492.34035522029
1656842400000,10492.34035522029
1656846000000,10492.34035522029
1656849600000,10492.34035522029
1656853200000,10492.34035522029
1656856800000,10492.34035522029
1656860400000,10492.34035522029
1656864000000,10492.34035522029
1656867600000,10492.34035522029
1656871200000,10492.34035522029
1656874800000,10492.34035522029
1656878400000,10492.34035522029
1656882000000,10492.34035522029
1656885600000,10492.34035522029
1656889200000,10492.34035522029
1656892800000,10492.34035522029
1656896400000,10492.34035522029
1656900000000,10492.34035522029
1656903600000,10492.34035522029
1656907200000,10492.34035522029
1656910800000,10492.34035522029
1656914400000,10492.34035522029
1656918000000,10492.34035522029
1656921600000,10492.34035522029
1656925200000,10492.34035522029
1656928800000,10492.34035522029
1656932400000,10492.34035522029
1656936000000,10492.34035522029
1656939600000,10492.34035522029
1656943200000,10492.34035522029
1656946800000,10492.34035522029
1656950400000,10492.34035522029
1656954000000,10492.34035522029
1656957600000,10492.34035522029
1656961200000,10492.34035522029
1656964800000,10492.34035522029
1656968400000,10492.34035522029
1656972000000,10492.34035522029
1656975600000,10492.34035522029
1656979200000,10492.34035522029
1656982800000,10492.34035522029
1656986400000,10492.34035522029
1656990000000,10492.34035522029
1656993600000,10492.34035522029
1656997200000,10492.34035522029
1657000800000,10492.34035522029
1657004400000,10492.34035522029
1657008000000,10492.34035522029
1657011600000,10492.34035522029
1657015200000,10492.34035522029
1657018800000,10492.34035522029
1657022400000,10492.34035522029
1657026000000,10492.34035522029
1657029600000,10492.34035522029
1657033200000,10492.34035522029
1657036800000,10492.34035522029
1657040400000,10492.34035522029
1657044000000,10492.34035522029
1657047600000,10492.34035522029
1657051200000,10492.34035522029
1657054800000,10492.34035522029
1657058400000,10492.34035522029
1657062000000,10492.34035522029
1657065600000,10492.34035522029
1657069200000,10492.34035522029
1657072800000,10492.34035522029
1657076400000,10492.34035522029
1657080000000,10492.34035522029
1657083600000,10492.34035522029
1657087200000,10492.34035522029
1657090800000,10492.34035522029
1657094400000,10492.34035522029
1657098000000,10492.34035522029
1657101600000,10492.34035522029
1657105200000,10492.34035522029
1657108800000,10492.34035522029
1657112400000,10492.34035522029
1657116000000,10492.34035522029
1657119600000,10492.34035522029
1657123200000,10492.34035522029
1657126800000,10492.34035522029
1657130400000,10492.34035522029
1657134000000,10492.34035522029
1657137600000,10492.34035522029
1657141200000,10492.34035522029
1657144800000,10492.34035522029
1657148400000,10492.34035522029
1657152000000,10492.34035522029
1657155600000,10492.34035522029
1657159200000,10492.34035522029
1657162800000,10492.34035522029
1657166400000,10492.34035522029
1657170000000,10492.34035522029
1657173600000,10492.34035522029
1657177200000,10492.34035522029
1657180800000,10492.34035522029
1657184400000,10492.34035522029
1657188000000,10492.34035522029
1657191600000,10492.34035522029
1657195200000,10492.34035522029
1657198800000,10492.34035522029
1657202400000,10492.34035522029
1657206000000,10492.34035522029
1657209600000,10492.34035522029
1657213200000,10492.34035522029
1657216800000,10492.34035522029
1657220400000,10492.34035522029
1657224000000,10492.34035522029
1657227600000,10492.34035522029
1657231200000,10492.34035522029
1657234800000,10492.34035522029
1657238400000,10492.34035522029
1657242000000,10492.34035522029
1657245600000,10492.34035522029
1657249200000,10492.34035522029
1657252800000,10492.34035522029
1657256400000,10492.34035522029
1657260000000,10492.34035522029
1657263600000,10492.34035522029
1657267200000,10492.34035522029
1657270800000,10492.34035522029
1657274400000,10492.34035522029
1657278000000,10492.34035522029
1657281600000,10492.34035522029
1657285200000,10492.34035522029
1657288800000,10492.34035522029
1657292400000,10492.34035522029
1657296000000,10492.34035522029
1657299600000,10492.34035522029
1657303200000,10492.34035522029
1657306800000,10492.34035522029
1657310400000,10492.34035522029
1657314000000,10492.34035522029
1657317600000,10492.34035522029
1657321200000,10492.34035522029
1657324800000,10492.34035522029
1657328400000,10492.34035522029
1657332000000,10492.34035522029
1657335600000,10492.34035522029
1657339200000,10492.34035522029
1657342800000,10492.34035522029
1657346400000,10492.34035522029
1657350000000,10492.34035522029
1657353600000,10492.34035522029
1657357200000,10492.34035522029
1657360800000,10492.34035522029
1657364400000,10492.34035522029
1657368000000,10492.34035522029
1657371600000,10492.34035522029
1657375200000,10492.34035522029
1657378800000,10492.34035522029
1657382400000,10492.34035522029
1657386000000,10492.34035522029
1657389600000,10492.34035522029
1657393200000,10492.34035522029
1657396800000,10492.34035522029
1657400400000,10492.34035522029
1657404000000,10492.34035522029
1657407600000,10492.34035522029
1657411200000,10492.34035522029
1657414800000,10492.34035522029
1657418400000,10492.34035522029
1657422000000,10492.34035522029
1657425600000,10492.34035522029
1657429200000,10492.34035522029
1657432800000,10492.34035522029
1657436400000,10492.34035522029
1657440000000,10492.34035522029
1657443600000,10492.34035522029
1657447200000,10492.34035522029
1657450800000,10492.34035522029
1657454400000,10492.34035522029
1657458000000,10492.34035522029
1657461600000,10492.34035522029
1657465200000,10492.34035522029
1657468800000,10492.34035522029
1657472400000,10492.34035522029
1657476000000,10492.34035522029
1657479600000,10492.34035522029
1657483200000,10492.34035522029
1657486800000,10492.34035522029
1657490400000,10492.34035522029
1657494000000,10492.34035522029
1657497600000,10492.34035522029
1657501200000,10492.34035522029
1657504800000,10492.34035522029
1657508400000,10492.34035522029
1657512000000,10492.34035522029
1657515600000,10492.34035522029
1657519200000,10492.34035522029
1657522800000,10492.34035522029
1657526400000,10492.34035522029
1657530000000,10492.34035522029
1657533600000,10492.34035522029
1657537200000,10492.34035522029
1657540800000,10492.34035522029
1657544400000,10492.34035522029
1657548000000,10492.34035522029
1657551600000,10492.34035522029
1657555200000,10492.34035522029
1657558800000,10492.34035522029
1657562400000,10492.34035522029
1657566000000,10492.34035522029
1657569600000,10492.34035522029
1657573200000,10492.34035522029
1657576800000,10492.34035522029
1657580400000,10492.34035522029
1657584000000,10492.34035522029
1657587600000,10492.34035522029
1657591200000,10492.34035522029
1657594800000,10492.34035522029
1657598400000,10492.34035522029
1657602000000,10492.34035522029
1657605600000,10492.34035522029
1657609200000,10492.34035522029
1657612800000,10492.34035522029
1657616400000,10492.34035522029
1657620000000,10492.34035522029
1657623600000,10492.34035522029
1657627200000,10492.34035522029
1657630800000,10492.34035522029
1657634400000,10492.34035522029
1657638000000,10492.34035522029
1657641600000,10492.34035522029
1657645200000,10492.34035522029
1657648800000,10492.34035522029
1657652400000,10492.34035522029
1657656000000,10492.34035522029
1657659600000,10492.34035522029
1657663200000,10492.34035522029
1657666800000,10492.34035522029
1657670400000,10492.34035522029
1657674000000,10492.34035522029
1657677600000,10492.34035522029
1657681200000,10492.34035522029
1657684800000,10492.34035522029
1657688400000,10492.34035522029
1657692000000,10492.34035522029
1657695600000,10492.34035522029
1657699200000,10492.34035522029
1657702800000,10492.34035522029
1657706400000,10492.34035522029
1657710000000,10492.34035522029
1657713600000,10492.34035522029
1657717200000,10492.34035522029
1657720800000,10492.34035522029
1657724400000,10492.34035522029
1657728000000,10492.34035522029
1657731600000,10492.34035522029
1657735200000,10492.34035522029
1657738800000,10492.34035522029
1657742400000,10492.34035522029
1657746000000,10492.34035522029
1657749600000,10492.34035522029
1657753200000,10492.34035522029
1657756800000,10492.34035522029
1657760400000,10492.34035522029
1657764000000,10492.34035522029
1657767600000,10492.34035522029
1657771200000,10492.34035522029
1657774800000,10492.34035522029
1657778400000,10492.34035522029
1657782000000,10492.34035522029
1657785600000,10492.34035522029
1657789200000,10492.34035522029
1657792800000,10492.34035522029
1657796400000,10492.34035522029
1657800000000,10492.34035522029
1657803600000,10492.34035522029
1657807200000,10492.34035522029
1657810800000,10492.34035522029
1657814400000,10492.34035522029
1657818000000,10492.34035522029
1657821600000,10492.34035522029
1657825200000,10492.34035522029
1657828800000,10492.34035522029
1657832400000,10492.34035522029
1657836000000,10492.34035522029
1657839600000,10492.34035522029
1657843200000,10492.34035522029
1657846800000,10492.34035522029
1657850400000,10492.34035522029
1657854000000,10492.34035522029
1657857600000,10492.09475922213
1657861200000,10490.78983922213
1657864800000,10493.47441922213
1657868400000,10491.69883922213
1657872000000,10493.649300501142
1657875600000,10493.661980501141
1657879200000,10496.51224050114
1657882800000,10496.210860501142
1657886400000,10492.757944001465
1657890000000,10492.697204001464
1657893600000,10494.133844001464
1657897200000,10494.457664001466
1657900800000,10494.84154183941
1657904400000,10492.93424183941
1657908000000,10494.51328183941
1657911600000,10497.690401839409
1657915200000,10498.15880183941
1657918800000,10499.729961839408
1657922400000,10499.21822183941
1657926000000,10498.595721839409
1657929600000,10495.040278086084
1657933200000,10499.901498086083
1657936800000,10498.922968086084
1657940400000,10499.657408086083
1657944000000,10497.890808891068
1657947600000,10497.816208891069
1657951200000,10496.745948891068
1657954800000,10495.870768891067
1657958400000,10495.5674704789
1657962000000,10495.0226104789
1657965600000,10494.6579904789
1657969200000,10494.6720504789
1657972800000,10494.8317904789
1657976400000,10496.9129304789
1657980000000,10499.0376904789
1657983600000,10501.6421704789
1657987200000,10505.93931401584
1657990800000,10514.985134015842
1657994400000,10511.595754015842
1657998000000,10513.18753401584
1658001600000,10513.208671911907
1658005200000,10514.726071911908
1658008800000,10516.063471911908
1658012400000,10518.796411911908
1658016000000,10517.557923831671
1658019600000,10521.354483831672
1658023200000,10512.815283831673
1658026800000,10514.46030383167
1658030400000,10519.154163831672
1658034000000,10517.593743831672
1658037600000,10519.226703831671
1658041200000,10526.921883831672
1658044800000,10524.090171038037
1658048400000,10524.260811038037
1658052000000,10520.391531038036
1658055600000,10521.289551038037
1658059200000,10523.937531038036
1658062800000,10520.478471038037
1658066400000,10513.973991038036
1658070000000,10516.438191038038
1658073600000,10515.437071938542
1658077200000,10514.730751938541
1658080800000,10507.535251938541
1658084400000,10509.42417193854
1658088000000,10512.961171938541
1658091600000,10509.419671938542
1658095200000,10516.716691938542
1658098800000,10513.891591938542
1658102400000,10505.883908431442
1658106000000,10509.620708431441
1658109600000,10514.51076843144
1658113200000,10531.300448431442
1658116800000,10528.815908431441
1658120400000,10530.897788431443
1658124000000,10544.00070843144
1658127600000,10555.34790843144
1658131200000,10557.667998840621
1658134800000,10560.338838840622
1658138400000,10561.16197884062
1658142000000,10560.414978840621
1658145600000,10558.77085884062
1658149200000,10562.107878840621
1658152800000,10557.13591884062
1658156400000,10561.82347884062
1658160000000,10575.856642978113
1658163600000,10563.524122978113
1658167200000,10552.114462978114
1658170800000,10553.569582978114
1658174400000,10547.105962978114
1658178000000,10546.057462978115
1658181600000,10551.313822978113
1658185200000,10559.111422978112
1658188800000,10581.57228177779
1658192400000,10577.53128177779
1658196000000,10567.408261777791
1658199600000,10565.44752177779
1658203200000,10561.60416177779
1658206800000,10561.69452177779
1658210400000,10566.62076177779
1658214000000,10559.28414177779
1658217600000,10559.074121407577
1658221200000,10565.158841407576
1658224800000,10564.292861407577
1658228400000,10568.368961407577
1658232000000,10568.150981407578
1658235600000,10574.470961407576
1658239200000,10575.523241407578
1658242800000,10580.564321407577
1658246400000,10586.583839108964
1658250000000,10593.856199108965
1658253600000,10599.713399108963
1658257200000,10599.607919108963
1658260800000,10596.519479108963
1658264400000,10595.607599108964
1658268000000,10603.653599108964
1658271600000,10599.805019108964
1658275200000,10593.836376637355
1658278800000,10583.534796637354
1658282400000,10590.648036637354
1658286000000,10592.852856637353
1658289600000,10598.302536637355
1658293200000,10596.934716637355
1658296800000,10600.731636637354
1658300400000,10605.486156637355
1658304000000,10589.839575538088
1658307600000,10590.598455538087
1658311200000,10597.300755538086
1658314800000,10609.036395538087
1658318400000,10611.628935538087
1658322000000,10612.207815538086
1658325600000,10610.437515538088
1658329200000,10618.760535538087
1658332800000,10618.052322875043
1658336400000,10601.234022875042
1658340000000,10597.28518287504
1658343600000,10604.21536287504
1658347200000,10599.680262875041
1658350800000,10587.57040287504
1658354400000,10596.769662875042
1658358000000,10589.035602875041
1658361600000,10586.407872420608
1658365200000,10587.918072420609
1658368800000,10587.447192420608
1658372400000,10571.353032420608
1658376000000,10572.94765242061
1658379600000,10572.635532420609
1658383200000,10574.999652420609
1658386800000,10569.638712420608
1658390400000,10573.161145368547
1658394000000,10573.696825368546
1658397600000,10579.706845368546
1658401200000,10574.652265368546
1658404800000,10568.247145368547
1658408400000,10574.548405368549
1658412000000,10575.352825368547
1658415600000,10569.933565368547
1658419200000,10573.85044221552
1658422800000,10589.435022215519
1658426400000,10581.93982221552
1658430000000,10585.42462221552
1658433600000,10596.28492221552
1658437200000,10597.06954221552
1658440800000,10597.96162221552
1658444400000,10593.423822215522
1658448000000,10594.78808835459
1658451600000,10599.554308354589
1658455200000,10594.545628354588
1658458800000,10590.27584835459
1658462400000,10588.289548354589
1658466000000,10590.59120835459
1658469600000,10598.39420835459
1658473200000,10599.320308354589
1658476800000,10600.121990806161
1658480400000,10609.472270806162
1658484000000,10611.411050806162
1658487600000,10609.793930806161
1658491200000,10615.682450806162
1658494800000,10612.848890806163
1658498400000,10604.661410806162
1658502000000,10611.129890806162
1658505600000,10596.430591963051
1658509200000,10595.656231963052
1658512800000,10590.625051963052
1658516400000,10592.114911963052
1658520000000,10575.186991963052
1658523600000,10574.958391963051
1658527200000,10578.944311963052
1658530800000,10580.476651963052
1658534400000,10579.132182872825
1658538000000,10582.039002872827
1658541600000,10583.355882872826
1658545200000,10587.513342872826
1658548800000,10587.713862872826
1658552400000,10593.004782872824
1658556000000,10592.128902872824
1658559600000,10590.434202872826
1658563200000,10589.077045889087
1658566800000,10579.848711863571
1658570400000,10582.022751863571
1658574000000,10578.120171863571
1658577600000,10575.05315186357
1658581200000,10574.162151863571
1658584800000,10576.27283186357
1658588400000,10574.401731863572
1658592000000,10574.727970050095
1658595600000,10573.682530050095
1658599200000,10569.983890050094
1658602800000,10570.144270050096
1658606400000,10572.645010050095
1658610000000,10575.084370050095
1658613600000,10573.425130050095
1658617200000,10578.189010050095
1658620800000,10580.015595888095
1658624400000,10583.652855888096
1658628000000,10582.237155888097
1658631600000,10583.134095888096
1658635200000,10580.522475888096
1658638800000,10582.094595888097
1658642400000,10590.448215888096
1658646000000,10591.931235888096
1658649600000,10591.362876096096
1658653200000,10590.669876096095
1658656800000,10589.804616096097
1658660400000,10587.187056096096
1658664000000,10593.517116096096
1658667600000,10585.991136096096
1658671200000,10586.462376096097
1658674800000,10591.869756096095
1658678400000,10592.105126814096
1658682000000,10588.283726814096
1658685600000,10590.764666814095
1658689200000,10589.459846814096
1658692800000,10590.311246814095
1658696400000,10591.865546814095
1658700000000,10594.362326814096
1658703600000,10590.826046814096
1658707200000,10589.897470599126
1658710800000,10580.797390599126
1658714400000,10578.635230599126
1658718000000,10573.843630599125
1658721600000,10572.192310599126
1658725200000,10574.095090599127
1658728800000,10575.524650599125
1658732400000,10574.106970599127
1658736000000,10574.532126817554
1658739600000,10576.953666817553
1658743200000,10576.971486817554
1658746800000,10578.705966817553
1658750400000,10577.484306817554
1658754000000,10576.908126817554
1658757600000,10574.742006817554
1658761200000,10574.569746817553
1658764800000,10575.105653428227
1658768400000,10575.729353428227
1658772000000,10572.598973428227
1658775600000,10572.193073428227
1658779200000,10567.588319530083
1658782800000,10567.588319530083
1658786400000,10567.588319530083
1658790000000,10567.588319530083
1658793600000,10568.204101239207
1658797200000,10572.648301239207
1658800800000,10571.246101239207
1658804400000,10571.487301239207
1658808000000,10570.227301239207
1658811600000,10570.445101239207
1658815200000,10570.045501239207
1658818800000,10571.269501239207
1658822400000,10571.502950261103
1658826000000,10571.517350261103
1658829600000,10570.599350261104
1658833200000,10571.274350261103
1658836800000,10570.943150261104
1658840400000,10572.053750261104
1658844000000,10574.525150261103
1658847600000,10573.551350261103
1658851200000,10577.304270896457
1658854800000,10574.152470896457
1658858400000,10574.330670896457
1658862000000,10574.683470896456
1658865600000,10574.310870896457
1658869200000,10573.095870896457
1658872800000,10574.030070896457
1658876400000,10570.710870896457
1658880000000,10567.826712538275
1658883600000,10566.786312538276
1658887200000,10565.830512538276
1658890800000,10566.204912538275
1658894400000,10563.582142867026
1658898000000,10562.871142867027
1658901600000,10560.442942867026
1658905200000,10560.203542867026
1658908800000,10558.703871698226
1658912400000,10558.464471698226
1658916000000,10559.683071698226
1658919600000,10559.785671698226
1658923200000,10561.789071698226
1658926800000,10558.189071698225
1658930400000,10557.022671698225
1658934000000,10556.684271698226
1658937600000,10554.527702991396
1658941200000,10554.165702991397
1658944800000,10559.335702991397
1658948400000,10575.863702991397
1658952000000,10579.317702991397
1658955600000,10579.803702991396
1658959200000,10577.991702991396
1658962800000,10581.261702991396
1658966400000,10583.583355540315
1658970000000,10579.943355540316
1658973600000,10579.323355540315
1658977200000,10590.299355540315
1658980800000,10586.866845177306
1658984400000,10583.317085177307
1658988000000,10589.395785177305
1658991600000,10585.139385177306
1658995200000,10578.470293107168
1658998800000,10580.004973107169
1659002400000,10579.78021310717
1659006000000,10579.611273107168
1659009600000,10584.766213107168
1659013200000,10583.118153107167
1659016800000,10577.362333107169
1659020400000,10586.968553107168
1659024000000,10608.11270898848
1659027600000,10608.93672898848
1659031200000,10616.17532898848
1659034800000,10609.71096898848
1659038400000,10609.83992898848
1659042000000,10619.448888988481
1659045600000,10614.73702898848
1659049200000,10615.77604898848
1659052800000,10611.40065177556
1659056400000,10611.40487177556
1659060000000,10609.90847177556
1659063600000,10607.74203177556
1659067200000,10612.332531775559
1659070800000,10615.85733177556
1659074400000,10614.209891775561
1659078000000,10612.11577177556
1659081600000,10611.35116621956
1659085200000,10611.34698621956
1659088800000,10615.84018621956
1659092400000,10613.08112621956
1659096000000,10602.67788621956
1659099600000,10596.10030621956
1659103200000,10605.43904621956
1659106800000,10613.37396621956
1659110400000,10613.30592222982
1659114000000,10604.53172222982
1659117600000,10604.370262229819
1659121200000,10612.39756222982
1659124800000,10611.76896222982
1659128400000,10613.71330222982
1659132000000,10608.72678222982
1659135600000,10614.60094222982
1659139200000,10609.923526718925
1659142800000,10612.878086718925
1659146400000,10611.213946718926
1659150000000,10609.216466718924
1659153600000,10607.642286718925
1659157200000,10605.781566718926
1659160800000,10606.914086718925
1659164400000,10608.899606718925
1659168000000,10609.959810094671
1659171600000,10609.867690094672
1659175200000,10608.405210094672
1659178800000,10604.311350094671
1659182400000,10609.776810094672
1659186000000,10620.036790094671
1659189600000,10622.873390094672
1659193200000,10619.73009009467
1659196800000,10625.359823100003
1659200400000,10625.714283100004
1659204000000,10623.603683100002
1659207600000,10623.678023100003
1659211200000,10607.132043100002
1659214800000,10609.943663100003
1659218400000,10601.007563100002
1659222000000,10603.898223100003
1659225600000,10602.266253246979
1659229200000,10605.99095324698
1659232800000,10604.64593324698
1659236400000,10604.84039324698
1659240000000,10604.31085324698
1659243600000,10606.21031324698
1659247200000,10603.37373324698
1659250800000,10605.88637324698
1659254400000,10603.007522851198
1659258000000,10600.840642851199
1659261600000,10605.019122851198
1659265200000,10608.609042851198
1659268800000,10608.2220428512
1659272400000,10608.8402628512
1659276000000,10605.357042851198
1659279600000,10605.4958028512
1659283200000,10607.406074959385
1659286800000,10606.424314959386
1659290400000,10605.691394959385
1659294000000,10605.758634959384
1659297600000,10609.502814959385
1659301200000,10608.720634959385
1659304800000,10601.715434959384
1659308400000,10594.421834959385
1659312000000,10592.372467640798
1659315600000,10595.470987640798
1659319200000,10597.5265876408
1659322800000,10597.444567640798
1659326400000,10596.609867640798
1659330000000,10597.106287640798
1659333600000,10595.177027640799
1659337200000,10591.03480894412
1659340800000,10592.195347604937
1659344400000,10590.807107604936
1659348000000,10591.301567604936
1659351600000,10587.260127604937
1659355200000,10588.727427604936
1659358800000,10587.020267604936
1659362400000,10589.004807604937
1659366000000,10590.919667604936
1659369600000,10589.44364352302
1659373200000,10586.84002352302
1659376800000,10583.811623523019
1659380400000,10582.99824352302
1659384000000,10582.44214352302
1659387600000,10581.481931974926
1659391200000,10581.481931974926
1659394800000,10581.481931974926
1659398400000,10581.481931974926
1659402000000,10581.481931974926
1659405600000,10581.481931974926
1659409200000,10581.481931974926
1659412800000,10581.481931974926
1659416400000,10581.481931974926
1659420000000,10581.481931974926
1659423600000,10581.481931974926
1659427200000,10581.481931974926
1659430800000,10581.481931974926
1659434400000,10581.481931974926
1659438000000,10581.481931974926
1659441600000,10581.481931974926
1659445200000,10581.481931974926
1659448800000,10581.481931974926
1659452400000,10581.481931974926
1659456000000,10581.481931974926
1659459600000,10581.481931974926
1659463200000,10581.481931974926
1659466800000,10581.481931974926
1659470400000,10581.481931974926
1659474000000,10581.481931974926
1659477600000,10581.481931974926
1659481200000,10581.481931974926
1659484800000,10581.481931974926
1659488400000,10581.481931974926
1659492000000,10581.481931974926
1659495600000,10581.481931974926
1659499200000,10581.481931974926
1659502800000,10581.481931974926
1659506400000,10581.481931974926
1659510000000,10581.481931974926
1659513600000,10581.481931974926
1659517200000,10581.481931974926
1659520800000,10581.481931974926
1659524400000,10581.481931974926
1659528000000,10581.481931974926
1659531600000,10581.481931974926
1659535200000,10581.481931974926
1659538800000,10581.481931974926
1659542400000,10581.481931974926
1659546000000,10581.481931974926
1659549600000,10581.481931974926
1659553200000,10581.481931974926
1659556800000,10581.481931974926
1659560400000,10581.481931974926
1659564000000,10581.481931974926
1659567600000,10581.481931974926
1659571200000,10581.094062254035
1659574800000,10577.501262254034
1659578400000,10575.049662254034
1659582000000,10575.042462254034
1659585600000,10576.129662254034
1659589200000,10575.983862254034
1659592800000,10575.447462254035
1659596400000,10578.914262254035
1659600000000,10579.036802305875
1659603600000,10581.090602305876
1659607200000,10580.017802305876
1659610800000,10580.118602305876
1659614400000,10579.699202305876
1659618000000,10579.425602305875
1659621600000,10577.076602305875
1659625200000,10579.170002305875
1659628800000,10578.436125044796
1659632400000,10584.718125044796
1659636000000,10584.190725044797
1659639600000,10585.871925044796
1659643200000,10587.488325044797
1659646800000,10586.336325044796
1659650400000,10586.964525044796
1659654000000,10584.383325044797
1659657600000,10584.80421081138
1659661200000,10584.093210811381
1659664800000,10579.452810811381
1659668400000,10576.78341081138
1659672000000,10573.933699949363
1659675600000,10573.399699949363
1659679200000,10574.521699949362
1659682800000,10576.023699949363
1659686400000,10574.040299885242
1659690000000,10573.124299885243
1659693600000,10572.882299885243
1659697200000,10574.164299885242
1659700800000,10578.462299885243
1659704400000,10571.212299885243
1659708000000,10570.888299885242
1659711600000,10573.546299885244
1659715200000,10570.40657776601
1659718800000,10570.92257776601
1659722400000,10566.95857776601
1659726000000,10566.776577766012
1659729600000,10568.422225420401
1659733200000,10566.666625420401
1659736800000,10564.287825420402
1659740400000,10561.751325420402
1659744000000,10558.665430009734
1659747600000,10558.784430009733
1659751200000,10557.037230009733
1659754800000,10559.944530009734
1659758400000,10556.640030009734
1659762000000,10556.939830009735
1659765600000,10555.013430009732
1659769200000,10555.100530009733
1659772800000,10555.450405166901
1659776400000,10551.315005166902
1659780000000,10552.751305166901
1659783600000,10553.5107051669
1659787200000,10551.216418417414
1659790800000,10550.737118417414
1659794400000,10550.233818417413
1659798000000,10550.614518417413
1659801600000,10550.807787169539
1659805200000,10550.78938716954
1659808800000,10551.09728716954
1659812400000,10551.33408716954
1659816000000,10550.549008867521
1659819600000,10550.103808867521
1659823200000,10549.909408867521
1659826800000,10548.870808867521
1659830400000,10539.92812806752
1659834000000,10533.83812806752
1659837600000,10536.48652806752
1659841200000,10539.596928067522
1659844800000,10539.692928067521
1659848400000,10537.11412806752
1659852000000,10538.76412806752
1659855600000,10539.943128067522
1659859200000,10540.375906103516
1659862800000,10537.414306103517
1659866400000,10539.168106103518
1659870000000,10539.900706103517
1659873600000,10543.186906103518
1659877200000,10547.902906103516
1659880800000,10548.429706103518
1659884400000,10546.416106103517
1659888000000,10543.580283871137
1659891600000,10546.583883871137
1659895200000,10551.242283871135
1659898800000,10549.194483871137
1659902400000,10547.876283871137
1659906000000,10552.916283871136
1659909600000,10552.700283871138
1659913200000,10549.360683871137
1659916800000,10547.060349132425
1659920400000,10550.287149132424
1659924000000,10547.554149132424
1659927600000,10553.107749132425
1659931200000,10551.736149132425
1659934800000,10553.155149132424
1659938400000,10557.934749132424
1659942000000,10567.100949132426
1659945600000,10568.2168636222
1659949200000,10583.8912636222
1659952800000,10581.8416636222
1659956400000,10581.309463622201
1659960000000,10586.2630636222
1659963600000,10588.2292636222
1659967200000,10588.8406636222
1659970800000,10587.9598636222
1659974400000,10580.589335664677
1659978000000,10576.499735664676
1659981600000,10578.113735664676
1659985200000,10577.903735664675
1659988800000,10579.863935664676
1659992400000,10584.492335664676
1659996000000,10575.555935664677
1659999600000,10576.977335664677
1660003200000,10576.320224512709
1660006800000,10573.866824512708
1660010400000,10571.537024512709
1660014000000,10575.03142451271
1660017600000,10576.776224512709
1660021200000,10577.79202451271
1660024800000,10576.634024512708
1660028400000,10576.897424512708
1660032000000,10578.102288722397
1660035600000,10573.400088722397
1660039200000,10561.808088722397
1660042800000,10554.245416832364
1660046400000,10551.396072595351
1660050000000,10551.396072595351
1660053600000,10551.396072595351
1660057200000,10551.396072595351
1660060800000,10551.396072595351
1660064400000,10551.396072595351
1660068000000,10551.396072595351
1660071600000,10551.396072595351
1660075200000,10551.396072595351
1660078800000,10551.396072595351
1660082400000,10551.396072595351
1660086000000,10551.396072595351
1660089600000,10551.396072595351
1660093200000,10551.396072595351
1660096800000,10551.396072595351
1660100400000,10551.396072595351
1660104000000,10551.396072595351
1660107600000,10551.396072595351
1660111200000,10551.396072595351
1660114800000,10551.396072595351
1660118400000,10551.396072595351
1660122000000,10551.396072595351
1660125600000,10551.396072595351
1660129200000,10551.396072595351
1660132800000,10551.396072595351
1660136400000,10551.396072595351
1660140000000,10551.396072595351
1660143600000,10551.396072595351
1660147200000,10551.202663304734
1660150800000,10549.971873304734
1660154400000,10550.512953304735
1660158000000,10546.865673304734
1660161600000,10548.285173304734
1660165200000,10550.781823304735
1660168800000,10555.506253304735
1660172400000,10553.311873304734
1660176000000,10553.74350939114
1660179600000,10557.85504939114
1660183200000,10562.43919939114
1660186800000,10558.26753939114
1660190400000,10558.152024504507
1660194000000,10562.569174504508
1660197600000,10563.987074504508
1660201200000,10563.101104504507
1660204800000,10558.478811383573
1660208400000,10562.627941383571
1660212000000,10560.311021383572
1660215600000,10561.332501383573
1660219200000,10566.886371383573
1660222800000,10574.459161383573
1660226400000,10571.290231383573
1660230000000,10564.943251383573
1660233600000,10560.681609555997
1660237200000,10561.427229555997
1660240800000,10560.632549555996
1660244400000,10555.312989555996
1660248000000,10558.166459555998
1660251600000,10558.624529555997
1660255200000,10558.785079555997
1660258800000,10549.426019555998
1660262400000,10550.842818714975
1660266000000,10551.639958714975
1660269600000,10550.337998714975
1660273200000,10556.017408714975
1660276800000,10555.811158714976
1660280400000,10552.230628714975
1660284000000,10553.651268714975
1660287600000,10552.097928714977
1660291200000,10551.981037434087
1660294800000,10551.767697434087
1660298400000,10553.060877434085
1660302000000,10546.563317434086
1660305600000,10543.797917434087
1660309200000,10548.265567434088
1660312800000,10546.237757434086
1660316400000,10548.342827434088
1660320000000,10555.416189343721
1660323600000,10553.819139343723
1660327200000,10555.130329343721
1660330800000,10559.945319343722
1660334400000,10561.668089343722
1660338000000,10563.922569343722
1660341600000,10561.195539343722
1660345200000,10563.845309343722
1660348800000,10571.234663207246
1660352400000,10574.652493207246
1660356000000,10575.369643207247
1660359600000,10579.017533207245
1660363200000,10585.075593207246
1660366800000,10583.346963207245
1660370400000,10584.574643207246
1660374000000,10585.274183207246
1660377600000,10581.999010777767
1660381200000,10577.385200777768
1660384800000,10582.697190777768
1660388400000,10579.671600777769
1660392000000,10576.861620777767
1660395600000,10576.588060777767
1660399200000,10576.150490777767
1660402800000,10576.991330777768
1660406400000,10579.318871941805
1660410000000,10577.912071941804
1660413600000,10581.352761941806
1660417200000,10577.304291941804
1660420800000,10574.050161941805
1660424400000,10578.823331941805
1660428000000,10578.874051941804
1660431600000,10574.744241941806
1660435200000,10576.434995525826
1660438800000,10578.948615525826
1660442400000,10580.735615525826
1660446000000,10580.496655525827
1660449600000,10579.332995525827
1660453200000,10580.639445525825
1660456800000,10581.422005525827
1660460400000,10582.614525525827
1660464000000,10589.179983410964
1660467600000,10583.855473410964
1660471200000,10586.243173410963
1660474800000,10582.397143410964
1660478400000,10579.620563410963
1660482000000,10578.530593410964
1660485600000,10575.823973410963
1660489200000,10577.709903410963
1660492800000,10577.706901303205
1660496400000,10564.664341303207
1660500000000,10563.317731303207
1660503600000,10564.427391303205
1660507200000,10564.940051303205
1660510800000,10567.317281303207
1660514400000,10569.405061303205
1660518000000,10565.435791303205
1660521600000,10565.929189730321
1660525200000,10570.90785973032
1660528800000,10578.75511973032
1660532400000,10588.370929730321
1660536000000,10584.71874973032
1660539600000,10584.42280973032
1660543200000,10581.189949730322
1660546800000,10556.98130499497
1660550400000,10555.479050009264
1660554000000,10555.871450009265
1660557600000,10557.826250009264
1660561200000,10559.782850009264
1660564800000,10556.008250009265
1660568400000,10554.022850009263
1660572000000,10557.453650009264
1660575600000,10556.809250009264
1660579200000,10559.282886926081
1660582800000,10559.464686926081
1660586400000,10556.969886926081
1660590000000,10556.51268692608
1660593600000,10554.56148692608
1660597200000,10556.32908692608
1660600800000,10555.73688692608
1660604400000,10554.44448692608
1660608000000,10551.679949832123
1660611600000,10551.679949832123
1660615200000,10551.679949832123
1660618800000,10551.679949832123
1660622400000,10551.679949832123
1660626000000,10551.679949832123
1660629600000,10551.679949832123
1660633200000,10551.679949832123
1660636800000,10551.679949832123
1660640400000,10551.679949832123
1660644000000,10551.679949832123
1660647600000,10551.679949832123
1660651200000,10551.679949832123
1660654800000,10551.679949832123
1660658400000,10551.679949832123
1660662000000,10551.679949832123
1660665600000,10551.679949832123
1660669200000,10551.679949832123
1660672800000,10551.679949832123
1660676400000,10551.679949832123
1660680000000,10551.679949832123
1660683600000,10551.679949832123
1660687200000,10551.679949832123
1660690800000,10551.679949832123
1660694400000,10551.679949832123
1660698000000,10551.679949832123
1660701600000,10551.679949832123
1660705200000,10551.679949832123
1660708800000,10551.679949832123
1660712400000,10551.679949832123
1660716000000,10551.679949832123
1660719600000,10551.679949832123
1660723200000,10551.679949832123
1660726800000,10551.679949832123
1660730400000,10551.679949832123
1660734000000,10551.679949832123
1660737600000,10551.679949832123
1660741200000,10551.679949832123
1660744800000,10551.679949832123
1660748400000,10551.679949832123
1660752000000,10551.679949832123
1660755600000,10551.679949832123
1660759200000,10551.679949832123
1660762800000,10551.679949832123
1660766400000,10551.679949832123
1660770000000,10551.679949832123
1660773600000,10551.679949832123
1660777200000,10551.679949832123
1660780800000,10551.679949832123
1660784400000,10551.679949832123
1660788000000,10551.679949832123
1660791600000,10551.679949832123
1660795200000,10551.679949832123
1660798800000,10551.679949832123
1660802400000,10551.679949832123
1660806000000,10551.679949832123
1660809600000,10551.679949832123
1660813200000,10551.679949832123
1660816800000,10551.679949832123
1660820400000,10551.679949832123
1660824000000,10551.679949832123
1660827600000,10551.679949832123
1660831200000,10551.679949832123
1660834800000,10551.679949832123
1660838400000,10551.679949832123
1660842000000,10551.679949832123
1660845600000,10551.679949832123
1660849200000,10551.679949832123
1660852800000,10551.08712652691
1660856400000,10549.256526526911
1660860000000,10550.744226526911
1660863600000,10551.038526526912
1660867200000,10553.63053971802
1660870800000,10546.33783971802
1660874400000,10542.082639718019
1660878000000,10543.748539718019
1660881600000,10541.069171550189
1660885200000,10540.663571550189
1660888800000,10539.922571550189
1660892400000,10562.823371550188
1660896000000,10564.228967697152
1660899600000,10566.896567697151
1660903200000,10568.661967697151
1660906800000,10571.228167697152
1660910400000,10575.330967697151
1660914000000,10573.386167697152
1660917600000,10576.971567697152
1660921200000,10578.635567697153
1660924800000,10575.272575005798
1660928400000,10573.215975005798
1660932000000,10575.626175005798
1660935600000,10577.108175005798
1660939200000,10578.057175005799
1660942800000,10579.692575005798
1660946400000,10585.773975005799
1660950000000,10587.068775005799
1660953600000,10590.9823682426
1660957200000,10587.1135682426
1660960800000,10587.396968242598
1660964400000,10583.873968242598
1660968000000,10583.811568242598
1660971600000,10581.541768242598
1660975200000,10583.725768242599
1660978800000,10577.977168242598
1660982400000,10579.827550370426
1660986000000,10581.889350370428
1660989600000,10581.850350370427
1660993200000,10581.267950370428
1660996800000,10580.831150370426
1661000400000,10580.602350370427
1661004000000,10578.696550370427
1661007600000,10580.516550370427
1661011200000,10579.232864795664
1661014800000,10581.117864795664
1661018400000,10580.582264795665
1661022000000,10584.932064795665
1661025600000,10587.018306210037
1661029200000,10595.771656210038
1661032800000,10582.332556210038
1661036400000,10581.669656210039
1661040000000,10580.902146996956
1661043600000,10580.263296996956
1661047200000,10575.590196996956
1661050800000,10575.474046996957
1661054400000,10577.574121555725
1661058000000,10577.342721555724
1661061600000,10577.098841555724
1661065200000,10577.823201555724
1661068800000,10575.53600295285
1661072400000,10571.66148295285
1661076000000,10565.996082952848
1661079600000,10566.746962952848
1661083200000,10561.575042952849
1661086800000,10564.259802952849
1661090400000,10567.287242952849
1661094000000,10566.70640295285
1661097600000,10565.21648132445
1661101200000,10565.96908132445
1661104800000,10563.97376132445
1661108400000,10564.195921324452
1661112000000,10563.192481324451
1661115600000,10562.95656132445
1661119200000,10562.40136132445
1661122800000,10561.025281324451
1661126400000,10562.38738671566
1661130000000,10562.418666715661
1661133600000,10562.08466671566
1661137200000,10561.65214671566
1661140800000,10560.84642671566
1661144400000,10561.56342671566
1661148000000,10562.145106715661
1661151600000,10560.72870671566
1661155200000,10561.829486652521
1661158800000,10559.39778665252
1661162400000,10558.17378665252
1661166000000,10553.41758665252
1661169600000,10555.47806443539
1661173200000,10555.212704435391
1661176800000,10553.505384435392
1661180400000,10555.51454443539
1661184000000,10555.369155897879
1661187600000,10555.77307589788
1661191200000,10556.798235897879
1661194800000,10559.946795897878
1661198400000,10560.045795897879
1661202000000,10560.456435897879
1661205600000,10559.572555897877
1661209200000,10561.094395897879
1661212800000,10561.520911384956
1661216400000,10563.650031384957
1661220000000,10564.083471384956
1661223600000,10563.511271384956
1661227200000,10563.197111384956
1661230800000,10562.655951384955
1661234400000,10563.636431384957
1661238000000,10560.551951384956
1661241600000,10559.011490253388
1661245200000,10553.907170253387
1661248800000,10553.588930253389
1661252400000,10555.237070253388
1661256000000,10551.569708560875
1661259600000,10552.585108560876
1661263200000,10553.070508560875
1661266800000,10553.583908560875
1661270400000,10554.863723167678
1661274000000,10554.69952316768
1661277600000,10555.168523167677
1661281200000,10556.238323167678
1661284800000,10555.216523167677
1661288400000,10555.984523167677
1661292000000,10555.825523167678
1661295600000,10557.048523167678
1661299200000,10557.835948214995
1661302800000,10556.938548214994
1661306400000,10557.142148214994
1661310000000,10556.759748214996
1661313600000,10555.710948214995
1661317200000,10555.496948214995
1661320800000,10556.044948214996
1661324400000,10557.481548214995
1661328000000,10556.628204080276
1661331600000,10557.103604080276
1661335200000,10558.203004080275
1661338800000,10557.783004080275
1661342400000,10557.684804080276
1661346000000,10557.485404080275
1661349600000,10557.473804080275
1661353200000,10556.345404080275
1661356800000,10558.543708717852
1661360400000,10553.21769413117
1661364000000,10551.31869413117
1661367600000,10551.588694131171
1661371200000,10553.36169413117
1661374800000,10553.944894131171
1661378400000,10552.63629413117
1661382000000,10550.02089413117
1661385600000,10549.155754091289
1661389200000,10551.355354091289
1661392800000,10552.71615409129
1661396400000,10553.045554091288
1661400000000,10551.269123257107
1661403600000,10554.158523257107
1661407200000,10555.609723257106
1661410800000,10561.956723257106
1661414400000,10565.553958406577
1661418000000,10563.533758406576
1661421600000,10563.182958406578
1661425200000,10559.993558406577
1661428800000,10564.643958406577
1661432400000,10562.571758406579
1661436000000,10564.462958406577
1661439600000,10563.569558406578
1661443200000,10559.005976129985
1661446800000,10554.838576129985
1661450400000,10560.035576129985
1661454000000,10558.700376129984
1661457600000,10561.541576129985
1661461200000,10562.599976129984
1661464800000,10559.455776129986
1661468400000,10558.660176129984
1661472000000,10556.224070357379
1661475600000,10552.93467035738
1661479200000,10556.508070357379
1661482800000,10557.74447035738
1661486400000,10556.27847035738
1661490000000,10554.64627035738
1661493600000,10547.101670357379
1661497200000,10548.351870357379
1661500800000,10548.591557039736
1661504400000,10547.925157039734
1661508000000,10548.709757039735
1661511600000,10546.430357039733
1661515200000,10534.894419944922
1661518800000,10530.838219944922
1661522400000,10529.931719944921
1661526000000,10538.953619944923
1661529600000,10542.574332080874
1661533200000,10544.845032080873
1661536800000,10545.828132080873
1661540400000,10544.653632080874
1661544000000,10545.21774158602
1661547600000,10545.64508158602
1661551200000,10546.926541586019
1661554800000,10548.714901586021
1661558400000,10568.403537244665
1661562000000,10563.648497244665
1661565600000,10566.435037244666
1661569200000,10570.379557244667
1661572800000,10570.032597244666
1661576400000,10573.142317244667
1661580000000,10574.395637244665
1661583600000,10572.212077244667
1661587200000,10566.971301477706
1661590800000,10570.288781477708
1661594400000,10571.867701477708
1661598000000,10570.140201477707
1661601600000,10568.863621477707
1661605200000,10569.811481477707
1661608800000,10571.035421477707
1661612400000,10575.052601477706
1661616000000,10581.024345465396
1661619600000,10580.846265465396
1661623200000,10581.347765465396
1661626800000,10582.816585465396
1661630400000,10578.993465465395
1661634000000,10579.411345465396
1661637600000,10586.316465465396
1661641200000,10578.759745465395
1661644800000,10577.15040094034
1661648400000,10578.81406094034
1661652000000,10576.16880094034
1661655600000,10577.14512094034
1661659200000,10577.500360940341
1661662800000,10578.56504094034
1661666400000,10576.42358094034
1661670000000,10575.553420940341
1661673600000,10574.444605129436
1661677200000,10576.399625129436
1661680800000,10577.250665129435
1661684400000,10578.884445129435
1661688000000,10577.541265129435
1661691600000,10584.028325129435
1661695200000,10581.932385129436
1661698800000,10583.333145129436
1661702400000,10576.256690439764
1661706000000,10579.253170439764
1661709600000,10579.119470439764
1661713200000,10577.742670439764
1661716800000,10579.944730439764
1661720400000,10579.444010439764
1661724000000,10582.081090439764
1661727600000,10586.021750439764
1661731200000,10600.9014445537
1661734800000,10599.041744553699
1661738400000,10597.775544553699
1661742000000,10592.4041245537
1661745600000,10587.7350445537
1661749200000,10590.494444553698
1661752800000,10593.088964553699
1661756400000,10588.450564553697
1661760000000,10586.473137549916
1661763600000,10591.609677549915
1661767200000,10588.919877549915
1661770800000,10589.547877549914
1661774400000,10589.919797549916
1661778000000,10582.350957549916
1661781600000,10573.282837549916
1661785200000,10557.820918475467
1661788800000,10557.820918475467
1661792400000,10557.820918475467
1661796000000,10557.820918475467
1661799600000,10557.820918475467
1661803200000,10557.820918475467
1661806800000,10557.820918475467
1661810400000,10557.820918475467
1661814000000,10557.820918475467
1661817600000,10557.820918475467
1661821200000,10557.820918475467
1661824800000,10557.820918475467
1661828400000,10557.820918475467
1661832000000,10557.820918475467
1661835600000,10557.820918475467
1661839200000,10557.820918475467
1661842800000,10557.820918475467
1661846400000,10557.820918475467
1661850000000,10557.820918475467
1661853600000,10557.820918475467
1661857200000,10557.820918475467
1661860800000,10557.820918475467
1661864400000,10557.820918475467
1661868000000,10557.820918475467
1661871600000,10557.820918475467
1661875200000,10557.820918475467
1661878800000,10557.820918475467
1661882400000,10557.820918475467
1661886000000,10557.820918475467
1661889600000,10557.820918475467
1661893200000,10557.820918475467
1661896800000,10557.820918475467
1661900400000,10557.820918475467
1661904000000,10557.820918475467
1661907600000,10557.820918475467
1661911200000,10557.820918475467
1661914800000,10557.820918475467
1661918400000,10557.820918475467
1661922000000,10557.820918475467
1661925600000,10557.820918475467
1661929200000,10557.820918475467
1661932800000,10557.820918475467
1661936400000,10557.820918475467
1661940000000,10557.820918475467
1661943600000,10557.820918475467
1661947200000,10557.820918475467
1661950800000,10557.820918475467
1661954400000,10557.820918475467
1661958000000,10557.820918475467
1661961600000,10557.820918475467
1661965200000,10557.820918475467
1661968800000,10557.820918475467
1661972400000,10557.820918475467
1661976000000,10557.820918475467
1661979600000,10557.820918475467
1661983200000,10557.820918475467
1661986800000,10557.820918475467
1661990400000,10557.820918475467
1661994000000,10557.820918475467
1661997600000,10557.820918475467
1662001200000,10557.820918475467
1662004800000,10557.820918475467
1662008400000,10557.820918475467
1662012000000,10557.820918475467
1662015600000,10557.820918475467
1662019200000,10557.820918475467
1662022800000,10557.820918475467
1662026400000,10557.820918475467
1662030000000,10557.820918475467
1662033600000,10557.820918475467
1662037200000,10557.820918475467
1662040800000,10557.820918475467
1662044400000,10557.820918475467
1662048000000,10557.820918475467
1662051600000,10557.820918475467
1662055200000,10557.820918475467
1662058800000,10557.820918475467
1662062400000,10557.820918475467
1662066000000,10557.820918475467
1662069600000,10557.820918475467
1662073200000,10557.820918475467
1662076800000,10557.820918475467
1662080400000,10557.820918475467
1662084000000,10557.820918475467
1662087600000,10557.820918475467
1662091200000,10557.820918475467
1662094800000,10557.820918475467
1662098400000,10557.820918475467
1662102000000,10557.820918475467
1662105600000,10557.820918475467
1662109200000,10557.820918475467
1662112800000,10557.820918475467
1662116400000,10557.820918475467
1662120000000,10557.820918475467
1662123600000,10557.820918475467
1662127200000,10557.820918475467
1662130800000,10557.820918475467
1662134400000,10557.820918475467
1662138000000,10557.820918475467
1662141600000,10557.820918475467
1662145200000,10557.820918475467
1662148800000,10557.820918475467
1662152400000,10557.820918475467
1662156000000,10557.820918475467
1662159600000,10557.820918475467
1662163200000,10557.820918475467
1662166800000,10557.820918475467
1662170400000,10557.820918475467
1662174000000,10557.820918475467
1662177600000,10557.820918475467
1662181200000,10557.820918475467
1662184800000,10557.820918475467
1662188400000,10557.820918475467
1662192000000,10557.820918475467
1662195600000,10557.820918475467
1662199200000,10557.820918475467
1662202800000,10557.820918475467
1662206400000,10557.820918475467
1662210000000,10557.820918475467
1662213600000,10557.820918475467
1662217200000,10557.820918475467
1662220800000,10557.820918475467
1662224400000,10557.820918475467
1662228000000,10557.820918475467
1662231600000,10557.820918475467
1662235200000,10557.820918475467
1662238800000,10557.820918475467
1662242400000,10557.820918475467
1662246000000,10557.820918475467
1662249600000,10557.820918475467
1662253200000,10557.820918475467
1662256800000,10557.820918475467
1662260400000,10557.820918475467
1662264000000,10557.820918475467
1662267600000,10557.820918475467
1662271200000,10557.820918475467
1662274800000,10557.820918475467
1662278400000,10557.820918475467
1662282000000,10557.820918475467
1662285600000,10557.820918475467
1662289200000,10557.820918475467
1662292800000,10557.820918475467
1662296400000,10557.820918475467
1662300000000,10557.820918475467
1662303600000,10557.820918475467
1662307200000,10557.820918475467
1662310800000,10557.820918475467
1662314400000,10557.820918475467
1662318000000,10557.820918475467
1662321600000,10557.78229801706
1662325200000,10558.86793801706
1662328800000,10558.04125801706
1662332400000,10557.81217801706
1662336000000,10560.520341491636
1662339600000,10560.552711491635
1662343200000,10558.931721491635
1662346800000,10559.514381491636
1662350400000,10558.595072093896
1662354000000,10558.011532093897
1662357600000,10563.044972093896
1662361200000,10561.242192093896
1662364800000,10562.770921116842
1662368400000,10560.971401116843
1662372000000,10561.607101116842
1662375600000,10562.699201116842
1662379200000,10561.597321116842
1662382800000,10559.237081116842
1662386400000,10558.748081116843
1662390000000,10553.271281116842
1662393600000,10550.311150620711
1662397200000,10551.08703062071
1662400800000,10551.856390620711
1662404400000,10555.008810620711
1662408000000,10554.761050620711
1662411600000,10550.982710620712
1662415200000,10552.348650620712
1662418800000,10548.325810620712
1662422400000,10544.108068857422
1662426000000,10539.020691906848
1662429600000,10539.020691906848
1662433200000,10539.020691906848
1662436800000,10539.088355606655
1662440400000,10538.134255606654
1662444000000,10542.608955606654
1662447600000,10546.312255606654
1662451200000,10544.433174328593
1662454800000,10545.456874328593
1662458400000,10543.270274328592
1662462000000,10545.274174328593
1662465600000,10547.240374328592
1662469200000,10546.555974328592
1662472800000,10540.320974328592
1662476400000,10545.343774328592
1662480000000,10547.10385775871
1662483600000,10544.86215775871
1662487200000,10518.227876967716
1662490800000,10518.227876967716
1662494400000,10517.426002323218
1662498000000,10513.687202323219
1662501600000,10513.903002323219
1662505200000,10515.530602323219
1662508800000,10518.732385361685
1662512400000,10522.021335361685
1662516000000,10523.799135361685
1662519600000,10534.697685361685
1662523200000,10529.900585361685
1662526800000,10529.916435361685
1662530400000,10527.497135361686
1662534000000,10526.238535361685
1662537600000,10526.306208856584
1662541200000,10525.534758856584
1662544800000,10525.899158856584
1662548400000,10528.552658856583
1662552000000,10528.934658856584
1662555600000,10525.971958856582
1662559200000,10521.973108856584
1662562800000,10518.199408856583
1662566400000,10518.371248540436
1662570000000,10515.855848540436
1662573600000,10510.789648540436
1662577200000,10508.302548540434
1662580800000,10509.972648540435
1662584400000,10484.065136852976
1662588000000,10485.188336852976
1662591600000,10485.718736852978
1662595200000,10487.196045917377
1662598800000,10486.845045917378
1662602400000,10489.538645917377
1662606000000,10488.150245917377
1662609600000,10488.893089625208
1662613200000,10487.370369625209
1662616800000,10487.366689625207
1662620400000,10487.65725962521
1662624000000,10486.905848799503
1662627600000,10483.565248799501
1662631200000,10485.869048799503
1662634800000,10479.536448799503
1662638400000,10479.864248799502
1662642000000,10486.119648799502
1662645600000,10483.320048799502
1662649200000,10477.900048799502
1662652800000,10482.850660698226
1662656400000,10483.909260698225
1662660000000,10483.613260698226
1662663600000,10483.089660698226
1662667200000,10476.818060698226
1662670800000,10476.925860698228
1662674400000,10478.749260698227
1662678000000,10480.531060698226
1662681600000,10479.937197207602
1662685200000,10477.864997207602
1662688800000,10479.156797207603
1662692400000,10476.648797207603
1662696000000,10461.087100352504
1662699600000,10465.698300352504
1662703200000,10467.438940352504
1662706800000,10468.656860352505
1662710400000,10467.466289611848
1662714000000,10467.637009611848
1662717600000,10465.704529611849
1662721200000,10467.629969611848
1662724800000,10466.120467188819
1662728400000,10461.61750718882
1662732000000,10462.01207718882
1662735600000,10460.785357188819
1662739200000,10461.213763226826
1662742800000,10460.431843226826
1662746400000,10458.408263226826
1662750000000,10459.747663226826
1662753600000,10461.443633226827
1662757200000,10461.608343226826
1662760800000,10460.766693226826
1662764400000,10461.563093226827
1662768000000,10461.105561927305
1662771600000,10461.420501927305
1662775200000,10462.569851927305
1662778800000,10465.188921927305
1662782400000,10464.372611927305
1662786000000,10463.815131927306
1662789600000,10463.865811927306
1662793200000,10464.461301927306
1662796800000,10459.894570837938
1662800400000,10461.252070837938
1662804000000,10462.222230837937
1662807600000,10462.770660837938
1662811200000,10462.102265163112
1662814800000,10463.001155163112
1662818400000,10458.505335163112
1662822000000,10460.380565163112
1662825600000,10459.894065001707
1662829200000,10464.737965001706
1662832800000,10462.149055001708
1662836400000,10467.456715001706
1662840000000,10470.884455001707
1662843600000,10467.738335001708
1662847200000,10475.072825001707
1662850800000,10482.364425001706
1662854400000,10478.964930463688
1662858000000,10476.019270463687
1662861600000,10474.054050463687
1662865200000,10473.868330463687
1662868800000,10474.326970463688
1662872400000,10474.085750463686
1662876000000,10475.867820463689
1662879600000,10470.869900463687
1662883200000,10474.998925265149
1662886800000,10476.882815265148
1662890400000,10475.11709526515
1662894000000,10475.394165265148
1662897600000,10476.91061526515
1662901200000,10477.450735265147
1662904800000,10475.03761526515
1662908400000,10473.172765265148
1662912000000,10476.925138068938
1662915600000,10479.498358068937
1662919200000,10477.225068068938
1662922800000,10474.584828068937
1662926400000,10476.022628068939
1662930000000,10476.389568068938
1662933600000,10468.990138068937
1662937200000,10472.808798068938
1662940800000,10479.78649511234
1662944400000,10472.01027511234
1662948000000,10484.98134511234
1662951600000,10475.27956511234
1662955200000,10470.00393511234
1662958800000,10471.452545112339
1662962400000,10472.23117511234
1662966000000,10475.30375511234
1662969600000,10486.474185961477
1662973200000,10486.860645961477
1662976800000,10484.275675961477
1662980400000,10482.922315961478
1662984000000,10486.723665961475
1662987600000,10487.030205961477
1662991200000,10489.435385961477
1662994800000,10483.941715961477
1662998400000,10476.700929937855
1663002000000,10478.970279937854
1663005600000,10483.111039937856
1663009200000,10485.766739937853
1663012800000,10484.151709937854
1663016400000,10484.200159937855
1663020000000,10481.842189937854
1663023600000,10479.461139937854
1663027200000,10483.582321322481
1663030800000,10472.142785782857
1663034400000,10472.192785782858
1663038000000,10472.848785782857
1663041600000,10472.360785782857
1663045200000,10473.186785782857
1663048800000,10475.574785782857
1663052400000,10475.070785782857
1663056000000,10473.460253521132
1663059600000,10472.666253521133
1663063200000,10475.238253521133
1663066800000,10478.594253521132
1663070400000,10478.704253521131
1663074000000,10457.150253521133
1663077600000,10451.861853165456
1663081200000,10451.861853165456
1663084800000,10451.861853165456
1663088400000,10451.861853165456
1663092000000,10451.861853165456
1663095600000,10451.861853165456
1663099200000,10451.277573696927
1663102800000,10452.151173696928
1663106400000,10453.318573696928
1663110000000,10452.217473696926
1663113600000,10453.104112061903
1663117200000,10452.698512061903
1663120800000,10451.356912061903
1663124400000,10449.666912061903
1663128000000,10451.076112061903
1663131600000,10450.428712061903
1663135200000,10451.301012061904
1663138800000,10451.548012061903
1663142400000,10452.26232466633
1663146000000,10450.45272466633
1663149600000,10450.63862466633
1663153200000,10450.82972466633
1663156800000,10452.46122466633
1663160400000,10451.345824666329
1663164000000,10451.435524666329
1663167600000,10451.59802466633
1663171200000,10453.015056579183
1663174800000,10453.694956579184
1663178400000,10453.718356579182
1663182000000,10457.368756579182
1663185600000,10455.724256579182
1663189200000,10456.144156579183
1663192800000,10453.258156579182
1663196400000,10451.309456579183
1663200000000,10452.440008173979
1663203600000,10453.325308173979
1663207200000,10452.88590817398
1663210800000,10453.870008173979
1663214400000,10454.756028847336
1663218000000,10455.063458847337
1663221600000,10451.079758847336
1663225200000,10451.371708847337
1663228800000,10442.80133064444
1663232400000,10440.202650644442
1663236000000,10437.77839064444
1663239600000,10436.790990644442
1663243200000,10437.212582892453
1663246800000,10437.984742892451
1663250400000,10437.709142892452
1663254000000,10456.056682892453
1663257600000,10456.976109962665
1663261200000,10451.949189962666
1663264800000,10453.775829962666
1663268400000,10455.708129962666
1663272000000,10454.219169962666
1663275600000,10453.556189962665
1663279200000,10456.151949962665
1663282800000,10458.159569962667
1663286400000,10459.42345922063
1663290000000,10457.63551922063
1663293600000,10458.65481922063
1663297200000,10459.57111922063
1663300800000,10458.49231922063
1663304400000,10457.83343922063
1663308000000,10459.03315922063
1663311600000,10458.08599922063
1663315200000,10458.936771423598
1663318800000,10461.6207514236
1663322400000,10459.586811423598
1663326000000,10458.445231423599
1663329600000,10456.574711423598
1663333200000,10461.410831423598
1663336800000,10466.226471423599
1663340400000,10462.7819514236
1663344000000,10463.265441945296
1663347600000,10468.002201945295
1663351200000,10469.014021945297
1663354800000,10466.858961945296
1663358400000,10466.057281945295
1663362000000,10463.673201945296
1663365600000,10463.912361945295
1663369200000,10464.318761945297
1663372800000,10463.663641814032
1663376400000,10459.651061814031
1663380000000,10459.085161814031
1663383600000,10460.93594181403
1663387200000,10461.29486181403
1663390800000,10461.144921814031
1663394400000,10462.704841814033
1663398000000,10462.73490181403
1663401600000,10462.513045275982
1663405200000,10462.201265275982
1663408800000,10462.416665275983
1663412400000,10463.263545275982
1663416000000,10464.909585275982
1663419600000,10463.862645275984
1663423200000,10463.366585275984
1663426800000,10460.719185275982
1663430400000,10460.239062006387
1663434000000,10454.461942006388
1663437600000,10454.825042006387
1663441200000,10455.020742006387
1663444800000,10456.271902006387
1663448400000,10455.793922006387
1663452000000,10457.685502006387
1663455600000,10455.044542006388
1663459200000,10454.629096479499
1663462800000,10458.4005964795
1663466400000,10457.9933764795
1663470000000,10457.4521964795
1663473600000,10458.455416479499
1663477200000,10458.141776479499
1663480800000,10456.6381364795
1663484400000,10457.2388164795
1663488000000,10457.301798374532
1663491600000,10457.209238374533
1663495200000,10464.163238374533
1663498800000,10462.312978374533
1663502400000,10461.398398374533
1663506000000,10460.209978374533
1663509600000,10461.213638374533
1663513200000,10465.445558374533
1663516800000,10465.578813979866
1663520400000,10468.736873979866
1663524000000,10472.520073979866
1663527600000,10473.979133979865
1663531200000,10471.360533979865
1663534800000,10473.115453979866
1663538400000,10481.446693979866
1663542000000,10480.787373979865
1663545600000,10481.496895319871
1663549200000,10479.614515319872
1663552800000,10480.182435319872
1663556400000,10494.383695319872
1663560000000,10494.658115319871
1663563600000,10493.34557531987
1663567200000,10498.99119531987
1663570800000,10499.232975319872
1663574400000,10498.524507892284
1663578000000,10500.002907892283
1663581600000,10498.957207892283
1663585200000,10492.362467892284
1663588800000,10494.590507892282
1663592400000,10491.213287892284
1663596000000,10486.095167892283
1663599600000,10479.938147892282
1663603200000,10484.492077683135
1663606800000,10482.261857683134
1663610400000,10488.604597683134
1663614000000,10483.400837683135
1663617600000,10476.753230871216
1663621200000,10477.807810871216
1663624800000,10474.725810871218
1663628400000,10473.896350871217
1663632000000,10475.064912108717
1663635600000,10476.473252108717
1663639200000,10476.705072108718
1663642800000,10476.735892108718
1663646400000,10478.354612108717
1663650000000,10478.024972108717
1663653600000,10478.296992108717
1663657200000,10477.125832108717
1663660800000,10477.73109963643
1663664400000,10477.65337963643
1663668000000,10478.59137963643
1663671600000,10477.44567963643
1663675200000,10477.95755963643
1663678800000,10478.69187963643
1663682400000,10479.44361963643
1663686000000,10477.010179636429
1663689600000,10475.123970756007
1663693200000,10476.338010756006
1663696800000,10480.328530756007
1663700400000,10479.315490756006
1663704000000,10478.468610756006
1663707600000,10479.744290756007
1663711200000,10482.263490756006
1663714800000,10481.476910756006
1663718400000,10482.666709138603
1663722000000,10480.998409138603
1663725600000,10481.472769138602
1663729200000,10480.103289138602
1663732800000,10480.524049138603
1663736400000,10480.305629138602
1663740000000,10481.326709138602
1663743600000,10481.941769138602
1663747200000,10481.390972433086
1663750800000,10481.628152433086
1663754400000,10480.164872433086
1663758000000,10479.220172433086
1663761600000,10478.862392433086
1663765200000,10477.854712433087
1663768800000,10478.871772433085
1663772400000,10479.761532433085
1663776000000,10479.694162134056
1663779600000,10479.655302134055
1663783200000,10471.791761586992
1663786800000,10471.791761586992
1663790400000,10471.791761586992
1663794000000,10471.791761586992
1663797600000,10471.791761586992
1663801200000,10471.791761586992
1663804800000,10470.299215837835
1663808400000,10472.852435837834
1663812000000,10468.876385837835
1663815600000,10463.940555837835
1663819200000,10464.486385837836
1663822800000,10464.455685837835
1663826400000,10465.693475837836
1663830000000,10463.309425837835
1663833600000,10458.274593854552
1663837200000,10452.196893854552
1663840800000,10452.950493854552
1663844400000,10452.971953854552
1663848000000,10448.300963854552
1663851600000,10449.527643854552
1663855200000,10460.308533854552
1663858800000,10462.252173854553
1663862400000,10458.599091388543
1663866000000,10455.834641388543
1663869600000,10454.079301388543
1663873200000,10449.572571388542
1663876800000,10444.634351388542
1663880400000,10445.483861388544
1663884000000,10448.988671388543
1663887600000,10444.224231388542
1663891200000,10443.313491348055
1663894800000,10444.529681348056
1663898400000,10442.671941348055
1663902000000,10444.238381348056
1663905600000,10440.829711348055
1663909200000,10439.256801348056
1663912800000,10440.759191348056
1663916400000,10443.586111348055
1663920000000,10444.758392643955
1663923600000,10449.742772643956
1663927200000,10450.526862643954
1663930800000,10454.487932643955
1663934400000,10458.186142643955
1663938000000,10456.137882643954
1663941600000,10463.226672643956
1663945200000,10462.421542643955
1663948800000,10458.518780521132
1663952400000,10458.600870521132
1663956000000,10458.447910521132
1663959600000,10460.908800521132
1663963200000,10457.747100521132
1663966800000,10456.07109052113
1663970400000,10448.53833052113
1663974000000,10443.562000521131
1663977600000,10444.260008702333
1663981200000,10448.243338702334
1663984800000,10448.454158702332
1663988400000,10447.484428702333
1663992000000,10448.006098702333
1663995600000,10446.425648702332
1663999200000,10445.952618702333
1664002800000,10448.467808702333
1664006400000,10449.804023612247
1664010000000,10447.596233612247
1664013600000,10448.660803612249
1664017200000,10448.918083612247
1664020800000,10448.076893612248
1664024400000,10446.298783612248
1664028000000,10444.596813612248
1664031600000,10444.845973612248
1664035200000,10445.125679400597
1664038800000,10445.740439400597
1664042400000,10446.844899400596
1664046000000,10444.635429400596
1664049600000,10444.988189400596
1664053200000,10444.535649400596
1664056800000,10451.222289400597
1664060400000,10453.223989400596
1664064000000,10451.51657475369
1664067600000,10451.006814753691
1664071200000,10450.379664753691
1664074800000,10450.974514753692
1664078400000,10447.939144753691
1664082000000,10448.96171475369
1664085600000,10449.939904753692
1664089200000,10448.96932475369
1664092800000,10446.563332988973
1664096400000,10447.188462988974
1664100000000,10449.081972988974
1664103600000,10448.022632988972
1664107200000,10446.806922988973
1664110800000,10448.686452988974
1664114400000,10453.934462988973
1664118000000,10454.047052988972
1664121600000,10451.809239374332
1664125200000,10454.548199374332
1664128800000,10454.271919374332
1664132400000,10455.487819374333
1664136000000,10455.081089374333
1664139600000,10456.371059374333
1664143200000,10460.579999374333
1664146800000,10458.896259374333
1664150400000,10457.93390319408
1664154000000,10458.01412319408
1664157600000,10455.48147319408
1664161200000,10454.95176319408
1664164800000,10455.19298319408
1664168400000,10457.41868319408
1664172000000,10458.55941319408
1664175600000,10460.60510319408
1664179200000,10455.37880463296
1664182800000,10447.181212208789
1664186400000,10447.181212208789
1664190000000,10447.181212208789
1664193600000,10447.181212208789
1664197200000,10447.181212208789
1664200800000,10447.181212208789
1664204400000,10447.181212208789
1664208000000,10447.181212208789
1664211600000,10447.181212208789
1664215200000,10447.181212208789
1664218800000,10447.181212208789
1664222400000,10447.181212208789
1664226000000,10447.181212208789
1664229600000,10447.181212208789
1664233200000,10447.181212208789
1664236800000,10447.181212208789
1664240400000,10447.181212208789
1664244000000,10447.181212208789
1664247600000,10447.181212208789
1664251200000,10447.181212208789
1664254800000,10447.181212208789
1664258400000,10447.181212208789
1664262000000,10447.181212208789
1664265600000,10447.181212208789
1664269200000,10447.181212208789
1664272800000,10447.181212208789
1664276400000,10447.181212208789
1664280000000,10447.181212208789
1664283600000,10447.181212208789
1664287200000,10447.181212208789
1664290800000,10447.181212208789
1664294400000,10447.181212208789
1664298000000,10447.181212208789
1664301600000,10447.181212208789
1664305200000,10447.181212208789
1664308800000,10447.181212208789
1664312400000,10447.181212208789
1664316000000,10447.181212208789
1664319600000,10447.181212208789
1664323200000,10447.181212208789
1664326800000,10447.181212208789
1664330400000,10447.181212208789
1664334000000,10447.181212208789
1664337600000,10447.181212208789
1664341200000,10447.181212208789
1664344800000,10447.181212208789
1664348400000,10447.181212208789
1664352000000,10447.181212208789
1664355600000,10447.181212208789
1664359200000,10447.181212208789
1664362800000,10447.181212208789
1664366400000,10447.181212208789
1664370000000,10447.181212208789
1664373600000,10447.181212208789
1664377200000,10447.181212208789
1664380800000,10447.181212208789
1664384400000,10447.181212208789
1664388000000,10447.181212208789
1664391600000,10447.181212208789
1664395200000,10447.181212208789
1664398800000,10447.181212208789
1664402400000,10447.181212208789
1664406000000,10447.181212208789
1664409600000,10447.181212208789
1664413200000,10447.181212208789
1664416800000,10447.181212208789
1664420400000,10447.181212208789
1664424000000,10447.181212208789
1664427600000,10447.181212208789
1664431200000,10447.181212208789
1664434800000,10447.181212208789
1664438400000,10447.181212208789
1664442000000,10447.181212208789
1664445600000,10447.181212208789
1664449200000,10447.181212208789
1664452800000,10447.181212208789
1664456400000,10447.181212208789
1664460000000,10447.181212208789
1664463600000,10447.181212208789
1664467200000,10447.181212208789
1664470800000,10447.181212208789
1664474400000,10447.181212208789
1664478000000,10447.181212208789
1664481600000,10447.181212208789
1664485200000,10447.181212208789
1664488800000,10447.181212208789
1664492400000,10447.181212208789
1664496000000,10447.181212208789
1664499600000,10447.181212208789
1664503200000,10447.181212208789
1664506800000,10447.181212208789
1664510400000,10447.181212208789
1664514000000,10447.181212208789
1664517600000,10447.181212208789
1664521200000,10447.181212208789
1664524800000,10447.181212208789
1664528400000,10447.181212208789
1664532000000,10447.181212208789
1664535600000,10447.181212208789
1664539200000,10447.181212208789
1664542800000,10447.181212208789
1664546400000,10447.181212208789
1664550000000,10447.181212208789
1664553600000,10447.181212208789
1664557200000,10447.181212208789
1664560800000,10447.181212208789
1664564400000,10447.181212208789
1664568000000,10447.181212208789
1664571600000,10447.181212208789
1664575200000,10447.181212208789
1664578800000,10447.181212208789
1664582400000,10447.181212208789
1664586000000,10447.181212208789
1664589600000,10447.181212208789
1664593200000,10447.181212208789
1664596800000,10447.181212208789
1664600400000,10447.181212208789
1664604000000,10447.181212208789
1664607600000,10447.181212208789
1664611200000,10447.181212208789
1664614800000,10447.181212208789
1664618400000,10447.181212208789
1664622000000,10447.181212208789
1664625600000,10447.181212208789
1664629200000,10447.181212208789
1664632800000,10447.181212208789
1664636400000,10447.181212208789
1664640000000,10447.181212208789
1664643600000,10447.181212208789
1664647200000,10447.181212208789
1664650800000,10447.181212208789
1664654400000,10447.181212208789
1664658000000,10447.181212208789
1664661600000,10447.181212208789
1664665200000,10447.181212208789
1664668800000,10447.181212208789
1664672400000,10447.181212208789
1664676000000,10447.181212208789
1664679600000,10447.181212208789
1664683200000,10447.181212208789
1664686800000,10447.181212208789
1664690400000,10447.181212208789
1664694000000,10447.181212208789
1664697600000,10447.181212208789
1664701200000,10447.181212208789
1664704800000,10447.181212208789
1664708400000,10447.181212208789
1664712000000,10447.181212208789
1664715600000,10447.181212208789
1664719200000,10447.181212208789
1664722800000,10447.181212208789
1664726400000,10447.181212208789
1664730000000,10447.181212208789
1664733600000,10447.181212208789
1664737200000,10447.181212208789
1664740800000,10447.181212208789
1664744400000,10447.181212208789
1664748000000,10447.181212208789
1664751600000,10447.181212208789
1664755200000,10447.181212208789
1664758800000,10447.181212208789
1664762400000,10447.181212208789
1664766000000,10447.181212208789
1664769600000,10447.181212208789
1664773200000,10447.181212208789
1664776800000,10447.181212208789
1664780400000,10447.181212208789
1664784000000,10447.181212208789
1664787600000,10447.181212208789
1664791200000,10447.181212208789
1664794800000,10447.181212208789
1664798400000,10447.181212208789
1664802000000,10447.181212208789
1664805600000,10447.181212208789
1664809200000,10447.181212208789
1664812800000,10447.181212208789
1664816400000,10447.181212208789
1664820000000,10447.181212208789
1664823600000,10447.181212208789
1664827200000,10447.181212208789
1664830800000,10447.181212208789
1664834400000,10447.181212208789
1664838000000,10447.181212208789
1664841600000,10447.181212208789
1664845200000,10447.181212208789
1664848800000,10447.181212208789
1664852400000,10447.181212208789
1664856000000,10447.181212208789
1664859600000,10447.181212208789
1664863200000,10447.181212208789
1664866800000,10447.181212208789
1664870400000,10446.819805762836
1664874000000,10444.429405762836
1664877600000,10445.744605762835
1664881200000,10446.247005762836
1664884800000,10445.181405762834
1664888400000,10447.127005762835
1664892000000,10451.648605762835
1664895600000,10450.935005762834
1664899200000,10451.085107371311
1664902800000,10447.827507371312
1664906400000,10448.835507371312
1664910000000,10451.89790737131
1664913600000,10454.099507371311
1664917200000,10459.011507371311
1664920800000,10457.113907371311
1664924400000,10457.40510737131
1664928000000,10458.492041771311
1664931600000,10453.599241771311
1664935200000,10454.517641771312
1664938800000,10453.317641771311
1664942400000,10453.663241771312
1664946000000,10451.346441771311
1664949600000,10454.111241771312
1664953200000,10455.647241771312
1664956800000,10454.388943211312
1664960400000,10451.374543211312
1664964000000,10450.305743211311
1664967600000,10451.236943211312
1664971200000,10448.270543211313
1664974800000,10448.136143211312
1664978400000,10443.352143211312
1664982000000,10444.331343211312
1664985600000,10447.220967531313
1664989200000,10455.505767531313
1664992800000,10452.667367531312
1664996400000,10456.446567531313
1665000000000,10451.560167531312
1665003600000,10447.451367531312
1665007200000,10449.339367531313
1665010800000,10453.201767531313
1665014400000,10452.103685494738
1665018000000,10455.710085494738
1665021600000,10460.570885494739
1665025200000,10457.738885494738
1665028800000,10458.60608549474
1665032400000,10458.727685494738
1665036000000,10456.292485494738
1665039600000,10452.778885494738
1665043200000,10454.19899126205
1665046800000,10451.74779126205
1665050400000,10450.512591262052
1665054000000,10452.00059126205
1665057600000,10454.998991262051
1665061200000,10453.01819126205
1665064800000,10449.773391262052
1665068400000,10449.933391262051
1665072000000,10447.18457078205
1665075600000,10449.078970782051
1665079200000,10450.78777078205
1665082800000,10448.07417078205
1665086400000,10447.69337078205
1665090000000,10448.64057078205
1665093600000,10443.87257078205
1665097200000,10443.72217078205
1665100800000,10445.719120443095
1665104400000,10446.771920443094
1665108000000,10447.059920443095
1665111600000,10447.581520443095
1665115200000,10446.355920443095
1665118800000,10445.523920443095
1665122400000,10445.959120443094
1665126000000,10442.650320443094
1665129600000,10445.060183453708
1665133200000,10446.192983453708
1665136800000,10446.359383453708
1665140400000,10447.140183453708
1665144000000,10446.727383453708
1665147600000,10432.267609368624
1665151200000,10432.267609368624
1665154800000,10432.267609368624
1665158400000,10432.267609368624
1665162000000,10432.267609368624
1665165600000,10432.267609368624
1665169200000,10432.267609368624
1665172800000,10432.267609368624
1665176400000,10432.267609368624
1665180000000,10432.267609368624
1665183600000,10432.267609368624
1665187200000,10432.267609368624
1665190800000,10432.267609368624
1665194400000,10432.267609368624
1665198000000,10432.267609368624
1665201600000,10432.267609368624
1665205200000,10432.267609368624
1665208800000,10432.267609368624
1665212400000,10432.267609368624
1665216000000,10432.267609368624
1665219600000,10432.267609368624
1665223200000,10432.267609368624
1665226800000,10432.267609368624
1665230400000,10432.267609368624
1665234000000,10432.267609368624
1665237600000,10432.267609368624
1665241200000,10432.267609368624
1665244800000,10432.267609368624
1665248400000,10432.267609368624
1665252000000,10432.267609368624
1665255600000,10432.267609368624
1665259200000,10432.267609368624
1665262800000,10432.267609368624
1665266400000,10432.267609368624
1665270000000,10432.267609368624
1665273600000,10432.267609368624
1665277200000,10432.267609368624
1665280800000,10432.267609368624
1665284400000,10432.267609368624
1665288000000,10431.516524573639
1665291600000,10430.651324573639
1665295200000,10429.466924573639
1665298800000,10428.81172457364
1665302400000,10429.359594153575
1665306000000,10430.354994153575
1665309600000,10429.212594153574
1665313200000,10425.860994153574
1665316800000,10427.024394153575
1665320400000,10425.881994153575
1665324000000,10426.915194153575
1665327600000,10425.516594153574
1665331200000,10424.621193838271
1665334800000,10425.717393838271
1665338400000,10426.38519383827
1665342000000,10424.90679383827
1665345600000,10427.477193838271
1665349200000,10426.89759383827
1665352800000,10427.40579383827
1665356400000,10431.03459383827
1665360000000,10428.678932676276
1665363600000,10425.617132676276
1665367200000,10426.083332676275
1665370800000,10427.141732676275
1665374400000,10428.284132676275
1665378000000,10427.561732676275
1665381600000,10429.762532676275
1665385200000,10429.964132676276
1665388800000,10429.43398620195
1665392400000,10436.69158620195
1665396000000,10433.25598620195
1665399600000,10434.71758620195
1665403200000,10432.76458620195
1665406800000,10428.61498620195
1665410400000,10433.93638620195
1665414000000,10436.51098620195
1665417600000,10435.264693163635
1665421200000,10440.846493163635
1665424800000,10433.479693163636
1665428400000,10437.125293163635
1665432000000,10437.935893163634
1665435600000,10436.239093163635
1665439200000,10436.507893163634
1665442800000,10441.216093163635
1665446400000,10442.720211873695
1665450000000,10445.714811873697
1665453600000,10445.798811873696
1665457200000,10444.753011873696
1665460800000,10445.126811873695
1665464400000,10445.341011873696
1665468000000,10445.437611873696
1665471600000,10444.543011873697
1665475200000,10443.581527713697
1665478800000,10442.720527713696
1665482400000,10444.165327713697
1665486000000,10442.733127713696
1665489600000,10439.637727713696
1665493200000,10440.515527713696
1665496800000,10451.015527713696
1665500400000,10445.303527713697
1665504000000,10441.834906381933
1665507600000,10440.965506381934
1665511200000,10442.133106381934
1665514800000,10447.635106381935
1665518400000,10447.311706381934
1665522000000,10446.219706381933
1665525600000,10446.660706381934
1665529200000,10445.585506381934
1665532800000,10444.2543405048
1665536400000,10443.2421405048
1665540000000,10444.7247405048
1665543600000,10444.1955405048
1665547200000,10445.3211405048
1665550800000,10443.2547405048
1665554400000,10442.6037405048
1665558000000,10441.1295405048
1665561600000,10442.704980816601
1665565200000,10441.734780816601
1665568800000,10440.2353808166
1665572400000,10440.9745808166
1665576000000,10442.4529808166
1665579600000,10444.985580816601
1665583200000,10442.5285808166
1665586800000,10443.271980816602
1665590400000,10441.705931227956
1665594000000,10443.003731227956
1665597600000,10444.759331227957
1665601200000,10442.860931227957
1665604800000,10441.533731227957
1665608400000,10440.571931227956
1665612000000,10439.702531227957
1665615600000,10441.252331227957
1665619200000,10440.972174920938
1665622800000,10441.522374920938
1665626400000,10442.899974920938
1665630000000,10444.042374920939
1665633600000,10443.975174920939
1665637200000,10443.891174920938
1665640800000,10443.979374920938
1665644400000,10445.230974920938
1665648000000,10447.305790388495
1665651600000,10447.305790388495
1665655200000,10447.897990388494
1665658800000,10461.711790388494
1665662400000,10457.102824661548
1665666000000,10485.163864661548
1665669600000,10481.181104661548
1665673200000,10480.908584661547
1665676800000,10442.047322016924
1665680400000,10433.917842016925
1665684000000,10426.761402016924
1665687600000,10415.256888087953
1665691200000,10414.469968087953
1665694800000,10411.425288087952
1665698400000,10410.852608087953
1665702000000,10411.936168087952
1665705600000,10414.289748305011
1665709200000,10412.666468305011
1665712800000,10406.974923003165
1665716400000,10406.974923003165
1665720000000,10406.974923003165
1665723600000,10406.974923003165
1665727200000,10406.974923003165
1665730800000,10406.974923003165
1665734400000,10406.974923003165
1665738000000,10406.974923003165
1665741600000,10406.974923003165
1665745200000,10406.974923003165
1665748800000,10406.974923003165
1665752400000,10406.974923003165
1665756000000,10406.974923003165
1665759600000,10406.974923003165
1665763200000,10406.974923003165
1665766800000,10406.974923003165
1665770400000,10406.974923003165
1665774000000,10406.974923003165
1665777600000,10406.974923003165
1665781200000,10406.974923003165
1665784800000,10406.974923003165
1665788400000,10406.974923003165
1665792000000,10406.974923003165
1665795600000,10406.974923003165
1665799200000,10406.974923003165
1665802800000,10406.974923003165
1665806400000,10406.974923003165
1665810000000,10406.974923003165
1665813600000,10406.974923003165
1665817200000,10406.974923003165
1665820800000,10406.974923003165
1665824400000,10406.974923003165
1665828000000,10406.974923003165
1665831600000,10406.974923003165
1665835200000,10406.974923003165
1665838800000,10406.974923003165
1665842400000,10406.974923003165
1665846000000,10406.974923003165
1665849600000,10406.974923003165
1665853200000,10406.974923003165
1665856800000,10406.974923003165
1665860400000,10406.974923003165
1665864000000,10406.974923003165
1665867600000,10406.974923003165
1665871200000,10406.974923003165
1665874800000,10406.974923003165
1665878400000,10406.974923003165
1665882000000,10406.974923003165
1665885600000,10406.974923003165
1665889200000,10406.974923003165
1665892800000,10406.974923003165
1665896400000,10406.974923003165
1665900000000,10406.974923003165
1665903600000,10406.974923003165
1665907200000,10406.974923003165
1665910800000,10406.974923003165
1665914400000,10406.974923003165
1665918000000,10406.974923003165
1665921600000,10406.974923003165
1665925200000,10406.974923003165
1665928800000,10406.974923003165
1665932400000,10406.974923003165
1665936000000,10406.974923003165
1665939600000,10406.974923003165
1665943200000,10406.974923003165
1665946800000,10406.974923003165
1665950400000,10406.974923003165
1665954000000,10406.974923003165
1665957600000,10406.974923003165
1665961200000,10406.974923003165
1665964800000,10406.974923003165
1665968400000,10406.974923003165
1665972000000,10406.974923003165
1665975600000,10406.974923003165
1665979200000,10406.974923003165
1665982800000,10406.974923003165
1665986400000,10406.974923003165
1665990000000,10406.974923003165
1665993600000,10406.974923003165
1665997200000,10406.974923003165
1666000800000,10406.974923003165
1666004400000,10406.974923003165
1666008000000,10406.974923003165
1666011600000,10406.974923003165
1666015200000,10406.974923003165
1666018800000,10406.974923003165
1666022400000,10406.974923003165
1666026000000,10406.974923003165
1666029600000,10406.974923003165
1666033200000,10406.974923003165
1666036800000,10406.974923003165
1666040400000,10406.974923003165
1666044000000,10406.974923003165
1666047600000,10406.974923003165
1666051200000,10406.974923003165
1666054800000,10406.974923003165
1666058400000,10406.974923003165
1666062000000,10406.974923003165
1666065600000,10406.974923003165
1666069200000,10406.974923003165
1666072800000,10406.974923003165
1666076400000,10406.974923003165
1666080000000,10406.974923003165
1666083600000,10406.974923003165
1666087200000,10406.974923003165
1666090800000,10406.974923003165
1666094400000,10406.974923003165
1666098000000,10406.974923003165
1666101600000,10406.974923003165
1666105200000,10406.974923003165
1666108800000,10406.974923003165
1666112400000,10406.974923003165
1666116000000,10406.974923003165
1666119600000,10406.974923003165
1666123200000,10406.974923003165
1666126800000,10406.974923003165
1666130400000,10406.974923003165
1666134000000,10406.974923003165
1666137600000,10406.974923003165
1666141200000,10406.974923003165
1666144800000,10406.974923003165
1666148400000,10406.974923003165
1666152000000,10406.974923003165
1666155600000,10406.974923003165
1666159200000,10406.974923003165
1666162800000,10406.974923003165
1666166400000,10406.974923003165
1666170000000,10406.974923003165
1666173600000,10406.974923003165
1666177200000,10406.974923003165
1666180800000,10406.974923003165
1666184400000,10406.974923003165
1666188000000,10406.974923003165
1666191600000,10406.974923003165
1666195200000,10406.974923003165
1666198800000,10406.974923003165
1666202400000,10406.974923003165
1666206000000,10406.974923003165
1666209600000,10406.974923003165
1666213200000,10406.974923003165
1666216800000,10406.974923003165
1666220400000,10406.974923003165
1666224000000,10406.974923003165
1666227600000,10406.974923003165
1666231200000,10406.974923003165
1666234800000,10406.974923003165
1666238400000,10406.974923003165
1666242000000,10406.974923003165
1666245600000,10406.974923003165
1666249200000,10406.974923003165
1666252800000,10406.974923003165
1666256400000,10406.974923003165
1666260000000,10406.974923003165
1666263600000,10406.974923003165
1666267200000,10406.974923003165
1666270800000,10406.974923003165
1666274400000,10406.974923003165
1666278000000,10406.974923003165
1666281600000,10406.974923003165
1666285200000,10406.974923003165
1666288800000,10406.974923003165
1666292400000,10406.974923003165
1666296000000,10406.974923003165
1666299600000,10406.974923003165
1666303200000,10406.974923003165
1666306800000,10406.974923003165
1666310400000,10406.974923003165
1666314000000,10406.974923003165
1666317600000,10406.974923003165
1666321200000,10406.974923003165
1666324800000,10406.974923003165
1666328400000,10406.974923003165
1666332000000,10406.974923003165
1666335600000,10406.974923003165
1666339200000,10406.974923003165
1666342800000,10406.974923003165
1666346400000,10406.974923003165
1666350000000,10406.974923003165
1666353600000,10406.974923003165
1666357200000,10406.974923003165
1666360800000,10406.974923003165
1666364400000,10406.974923003165
1666368000000,10406.974923003165
1666371600000,10406.974923003165
1666375200000,10406.974923003165
1666378800000,10406.974923003165
1666382400000,10406.974923003165
1666386000000,10406.974923003165
1666389600000,10406.974923003165
1666393200000,10406.974923003165
1666396800000,10406.974923003165
1666400400000,10406.974923003165
1666404000000,10406.974923003165
1666407600000,10406.974923003165
1666411200000,10406.974923003165
1666414800000,10406.974923003165
1666418400000,10406.974923003165
1666422000000,10406.974923003165
1666425600000,10406.974923003165
1666429200000,10406.974923003165
1666432800000,10406.974923003165
1666436400000,10406.974923003165
1666440000000,10406.974923003165
1666443600000,10406.974923003165
1666447200000,10406.974923003165
1666450800000,10406.974923003165
1666454400000,10406.974923003165
1666458000000,10406.974923003165
1666461600000,10406.974923003165
1666465200000,10406.974923003165
1666468800000,10406.974923003165
1666472400000,10406.974923003165
1666476000000,10406.974923003165
1666479600000,10406.974923003165
1666483200000,10406.974923003165
1666486800000,10406.974923003165
1666490400000,10406.974923003165
1666494000000,10406.974923003165
1666497600000,10406.974923003165
1666501200000,10406.974923003165
1666504800000,10406.974923003165
1666508400000,10406.974923003165
1666512000000,10406.974923003165
1666515600000,10406.974923003165
1666519200000,10406.974923003165
1666522800000,10406.974923003165
1666526400000,10406.974923003165
1666530000000,10406.974923003165
1666533600000,10406.974923003165
1666537200000,10406.974923003165
1666540800000,10406.974923003165
1666544400000,10406.974923003165
1666548000000,10406.974923003165
1666551600000,10406.974923003165
1666555200000,10405.335020504766
1666558800000,10405.196320504767
1666562400000,10422.581270504767
1666566000000,10431.929720504766
1666569600000,10427.306667483872
1666573200000,10422.263517483872
1666576800000,10413.440617483871
1666580400000,10411.460317483874
1666584000000,10407.483967483873
1666587600000,10404.116717483872
1666591200000,10401.543467483873
1666594800000,10395.423417483873
1666598400000,10395.585097735697
1666602000000,10395.394397735696
1666605600000,10397.164797735697
1666609200000,10398.132347735696
1666612800000,10398.828247735697
1666616400000,10399.502597735696
1666620000000,10400.609647735695
1666623600000,10397.794847735697
1666627200000,10399.928935835083
1666630800000,10398.324635835084
1666634400000,10397.048585835082
1666638000000,10398.077535835084
1666641600000,10399.056735835084
1666645200000,10399.977835835083
1666648800000,10399.609585835084
1666652400000,10399.092735835084
1666656000000,10400.054763447517
1666659600000,10399.602063447517
1666663200000,10399.293413447516
1666666800000,10399.207513447516
1666670400000,10400.906863447517
1666674000000,10400.155863447517
1666677600000,10402.363713447516
1666681200000,10402.298613447516
1666684800000,10403.050090495552
1666688400000,10402.014490495552
1666692000000,10403.50774049555
1666695600000,10402.64634049555
1666699200000,10403.489740495552
1666702800000,10405.326140495552
1666706400000,10411.374990495551
1666710000000,10411.270140495551
1666713600000,10407.590444279438
1666717200000,10456.377294279437
1666720800000,10467.417244279437
1666724400000,10479.203144279438
1666728000000,10477.030894279438
1666731600000,10464.255494279436
1666735200000,10466.675944279437
1666738800000,10449.840244279438
1666742400000,10453.893587398452
1666746000000,10462.876387398452
1666749600000,10470.475837398451
1666753200000,10470.96463739845
1666756800000,10473.800787398452
1666760400000,10468.489987398452
1666764000000,10469.432287398453
1666767600000,10476.97068739845
1666771200000,10493.369344220306
1666774800000,10519.329794220304
1666778400000,10511.238944220306
1666782000000,10520.249844220305
1666785600000,10511.296394220306
1666789200000,10506.817944220305
1666792800000,10518.564844220306
1666796400000,10548.065794220305
1666800000000,10542.979601196366
1666803600000,10524.797701196367
1666807200000,10538.965651196366
1666810800000,10525.416301196366
1666814400000,10537.489551196366
1666818000000,10529.298501196365
1666821600000,10529.339951196367
1666825200000,10542.343151196366
1666828800000,10537.224632389805
1666832400000,10534.695732389806
1666836000000,10534.372382389805
1666839600000,10526.221482389805
1666843200000,10532.148682389805
1666846800000,10536.737232389805
1666850400000,10538.716332389806
1666854000000,10529.061032389805
1666857600000,10530.666221315028
1666861200000,10528.200121315029
1666864800000,10522.515571315029
1666868400000,10517.691121315029
1666872000000,10522.519671315029
1666875600000,10536.73847131503
1666879200000,10517.58587131503
1666882800000,10521.381371315028
1666886400000,10520.267400967834
1666890000000,10520.859600967833
1666893600000,10524.504700967833
1666897200000,10526.827600967834
1666900800000,10530.991850967834
1666904400000,10501.705150967835
1666908000000,10500.273350967835
1666911600000,10491.757650967835
1666915200000,10489.007334570922
1666918800000,10490.811884570923
1666922400000,10497.359184570922
1666926000000,10479.949984570922
1666929600000,10486.230284570922
1666933200000,10484.333434570923
1666936800000,10492.510934570922
1666940400000,10486.361934570923
1666944000000,10471.801209333575
1666947600000,10479.198859333574
1666951200000,10481.804059333574
1666954800000,10478.464559333575
1666958400000,10475.367709333574
1666962000000,10484.221509333574
1666965600000,10516.062109333576
1666969200000,10509.477909333575
1666972800000,10510.66290207977
1666976400000,10535.81600207977
1666980000000,10527.03175207977
1666983600000,10526.80615207977
1666987200000,10528.16800207977
1666990800000,10529.28725207977
1666994400000,10527.146352079772
1666998000000,10528.56515207977
1667001600000,10524.521904021696
1667005200000,10525.587904021695
1667008800000,10525.547554021696
1667012400000,10541.644654021697
1667016000000,10550.543554021697
1667019600000,10543.877554021696
1667023200000,10542.823904021698
1667026800000,10544.933154021695
1667030400000,10553.07922977438
1667034000000,10580.048879774378
1667037600000,10581.61087977438
1667041200000,10569.24107977438
1667044800000,10562.35967977438
1667048400000,10572.919179774379
1667052000000,10570.150879774379
1667055600000,10570.445479774378
1667059200000,10581.409589888577
1667062800000,10578.869689888577
1667066400000,10569.166289888577
1667070000000,10576.433489888577
1667073600000,10573.620289888577
1667077200000,10575.517239888577
1667080800000,10573.848989888578
1667084400000,10562.877189888577
1667088000000,10570.747362211983
1667091600000,10559.305712211984
1667095200000,10565.624762211983
1667098800000,10567.754162211984
1667102400000,10570.217762211983
1667106000000,10568.050512211983
1667109600000,10572.320062211984
1667113200000,10581.542212211983
1667116800000,10577.012854737504
1667120400000,10567.414204737504
1667124000000,10551.514454737504
1667127600000,10552.246504737504
1667131200000,10559.442304737504
1667134800000,10555.629004737504
1667138400000,10543.034804737505
1667142000000,10555.440204737504
1667145600000,10545.443097025958
1667149200000,10541.782347025957
1667152800000,10544.740647025958
1667156400000,10547.779647025958
1667160000000,10545.938247025959
1667163600000,10550.844847025957
1667167200000,10549.784847025958
1667170800000,10541.784747025957
1667174400000,10546.201578249791
1667178000000,10539.88077824979
1667181600000,10533.450078249793
1667185200000,10530.946278249792
1667188800000,10537.65162824979
1667192400000,10541.421228249792
1667196000000,10542.311328249792
1667199600000,10539.99402824979
1667203200000,10542.547495429902
1667206800000,10535.067195429903
1667210400000,10566.308345429901
1667214000000,10571.189095429901
1667217600000,10567.093045429901
1667221200000,10563.520395429901
1667224800000,10526.223595429901
1667228400000,10512.570866671755
1667232000000,10516.381518739689
1667235600000,10514.02546873969
1667239200000,10514.420968739689
1667242800000,10518.55111873969
1667246400000,10514.929468739689
1667250000000,10515.92951873969
1667253600000,10513.09886873969
1667257200000,10517.116018739689
1667260800000,10519.063856908067
1667264400000,10518.967806908067
1667268000000,10524.414406908067
1667271600000,10533.962906908067
1667275200000,10527.866556908068
1667278800000,10529.764956908068
1667282400000,10529.510706908068
1667286000000,10532.595606908068
1667289600000,10530.030890085845
1667293200000,10528.669240085846
1667296800000,10532.725940085846
1667300400000,10538.093440085846
1667304000000,10531.319090085846
1667307600000,10533.516940085847
1667311200000,10521.245140085846
1667314800000,10518.188490085846
1667318400000,10521.368996107207
1667322000000,10519.295446107208
1667325600000,10523.702446107207
1667329200000,10526.194096107207
1667332800000,10521.685396107207
1667336400000,10521.651496107206
1667340000000,10521.419846107206
1667343600000,10523.001846107207
1667347200000,10523.38538984485
1667350800000,10527.990139844851
1667354400000,10527.18218984485
1667358000000,10529.334839844852
1667361600000,10529.933739844852
1667365200000,10530.673889844851
1667368800000,10527.20478984485
1667372400000,10528.238739844852
1667376000000,10514.551301553342
1667379600000,10521.387801553341
1667383200000,10510.613251553343
1667386800000,10497.75674909652
1667390400000,10497.75674909652
1667394000000,10497.75674909652
1667397600000,10497.75674909652
1667401200000,10497.75674909652
1667404800000,10497.75674909652
1667408400000,10497.75674909652
1667412000000,10497.75674909652
1667415600000,10497.75674909652
1667419200000,10497.75674909652
1667422800000,10497.75674909652
1667426400000,10497.75674909652
1667430000000,10497.75674909652
1667433600000,10497.75674909652
1667437200000,10497.75674909652
1667440800000,10497.75674909652
1667444400000,10497.75674909652
1667448000000,10497.75674909652
1667451600000,10497.75674909652
1667455200000,10497.75674909652
1667458800000,10497.75674909652
1667462400000,10497.75674909652
1667466000000,10497.75674909652
1667469600000,10497.75674909652
1667473200000,10497.75674909652
1667476800000,10497.75674909652
1667480400000,10497.75674909652
1667484000000,10497.75674909652
1667487600000,10497.75674909652
1667491200000,10497.75674909652
1667494800000,10497.75674909652
1667498400000,10497.75674909652
1667502000000,10497.75674909652
1667505600000,10497.75674909652
1667509200000,10497.75674909652
1667512800000,10497.75674909652
1667516400000,10497.75674909652
1667520000000,10497.75674909652
1667523600000,10497.75674909652
1667527200000,10497.75674909652
1667530800000,10497.75674909652
1667534400000,10497.75674909652
1667538000000,10497.75674909652
1667541600000,10497.75674909652
1667545200000,10497.75674909652
1667548800000,10497.75674909652
1667552400000,10497.75674909652
1667556000000,10497.75674909652
1667559600000,10497.75674909652
1667563200000,10497.75674909652
1667566800000,10497.75674909652
1667570400000,10497.75674909652
1667574000000,10497.75674909652
1667577600000,10497.75674909652
1667581200000,10497.75674909652
1667584800000,10497.75674909652
1667588400000,10497.75674909652
1667592000000,10495.500122251942
1667595600000,10496.862272251941
1667599200000,10499.075492251943
1667602800000,10499.812442251943
1667606400000,10497.40658675737
1667610000000,10506.572216757371
1667613600000,10505.13185675737
1667617200000,10504.053986757372
1667620800000,10505.88116675737
1667624400000,10503.667766757371
1667628000000,10503.86267675737
1667631600000,10505.73515675737
1667635200000,10504.829769296315
1667638800000,10501.009029296316
1667642400000,10500.255669296317
1667646000000,10501.093089296315
1667649600000,10505.255319296315
1667653200000,10500.604719296316
1667656800000,10498.705239296316
1667660400000,10497.327669296315
1667664000000,10499.887373355852
1667667600000,10500.235553355851
1667671200000,10500.522143355853
1667674800000,10497.86561335585
1667678400000,10499.611103355852
1667682000000,10499.835953355852
1667685600000,10499.624243355853
1667689200000,10499.120633355851
1667692800000,10497.436313051088
1667696400000,10498.47182305109
1667700000000,10493.57408305109
1667703600000,10494.05180305109
1667707200000,10494.55832305109
1667710800000,10494.268043051088
1667714400000,10491.085193051089
1667718000000,10492.40990305109
1667721600000,10493.848034300076
1667725200000,10497.026684300075
1667728800000,10496.149154300077
1667732400000,10496.809934300076
1667736000000,10494.964184300075
1667739600000,10493.894954300076
1667743200000,10493.945834300075
1667746800000,10495.432064300077
1667750400000,10494.81013625351
1667754000000,10494.728026253511
1667757600000,10493.337466253512
1667761200000,10491.994516253511
1667764800000,10490.96410625351
1667768400000,10491.907396253511
1667772000000,10487.642176253512
1667775600000,10487.606266253511
1667779200000,10473.668043214693
1667782800000,10471.544593002924
1667786400000,10471.544593002924
1667790000000,10471.544593002924
1667793600000,10471.544593002924
1667797200000,10471.544593002924
1667800800000,10471.544593002924
1667804400000,10471.544593002924
1667808000000,10471.544593002924
1667811600000,10471.544593002924
1667815200000,10471.544593002924
1667818800000,10471.544593002924
1667822400000,10471.544593002924
1667826000000,10471.544593002924
1667829600000,10471.544593002924
1667833200000,10471.544593002924
1667836800000,10471.544593002924
1667840400000,10471.544593002924
1667844000000,10471.544593002924
1667847600000,10471.544593002924
1667851200000,10471.544593002924
1667854800000,10471.544593002924
1667858400000,10471.544593002924
1667862000000,10471.544593002924
1667865600000,10471.544593002924
1667869200000,10471.544593002924
1667872800000,10471.544593002924
1667876400000,10471.544593002924
1667880000000,10471.544593002924
1667883600000,10471.544593002924
1667887200000,10471.544593002924
1667890800000,10471.544593002924
1667894400000,10471.544593002924
1667898000000,10471.544593002924
1667901600000,10471.544593002924
1667905200000,10471.544593002924
1667908800000,10471.544593002924
1667912400000,10471.544593002924
1667916000000,10471.544593002924
1667919600000,10471.544593002924
1667923200000,10470.36573053553
1667926800000,10445.534096980939
1667930400000,10445.534096980939
1667934000000,10445.534096980939
1667937600000,10444.279194738747
1667941200000,10445.531994738747
1667944800000,10443.331194738746
1667948400000,10444.810794738747
1667952000000,10442.573595287355
1667955600000,10445.052795287354
1667959200000,10444.918395287355
1667962800000,10447.441995287356
1667966400000,10445.681595287355
1667970000000,10446.672795287355
1667973600000,10446.665595287355
1667977200000,10447.385595287355
1667980800000,10449.697397861164
1667984400000,10451.475797861163
1667988000000,10455.836597861164
1667991600000,10459.701797861164
1667995200000,10456.425797861164
1667998800000,10455.004997861164
1668002400000,10457.299397861163
1668006000000,10455.321797861165
1668009600000,10463.213541406156
1668013200000,10461.921141406156
1668016800000,10462.816341406156
1668020400000,10462.866741406157
1668024000000,10458.984741406157
1668027600000,10463.171541406156
1668031200000,10470.021141406156
1668034800000,10468.942341406157
1668038400000,10470.9028638859
1668042000000,10465.0912638859
1668045600000,10466.1424638859
1668049200000,10464.9712638859
1668052800000,10461.9748638859
1668056400000,10461.2560638859
1668060000000,10460.1268638859
1668063600000,10461.5668638859
1668067200000,10459.7361651883
1668070800000,10457.075765188301
1668074400000,10458.117365188302
1668078000000,10461.0249651883
1668081600000,10459.817765188302
1668085200000,10457.1069651883
1668088800000,10447.6761651883
1668092400000,10444.3713651883
1668096000000,10444.158454411467
1668099600000,10444.534054411466
1668103200000,10451.174854411465
1668106800000,10449.691654411467
1668110400000,10447.427254411466
1668114000000,10442.813254411465
1668117600000,10443.637654411466
1668121200000,10443.845254411466
1668124800000,10446.5742899735
1668128400000,10446.8118899735
1668132000000,10451.4522899735
1668135600000,10452.102689973499
1668139200000,10453.8510899735
1668142800000,10454.5002899735
1668146400000,10450.2066899735
1668150000000,10451.2134899735
1668153600000,10449.326581034707
1668157200000,10449.226981034708
1668160800000,10449.091381034708
1668164400000,10449.282181034709
1668168000000,10449.574981034708
1668171600000,10446.757381034708
1668175200000,10449.104581034708
1668178800000,10450.003381034709
1668182400000,10450.958121252825
1668186000000,10452.705321252824
1668189600000,10448.954121252824
1668193200000,10450.998921252823
1668196800000,10449.671721252824
1668200400000,10452.663321252825
1668204000000,10449.960921252825
1668207600000,10448.943321252824
1668211200000,10448.080351432784
1668214800000,10449.441151432784
1668218400000,10449.834751432783
1668222000000,10449.263551432783
1668225600000,10451.357551432784
1668229200000,10452.097951432783
1668232800000,10453.153951432783
1668236400000,10451.056351432784
1668240000000,10450.518937551704
1668243600000,10451.122537551702
1668247200000,10451.057737551702
1668250800000,10451.003737551702
1668254400000,10451.004937551703
1668258000000,10450.475737551704
1668261600000,10450.770937551702
1668265200000,10449.298537551704
1668268800000,10449.511804086102
1668272400000,10450.126204086102
1668276000000,10449.699004086102
1668279600000,10450.140604086102
1668283200000,10450.287004086102
1668286800000,10450.756204086103
1668290400000,10451.632204086103
1668294000000,10451.260204086102
1668297600000,10451.680005148375
1668301200000,10450.62159425433
1668304800000,10450.62159425433
1668308400000,10450.62159425433
1668312000000,10450.62159425433
1668315600000,10450.62159425433
1668319200000,10450.62159425433
1668322800000,10450.62159425433
1668326400000,10450.62159425433
1668330000000,10450.62159425433
1668333600000,10450.62159425433
1668337200000,10450.62159425433
1668340800000,10450.62159425433
1668344400000,10450.62159425433
1668348000000,10450.62159425433
1668351600000,10450.62159425433
1668355200000,10450.62159425433
1668358800000,10450.62159425433
1668362400000,10450.62159425433
1668366000000,10450.62159425433
1668369600000,10450.62159425433
1668373200000,10450.62159425433
1668376800000,10450.62159425433
1668380400000,10450.62159425433
1668384000000,10450.62159425433
1668387600000,10450.62159425433
1668391200000,10450.62159425433
1668394800000,10450.62159425433
1668398400000,10450.62159425433
1668402000000,10450.62159425433
1668405600000,10450.62159425433
1668409200000,10450.62159425433
1668412800000,10450.62159425433
1668416400000,10450.62159425433
1668420000000,10450.62159425433
1668423600000,10450.62159425433
1668427200000,10450.62159425433
1668430800000,10450.62159425433
1668434400000,10450.62159425433
1668438000000,10450.62159425433
1668441600000,10450.62159425433
1668445200000,10450.62159425433
1668448800000,10450.62159425433
1668452400000,10450.62159425433
1668456000000,10450.62159425433
1668459600000,10450.62159425433
1668463200000,10450.62159425433
1668466800000,10450.62159425433
1668470400000,10450.62159425433
1668474000000,10450.62159425433
1668477600000,10450.62159425433
1668481200000,10450.62159425433
1668484800000,10450.62159425433
1668488400000,10450.62159425433
1668492000000,10450.62159425433
1668495600000,10450.62159425433
1668499200000,10450.62159425433
1668502800000,10450.62159425433
1668506400000,10450.62159425433
1668510000000,10450.62159425433
1668513600000,10450.62159425433
1668517200000,10450.62159425433
1668520800000,10450.62159425433
1668524400000,10450.62159425433
1668528000000,10450.62159425433
1668531600000,10450.62159425433
1668535200000,10450.62159425433
1668538800000,10450.62159425433
1668542400000,10450.62159425433
1668546000000,10450.62159425433
1668549600000,10450.62159425433
1668553200000,10450.62159425433
1668556800000,10450.62159425433
1668560400000,10450.62159425433
1668564000000,10450.62159425433
1668567600000,10450.62159425433
1668571200000,10450.62159425433
1668574800000,10450.62159425433
1668578400000,10450.62159425433
1668582000000,10450.62159425433
1668585600000,10450.62159425433
1668589200000,10450.62159425433
1668592800000,10450.62159425433
1668596400000,10450.62159425433
1668600000000,10450.62159425433
1668603600000,10450.62159425433
1668607200000,10450.62159425433
1668610800000,10450.62159425433
1668614400000,10450.62159425433
1668618000000,10450.62159425433
1668621600000,10450.62159425433
1668625200000,10450.62159425433
1668628800000,10450.62159425433
1668632400000,10450.62159425433
1668636000000,10450.62159425433
1668639600000,10450.62159425433
1668643200000,10450.62159425433
1668646800000,10450.62159425433
1668650400000,10450.62159425433
1668654000000,10450.62159425433
1668657600000,10450.62159425433
1668661200000,10450.62159425433
1668664800000,10450.62159425433
1668668400000,10450.62159425433
1668672000000,10450.62159425433
1668675600000,10450.62159425433
1668679200000,10450.62159425433
1668682800000,10450.62159425433
1668686400000,10450.62159425433
1668690000000,10450.62159425433
1668693600000,10450.62159425433
1668697200000,10450.62159425433
1668700800000,10450.62159425433
1668704400000,10450.62159425433
1668708000000,10450.62159425433
1668711600000,10450.62159425433
1668715200000,10450.62159425433
1668718800000,10450.62159425433
1668722400000,10450.62159425433
1668726000000,10450.62159425433
1668729600000,10450.62159425433
1668733200000,10450.62159425433
1668736800000,10450.62159425433
1668740400000,10450.62159425433
1668744000000,10450.62159425433
1668747600000,10450.62159425433
1668751200000,10450.62159425433
1668754800000,10450.62159425433
1668758400000,10450.62159425433
1668762000000,10450.62159425433
1668765600000,10450.62159425433
1668769200000,10450.62159425433
1668772800000,10450.62159425433
1668776400000,10450.62159425433
1668780000000,10450.62159425433
1668783600000,10450.62159425433
1668787200000,10450.62159425433
1668790800000,10450.62159425433
1668794400000,10450.62159425433
1668798000000,10450.62159425433
1668801600000,10450.62159425433
1668805200000,10450.62159425433
1668808800000,10450.62159425433
1668812400000,10450.62159425433
1668816000000,10450.62159425433
1668819600000,10450.62159425433
1668823200000,10450.62159425433
1668826800000,10450.62159425433
1668830400000,10450.62159425433
1668834000000,10450.62159425433
1668837600000,10450.62159425433
1668841200000,10450.62159425433
1668844800000,10450.62159425433
1668848400000,10450.62159425433
1668852000000,10450.62159425433
1668855600000,10450.62159425433
1668859200000,10450.62159425433
1668862800000,10450.62159425433
1668866400000,10450.62159425433
1668870000000,10450.62159425433
1668873600000,10450.62159425433
1668877200000,10450.62159425433
1668880800000,10450.62159425433
1668884400000,10450.62159425433
1668888000000,10450.62159425433
1668891600000,10450.62159425433
1668895200000,10450.62159425433
1668898800000,10450.62159425433
1668902400000,10450.62159425433
1668906000000,10450.62159425433
1668909600000,10450.62159425433
1668913200000,10450.62159425433
1668916800000,10450.62159425433
1668920400000,10450.62159425433
1668924000000,10450.62159425433
1668927600000,10450.62159425433
1668931200000,10450.62159425433
1668934800000,10450.62159425433
1668938400000,10450.62159425433
1668942000000,10450.62159425433
1668945600000,10450.62159425433
1668949200000,10450.62159425433
1668952800000,10450.62159425433
1668956400000,10450.62159425433
1668960000000,10450.62159425433
1668963600000,10450.62159425433
1668967200000,10450.62159425433
1668970800000,10450.62159425433
1668974400000,10450.62159425433
1668978000000,10450.62159425433
1668981600000,10450.62159425433
1668985200000,10450.62159425433
1668988800000,10450.62159425433
1668992400000,10450.62159425433
1668996000000,10450.62159425433
1668999600000,10450.62159425433
1669003200000,10450.62159425433
1669006800000,10450.62159425433
1669010400000,10450.62159425433
1669014000000,10450.62159425433
1669017600000,10450.62159425433
1669021200000,10450.62159425433
1669024800000,10450.62159425433
1669028400000,10450.62159425433
1669032000000,10450.62159425433
1669035600000,10450.62159425433
1669039200000,10450.62159425433
1669042800000,10450.62159425433
1669046400000,10450.62159425433
1669050000000,10450.62159425433
1669053600000,10450.62159425433
1669057200000,10450.62159425433
1669060800000,10448.373738683067
1669064400000,10441.833498683067
1669068000000,10451.789778683067
1669071600000,10442.733858683067
1669075200000,10442.870855922898
1669078800000,10439.388575922898
1669082400000,10443.414275922898
1669086000000,10437.563975922898
1669089600000,10441.278095922899
1669093200000,10443.204395922898
1669096800000,10443.480935922897
1669100400000,10454.019395922896
1669104000000,10447.854580797133
1669107600000,10450.301500797132
1669111200000,10453.314820797132
1669114800000,10446.416020797133
1669118400000,10449.628180797132
1669122000000,10442.422180797132
1669125600000,10422.099820797132
1669129200000,10424.416480797132
1669132800000,10419.046391315216
1669136400000,10422.940571315217
1669140000000,10427.163731315217
1669143600000,10423.017191315215
1669147200000,10422.378971315216
1669150800000,10423.876871315215
1669154400000,10422.801071315216
1669158000000,10418.903411315216
1669161600000,10416.76987394551
1669165200000,10420.00075394551
1669168800000,10419.483913945509
1669172400000,10403.477814491805
1669176000000,10401.681474491807
1669179600000,10403.224974491806
1669183200000,10404.497994491807
1669186800000,10403.604234491806
1669190400000,10401.835073315486
1669194000000,10403.081633315485
1669197600000,10402.417193315487
1669201200000,10399.203946664453
1669204800000,10399.203946664453
1669208400000,10399.203946664453
1669212000000,10399.203946664453
1669215600000,10399.203946664453
1669219200000,10399.203946664453
1669222800000,10399.203946664453
1669226400000,10399.203946664453
1669230000000,10399.203946664453
1669233600000,10399.203946664453
1669237200000,10399.203946664453
1669240800000,10399.203946664453
1669244400000,10399.203946664453
1669248000000,10399.203946664453
1669251600000,10399.203946664453
1669255200000,10399.203946664453
1669258800000,10399.203946664453
1669262400000,10399.203946664453
1669266000000,10399.203946664453
1669269600000,10399.203946664453
1669273200000,10399.203946664453
1669276800000,10399.203946664453
1669280400000,10399.203946664453
1669284000000,10399.203946664453
1669287600000,10399.203946664453
1669291200000,10399.203946664453
1669294800000,10399.203946664453
1669298400000,10399.203946664453
1669302000000,10399.203946664453
1669305600000,10399.203946664453
1669309200000,10399.203946664453
1669312800000,10399.203946664453
1669316400000,10399.203946664453
1669320000000,10399.203946664453
1669323600000,10399.203946664453
1669327200000,10399.203946664453
1669330800000,10399.203946664453
1669334400000,10399.203946664453
1669338000000,10399.203946664453
1669341600000,10399.203946664453
1669345200000,10399.203946664453
1669348800000,10399.203946664453
1669352400000,10399.203946664453
1669356000000,10399.203946664453
1669359600000,10399.203946664453
1669363200000,10399.203946664453
1669366800000,10399.203946664453
1669370400000,10399.203946664453
1669374000000,10399.203946664453
1669377600000,10399.203946664453
1669381200000,10399.203946664453
1669384800000,10399.203946664453
1669388400000,10399.203946664453
1669392000000,10399.203946664453
1669395600000,10399.203946664453
1669399200000,10399.203946664453
1669402800000,10399.203946664453
1669406400000,10399.203946664453
1669410000000,10399.203946664453
1669413600000,10399.203946664453
1669417200000,10399.203946664453
1669420800000,10399.203946664453
1669424400000,10399.203946664453
1669428000000,10399.203946664453
1669431600000,10399.203946664453
1669435200000,10399.203946664453
1669438800000,10399.203946664453
1669442400000,10399.203946664453
1669446000000,10399.203946664453
1669449600000,10399.203946664453
1669453200000,10399.203946664453
1669456800000,10399.203946664453
1669460400000,10399.203946664453
1669464000000,10399.203946664453
1669467600000,10399.203946664453
1669471200000,10399.203946664453
1669474800000,10399.203946664453
1669478400000,10399.203946664453
1669482000000,10399.203946664453
1669485600000,10399.203946664453
1669489200000,10399.203946664453
1669492800000,10399.203946664453
1669496400000,10399.203946664453
1669500000000,10399.203946664453
1669503600000,10399.203946664453
1669507200000,10399.203946664453
1669510800000,10399.203946664453
1669514400000,10399.203946664453
1669518000000,10399.203946664453
1669521600000,10399.203946664453
1669525200000,10399.203946664453
1669528800000,10399.203946664453
1669532400000,10399.203946664453
1669536000000,10399.203946664453
1669539600000,10399.203946664453
1669543200000,10399.203946664453
1669546800000,10399.203946664453
1669550400000,10399.203946664453
1669554000000,10399.203946664453
1669557600000,10399.203946664453
1669561200000,10399.203946664453
1669564800000,10399.203946664453
1669568400000,10399.203946664453
1669572000000,10399.203946664453
1669575600000,10399.203946664453
1669579200000,10399.203946664453
1669582800000,10399.203946664453
1669586400000,10399.203946664453
1669590000000,10399.203946664453
1669593600000,10399.203946664453
1669597200000,10399.203946664453
1669600800000,10399.203946664453
1669604400000,10399.203946664453
1669608000000,10399.203946664453
1669611600000,10399.203946664453
1669615200000,10399.203946664453
1669618800000,10399.203946664453
1669622400000,10399.203946664453
1669626000000,10399.203946664453
1669629600000,10399.203946664453
1669633200000,10399.203946664453
1669636800000,10399.203946664453
1669640400000,10399.203946664453
1669644000000,10399.203946664453
1669647600000,10399.203946664453
1669651200000,10399.203946664453
1669654800000,10399.203946664453
1669658400000,10399.203946664453
1669662000000,10399.203946664453
1669665600000,10399.203946664453
1669669200000,10399.203946664453
1669672800000,10399.203946664453
1669676400000,10399.203946664453
1669680000000,10399.203946664453
1669683600000,10399.203946664453
1669687200000,10399.203946664453
1669690800000,10399.203946664453
1669694400000,10399.203946664453
1669698000000,10399.203946664453
1669701600000,10399.203946664453
1669705200000,10399.203946664453
1669708800000,10399.203946664453
1669712400000,10399.203946664453
1669716000000,10399.203946664453
1669719600000,10399.203946664453
1669723200000,10399.203946664453
1669726800000,10399.203946664453
1669730400000,10399.203946664453
1669734000000,10399.203946664453
1669737600000,10399.203946664453
1669741200000,10399.203946664453
1669744800000,10399.203946664453
1669748400000,10399.203946664453
1669752000000,10399.203946664453
1669755600000,10399.203946664453
1669759200000,10399.203946664453
1669762800000,10399.203946664453
1669766400000,10399.203946664453
1669770000000,10399.203946664453
1669773600000,10399.203946664453
1669777200000,10399.203946664453
1669780800000,10399.203946664453
1669784400000,10399.203946664453
1669788000000,10399.203946664453
1669791600000,10399.203946664453
1669795200000,10399.203946664453
1669798800000,10399.203946664453
1669802400000,10399.203946664453
1669806000000,10399.203946664453
1669809600000,10399.203946664453
1669813200000,10399.203946664453
1669816800000,10399.203946664453
1669820400000,10399.203946664453
1669824000000,10399.203946664453
1669827600000,10399.203946664453
1669831200000,10399.203946664453
1669834800000,10399.203946664453
1669838400000,10399.203946664453
1669842000000,10399.203946664453
1669845600000,10399.203946664453
1669849200000,10399.203946664453
1669852800000,10399.203946664453
1669856400000,10399.203946664453
1669860000000,10399.203946664453
1669863600000,10399.203946664453
1669867200000,10399.203946664453
1669870800000,10399.203946664453
1669874400000,10399.203946664453
1669878000000,10399.203946664453
1669881600000,10399.203946664453
1669885200000,10399.203946664453
1669888800000,10399.203946664453
1669892400000,10399.203946664453
1669896000000,10399.203946664453
1669899600000,10399.203946664453
1669903200000,10399.203946664453
1669906800000,10399.203946664453
1669910400000,10399.203946664453
1669914000000,10399.203946664453
1669917600000,10399.203946664453
1669921200000,10399.203946664453
1669924800000,10399.203946664453
1669928400000,10399.203946664453
1669932000000,10399.203946664453
1669935600000,10399.203946664453
1669939200000,10399.203946664453
1669942800000,10399.203946664453
1669946400000,10399.203946664453
1669950000000,10399.203946664453
1669953600000,10399.203946664453
1669957200000,10399.203946664453
1669960800000,10399.203946664453
1669964400000,10399.203946664453
1669968000000,10399.203946664453
1669971600000,10399.203946664453
1669975200000,10399.203946664453
1669978800000,10399.203946664453
1669982400000,10399.203946664453
1669986000000,10399.203946664453
1669989600000,10399.203946664453
1669993200000,10399.203946664453
1669996800000,10399.203946664453
1670000400000,10399.203946664453
1670004000000,10399.203946664453
1670007600000,10399.203946664453
1670011200000,10399.203946664453
1670014800000,10399.203946664453
1670018400000,10399.203946664453
1670022000000,10399.203946664453
1670025600000,10399.203946664453
1670029200000,10399.203946664453
1670032800000,10399.203946664453
1670036400000,10399.203946664453
1670040000000,10399.203946664453
1670043600000,10399.203946664453
1670047200000,10399.203946664453
1670050800000,10399.203946664453
1670054400000,10399.203946664453
1670058000000,10399.203946664453
1670061600000,10399.203946664453
1670065200000,10399.203946664453
1670068800000,10399.203946664453
1670072400000,10399.203946664453
1670076000000,10399.203946664453
1670079600000,10399.203946664453
1670083200000,10399.203946664453
1670086800000,10399.203946664453
1670090400000,10399.203946664453
1670094000000,10399.203946664453
1670097600000,10399.203946664453
1670101200000,10399.203946664453
1670104800000,10399.203946664453
1670108400000,10399.203946664453
1670112000000,10399.203946664453
1670115600000,10399.203946664453
1670119200000,10399.203946664453
1670122800000,10399.203946664453
1670126400000,10399.203946664453
1670130000000,10399.203946664453
1670133600000,10399.203946664453
1670137200000,10399.203946664453
1670140800000,10399.203946664453
1670144400000,10399.203946664453
1670148000000,10399.203946664453
1670151600000,10399.203946664453
1670155200000,10399.203946664453
1670158800000,10399.203946664453
1670162400000,10399.203946664453
1670166000000,10399.203946664453
1670169600000,10399.203946664453
1670173200000,10399.203946664453
1670176800000,10399.203946664453
1670180400000,10399.203946664453
1670184000000,10399.203946664453
1670187600000,10399.203946664453
1670191200000,10399.203946664453
1670194800000,10399.203946664453
1670198400000,10399.203946664453
1670202000000,10399.203946664453
1670205600000,10399.203946664453
1670209200000,10399.203946664453
1670212800000,10399.203946664453
1670216400000,10399.203946664453
1670220000000,10399.203946664453
1670223600000,10399.203946664453
1670227200000,10399.203946664453
1670230800000,10399.203946664453
1670234400000,10399.203946664453
1670238000000,10399.203946664453
1670241600000,10399.203946664453
1670245200000,10399.203946664453
1670248800000,10399.203946664453
1670252400000,10399.203946664453
1670256000000,10399.203946664453
1670259600000,10399.203946664453
1670263200000,10399.203946664453
1670266800000,10399.203946664453
1670270400000,10399.203946664453
1670274000000,10399.203946664453
1670277600000,10399.203946664453
1670281200000,10399.203946664453
1670284800000,10399.203946664453
1670288400000,10399.203946664453
1670292000000,10399.203946664453
1670295600000,10399.203946664453
1670299200000,10399.203946664453
1670302800000,10399.203946664453
1670306400000,10399.203946664453
1670310000000,10399.203946664453
1670313600000,10399.203946664453
1670317200000,10399.203946664453
1670320800000,10399.203946664453
1670324400000,10399.203946664453
1670328000000,10399.203946664453
1670331600000,10399.203946664453
1670335200000,10399.203946664453
1670338800000,10399.203946664453
1670342400000,10399.203946664453
1670346000000,10399.203946664453
1670349600000,10399.203946664453
1670353200000,10399.203946664453
1670356800000,10399.203946664453
1670360400000,10399.203946664453
1670364000000,10399.203946664453
1670367600000,10399.203946664453
1670371200000,10399.203946664453
1670374800000,10399.203946664453
1670378400000,10399.203946664453
1670382000000,10399.203946664453
1670385600000,10399.203946664453
1670389200000,10399.203946664453
1670392800000,10399.203946664453
1670396400000,10399.203946664453
1670400000000,10399.203946664453
1670403600000,10399.203946664453
1670407200000,10399.203946664453
1670410800000,10399.203946664453
1670414400000,10399.203946664453
1670418000000,10399.203946664453
1670421600000,10399.203946664453
1670425200000,10399.203946664453
1670428800000,10399.203946664453
1670432400000,10399.203946664453
1670436000000,10399.203946664453
1670439600000,10399.203946664453
1670443200000,10399.203946664453
1670446800000,10399.203946664453
1670450400000,10399.203946664453
1670454000000,10399.203946664453
1670457600000,10399.203946664453
1670461200000,10399.203946664453
1670464800000,10399.203946664453
1670468400000,10399.203946664453
1670472000000,10399.203946664453
1670475600000,10399.203946664453
1670479200000,10399.203946664453
1670482800000,10399.203946664453
1670486400000,10399.203946664453
1670490000000,10399.203946664453
1670493600000,10399.203946664453
1670497200000,10399.203946664453
1670500800000,10399.203946664453
1670504400000,10399.203946664453
1670508000000,10399.203946664453
1670511600000,10399.203946664453
1670515200000,10399.203946664453
1670518800000,10399.203946664453
1670522400000,10399.203946664453
1670526000000,10399.203946664453
1670529600000,10399.203946664453
1670533200000,10399.203946664453
1670536800000,10399.203946664453
1670540400000,10399.203946664453
1670544000000,10399.203946664453
1670547600000,10399.203946664453
1670551200000,10399.203946664453
1670554800000,10399.203946664453
1670558400000,10399.203946664453
1670562000000,10399.203946664453
1670565600000,10399.203946664453
1670569200000,10399.203946664453
1670572800000,10398.567065632367
1670576400000,10397.928665632366
1670580000000,10399.776665632366
1670583600000,10399.722065632366
1670587200000,10401.318065632366
1670590800000,10400.268065632366
1670594400000,10395.450665632367
1670598000000,10394.346065632366
1670601600000,10395.038586973527
1670605200000,10393.187786973529
1670608800000,10393.046186973528
1670612400000,10390.167986973527
1670616000000,10389.500386973526
1670619600000,10383.918186973528
1670623200000,10384.383386973526
1670626800000,10387.521386973527
1670630400000,10386.583236248136
1670634000000,10388.824836248135
1670637600000,10389.026636248134
1670641200000,10388.186436248134
1670644800000,10388.815236248136
1670648400000,10388.710636248135
1670652000000,10387.221836248134
1670655600000,10388.672436248135
1670659200000,10388.642654456611
1670662800000,10387.488454456612
1670666400000,10388.736854456612
1670670000000,10389.763854456613
1670673600000,10390.167254456612
1670677200000,10390.088054456612
1670680800000,10390.263654456612
1670684400000,10392.288254456613
1670688000000,10393.945133143143
1670691600000,10397.432813143143
1670695200000,10400.974233143143
1670698800000,10398.218703143144
1670702400000,10399.241283143143
1670706000000,10399.103713143144
1670709600000,10405.269783143143
1670713200000,10402.979603143143
1670716800000,10404.86532783803
1670720400000,10403.009637838031
1670724000000,10400.716727838031
1670727600000,10402.29799783803
1670731200000,10396.624006536511
1670734800000,10398.056106536511
1670738400000,10400.07590653651
1670742000000,10398.47114653651
1670745600000,10396.033740900519
1670749200000,10398.086730900519
1670752800000,10400.873970900519
1670756400000,10400.332620900519
1670760000000,10399.146090900518
1670763600000,10399.035190900519
1670767200000,10401.08973090052
1670770800000,10400.733280900518
1670774400000,10395.652235808593
1670778000000,10397.583275808593
1670781600000,10397.119355808592
1670785200000,10405.106915808592
1670788800000,10398.060875808593
1670792400000,10384.050875808593
1670796000000,10384.928195808594
1670799600000,10385.444435808593
1670803200000,10380.299227259673
1670806800000,10372.427877270036
1670810400000,10370.011577270037
1670814000000,10380.530877270037
1670817600000,10379.603777270037
1670821200000,10377.574377270037
1670824800000,10376.829777270037
1670828400000,10376.924677270037
1670832000000,10377.516423539475
1670835600000,10376.516323539476
1670839200000,10373.129123539475
1670842800000,10370.756623539475
1670846400000,10369.75941310983
1670850000000,10366.39115310983
1670853600000,10365.09461310983
1670857200000,10368.19533310983
1670860800000,10364.658117495017
1670864400000,10363.212777495017
1670868000000,10360.570617495016
1670871600000,10360.243617495016
1670875200000,10360.583697495016
1670878800000,10353.245817495017
1670882400000,10346.725437495017
1670886000000,10348.517397495016
1670889600000,10343.938181525578
1670893200000,10336.278021525579
1670896800000,10333.595781525579
1670900400000,10335.138101525577
1670904000000,10334.137764822304
1670907600000,10333.713484822305
1670911200000,10335.237684822305
1670914800000,10335.192084822304
1670918400000,10336.294630613165
1670922000000,10333.894560613166
1670925600000,10365.989220613164
1670929200000,10363.733100613166
1670932800000,10373.507160613166
1670936400000,10372.005070613166
1670940000000,10445.292120613167
1670943600000,10439.713670613166
1670947200000,10424.92799021739
1670950800000,10422.90197021739
1670954400000,10403.949990217388
1670958000000,10413.92870021739
1670961600000,10415.273280217389
1670965200000,10419.23747021739
1670968800000,10420.261060217388
1670972400000,10420.533850217389
1670976000000,10421.362522283958
1670979600000,10430.038092283958
1670983200000,10422.460172283958
1670986800000,10424.49423228396
1670990400000,10423.013532283958
1670994000000,10421.540292283958
1670997600000,10424.552062283958
1671001200000,10424.506862283957
1671004800000,10425.665839898958
1671008400000,10429.795039898958
1671012000000,10425.975609898958
1671015600000,10429.301859898958
1671019200000,10428.919419898959
1671022800000,10440.729359898958
1671026400000,10437.440639898958
1671030000000,10459.50788989896
1671033600000,10461.357548533466
1671037200000,10459.080418533467
1671040800000,10457.702118533465
1671044400000,10459.551558533465
1671048000000,10414.661468533466
1671051600000,10414.262738533467
1671055200000,10419.853028533467
1671058800000,10422.294918533467
1671062400000,10417.448175926951
1671066000000,10412.911145926952
1671069600000,10390.300055926951
1671073200000,10398.26271592695
1671076800000,10399.75501592695
1671080400000,10398.585815926952
1671084000000,10397.39462592695
1671087600000,10396.939525926951
1671091200000,10393.9299496917
1671094800000,10386.393039691699
1671098400000,10393.302719691701
1671102000000,10390.3003296917
1671105600000,10397.2416396917
1671109200000,10390.929779691698
1671112800000,10367.773921523323
1671116400000,10367.773921523323
1671120000000,10367.773921523323
1671123600000,10367.773921523323
1671127200000,10367.773921523323
1671130800000,10367.773921523323
1671134400000,10367.243040732033
1671138000000,10368.563460732033
1671141600000,10371.401990732033
1671145200000,10371.316200732033
1671148800000,10370.677114095033
1671152400000,10367.946754095034
1671156000000,10369.882624095033
1671159600000,10369.214954095034
1671163200000,10368.524904095033
1671166800000,10369.513354095034
1671170400000,10369.233604095034
1671174000000,10368.856874095034
1671177600000,10366.200266395994
1671181200000,10388.901046395993
1671184800000,10391.277056395993
1671188400000,10392.272966395994
1671192000000,10390.907913927587
1671195600000,10390.552393927588
1671199200000,10395.319393927588
1671202800000,10390.599353927588
1671206400000,10395.00895678534
1671210000000,10406.048656785339
1671213600000,10404.886396785338
1671217200000,10403.95875678534
1671220800000,10399.702596785339
1671224400000,10397.453156785337
1671228000000,10402.951096785338
1671231600000,10412.276226785338
1671235200000,10420.518145284133
1671238800000,10415.796385284135
1671242400000,10417.921315284133
1671246000000,10416.657735284134
1671249600000,10415.565085284134
1671253200000,10413.078495284135
1671256800000,10414.951895284134
1671260400000,10412.330615284134
1671264000000,10410.762325597954
1671267600000,10412.421525597954
1671271200000,10414.760345597955
1671274800000,10409.849765597954
1671278400000,10412.537615597956
1671282000000,10413.814945597956
1671285600000,10414.764435597956
1671289200000,10415.315675597956
1671292800000,10413.548281058593
1671296400000,10413.419721058592
1671300000000,10416.359061058592
1671303600000,10414.549351058591
1671307200000,10414.551371058593
1671310800000,10414.376901058591
1671314400000,10413.64592105859
1671318000000,10409.063451058591
1671321600000,10407.620804248403
1671325200000,10410.031084248401
1671328800000,10412.227184248402
1671332400000,10409.751524248402
1671336000000,10409.059004248402
1671339600000,10406.843724248403
1671343200000,10409.742484248403
1671346800000,10410.075304248403
1671350400000,10409.28715595135
1671354000000,10409.012565951349
1671357600000,10414.29659595135
1671361200000,10413.17944595135
1671364800000,10412.089975951349
1671368400000,10412.19896595135
1671372000000,10413.53362595135
1671375600000,10415.89567595135
1671379200000,10416.088987107705
1671382800000,10414.287777107706
1671386400000,10413.398387107707
1671390000000,10412.316017107705
1671393600000,10410.445087107706
1671397200000,10409.361797107706
1671400800000,10410.624567107707
1671404400000,10408.862697107705
1671408000000,10410.283922137964
1671411600000,10407.813582137964
1671415200000,10406.964812137963
1671418800000,10411.140912137964
1671422400000,10414.496662137963
1671426000000,10411.991832137963
1671429600000,10413.314842137963
1671433200000,10411.538272137963
1671436800000,10412.577226125499
1671440400000,10410.127636125499
1671444000000,10409.921206125498
1671447600000,10408.778346125499
1671451200000,10411.158356125497
1671454800000,10409.310376125499
1671458400000,10411.967986125497
1671462000000,10410.346106125498
1671465600000,10414.715152414921
1671469200000,10417.094292414922
1671472800000,10419.70101241492
1671476400000,10422.440722414922
1671480000000,10421.92941241492
1671483600000,10418.02792241492
1671487200000,10418.75848241492
1671490800000,10428.55109241492
1671494400000,10425.870883854275
1671498000000,10423.528523854275
1671501600000,10414.633603854276
1671505200000,10403.367390662646
1671508800000,10403.706820662646
1671512400000,10398.196625672235
1671516000000,10398.196625672235
1671519600000,10398.196625672235
1671523200000,10398.196625672235
1671526800000,10398.196625672235
1671530400000,10398.196625672235
1671534000000,10398.196625672235
1671537600000,10398.196625672235
1671541200000,10398.196625672235
1671544800000,10398.196625672235
1671548400000,10398.196625672235
1671552000000,10398.196625672235
1671555600000,10398.196625672235
1671559200000,10398.196625672235
1671562800000,10398.196625672235
1671566400000,10398.196625672235
1671570000000,10398.196625672235
1671573600000,10398.196625672235
1671577200000,10398.196625672235
1671580800000,10398.196625672235
1671584400000,10398.196625672235
1671588000000,10398.196625672235
1671591600000,10398.196625672235
1671595200000,10398.196625672235
1671598800000,10398.196625672235
1671602400000,10398.196625672235
1671606000000,10398.196625672235
1671609600000,10398.196625672235
1671613200000,10398.196625672235
1671616800000,10398.196625672235
1671620400000,10398.196625672235
1671624000000,10398.196625672235
1671627600000,10398.196625672235
1671631200000,10398.196625672235
1671634800000,10398.196625672235
1671638400000,10398.196625672235
1671642000000,10398.196625672235
1671645600000,10398.196625672235
1671649200000,10398.196625672235
1671652800000,10398.196625672235
1671656400000,10398.196625672235
1671660000000,10398.196625672235
1671663600000,10398.196625672235
1671667200000,10398.196625672235
1671670800000,10398.196625672235
1671674400000,10398.196625672235
1671678000000,10398.196625672235
1671681600000,10398.196625672235
1671685200000,10398.196625672235
1671688800000,10398.196625672235
1671692400000,10398.196625672235
1671696000000,10397.395216013487
1671699600000,10397.890216013486
1671703200000,10398.245216013485
1671706800000,10397.140216013486
1671710400000,10397.955216013486
1671714000000,10396.770216013487
1671717600000,10394.935216013486
1671721200000,10389.735216013487
1671724800000,10385.948545167525
1671728400000,10385.116645167525
1671732000000,10389.889745167524
1671735600000,10386.857145167525
1671739200000,10385.075345167525
1671742800000,10376.815345167524
1671746400000,10376.473145167525
1671750000000,10376.366945167525
1671753600000,10374.938057717929
1671757200000,10377.604857717928
1671760800000,10376.318657717928
1671764400000,10371.993957717928
1671768000000,10374.666657717928
1671771600000,10374.247757717929
1671775200000,10375.227157717929
1671778800000,10374.035357717928
1671782400000,10371.947180509014
1671786000000,10371.015880509014
1671789600000,10371.196780509015
1671793200000,10372.375980509014
1671796800000,10368.851127821345
1671800400000,10366.808727821344
1671804000000,10369.002927821344
1671807600000,10371.859527821345
1671811200000,10370.065390502858
1671814800000,10370.023990502857
1671818400000,10369.078690502858
1671822000000,10369.596190502858
1671825600000,10369.113190502858
1671829200000,10371.604090502859
1671832800000,10371.369490502857
1671836400000,10372.742590502858
1671840000000,10373.534547662857
1671843600000,10371.795747662858
1671847200000,10371.823347662857
1671850800000,10370.395047662858
1671854400000,10369.339347662857
1671858000000,10370.491647662857
1671861600000,10370.781447662857
1671865200000,10371.181647662857
1671868800000,10369.125418506494
1671872400000,10370.250118506494
1671876000000,10370.215618506494
1671879600000,10370.650318506494
1671883200000,10370.726218506494
1671886800000,10370.691718506494
1671890400000,10371.160918506494
1671894000000,10370.181118506493
1671897600000,10369.818675193721
1671901200000,10369.873875193722
1671904800000,10369.239075193722
1671908400000,10369.53577519372
1671912000000,10369.508175193721
1671915600000,10369.618575193721
1671919200000,10371.067575193721
1671922800000,10370.570775193723
1671926400000,10370.224925014982
1671930000000,10369.431425014982
1671933600000,10369.376225014983
1671937200000,10370.632025014982
1671940800000,10370.280125014982
1671944400000,10370.894225014983
1671948000000,10370.245625014983
1671951600000,10370.356025014982
1671955200000,10370.777749550147
1671958800000,10370.336149550147
1671962400000,10370.267149550147
1671966000000,10370.915749550148
1671969600000,10371.067549550147
1671973200000,10371.033049550148
1671976800000,10371.633349550148
1671980400000,10371.053749550147
1671984000000,10373.076391354527
1671987600000,10371.889591354528
1671991200000,10372.676191354527
1671994800000,10374.566791354528
1671998400000,10373.269591354529
1672002000000,10374.966991354528
1672005600000,10370.074891354527
1672009200000,10371.240991354527
1672012800000,10370.134122473657
1672016400000,10370.423922473658
1672020000000,10368.422922473657
1672023600000,10366.263222473657
1672027200000,10365.531822473657
1672030800000,10367.042922473656
1672034400000,10368.664422473657
1672038000000,10369.126722473657
1672041600000,10369.412892349987
1672045200000,10369.764792349986
1672048800000,10370.365092349986
1672052400000,10368.998892349986
1672056000000,10367.963892349986
1672059600000,10368.453792349987
1672063200000,10369.888992349986
1672066800000,10370.309892349986
1672070400000,10372.254475359174
1672074000000,10370.060275359174
1672077600000,10369.673875359174
1672081200000,10371.295375359174
1672084800000,10369.563475359175
1672088400000,10369.742875359174
1672092000000,10370.232775359174
1672095600000,10369.025275359174
1672099200000,10360.707766288542
1672102800000,10360.707766288542
1672106400000,10360.707766288542
1672110000000,10360.707766288542
1672113600000,10360.707766288542
1672117200000,10360.707766288542
1672120800000,10360.707766288542
1672124400000,10360.707766288542
1672128000000,10360.707766288542
1672131600000,10360.707766288542
1672135200000,10360.707766288542
1672138800000,10360.707766288542
1672142400000,10360.707766288542
1672146000000,10360.707766288542
1672149600000,10360.707766288542
1672153200000,10360.707766288542
1672156800000,10360.707766288542
1672160400000,10360.707766288542
1672164000000,10360.707766288542
1672167600000,10360.707766288542
1672171200000,10360.008511700235
1672174800000,10361.137311700233
1672178400000,10358.315311700233
1672182000000,10358.580911700234
1672185600000,10358.29954671616
1672189200000,10359.26234671616
1672192800000,10358.51534671616
1672196400000,10359.60264671616
1672200000000,10362.06774671616
1672203600000,10362.09264671616
1672207200000,10366.78214671616
1672210800000,10365.55374671616
1672214400000,10362.999396968484
1672218000000,10363.165396968483
1672221600000,10362.318796968482
1672225200000,10361.397496968484
1672228800000,10360.708596968483
1672232400000,10362.426696968483
1672236000000,10362.758696968483
1672239600000,10354.342496968484
1672243200000,10368.929731865139
1672246800000,10365.676131865139
1672250400000,10363.11973186514
1672254000000,10363.617731865139
1672257600000,10366.86303186514
1672261200000,10367.211631865139
1672264800000,10372.839031865138
1672268400000,10372.897131865138
1672272000000,10371.249711444016
1672275600000,10368.361311444016
1672279200000,10371.374211444016
1672282800000,10371.681311444016
1672286400000,10370.577411444016
1672290000000,10369.224511444016
1672293600000,10368.842711444016
1672297200000,10369.888511444016
1672300800000,10370.287933214851
1672304400000,10372.67003321485
1672308000000,10367.640233214852
1672311600000,10366.420133214851
1672315200000,10366.544633214851
1672318800000,10365.42413321485
1672322400000,10365.615033214852
1672326000000,10363.838833214852
1672329600000,10365.553707152209
1672333200000,10364.632407152209
1672336800000,10365.93550715221
1672340400000,10364.084607152208
1672344000000,10366.11810715221
1672347600000,10367.52910715221
1672351200000,10367.43780715221
1672354800000,10365.761207152209
1672358400000,10364.363754682086
1672362000000,10364.479954682087
1672365600000,10366.621354682087
1672369200000,10366.554954682086
1672372800000,10367.775054682086
1672376400000,10366.729254682086
1672380000000,10371.194654682085
1672383600000,10372.107654682086
1672387200000,10377.64163988009
1672390800000,10375.67453988009
1672394400000,10374.38803988009
1672398000000,10376.579239880091
1672401600000,10376.06463988009
1672405200000,10376.16423988009
1672408800000,10378.421839880091
1672412400000,10383.053239880091
1672416000000,10371.27178496009
1672419600000,10372.110084960092
1672423200000,10373.29698496009
1672426800000,10370.34218496009
1672430400000,10373.32188496009
1672434000000,10367.760884960091
1672437600000,10367.86048496009
1672441200000,10368.059684960092
1672444800000,10366.54577492009
1672448400000,10369.15197492009
1672452000000,10370.16457492009
1672455600000,10369.40927492009
1672459200000,10371.509174920091
1672462800000,10371.55067492009
1672466400000,10372.69607492009
1672470000000,10371.85777492009
1672473600000,10370.40996027009
1672477200000,10371.29806027009
1672480800000,10371.953760270091
1672484400000,10370.11116027009
1672488000000,10370.11946027009
1672491600000,10369.35586027009
1672495200000,10367.44686027009
1672498800000,10368.15236027009
1672502400000,10368.18213203792
1672506000000,10367.675832037921
1672509600000,10369.46863203792
1672513200000,10369.767432037921
1672516800000,10370.373332037922
1672520400000,10370.472932037921
1672524000000,10372.340432037921
1672527600000,10374.58973203792
1672531200000,10372.726693287921
1672534800000,10373.88039328792
1672538400000,10372.386393287921
1672542000000,10373.457093287921
1672545600000,10373.54009328792
1672549200000,10374.40329328792
1672552800000,10373.50689328792
1672556400000,10372.76819328792
1672560000000,10374.39930513792
1672563600000,10375.66090513792
1672567200000,10373.32030513792
1672570800000,10372.40730513792
1672574400000,10371.86780513792
1672578000000,10371.36980513792
1672581600000,10372.64800513792
1672585200000,10373.09620513792
1672588800000,10371.619998837363
1672592400000,10371.130298837363
1672596000000,10369.387298837362
1672599600000,10368.250198837362
1672603200000,10367.926498837363
1672606800000,10368.034398837362
1672610400000,10367.826898837362
1672614000000,10368.142298837363
1672617600000,10366.785484205442
1672621200000,10369.980984205442
1672624800000,10371.649284205443
1672628400000,10369.341884205442
1672632000000,10361.169591443038
1672635600000,10361.169591443038
1672639200000,10361.169591443038
1672642800000,10361.169591443038
1672646400000,10361.169591443038
1672650000000,10361.169591443038
1672653600000,10361.169591443038
1672657200000,10361.169591443038
1672660800000,10361.169591443038
1672664400000,10361.169591443038
1672668000000,10361.169591443038
1672671600000,10361.169591443038
1672675200000,10361.169591443038
1672678800000,10361.169591443038
1672682400000,10361.169591443038
1672686000000,10361.169591443038
1672689600000,10361.169591443038
1672693200000,10361.169591443038
1672696800000,10361.169591443038
1672700400000,10361.169591443038
1672704000000,10361.169591443038
1672707600000,10361.169591443038
1672711200000,10361.169591443038
1672714800000,10361.169591443038
1672718400000,10361.169591443038
1672722000000,10361.169591443038
1672725600000,10361.169591443038
1672729200000,10361.169591443038
1672732800000,10361.169591443038
1672736400000,10361.169591443038
1672740000000,10361.169591443038
1672743600000,10361.169591443038
1672747200000,10361.169591443038
1672750800000,10361.169591443038
1672754400000,10361.169591443038
1672758000000,10361.169591443038
1672761600000,10361.169591443038
1672765200000,10361.169591443038
1672768800000,10361.169591443038
1672772400000,10361.169591443038
1672776000000,10361.169591443038
1672779600000,10361.169591443038
1672783200000,10361.169591443038
1672786800000,10361.169591443038
1672790400000,10361.169591443038
1672794000000,10361.169591443038
1672797600000,10361.169591443038
1672801200000,10361.169591443038
1672804800000,10361.169591443038
1672808400000,10361.169591443038
1672812000000,10361.169591443038
1672815600000,10361.169591443038
1672819200000,10361.169591443038
1672822800000,10361.169591443038
1672826400000,10361.169591443038
1672830000000,10361.169591443038
1672833600000,10361.169591443038
1672837200000,10361.169591443038
1672840800000,10361.169591443038
1672844400000,10361.169591443038
1672848000000,10361.169591443038
1672851600000,10361.169591443038
1672855200000,10361.169591443038
1672858800000,10361.169591443038
1672862400000,10360.215877252349
1672866000000,10358.054797252349
1672869600000,10359.25953725235
1672873200000,10359.39615725235
1672876800000,10360.013236538136
1672880400000,10361.430496538136
1672884000000,10361.478336538135
1672887600000,10361.908896538136
1672891200000,10362.518856538136
1672894800000,10362.387296538136
1672898400000,10362.112216538137
1672902000000,10363.714856538136
1672905600000,10363.915228398135
1672909200000,10364.088648398134
1672912800000,10364.878008398135
1672916400000,10363.143808398136
1672920000000,10361.164428398135
1672923600000,10362.515908398134
1672927200000,10365.332488398135
1672930800000,10365.565708398135
1672934400000,10365.287567825837
1672938000000,10365.341387825836
1672941600000,10365.975267825837
1672945200000,10363.427787825836
1672948800000,10360.553295014533
1672952400000,10360.598335014534
1672956000000,10359.973405014534
1672959600000,10359.883325014533
1672963200000,10357.67626426839
1672966800000,10355.56580426839
1672970400000,10357.792864268391
1672974000000,10357.66460426839
1672977600000,10358.12517426839
1672981200000,10359.06963426839
1672984800000,10359.67595426839
1672988400000,10359.920814268391
1672992000000,10358.636045793892
1672995600000,10358.926045793893
1672999200000,10358.868045793892
1673002800000,10357.516645793892
1673006400000,10356.043445793892
1673010000000,10356.345045793892
1673013600000,10360.144045793892
1673017200000,10359.448045793892
1673020800000,10366.340064263602
1673024400000,10367.0532642636
1673028000000,10366.268864263602
1673031600000,10369.3236642636
1673035200000,10382.148664263601
1673038800000,10373.948264263601
1673042400000,10375.4732642636
1673046000000,10380.188464263603
1673049600000,10378.488662322647
1673053200000,10381.733062322648
1673056800000,10378.667462322646
1673060400000,10376.561862322647
1673064000000,10377.214662322647
1673067600000,10374.478262322647
1673071200000,10374.221662322647
1673074800000,10374.560662322647
1673078400000,10376.732455901769
1673082000000,10374.157655901769
1673085600000,10374.663255901769
1673089200000,10372.270855901768
1673092800000,10371.392255901768
1673096400000,10372.619455901768
1673100000000,10371.939255901769
1673103600000,10374.83525590177
1673107200000,10374.827085059738
1673110800000,10372.132085059739
1673114400000,10372.69088505974
1673118000000,10374.343685059737
1673121600000,10370.847515170348
1673125200000,10371.352835170348
1673128800000,10371.92335517035
1673132400000,10373.79755517035
1673136000000,10371.273002134787
1673139600000,10376.288722134786
1673143200000,10374.583962134786
1673146800000,10374.934322134786
1673150400000,10372.534082134785
1673154000000,10373.919642134786
1673157600000,10371.902842134785
1673161200000,10370.798762134786
1673164800000,10371.74923868662
1673168400000,10372.79867868662
1673172000000,10373.58419868662
1673175600000,10373.75043868662
1673179200000,10373.671015886803
1673182800000,10374.964335886802
1673186400000,10375.2324558868
1673190000000,10375.975575886801
1673193600000,10378.804890320323
1673197200000,10376.054050320325
1673200800000,10376.242610320323
1673204400000,10377.352610320324
1673208000000,10372.838533370485
1673211600000,10382.867933370486
1673215200000,10380.933093370484
1673218800000,10383.068413370484
1673222400000,10417.849482096948
1673226000000,10428.658682096948
1673229600000,10426.533282096949
1673233200000,10438.520962096947
1673236800000,10443.501042096948
1673240400000,10447.209562096949
1673244000000,10442.824642096948
1673247600000,10441.899442096948
1673251200000,10444.608908798795
1673254800000,10443.635068798794
1673258400000,10455.448508798796
1673262000000,10462.101228798796
1673265600000,10456.301708798796
1673269200000,10457.957628798797
1673272800000,10454.848068798796
1673276400000,10463.864068798795
1673280000000,10475.441737512896
1673283600000,10483.886817512896
1673287200000,10487.665457512896
1673290800000,10482.367137512896
1673294400000,10473.484857512896
1673298000000,10454.651817512897
1673301600000,10447.960057512895
1673305200000,10453.598857512894
1673308800000,10450.524678315305
1673312400000,10460.843318315305
1673316000000,10455.739478315305
1673319600000,10452.159838315305
1673323200000,10457.779558315306
1673326800000,10461.871438315306
1673330400000,10462.553318315304
1673334000000,10457.605198315307
1673337600000,10454.625088898281
1673341200000,10464.198768898283
1673344800000,10466.45800889828
1673348400000,10471.378128898281
1673352000000,10465.632208898282
1673355600000,10460.827608898282
1673359200000,10468.906008898282
1673362800000,10470.622568898283
1673366400000,10478.287011566294
1673370000000,10469.619811566294
1673373600000,10476.080891566295
1673377200000,10494.299971566294
1673380800000,10495.205931566294
1673384400000,10502.137611566295
1673388000000,10496.783571566293
1673391600000,10491.406091566296
1673395200000,10492.204437650389
1673398800000,10496.48723765039
1673402400000,10496.338517650389
1673406000000,10483.27443765039
1673409600000,10485.04475765039
1673413200000,10484.18367765039
1673416800000,10482.47271765039
1673420400000,10489.91451765039
1673424000000,10492.843470423391
1673427600000,10491.55699042339
1673431200000,10492.17747042339
1673434800000,10490.91731042339
1673438400000,10489.89123042339
1673442000000,10487.057630423391
1673445600000,10486.12215042339
1673449200000,10485.59623042339
1673452800000,10468.069801249922
1673456400000,10472.809561249922
1673460000000,10478.139161249921
1673463600000,10500.098761249921
1673467200000,10513.849961249922
1673470800000,10512.308721249921
1673474400000,10512.66300124992
1673478000000,10520.210201249922
1673481600000,10595.426147483879
1673485200000,10642.684147483878
1673488800000,10637.790227483878
1673492400000,10635.50126748388
1673496000000,10638.133547483878
1673499600000,10640.291627483879
1673503200000,10621.44170748388
1673506800000,10628.83754748388
1673510400000,10623.902207919136
1673514000000,10629.081847919137
1673517600000,10629.073407919137
1673521200000,10632.596167919137
1673524800000,10632.770087919136
1673528400000,10641.381447919137
1673532000000,10648.500967919135
1673535600000,10599.438367919138
1673539200000,10606.511049117398
1673542800000,10614.895089117399
1673546400000,10746.677609117398
1673550000000,10723.7923291174
1673553600000,10733.359209117398
1673557200000,10754.6067691174
1673560800000,10729.277249117398
1673564400000,10733.122769117397
1673568000000,10723.049583641265
1673571600000,10707.143903641267
1673575200000,10711.099063641266
1673578800000,10713.815823641266
1673582400000,10724.015023641266
1673586000000,10714.992703641266
1673589600000,10707.430103641265
1673593200000,10717.932503641267
1673596800000,10711.845511626365
1673600400000,10714.966671626365
1673604000000,10724.015911626366
1673607600000,10739.881631626364
1673611200000,10721.275951626365
1673614800000,10715.534831626364
1673618400000,10711.634071626364
1673622000000,10734.594871626365
1673625600000,10770.123208071132
1673629200000,10746.744048071132
1673632800000,10772.707288071133
1673636400000,10768.271088071133
1673640000000,10781.843488071134
1673643600000,10799.201888071135
1673647200000,10870.877048071134
1673650800000,10868.804608071132
1673654400000,10870.07386478341
1673658000000,11061.32862478341
1673661600000,11083.07234478341
1673665200000,11090.04030478341
1673668800000,11089.66546478341
1673672400000,11080.90426478341
1673676000000,11067.577424783409
1673679600000,11086.35582478341
1673683200000,11075.681120184829
1673686800000,11093.801760184828
1673690400000,11002.50224018483
1673694000000,11003.998240184828
1673697600000,11033.664960184828
1673701200000,11061.581600184829
1673704800000,11061.692600184828
1673708400000,11046.358080184827
1673712000000,11042.962981023948
1673715600000,11043.573741023947
1673719200000,11041.459221023946
1673722800000,11041.353141023947
1673726400000,11042.541221023948
1673730000000,11058.444901023948
1673733600000,11062.156061023947
1673737200000,11083.203981023948
1673740800000,11078.04419325589
1673744400000,11037.669873255889
1673748000000,11039.97691325589
1673751600000,11024.77995325589
1673755200000,11030.22987325589
1673758800000,11029.91495325589
1673762400000,11035.59779325589
1673766000000,11027.69811325589
1673769600000,11033.279596683386
1673773200000,11016.812796683385
1673776800000,11038.393516683385
1673780400000,11036.356956683387
1673784000000,11035.256076683385
1673787600000,11031.106236683387
1673791200000,11030.920996683386
1673794800000,11052.282796683387
1673798400000,11077.037998317835
1673802000000,11064.314958317835
1673805600000,11068.792558317835
1673809200000,11058.996278317834
1673812800000,11067.453118317835
1673816400000,11071.709158317835
1673820000000,11070.639918317835
1673823600000,11082.720718317834
1673827200000,11067.396853901979
1673830800000,11082.588773901978
1673834400000,11115.170293901978
1673838000000,11119.858053901979
1673841600000,11106.03861390198
1673845200000,11116.153173901977
1673848800000,11124.897253901978
1673852400000,11110.802013901979
1673856000000,11105.618284016378
1673859600000,11041.509684016379
1673863200000,11056.465964016379
1673866800000,11061.97492401638
1673870400000,11052.49752401638
1673874000000,11049.27632401638
1673877600000,11055.05296401638
1673881200000,11057.17416401638
1673884800000,11082.146969076042
1673888400000,11078.938969076042
1673892000000,11097.690809076043
1673895600000,11127.762209076043
1673899200000,11151.602889076043
1673902800000,11139.783089076042
1673906400000,11119.919369076044
1673910000000,11123.073649076043
1673913600000,11120.916676992412
1673917200000,11104.147076992413
1673920800000,11091.534036992412
1673924400000,11100.858996992414
1673928000000,11103.452356992413
1673931600000,11112.511156992412
1673935200000,11112.348636992412
1673938800000,11093.241036992413
1673942400000,11104.230471736413
1673946000000,11115.570031736414
1673949600000,11109.256191736413
1673953200000,11099.407071736414
1673956800000,11120.126191736414
1673960400000,11125.612591736413
1673964000000,11121.664751736413
1673967600000,11137.403271736413
1673971200000,11112.028636210593
1673974800000,11116.235596210592
1673978400000,11128.878756210592
1673982000000,11156.319636210592
1673985600000,11149.488276210594
1673989200000,11150.758916210592
1673992800000,11139.822556210593
1673996400000,11123.445076210593
1674000000000,11108.480914966472
1674003600000,11123.217794966473
1674007200000,11129.942754966472
1674010800000,11136.682154966473
1674014400000,11132.739994966472
1674018000000,11139.750674966472
1674021600000,11143.803394966473
1674025200000,11133.895554966472
1674028800000,11141.327420532938
1674032400000,11126.832260532938
1674036000000,11124.886460532938
1674039600000,11115.605140532938
1674043200000,11122.348020532938
1674046800000,11133.006580532938
1674050400000,11162.969300532937
1674054000000,11162.011380532938
1674057600000,11067.946785845324
1674061200000,11050.729025845325
1674064800000,11050.839905845325
1674068400000,11058.712225845326
1674072000000,11054.608785845325
1674075600000,11025.679185845325
1674079200000,11029.803385845325
1674082800000,11036.929665845326
1674086400000,11012.730972689304
1674090000000,11013.775212689305
1674093600000,11015.538892689303
1674097200000,11027.396532689303
1674100800000,11026.376692689304
1674104400000,11035.509452689304
1674108000000,11035.957372689305
1674111600000,11038.798452689303
1674115200000,11038.35455164041
1674118800000,11029.751711640409
1674122400000,11033.57835164041
1674126000000,11029.09267164041
1674129600000,11019.09759164041
1674133200000,11018.33259164041
1674136800000,11028.311471640409
1674140400000,11035.60639164041
1674144000000,11046.189927071176
1674147600000,11048.995567071175
1674151200000,11036.206207071175
1674154800000,11060.903647071176
1674158400000,11089.880847071176
1674162000000,11089.955287071176
1674165600000,11061.776327071177
1674169200000,11083.647127071175
1674172800000,11083.620214954002
1674176400000,11078.223294954003
1674180000000,11094.925854954003
1674183600000,11088.519614954002
1674187200000,11087.581414954002
1674190800000,11071.253014954003
1674194400000,11067.094414954001
1674198000000,11061.863374954
1674201600000,11067.395112075708
1674205200000,11068.907112075707
1674208800000,11071.507152075706
1674212400000,11071.495072075708
1674216000000,11067.913952075707
1674219600000,11091.585992075708
1674223200000,11082.961752075707
1674226800000,11097.791272075707
1674230400000,11101.402789727514
1674234000000,11145.806149727512
1674237600000,11153.616669727513
1674241200000,11152.276149727513
1674244800000,11176.768549727512
1674248400000,11293.999029727513
1674252000000,11302.543269727514
1674255600000,11341.738629727513
1674259200000,11359.981381544614
1674262800000,11348.518461544614
1674266400000,11343.090061544615
1674270000000,11337.324581544615
1674273600000,11336.618501544615
1674277200000,11342.879421544614
1674280800000,11335.852541544615
1674284400000,11347.172421544616
1674288000000,11348.24466669292
1674291600000,11349.692506692922
1674295200000,11395.44786669292
1674298800000,11354.598826692922
1674302400000,11371.56158669292
1674306000000,11398.80238669292
1674309600000,11382.18166669292
1674313200000,11385.66074669292
1674316800000,11390.836249503454
1674320400000,11409.534769503454
1674324000000,11419.302969503455
1674327600000,11429.247009503455
1674331200000,11434.327289503453
1674334800000,11401.482169503455
1674338400000,11419.816849503453
1674342000000,11362.125169503453
1674345600000,11340.68502157736
1674349200000,11350.30654157736
1674352800000,11344.53746157736
1674356400000,11329.83978157736
1674360000000,11333.50202157736
1674363600000,11349.06478157736
1674367200000,11354.87510157736
1674370800000,11358.38374157736
1674374400000,11354.945500134427
1674378000000,11359.741860134427
1674381600000,11348.262420134426
1674385200000,11352.405740134427
1674388800000,11341.227380134427
1674392400000,11357.723220134427
1674396000000,11360.946540134426
1674399600000,11378.676340134427
1674403200000,11353.214216914477
1674406800000,11359.246976914477
1674410400000,11384.725416914476
1674414000000,11363.727256914477
1674417600000,11340.157936914477
1674421200000,11287.362416914477
1674424800000,11325.001536914477
1674428400000,11333.022936914476
1674432000000,11332.154009253707
1674435600000,11346.560489253707
1674439200000,11340.436009253706
1674442800000,11349.549489253708
1674446400000,11332.880529253707
1674450000000,11347.05520925371
1674453600000,11339.663929253707
1674457200000,11350.173089253707
1674460800000,11334.935427337707
1674464400000,11336.546467337706
1674468000000,11347.606627337707
1674471600000,11366.254347337708
1674475200000,11364.817187337707
1674478800000,11362.981947337707
1674482400000,11336.096907337707
1674486000000,11313.673067337706
1674489600000,11347.245906454022
1674493200000,11345.247986454022
1674496800000,11371.770146454022
1674500400000,11362.148786454021
1674504000000,11334.698106454023
1674507600000,11370.071386454023
1674511200000,11367.91782645402
1674514800000,11354.497546454022
1674518400000,11353.635570014023
1674522000000,11367.998890014023
1674525600000,11384.013370014023
1674529200000,11378.520770014022
1674532800000,11385.967210014023
1674536400000,11381.173050014022
1674540000000,11387.756570014024
1674543600000,11385.474970014022
1674547200000,11378.960244074022
1674550800000,11375.925484074023
1674554400000,11338.263124074021
1674558000000,11349.673924074023
1674561600000,11353.889204074021
1674565200000,11360.237324074023
1674568800000,11338.417924074023
1674572400000,11330.783924074023
1674576000000,11348.804482986481
1674579600000,11334.72912298648
1674583200000,11344.478322986482
1674586800000,11356.403562986481
1674590400000,11360.94664298648
1674594000000,11355.64148298648
1674597600000,11317.344544576265
1674601200000,11306.092744576265
1674604800000,11286.682791076264
1674608400000,11291.892591076265
1674612000000,11274.222591076265
1674615600000,11279.785791076263
1674619200000,11290.421991076264
1674622800000,11288.928591076265
1674626400000,11293.887591076264
1674630000000,11299.234191076264
1674633600000,11299.750542885353
1674637200000,11293.058742885352
1674640800000,11287.028142885352
1674644400000,11288.088342885352
1674648000000,11285.477742885352
1674651600000,11296.695342885352
1674655200000,11286.697542885353
1674658800000,11267.864742885353
1674662400000,11282.62117616496
1674666000000,11290.88617616496
1674669600000,11281.98277616496
1674673200000,11298.34177616496
1674676800000,11304.41797616496
1674680400000,11322.77197616496
1674684000000,11409.62857616496
1674687600000,11319.237976164959
1674691200000,11339.06192522496
1674694800000,11355.91112522496
1674698400000,11347.04192522496
1674702000000,11352.65072522496
1674705600000,11347.14452522496
1674709200000,11350.88372522496
1674712800000,11348.54672522496
1674716400000,11338.936525224959
1674720000000,11328.859343971433
1674723600000,11331.720743971433
1674727200000,11328.141143971434
1674730800000,11323.033943971433
1674734400000,11329.281143971433
1674738000000,11345.469143971433
1674741600000,11345.925143971433
1674745200000,11333.008943971434
1674748800000,11326.762322700177
1674752400000,11331.732722700177
1674756000000,11328.939722700177
1674759600000,11332.735922700178
1674763200000,11337.364322700178
1674766800000,11341.240322700178
1674770400000,11338.994522700177
1674774000000,11331.481922700177
1674777600000,11333.077894726488
1674781200000,11319.945094726487
1674784800000,11285.631094726486
1674788400000,11306.994694726487
1674792000000,11304.235894726487
1674795600000,11308.624894726487
1674799200000,11332.906894726488
1674802800000,11330.455894726487
1674806400000,11336.805589000493
1674810000000,11325.713389000493
1674813600000,11323.786789000493
1674817200000,11323.399189000493
1674820800000,11325.599389000494
1674824400000,11322.259189000493
1674828000000,11318.371789000494
1674831600000,11324.732989000493
1674835200000,11325.371892653455
1674838800000,11343.155892653454
1674842400000,11356.197492653455
1674846000000,11349.961692653455
1674849600000,11358.101292653455
1674853200000,11344.489692653455
1674856800000,11340.670692653453
1674860400000,11331.345492653454
1674864000000,11336.315116313453
1674867600000,11346.073516313454
1674871200000,11338.435516313453
1674874800000,11338.891516313453
1674878400000,11343.303316313453
1674882000000,11338.959916313454
1674885600000,11336.315116313453
1674889200000,11333.020516313454
1674892800000,11327.651294153455
1674896400000,11326.921694153454
1674900000000,11327.708294153455
1674903600000,11325.907094153456
1674907200000,11326.750694153456
1674910800000,11323.376294153455
1674914400000,11325.496694153455
1674918000000,11323.364894153456
1674921600000,11330.740632593455
1674925200000,11330.980032593456
1674928800000,11331.869232593455
1674932400000,11328.050232593456
1674936000000,11333.282832593455
1674939600000,11324.527632593456
1674943200000,11327.434632593455
1674946800000,11325.884232593457
1674950400000,11331.584018006135
1674954000000,11344.796618006134
1674957600000,11359.502618006134
1674961200000,11346.141818006134
1674964800000,11351.385818006134
1674968400000,11356.048418006134
1674972000000,11358.784418006135
1674975600000,11351.990018006134
1674979200000,11352.021933446134
1674982800000,11347.929333446133
1674986400000,11364.356733446133
1674990000000,11379.655533446134
1674993600000,11379.256533446132
1674997200000,11383.896333446133
1675000800000,11388.889533446134
1675004400000,11389.892733446133
1675008000000,11389.16855650828
1675011600000,11393.22695650828
1675015200000,11394.32135650828
1675018800000,11405.459156508281
1675022400000,11431.131956508281
1675026000000,11410.326956508281
1675029600000,11419.50395650828
1675033200000,11416.916156508281
1675036800000,11412.267911753826
1675040400000,11412.894911753825
1675044000000,11404.732511753826
1675047600000,11402.965511753826
1675051200000,11408.665511753827
1675054800000,11408.882111753826
1675058400000,11412.108311753826
1675062000000,11408.688311753825
1675065600000,11400.928910709548
1675069200000,11389.859510709548
1675072800000,11340.719160644907
1675076400000,11340.719160644907
1675080000000,11340.719160644907
1675083600000,11340.719160644907
1675087200000,11340.719160644907
1675090800000,11340.719160644907
1675094400000,11340.719160644907
1675098000000,11340.719160644907
1675101600000,11340.719160644907
1675105200000,11340.719160644907
1675108800000,11340.719160644907
1675112400000,11340.719160644907
1675116000000,11340.719160644907
1675119600000,11340.719160644907
1675123200000,11340.719160644907
1675126800000,11340.719160644907
1675130400000,11340.719160644907
1675134000000,11340.719160644907
1675137600000,11340.719160644907
1675141200000,11340.719160644907
1675144800000,11340.719160644907
1675148400000,11340.719160644907
1675152000000,11340.719160644907
1675155600000,11340.719160644907
1675159200000,11340.719160644907
1675162800000,11340.719160644907
1675166400000,11340.719160644907
1675170000000,11340.719160644907
1675173600000,11340.719160644907
1675177200000,11340.719160644907
1675180800000,11340.719160644907
1675184400000,11340.719160644907
1675188000000,11340.719160644907
1675191600000,11340.719160644907
1675195200000,11340.719160644907
1675198800000,11340.719160644907
1675202400000,11340.719160644907
1675206000000,11340.719160644907
1675209600000,11340.719160644907
1675213200000,11340.719160644907
1675216800000,11340.719160644907
1675220400000,11340.719160644907
1675224000000,11340.719160644907
1675227600000,11340.719160644907
1675231200000,11340.719160644907
1675234800000,11340.719160644907
1675238400000,11340.719160644907
1675242000000,11340.719160644907
1675245600000,11340.719160644907
1675249200000,11340.719160644907
1675252800000,11340.719160644907
1675256400000,11340.719160644907
1675260000000,11340.719160644907
1675263600000,11340.719160644907
1675267200000,11340.719160644907
1675270800000,11340.719160644907
1675274400000,11340.719160644907
1675278000000,11340.719160644907
1675281600000,11340.719160644907
1675285200000,11340.719160644907
1675288800000,11340.719160644907
1675292400000,11340.719160644907
1675296000000,11340.719160644907
1675299600000,11340.719160644907
1675303200000,11340.719160644907
1675306800000,11340.719160644907
1675310400000,11340.230371615065
1675314000000,11340.559271615066
1675317600000,11340.278991615067
1675321200000,11339.100671615066
1675324800000,11338.260819173067
1675328400000,11339.965379173067
1675332000000,11340.894879173067
1675335600000,11339.522079173066
1675339200000,11340.402959173067
1675342800000,11341.381079173067
1675346400000,11340.205619173066
1675350000000,11335.672519173066
1675353600000,11341.910792929066
1675357200000,11340.623792929066
1675360800000,11342.582892929066
1675364400000,11349.126572929066
1675368000000,11340.743912929067
1675371600000,11342.356952929067
1675375200000,11331.557592929066
1675378800000,11335.098272929066
1675382400000,11332.488704287965
1675386000000,11332.111184287965
1675389600000,11332.462964287966
1675393200000,11330.295084287965
1675396800000,11331.327544287966
1675400400000,11330.635424287966
1675404000000,11332.074004287966
1675407600000,11331.216004287966
1675411200000,11330.276840734992
1675414800000,11331.226360734992
1675418400000,11331.801220734993
1675422000000,11332.358920734992
1675425600000,11333.760320734993
1675429200000,11334.446720734994
1675432800000,11328.998420734993
1675436400000,11336.577420734993
1675440000000,11338.088544424229
1675443600000,11335.626084424228
1675447200000,11336.835864424229
1675450800000,11335.557444424228
1675454400000,11333.249424424228
1675458000000,11335.591764424229
1675461600000,11336.009324424229
1675465200000,11339.13244442423
1675468800000,11337.640563176228
1675472400000,11337.243023176228
1675476000000,11335.944583176228
1675479600000,11335.858783176229
1675483200000,11334.751963176228
1675486800000,11334.31152317623
1675490400000,11333.945443176228
1675494000000,11334.886383176228
1675497600000,11335.977236604167
1675501200000,11334.338456604166
1675504800000,11335.874276604167
1675508400000,11336.326156604166
1675512000000,11337.009696604166
1675515600000,11338.270956604167
1675519200000,11343.607716604167
1675522800000,11342.489456604166
1675526400000,11342.20688179761
1675530000000,11342.490021797612
1675533600000,11342.57296179761
1675537200000,11342.12680179761
1675540800000,11341.037141797611
1675544400000,11341.815061797612
1675548000000,11342.13538179761
1675551600000,11342.478581797612
1675555200000,11337.77484189961
1675558800000,11337.11132189961
1675562400000,11338.06942189961
1675566000000,11336.922561899612
1675569600000,11336.61082189961
1675573200000,11337.491701899611
1675576800000,11338.409761899611
1675580400000,11338.67860189961
1675584000000,11338.642332854748
1675587600000,11339.24293285475
1675591200000,11338.01599285475
1675594800000,11338.95693285475
1675598400000,11337.10937285475
1675602000000,11331.758312854749
1675605600000,11332.819372854749
1675609200000,11334.086352854749
1675612800000,11331.50249815275
1675616400000,11330.21549815275
1675620000000,11322.390588773203
1675623600000,11322.390588773203
1675627200000,11322.390588773203
1675630800000,11322.390588773203
1675634400000,11322.390588773203
1675638000000,11322.390588773203
1675641600000,11322.390588773203
1675645200000,11322.390588773203
1675648800000,11322.390588773203
1675652400000,11322.390588773203
1675656000000,11322.390588773203
1675659600000,11322.390588773203
1675663200000,11322.390588773203
1675666800000,11322.390588773203
1675670400000,11322.390588773203
1675674000000,11322.390588773203
1675677600000,11322.390588773203
1675681200000,11322.390588773203
1675684800000,11322.390588773203
1675688400000,11322.390588773203
1675692000000,11322.390588773203
1675695600000,11322.390588773203
1675699200000,11322.390588773203
1675702800000,11322.390588773203
1675706400000,11322.390588773203
1675710000000,11322.390588773203
1675713600000,11322.390588773203
1675717200000,11322.390588773203
1675720800000,11322.390588773203
1675724400000,11322.390588773203
1675728000000,11322.390588773203
1675731600000,11322.390588773203
1675735200000,11322.390588773203
1675738800000,11322.390588773203
1675742400000,11322.390588773203
1675746000000,11322.390588773203
1675749600000,11322.390588773203
1675753200000,11322.390588773203
1675756800000,11322.390588773203
1675760400000,11322.390588773203
1675764000000,11322.390588773203
1675767600000,11322.390588773203
1675771200000,11322.390588773203
1675774800000,11322.390588773203
1675778400000,11322.390588773203
1675782000000,11322.390588773203
1675785600000,11322.390588773203
1675789200000,11322.390588773203
1675792800000,11322.390588773203
1675796400000,11322.390588773203
1675800000000,11322.390588773203
1675803600000,11322.390588773203
1675807200000,11322.390588773203
1675810800000,11322.390588773203
1675814400000,11322.390588773203
1675818000000,11322.390588773203
1675821600000,11322.390588773203
1675825200000,11322.390588773203
1675828800000,11322.390588773203
1675832400000,11322.390588773203
1675836000000,11322.390588773203
1675839600000,11322.390588773203
1675843200000,11322.390588773203
1675846800000,11322.390588773203
1675850400000,11322.390588773203
1675854000000,11322.390588773203
1675857600000,11322.390588773203
1675861200000,11322.390588773203
1675864800000,11322.390588773203
1675868400000,11322.390588773203
1675872000000,11322.390588773203
1675875600000,11322.390588773203
1675879200000,11322.390588773203
1675882800000,11322.390588773203
1675886400000,11322.390588773203
1675890000000,11322.390588773203
1675893600000,11322.390588773203
1675897200000,11322.390588773203
1675900800000,11322.390588773203
1675904400000,11322.390588773203
1675908000000,11322.390588773203
1675911600000,11322.390588773203
1675915200000,11322.390588773203
1675918800000,11322.390588773203
1675922400000,11322.390588773203
1675926000000,11322.390588773203
1675929600000,11322.390588773203
1675933200000,11322.390588773203
1675936800000,11322.390588773203
1675940400000,11322.390588773203
1675944000000,11322.390588773203
1675947600000,11322.390588773203
1675951200000,11322.390588773203
1675954800000,11322.390588773203
1675958400000,11322.390588773203
1675962000000,11322.390588773203
1675965600000,11322.390588773203
1675969200000,11322.390588773203
1675972800000,11322.390588773203
1675976400000,11322.390588773203
1675980000000,11322.390588773203
1675983600000,11322.390588773203
1675987200000,11322.390588773203
1675990800000,11322.390588773203
1675994400000,11322.390588773203
1675998000000,11322.390588773203
1676001600000,11322.390588773203
1676005200000,11322.390588773203
1676008800000,11322.390588773203
1676012400000,11322.390588773203
1676016000000,11322.390588773203
1676019600000,11322.390588773203
1676023200000,11322.390588773203
1676026800000,11322.390588773203
1676030400000,11322.390588773203
1676034000000,11322.390588773203
1676037600000,11322.390588773203
1676041200000,11322.390588773203
1676044800000,11322.390588773203
1676048400000,11322.390588773203
1676052000000,11322.390588773203
1676055600000,11322.390588773203
1676059200000,11322.390588773203
1676062800000,11322.390588773203
1676066400000,11322.390588773203
1676070000000,11322.390588773203
1676073600000,11322.390588773203
1676077200000,11322.390588773203
1676080800000,11322.390588773203
1676084400000,11322.390588773203
1676088000000,11322.390588773203
1676091600000,11322.390588773203
1676095200000,11322.390588773203
1676098800000,11322.390588773203
1676102400000,11322.390588773203
1676106000000,11322.390588773203
1676109600000,11322.390588773203
1676113200000,11322.390588773203
1676116800000,11322.390588773203
1676120400000,11322.390588773203
1676124000000,11322.390588773203
1676127600000,11322.390588773203
1676131200000,11322.390588773203
1676134800000,11322.390588773203
1676138400000,11322.390588773203
1676142000000,11322.390588773203
1676145600000,11322.390588773203
1676149200000,11322.390588773203
1676152800000,11322.390588773203
1676156400000,11322.390588773203
1676160000000,11322.390588773203
1676163600000,11322.390588773203
1676167200000,11322.390588773203
1676170800000,11322.390588773203
1676174400000,11322.390588773203
1676178000000,11322.390588773203
1676181600000,11322.390588773203
1676185200000,11322.390588773203
1676188800000,11322.390588773203
1676192400000,11322.390588773203
1676196000000,11322.390588773203
1676199600000,11322.390588773203
1676203200000,11322.390588773203
1676206800000,11322.390588773203
1676210400000,11322.390588773203
1676214000000,11322.390588773203
1676217600000,11322.390588773203
1676221200000,11322.390588773203
1676224800000,11322.390588773203
1676228400000,11322.390588773203
1676232000000,11322.390588773203
1676235600000,11322.390588773203
1676239200000,11322.390588773203
1676242800000,11322.390588773203
1676246400000,11322.390588773203
1676250000000,11322.390588773203
1676253600000,11322.390588773203
1676257200000,11322.390588773203
1676260800000,11322.129020969644
1676264400000,11321.171390969643
1676268000000,11320.928900969642
1676271600000,11320.933010969642
1676275200000,11319.667630469807
1676278800000,11325.261340469808
1676282400000,11334.952720469808
1676286000000,11335.758280469807
1676289600000,11334.418420469807
1676293200000,11333.748490469807
1676296800000,11337.381730469808
1676300400000,11333.769040469808
1676304000000,11338.441090664588
1676307600000,11338.326010664588
1676311200000,11339.320630664588
1676314800000,11333.698150664588
1676318400000,11332.941910664587
1676322000000,11333.299480664587
1676325600000,11334.820180664588
1676329200000,11332.633660664587
1676332800000,11326.268572760757
1676336400000,11328.270142760757
1676340000000,11329.174342760756
1676343600000,11329.638772760756
1676347200000,11329.536022760756
1676350800000,11329.392172760758
1676354400000,11328.134512760756
1676358000000,11327.296072760757
1676361600000,11326.616408419093
1676365200000,11329.357778419093
1676368800000,11323.681868419093
1676372400000,11324.902538419094
1676376000000,11325.494378419095
1676379600000,11323.928468419093
1676383200000,11322.157058419094
1676386800000,11311.900166971665
1676390400000,11311.900166971665
1676394000000,11311.900166971665
1676397600000,11311.900166971665
1676401200000,11311.900166971665
1676404800000,11311.543752707135
1676408400000,11310.338552707135
1676412000000,11310.259952707136
1676415600000,11310.163012707135
1676419200000,11310.447218154697
1676422800000,11308.605358154697
1676426400000,11308.702298154698
1676430000000,11307.318938154696
1676433600000,11307.482379879226
1676437200000,11308.089229879226
1676440800000,11307.506229879225
1676444400000,11307.416129879226
1676448000000,11308.007997571922
1676451600000,11308.463797571922
1676455200000,11307.258047571922
1676458800000,11305.76609757192
1676462400000,11301.096824236718
1676466000000,11304.07186423672
1676469600000,11302.214264236718
1676473200000,11301.186104236718
1676476800000,11302.70380036079
1676480400000,11301.60940036079
1676484000000,11303.02060036079
1676487600000,11305.88620036079
1676491200000,11316.19948036079
1676494800000,11327.10028036079
1676498400000,11327.93836036079
1676502000000,11328.00748036079
1676505600000,11330.279382704319
1676509200000,11339.61220270432
1676512800000,11342.109162704319
1676516400000,11343.15334270432
1676520000000,11343.86248270432
1676523600000,11342.93380270432
1676527200000,11342.89786270432
1676530800000,11339.936982704321
1676534400000,11337.674098024054
1676538000000,11337.257638024053
1676541600000,11340.276658024053
1676545200000,11339.709598024054
1676548800000,11337.599518024053
1676552400000,11339.101738024054
1676556000000,11331.632278024053
1676559600000,11332.952278024053
1676563200000,11360.719818928612
1676566800000,11354.282598928612
1676570400000,11352.981738928613
1676574000000,11355.880458928612
1676577600000,11351.190498928612
1676581200000,11335.672278928612
1676584800000,11336.277798928613
1676588400000,11316.820398928612
1676592000000,11305.01734112847
1676595600000,11309.57638112847
1676599200000,11312.62054112847
1676602800000,11310.92998112847
1676606400000,11313.05542112847
1676610000000,11311.53190112847
1676613600000,11310.61606112847
1676617200000,11310.86374112847
1676620800000,11309.796593872796
1676624400000,11313.825713872795
1676628000000,11312.731313872795
1676631600000,11313.174833872796
1676635200000,11313.601073872795
1676638800000,11313.220913872796
1676642400000,11312.008433872796
1676646000000,11311.852913872795
1676649600000,11316.432881104796
1676653200000,11316.723761104795
1676656800000,11320.294961104795
1676660400000,11322.060401104796
1676664000000,11325.965681104795
1676667600000,11326.098161104796
1676671200000,11321.069681104796
1676674800000,11323.555121104795
1676678400000,11321.346330552642
1676682000000,11321.991450552643
1676685600000,11324.177370552643
1676689200000,11321.922330552643
1676692800000,11323.290330552643
1676696400000,11322.921690552643
1676700000000,11322.740250552642
1676703600000,11321.628570552642
1676707200000,11320.289633493243
1676710800000,11321.355233493243
1676714400000,11321.205473493243
1676718000000,11319.814433493244
1676721600000,11319.650273493244
1676725200000,11322.164513493244
1676728800000,11321.481953493243
1676732400000,11322.199073493242
1676736000000,11321.738384028831
1676739600000,11321.11630402883
1676743200000,11321.43598402883
1676746800000,11321.35822402883
1676750400000,11319.679184028832
1676754000000,11318.293904028831
1676757600000,11319.385424028831
1676761200000,11319.592784028831
1676764800000,11320.43974450883
1676768400000,11322.79270450883
1676772000000,11322.09574450883
1676775600000,11322.066944508832
1676779200000,11321.58886450883
1676782800000,11322.26278450883
1676786400000,11323.19878450883
1676790000000,11321.724224508831
1676793600000,11320.84890047974
1676797200000,11321.036100479738
1676800800000,11320.87482047974
1676804400000,11321.744580479739
1676808000000,11321.92602047974
1676811600000,11322.044100479738
1676815200000,11321.583300479739
1676818800000,11324.592900479738
1676822400000,11326.804411209401
1676826000000,11322.516091209402
1676829600000,11318.155771209402
1676833200000,11318.6684112094
1676836800000,11317.427131209402
1676840400000,11318.363131209402
1676844000000,11318.6396112094
1676847600000,11318.247931209402
1676851200000,11317.338411657402
1676854800000,11316.148971657401
1676858400000,11309.365372543325
1676862000000,11309.365372543325
1676865600000,11309.365372543325
1676869200000,11309.365372543325
1676872800000,11309.365372543325
1676876400000,11309.365372543325
1676880000000,11309.365372543325
1676883600000,11309.365372543325
1676887200000,11309.365372543325
1676890800000,11309.365372543325
1676894400000,11309.365372543325
1676898000000,11309.365372543325
1676901600000,11309.365372543325
1676905200000,11309.365372543325
1676908800000,11309.365372543325
1676912400000,11309.365372543325
1676916000000,11309.365372543325
1676919600000,11309.365372543325
1676923200000,11309.365372543325
1676926800000,11309.365372543325
1676930400000,11309.365372543325
1676934000000,11309.365372543325
1676937600000,11309.365372543325
1676941200000,11309.365372543325
1676944800000,11309.365372543325
1676948400000,11309.365372543325
1676952000000,11309.365372543325
1676955600000,11309.365372543325
1676959200000,11309.365372543325
1676962800000,11309.365372543325
1676966400000,11309.365372543325
1676970000000,11309.365372543325
1676973600000,11309.365372543325
1676977200000,11309.365372543325
1676980800000,11309.365372543325
1676984400000,11309.365372543325
1676988000000,11309.365372543325
1676991600000,11309.365372543325
1676995200000,11309.365372543325
1676998800000,11309.365372543325
1677002400000,11309.365372543325
1677006000000,11309.365372543325
1677009600000,11309.365372543325
1677013200000,11309.365372543325
1677016800000,11309.365372543325
1677020400000,11309.365372543325
1677024000000,11309.365372543325
1677027600000,11309.365372543325
1677031200000,11309.365372543325
1677034800000,11309.365372543325
1677038400000,11309.365372543325
1677042000000,11309.365372543325
1677045600000,11309.365372543325
1677049200000,11309.365372543325
1677052800000,11309.365372543325
1677056400000,11309.365372543325
1677060000000,11309.365372543325
1677063600000,11309.365372543325
1677067200000,11309.365372543325
1677070800000,11309.365372543325
1677074400000,11309.365372543325
1677078000000,11309.365372543325
1677081600000,11308.874119597749
1677085200000,11311.06475959775
1677088800000,11309.73035959775
1677092400000,11309.696999597749
1677096000000,11308.52105959775
1677099600000,11307.403499597749
1677103200000,11307.12827959775
1677106800000,11303.38083959775
1677110400000,11299.892782139377
1677114000000,11298.691582139378
1677117600000,11300.003662139377
1677121200000,11308.327582139376
1677124800000,11306.392462139376
1677128400000,11307.247822139378
1677132000000,11305.930462139377
1677135600000,11305.803742139376
1677139200000,11306.024512421931
1677142800000,11306.38091242193
1677146400000,11305.62851242193
1677150000000,11305.96115242193
1677153600000,11297.78771242193
1677157200000,11301.20123242193
1677160800000,11303.89139242193
1677164400000,11304.78635242193
1677168000000,11303.568680213322
1677171600000,11301.205880213323
1677175200000,11301.007880213323
1677178800000,11300.213240213323
1677182400000,11302.605080213323
1677186000000,11302.129880213322
1677189600000,11300.424440213323
1677193200000,11300.828360213323
1677196800000,11301.521953604646
1677200400000,11302.131793604645
1677204000000,11302.459153604645
1677207600000,11301.405793604645
1677211200000,11301.717313604646
1677214800000,11300.854033604646
1677218400000,11300.320753604645
1677222000000,11302.089553604645
1677225600000,11302.227919932966
1677229200000,11302.816639932966
1677232800000,11300.926399932967
1677236400000,11301.293359932966
1677240000000,11300.926399932967
1677243600000,11300.324479932966
1677247200000,11298.228319932967
1677250800000,11297.618479932966
1677254400000,11288.453916354247
1677258000000,11283.082428913467
1677261600000,11283.082428913467
1677265200000,11283.082428913467
1677268800000,11283.082428913467
1677272400000,11283.082428913467
1677276000000,11283.082428913467
1677279600000,11283.082428913467
1677283200000,11283.082428913467
1677286800000,11283.082428913467
1677290400000,11283.082428913467
1677294000000,11283.082428913467
1677297600000,11283.082428913467
1677301200000,11283.082428913467
1677304800000,11283.082428913467
1677308400000,11283.082428913467
1677312000000,11283.082428913467
1677315600000,11283.082428913467
1677319200000,11283.082428913467
1677322800000,11283.082428913467
1677326400000,11283.082428913467
1677330000000,11283.082428913467
1677333600000,11283.082428913467
1677337200000,11283.082428913467
1677340800000,11283.082428913467
1677344400000,11283.082428913467
1677348000000,11283.082428913467
1677351600000,11283.082428913467
1677355200000,11283.082428913467
1677358800000,11283.082428913467
1677362400000,11283.082428913467
1677366000000,11283.082428913467
1677369600000,11283.082428913467
1677373200000,11283.082428913467
1677376800000,11283.082428913467
1677380400000,11283.082428913467
1677384000000,11283.082428913467
1677387600000,11283.082428913467
1677391200000,11283.082428913467
1677394800000,11283.082428913467
1677398400000,11283.082428913467
1677402000000,11283.082428913467
1677405600000,11283.082428913467
1677409200000,11283.082428913467
1677412800000,11283.082428913467
1677416400000,11283.082428913467
1677420000000,11283.082428913467
1677423600000,11283.082428913467
1677427200000,11283.082428913467
1677430800000,11283.082428913467
1677434400000,11283.082428913467
1677438000000,11283.082428913467
1677441600000,11283.082428913467
1677445200000,11283.082428913467
1677448800000,11283.082428913467
1677452400000,11283.082428913467
1677456000000,11283.082428913467
1677459600000,11283.082428913467
1677463200000,11283.082428913467
1677466800000,11283.082428913467
1677470400000,11283.082428913467
1677474000000,11283.082428913467
1677477600000,11283.082428913467
1677481200000,11283.082428913467
1677484800000,11283.082428913467
1677488400000,11283.082428913467
1677492000000,11283.082428913467
1677495600000,11283.082428913467
1677499200000,11283.082428913467
1677502800000,11283.082428913467
1677506400000,11283.082428913467
1677510000000,11283.082428913467
1677513600000,11283.082428913467
1677517200000,11283.082428913467
1677520800000,11283.082428913467
1677524400000,11283.082428913467
1677528000000,11283.082428913467
1677531600000,11283.082428913467
1677535200000,11283.082428913467
1677538800000,11283.082428913467
1677542400000,11283.082428913467
1677546000000,11283.082428913467
1677549600000,11283.082428913467
1677553200000,11283.082428913467
1677556800000,11283.082428913467
1677560400000,11283.082428913467
1677564000000,11283.082428913467
1677567600000,11283.082428913467
1677571200000,11283.082428913467
1677574800000,11283.082428913467
1677578400000,11283.082428913467
1677582000000,11283.082428913467
1677585600000,11283.082428913467
1677589200000,11283.082428913467
1677592800000,11283.082428913467
1677596400000,11283.082428913467
1677600000000,11283.082428913467
1677603600000,11283.082428913467
1677607200000,11283.082428913467
1677610800000,11283.082428913467
1677614400000,11283.082428913467
1677618000000,11283.082428913467
1677621600000,11283.082428913467
1677625200000,11283.082428913467
1677628800000,11283.082428913467
1677632400000,11283.082428913467
1677636000000,11283.082428913467
1677639600000,11283.082428913467
1677643200000,11283.082428913467
1677646800000,11283.082428913467
1677650400000,11283.082428913467
1677654000000,11283.082428913467
1677657600000,11283.082428913467
1677661200000,11283.082428913467
1677664800000,11283.082428913467
1677668400000,11283.082428913467
1677672000000,11283.082428913467
1677675600000,11283.082428913467
1677679200000,11283.082428913467
1677682800000,11283.082428913467
1677686400000,11283.082428913467
1677690000000,11283.082428913467
1677693600000,11283.082428913467
1677697200000,11283.082428913467
1677700800000,11283.082428913467
1677704400000,11283.082428913467
1677708000000,11283.082428913467
1677711600000,11283.082428913467
1677715200000,11283.082428913467
1677718800000,11283.082428913467
1677722400000,11283.082428913467
1677726000000,11283.082428913467
1677729600000,11283.082428913467
1677733200000,11283.082428913467
1677736800000,11283.082428913467
1677740400000,11283.082428913467
1677744000000,11283.082428913467
1677747600000,11283.082428913467
1677751200000,11283.082428913467
1677754800000,11283.082428913467
1677758400000,11283.082428913467
1677762000000,11283.082428913467
1677765600000,11283.082428913467
1677769200000,11283.082428913467
1677772800000,11283.082428913467
1677776400000,11283.082428913467
1677780000000,11283.082428913467
1677783600000,11283.082428913467
1677787200000,11283.082428913467
1677790800000,11283.082428913467
1677794400000,11283.082428913467
1677798000000,11283.082428913467
1677801600000,11283.082428913467
1677805200000,11283.082428913467
1677808800000,11283.082428913467
1677812400000,11283.082428913467
1677816000000,11283.797385411504
1677819600000,11279.431845411504
1677823200000,11281.481685411503
1677826800000,11281.259105411504
1677830400000,11280.847663308814
1677834000000,11278.121463308813
1677837600000,11280.801103308813
1677841200000,11281.219283308814
1677844800000,11281.497003308814
1677848400000,11281.491183308815
1677852000000,11278.666123308814
1677855600000,11280.542403308815
1677859200000,11281.567793643728
1677862800000,11279.349853643727
1677866400000,11278.572013643727
1677870000000,11283.836373643728
1677873600000,11280.988513643728
1677877200000,11284.671233643729
1677880800000,11285.121793643728
1677884400000,11280.689333643728
1677888000000,11280.961092119167
1677891600000,11278.431252119166
1677895200000,11280.388072119167
1677898800000,11280.090972119167
1677902400000,11280.520832119168
1677906000000,11280.624212119166
1677909600000,11281.938392119167
1677913200000,11279.987652119167
1677916800000,11280.555715544517
1677920400000,11280.965935544516
1677924000000,11280.589775544517
1677927600000,11281.287575544517
1677931200000,11280.532155544517
1677934800000,11279.513275544516
1677938400000,11281.201935544515
1677942000000,11281.300195544518
1677945600000,11282.953027898524
1677949200000,11282.220927898525
1677952800000,11283.226527898523
1677956400000,11282.563967898524
1677960000000,11284.747907898525
1677963600000,11285.908767898525
1677967200000,11286.150647898523
1677970800000,11283.352427898524
1677974400000,11281.550714912395
1677978000000,11279.492214912396
1677981600000,11272.257534912396
1677985200000,11280.919074912397
1677988800000,11280.411654912396
1677992400000,11278.256754912396
1677996000000,11279.014694912395
1677999600000,11278.800854912395
1678003200000,11280.248420699998
1678006800000,11281.676040699998
1678010400000,11280.219560699998
1678014000000,11279.097220699998
1678017600000,11279.835400699998
1678021200000,11278.795300699998
1678024800000,11277.337540699997
1678028400000,11279.166720699997
1678032000000,11278.979501706377
1678035600000,11278.438021706377
1678039200000,11279.553761706376
1678042800000,11279.228161706376
1678046400000,11280.534501706377
1678050000000,11279.560141706377
1678053600000,11277.783081706377
1678057200000,11280.514501706377
1678060800000,11280.420854417604
1678064400000,11279.229394417604
1678068000000,11282.207454417605
1678071600000,11281.518174417604
1678075200000,11281.815734417603
1678078800000,11283.269194417602
1678082400000,11282.461194417603
1678086000000,11281.268614417602
1678089600000,11281.828194902735
1678093200000,11280.840414902736
1678096800000,11280.665134902734
1678100400000,11280.166694902735
1678104000000,11281.444414902735
1678107600000,11280.856714902735
1678111200000,11278.625154902735
1678114800000,11278.338314902736
1678118400000,11274.044109155699
1678122000000,11275.466769155699
1678125600000,11276.963329155698
1678129200000,11276.521789155699
1678132800000,11280.4218691557
1678136400000,11283.6337291557
1678140000000,11280.1319091557
1678143600000,11279.3876091557
1678147200000,11280.261434777085
1678150800000,11280.467654777085
1678154400000,11276.820094777086
1678158000000,11275.716614777086
1678161600000,11277.040714777086
1678165200000,11276.673714777085
1678168800000,11277.494694777086
1678172400000,11278.114974777085
1678176000000,11279.179771389803
1678179600000,11279.121731389803
1678183200000,11281.231571389804
1678186800000,11281.881231389803
1678190400000,11282.550551389804
1678194000000,11280.662631389803
1678197600000,11282.267651389802
1678201200000,11291.562131389803
1678204800000,11283.820491253777
1678208400000,11286.926931253776
1678212000000,11283.760031253776
1678215600000,11287.292491253776
1678219200000,11289.205031253776
1678222800000,11291.522371253775
1678226400000,11291.693531253775
1678230000000,11290.181291253775
1678233600000,11285.788340832101
1678237200000,11283.3135808321
1678240800000,11285.899800832101
1678244400000,11286.5089608321
1678248000000,11286.6059208321
1678251600000,11286.5827608321
1678255200000,11293.590260832101
1678258800000,11291.1771208321
1678262400000,11292.926704630327
1678266000000,11291.848104630328
1678269600000,11290.957104630328
1678273200000,11288.331704630327
1678276800000,11289.307524630327
1678280400000,11291.366684630326
1678284000000,11292.751244630328
1678287600000,11292.648264630328
1678291200000,11287.13769520818
1678294800000,11287.432355208179
1678298400000,11290.822615208179
1678302000000,11291.551555208178
1678305600000,11291.728695208178
1678309200000,11288.669895208179
1678312800000,11291.766835208178
1678316400000,11298.433655208179
1678320000000,11302.446097048029
1678323600000,11302.259817048029
1678327200000,11301.522937048028
1678330800000,11299.225917048028
1678334400000,11299.478057048029
1678338000000,11300.80621704803
1678341600000,11301.054557048028
1678345200000,11300.351897048029
1678348800000,11302.574639602884
1678352400000,11303.609639602884
1678356000000,11304.531759602885
1678359600000,11303.813839602884
1678363200000,11303.105459602884
1678366800000,11305.234099602885
1678370400000,11301.386959602885
1678374000000,11300.891219602883
1678377600000,11303.88723961759
1678381200000,11309.13889961759
1678384800000,11308.53045961759
1678388400000,11325.17545961759
1678392000000,11331.427599617591
1678395600000,11359.67791961759
1678399200000,11356.21161961759
1678402800000,11355.76173961759
1678406400000,11353.952384397337
1678410000000,11361.556744397336
1678413600000,11361.048664397335
1678417200000,11362.783124397336
1678420800000,11362.286964397335
1678424400000,11368.318364397335
1678428000000,11364.421244397336
1678431600000,11370.128724397335
1678435200000,11367.90872562646
1678438800000,11368.827605626459
1678442400000,11372.946345626458
1678446000000,11381.190665626458
1678449600000,11377.73166562646
1678453200000,11371.292305626459
1678456800000,11361.59136562646
1678460400000,11369.81878562646
1678464000000,11366.214633033584
1678467600000,11366.194113033585
1678471200000,11368.305113033584
1678474800000,11370.561973033584
1678478400000,11364.013693033585
1678482000000,11366.071453033584
1678485600000,11363.991593033585
1678489200000,11361.943393033585
1678492800000,11360.477903637387
1678496400000,11355.562643637388
1678500000000,11339.82593345642
1678503600000,11341.16993345642
1678507200000,11343.209933456421
1678510800000,11344.38593345642
1678514400000,11343.19793345642
1678518000000,11345.299933456421
1678521600000,11353.712818603712
1678525200000,11349.328818603712
1678528800000,11349.168818603712
1678532400000,11350.390818603712
1678536000000,11349.61681860371
1678539600000,11350.284818603712
1678543200000,11349.334818603711
1678546800000,11348.504818603711
1678550400000,11349.809428258115
1678554000000,11349.479428258115
1678557600000,11345.821428258114
1678561200000,11346.645428258114
1678564800000,11346.309428258115
1678568400000,11344.425428258115
1678572000000,11344.151428258114
1678575600000,11344.273428258115
1678579200000,11342.170965900026
1678582800000,11341.906965900027
1678586400000,11342.550965900027
1678590000000,11343.330965900026
1678593600000,11343.464965900026
1678597200000,11343.272965900027
1678600800000,11343.754965900027
1678604400000,11344.348965900026
1678608000000,11344.3699322272
1678611600000,11343.241932227202
1678615200000,11343.471932227201
1678618800000,11342.687932227202
1678622400000,11342.419932227202
1678626000000,11343.5859322272
1678629600000,11343.3699322272
1678633200000,11343.935932227201
1678636800000,11344.081376915785
1678640400000,11343.257376915784
1678644000000,11333.317866186477
1678647600000,11333.317866186477
1678651200000,11333.317866186477
1678654800000,11333.317866186477
1678658400000,11333.317866186477
1678662000000,11333.317866186477
1678665600000,11333.92197962595
1678669200000,11346.321619625947
1678672800000,11342.34313962595
1678676400000,11337.559459625949
1678680000000,11338.496899625949
1678683600000,11341.417659625948
1678687200000,11343.37117962595
1678690800000,11343.721899625949
1678694400000,11346.499458462631
1678698000000,11336.556198462631
1678701600000,11331.08179846263
1678705200000,11335.645258462631
1678708800000,11335.311138462632
1678712400000,11335.99665846263
1678716000000,11344.157918462632
1678719600000,11371.959298462632
1678723200000,11387.185131593866
1678726800000,11384.466951593866
1678730400000,11389.519171593867
1678734000000,11393.339051593866
1678737600000,11393.095371593867
1678741200000,11388.214311593867
1678744800000,11387.985071593866
1678748400000,11392.293251593866
1678752000000,11389.640060402577
1678755600000,11388.242600402576
1678759200000,11395.388600402575
1678762800000,11390.628700402576
1678766400000,11394.053060402577
1678770000000,11394.138660402577
1678773600000,11391.878120402576
1678777200000,11393.300920402577
1678780800000,11389.918494196452
1678784400000,11388.926774196454
1678788000000,11390.433374196453
1678791600000,11399.969294196453
1678795200000,11402.356354196452
1678798800000,11440.525194196454
1678802400000,11431.186094196451
1678806000000,11437.001374196454
1678809600000,11439.39197882468
1678813200000,11438.64871882468
1678816800000,11432.63017882468
1678820400000,11418.15087882468
1678824000000,11413.28949882468
1678827600000,11403.76035882468
1678831200000,11399.490238824681
1678834800000,11406.132138824682
1678838400000,11404.466711685305
1678842000000,11404.331051685305
1678845600000,11409.768511685304
1678849200000,11408.608511685305
1678852800000,11405.610071685305
1678856400000,11406.945871685304
1678860000000,11404.451931685306
1678863600000,11406.017851685307
1678867200000,11407.975884472351
1678870800000,11404.58714447235
1678874400000,11399.397744472351
1678878000000,11397.897144472352
1678881600000,11399.787884472351
1678885200000,11400.376724472351
1678888800000,11400.327324472351
1678892400000,11394.000684472352
1678896000000,11385.309859904803
1678899600000,11376.159660477984
1678903200000,11377.713460477984
1678906800000,11380.525260477983
1678910400000,11378.769160477983
1678914000000,11378.993560477984
1678917600000,11381.021660477983
1678921200000,11380.028860477983
1678924800000,11377.69257245575
1678928400000,11377.57527245575
1678932000000,11379.02027245575
1678935600000,11379.63057245575
1678939200000,11378.04617245575
1678942800000,11377.67897245575
1678946400000,11379.38747245575
1678950000000,11382.36757245575
1678953600000,11383.969625876454
1678957200000,11383.121325876455
1678960800000,11383.966225876455
1678964400000,11388.586825876455
1678968000000,11387.325425876454
1678971600000,11385.492825876454
1678975200000,11387.077225876454
1678978800000,11387.918725876454
1678982400000,11388.19262861693
1678986000000,11385.935028616928
1678989600000,11384.578428616927
1678993200000,11386.531728616928
1678996800000,11388.442528616928
1679000400000,11384.977928616929
1679004000000,11388.241928616928
1679007600000,11389.913028616927
1679011200000,11389.735760177722
1679014800000,11388.656260177722
1679018400000,11400.976160177723
1679022000000,11400.301260177723
1679025600000,11402.854660177722
1679029200000,11402.337860177722
1679032800000,11403.107960177722
1679036400000,11408.850560177721
1679040000000,11408.126278604064
1679043600000,11407.208278604065
1679047200000,11411.403878604066
1679050800000,11417.671778604064
1679054400000,11421.840178604065
1679058000000,11418.406178604066
1679061600000,11415.655578604064
1679065200000,11411.517778604066
1679068800000,11413.900475484064
1679072400000,11413.664175484064
1679076000000,11414.743675484064
1679079600000,11417.021675484064
1679083200000,11420.139475484064
1679086800000,11420.217675484064
1679090400000,11426.113275484064
1679094000000,11433.776875484065
1679097600000,11429.70504137141
1679101200000,11438.88916137141
1679104800000,11434.386081371411
1679108400000,11431.415681371409
1679112000000,11432.982061371411
1679115600000,11432.543121371411
1679119200000,11437.69734137141
1679122800000,11436.34012137141
1679126400000,11434.303696064897
1679130000000,11430.634936064898
1679133600000,11435.090676064898
1679137200000,11436.609896064896
1679140800000,11436.114656064898
1679144400000,11439.204636064898
1679148000000,11435.969416064898
1679151600000,11437.709536064896
1679155200000,11425.625887186829
1679158800000,11429.74660718683
1679162400000,11426.880787186828
1679166000000,11429.01796718683
1679169600000,11429.112847186829
1679173200000,11428.86714718683
1679176800000,11424.87000718683
1679180400000,11417.40436718683
1679184000000,11415.878905285497
1679187600000,11422.594425285497
1679191200000,11422.678765285496
1679194800000,11422.625625285496
1679198400000,11425.950085285496
1679202000000,11423.360105285497
1679205600000,11421.624365285497
1679209200000,11418.391325285498
1679212800000,11419.565979041428
1679216400000,11419.80729904143
1679220000000,11421.33577904143
1679223600000,11420.898619041429
1679227200000,11425.33595904143
1679230800000,11426.337879041428
1679234400000,11423.86525904143
1679238000000,11429.07911904143
1679241600000,11432.715024305988
1679245200000,11441.700284305987
1679248800000,11442.510304305988
1679252400000,11450.551524305987
1679256000000,11450.831584305988
1679259600000,11440.065004305989
1679263200000,11438.861724305987
1679266800000,11444.215544305987
1679270400000,11437.637376133987
1679274000000,11433.802536133988
1679277600000,11431.604496133989
1679281200000,11424.958896133987
1679284800000,11418.803036133988
1679288400000,11422.664016133987
1679292000000,11425.918476133987
1679295600000,11427.965296133987
1679299200000,11445.52853442898
1679302800000,11444.161734428979
1679306400000,11440.13641442898
1679310000000,11438.79095442898
1679313600000,11441.03827442898
1679317200000,11441.703054428981
1679320800000,11431.78045442898
1679324400000,11438.13637442898
1679328000000,11429.773672731173
1679331600000,11425.121392731173
1679335200000,11423.950132731172
1679338800000,11434.675392731173
1679342400000,11428.882332731173
1679346000000,11433.925172731171
1679349600000,11432.052132731173
1679353200000,11430.076672731173
1679356800000,11423.163473529574
1679360400000,11429.216813529574
1679364000000,11429.895253529574
1679367600000,11427.916953529573
1679371200000,11427.203953529573
1679374800000,11429.176893529575
1679378400000,11425.929513529574
1679382000000,11423.549973529574
1679385600000,11418.711064938561
1679389200000,11422.515764938562
1679392800000,11430.699684938561
1679396400000,11433.06794493856
1679400000000,11434.394804938562
1679403600000,11447.31640493856
1679407200000,11449.440844938561
1679410800000,11440.32630493856
1679414400000,11444.939333710507
1679418000000,11451.518073710507
1679421600000,11438.242513710507
1679425200000,11441.402833710506
1679428800000,11442.076873710506
1679432400000,11442.734893710507
1679436000000,11441.264993710507
1679439600000,11440.400393710506
1679443200000,11443.539436920788
1679446800000,11439.230236920788
1679450400000,11441.80025692079
1679454000000,11441.617036920788
1679457600000,11443.863776920789
1679461200000,11446.091516920787
1679464800000,11445.057156920788
1679468400000,11444.034296920789
1679472000000,11441.036642145771
1679475600000,11439.18284214577
1679479200000,11440.785882145772
1679482800000,11442.45284214577
1679486400000,11440.939842145772
1679490000000,11444.198462145772
1679493600000,11445.845842145773
1679497200000,11452.539322145773
1679500800000,11453.119857247684
1679504400000,11453.339197247682
1679508000000,11453.450617247685
1679511600000,11434.566317247683
1679515200000,11407.173448070005
1679518800000,11407.173448070005
1679522400000,11407.173448070005
1679526000000,11407.173448070005
1679529600000,11407.173448070005
1679533200000,11407.173448070005
1679536800000,11407.173448070005
1679540400000,11407.173448070005
1679544000000,11407.173448070005
1679547600000,11407.173448070005
1679551200000,11407.173448070005
1679554800000,11407.173448070005
1679558400000,11407.173448070005
1679562000000,11407.173448070005
1679565600000,11407.173448070005
1679569200000,11407.173448070005
1679572800000,11407.173448070005
1679576400000,11407.173448070005
1679580000000,11407.173448070005
1679583600000,11407.173448070005
1679587200000,11407.381499801788
1679590800000,11405.169659801788
1679594400000,11404.908539801787
1679598000000,11401.072379801788
1679601600000,11402.473979801787
1679605200000,11402.182139801787
1679608800000,11401.999739801788
1679612400000,11400.895739801786
1679616000000,11402.214518297787
1679619600000,11401.252598297788
1679623200000,11402.327798297787
1679626800000,11401.319798297787
1679630400000,11401.657718297787
1679634000000,11400.463478297788
1679637600000,11401.642358297788
1679641200000,11402.005238297788
1679644800000,11402.267990681788
1679648400000,11398.199510681789
1679652000000,11396.632790681788
1679655600000,11396.728790681787
1679659200000,11385.733944092957
1679662800000,11385.733944092957
1679666400000,11385.733944092957
1679670000000,11385.733944092957
1679673600000,11385.733944092957
1679677200000,11385.733944092957
1679680800000,11385.733944092957
1679684400000,11385.733944092957
1679688000000,11385.733944092957
1679691600000,11385.733944092957
1679695200000,11385.733944092957
1679698800000,11385.733944092957
1679702400000,11385.733944092957
1679706000000,11385.733944092957
1679709600000,11385.733944092957
1679713200000,11385.733944092957
1679716800000,11385.733944092957
1679720400000,11385.733944092957
1679724000000,11385.733944092957
1679727600000,11385.733944092957
1679731200000,11385.733944092957
1679734800000,11385.733944092957
1679738400000,11385.733944092957
1679742000000,11385.733944092957
1679745600000,11385.733944092957
1679749200000,11385.733944092957
1679752800000,11385.733944092957
1679756400000,11385.733944092957
1679760000000,11385.733944092957
1679763600000,11385.733944092957
1679767200000,11385.733944092957
1679770800000,11385.733944092957
1679774400000,11385.733944092957
1679778000000,11385.733944092957
1679781600000,11385.733944092957
1679785200000,11385.733944092957
1679788800000,11385.733944092957
1679792400000,11385.733944092957
1679796000000,11385.733944092957
1679799600000,11385.733944092957
1679803200000,11385.733944092957
1679806800000,11385.733944092957
1679810400000,11385.733944092957
1679814000000,11385.733944092957
1679817600000,11385.733944092957
1679821200000,11385.733944092957
1679824800000,11385.733944092957
1679828400000,11385.733944092957
1679832000000,11385.733944092957
1679835600000,11385.733944092957
1679839200000,11385.733944092957
1679842800000,11385.733944092957
1679846400000,11385.733944092957
1679850000000,11385.733944092957
1679853600000,11385.733944092957
1679857200000,11385.733944092957
1679860800000,11385.733944092957
1679864400000,11385.733944092957
1679868000000,11385.733944092957
1679871600000,11385.733944092957
1679875200000,11385.733944092957
1679878800000,11385.733944092957
1679882400000,11385.733944092957
1679886000000,11385.733944092957
1679889600000,11385.733944092957
1679893200000,11385.733944092957
1679896800000,11385.733944092957
1679900400000,11385.733944092957
1679904000000,11385.733944092957
1679907600000,11385.733944092957
1679911200000,11385.733944092957
1679914800000,11385.733944092957
1679918400000,11385.733944092957
1679922000000,11385.733944092957
1679925600000,11385.733944092957
1679929200000,11385.733944092957
1679932800000,11385.733944092957
1679936400000,11385.733944092957
1679940000000,11385.733944092957
1679943600000,11385.733944092957
1679947200000,11385.733944092957
1679950800000,11385.733944092957
1679954400000,11385.733944092957
1679958000000,11385.733944092957
1679961600000,11385.733944092957
1679965200000,11385.733944092957
1679968800000,11385.733944092957
1679972400000,11385.733944092957
1679976000000,11385.733944092957
1679979600000,11385.733944092957
1679983200000,11385.733944092957
1679986800000,11385.733944092957
1679990400000,11385.733944092957
1679994000000,11385.733944092957
1679997600000,11385.733944092957
1680001200000,11385.733944092957
1680004800000,11385.733944092957
1680008400000,11385.733944092957
1680012000000,11385.733944092957
1680015600000,11385.733944092957
1680019200000,11385.733944092957
1680022800000,11385.733944092957
1680026400000,11385.733944092957
1680030000000,11385.733944092957
1680033600000,11385.733944092957
1680037200000,11385.733944092957
1680040800000,11385.733944092957
1680044400000,11385.733944092957
1680048000000,11385.733944092957
1680051600000,11385.733944092957
1680055200000,11385.733944092957
1680058800000,11385.733944092957
1680062400000,11385.733944092957
1680066000000,11385.733944092957
1680069600000,11385.733944092957
1680073200000,11385.733944092957
1680076800000,11385.733944092957
1680080400000,11385.733944092957
1680084000000,11385.733944092957
1680087600000,11385.733944092957
1680091200000,11385.733944092957
1680094800000,11385.733944092957
1680098400000,11385.733944092957
1680102000000,11385.733944092957
1680105600000,11385.733944092957
1680109200000,11385.733944092957
1680112800000,11385.733944092957
1680116400000,11385.733944092957
1680120000000,11385.733944092957
1680123600000,11385.733944092957
1680127200000,11385.733944092957
1680130800000,11385.733944092957
1680134400000,11385.733944092957
1680138000000,11385.733944092957
1680141600000,11385.733944092957
1680145200000,11385.733944092957
1680148800000,11385.733944092957
1680152400000,11385.733944092957
1680156000000,11385.733944092957
1680159600000,11385.733944092957
1680163200000,11385.183895350674
1680166800000,11382.822295350674
1680170400000,11383.089495350674
1680174000000,11383.412695350673
1680177600000,11384.065495350673
1680181200000,11383.895895350674
1680184800000,11382.145495350675
1680188400000,11380.142295350674
1680192000000,11378.140412681281
1680195600000,11377.742012681281
1680199200000,11371.06681268128
1680202800000,11371.91801268128
1680206400000,11373.09881268128
1680210000000,11376.57721268128
1680213600000,11375.32441268128
1680217200000,11371.53401268128
1680220800000,11374.254968993473
1680224400000,11377.755768993473
1680228000000,11375.811768993472
1680231600000,11376.011768993472
1680235200000,11376.296568993472
1680238800000,11376.424568993472
1680242400000,11374.315768993472
1680246000000,11375.042168993472
1680249600000,11369.234760124256
1680253200000,11370.698760124256
1680256800000,11370.703560124255
1680260400000,11372.135560124256
1680264000000,11372.460360124256
1680267600000,11375.223560124256
1680271200000,11379.983560124256
1680274800000,11382.471560124255
1680278400000,11381.486778364257
1680282000000,11380.454778364256
1680285600000,11379.037178364257
1680289200000,11378.523578364257
1680292800000,11380.707578364256
1680296400000,11380.152378364257
1680300000000,11381.086778364257
1680303600000,11382.728378364256
1680307200000,11381.43484396561
1680310800000,11380.938843965609
1680314400000,11383.56444396561
1680318000000,11383.01244396561
1680321600000,11382.27324396561
1680325200000,11383.060443965609
1680328800000,11382.63644396561
1680332400000,11381.119643965609
1680336000000,11380.32217836561
1680339600000,11380.52057836561
1680343200000,11380.35417836561
1680346800000,11381.11417836561
1680350400000,11379.68697836561
1680354000000,11380.443778365609
1680357600000,11380.35257836561
1680361200000,11378.56057836561
1680364800000,11379.862823549609
1680368400000,11378.966823549608
1680372000000,11379.403623549608
1680375600000,11379.554023549608
1680379200000,11379.624423549609
1680382800000,11380.552423549609
1680386400000,11381.323623549608
1680390000000,11381.81002354961
1680393600000,11380.866221136392
1680397200000,11379.747821136392
1680400800000,11379.515821136392
1680404400000,11380.055021136392
1680408000000,11381.239021136393
1680411600000,11379.795821136391
1680415200000,11381.037421136392
1680418800000,11380.967021136392
1680422400000,11380.086098020936
1680426000000,11379.679698020936
1680429600000,11379.930898020935
1680433200000,11379.142098020937
1680436800000,11379.140498020935
1680440400000,11377.638098020936
1680444000000,11378.057298020936
1680447600000,11377.879698020935
1680451200000,11375.44019217786
1680454800000,11375.494592177862
1680458400000,11376.529792177862
1680462000000,11376.009792177862
1680465600000,11370.877543994908
1680469200000,11370.877543994908
1680472800000,11370.877543994908
1680476400000,11370.877543994908
1680480000000,11370.877543994908
1680483600000,11370.877543994908
1680487200000,11370.877543994908
1680490800000,11370.877543994908
1680494400000,11370.877543994908
1680498000000,11370.877543994908
1680501600000,11370.877543994908
1680505200000,11370.877543994908
1680508800000,11370.877543994908
1680512400000,11370.877543994908
1680516000000,11370.877543994908
1680519600000,11370.877543994908
1680523200000,11370.877543994908
1680526800000,11370.877543994908
1680530400000,11370.877543994908
1680534000000,11370.877543994908
1680537600000,11370.877543994908
1680541200000,11370.877543994908
1680544800000,11370.877543994908
1680548400000,11370.877543994908
1680552000000,11370.877543994908
1680555600000,11370.877543994908
1680559200000,11370.877543994908
1680562800000,11370.877543994908
1680566400000,11370.877543994908
1680570000000,11370.877543994908
1680573600000,11370.877543994908
1680577200000,11370.877543994908
1680580800000,11370.877543994908
1680584400000,11370.877543994908
1680588000000,11370.877543994908
1680591600000,11370.877543994908
1680595200000,11370.877543994908
1680598800000,11370.877543994908
1680602400000,11370.877543994908
1680606000000,11370.877543994908
1680609600000,11370.834617453549
1680613200000,11371.63211745355
1680616800000,11371.11786745355
1680620400000,11370.268117453548
1680624000000,11369.309405845675
1680627600000,11370.258155845675
1680631200000,11371.429655845675
1680634800000,11370.277405845676
1680638400000,11371.008905845676
1680642000000,11373.668155845675
1680645600000,11371.721155845675
1680649200000,11371.231655845675
1680652800000,11371.581426276334
1680656400000,11383.684176276334
1680660000000,11383.461426276335
1680663600000,11382.927926276334
1680667200000,11383.224926276334
1680670800000,11382.463176276335
1680674400000,11383.326676276334
1680678000000,11383.307426276335
1680681600000,11382.666413926336
1680685200000,11382.636163926336
1680688800000,11382.421663926336
1680692400000,11383.428163926335
1680696000000,11383.760913926335
1680699600000,11385.089163926335
1680703200000,11383.854413926336
1680706800000,11378.414913926335
1680710400000,11378.984253301334
1680714000000,11377.612003301334
1680717600000,11379.482003301335
1680721200000,11379.842253301334
1680724800000,11382.419003301335
1680728400000,11381.330003301335
1680732000000,11382.529003301335
1680735600000,11382.144003301335
1680739200000,11382.304715661237
1680742800000,11378.512465661237
1680746400000,11379.397965661237
1680750000000,11377.896465661237
1680753600000,11379.169715661237
1680757200000,11377.635215661237
1680760800000,11376.166715661237
1680764400000,11377.211715661237
1680768000000,11372.298176542492
1680771600000,11374.209426542491
1680775200000,11372.685926542492
1680778800000,11369.09992654249
1680782400000,11370.97542654249
1680786000000,11369.699426542491
1680789600000,11370.86267654249
1680793200000,11370.788426542491
1680796800000,11372.764558515184
1680800400000,11372.745308515185
1680804000000,11372.632558515184
1680807600000,11370.878058515184
1680811200000,11371.499558515185
1680814800000,11368.768808515184
1680818400000,11370.575558515184
1680822000000,11371.331808515184
1680825600000,11372.01681275437
1680829200000,11374.66781275437
1680832800000,11372.965562754369
1680836400000,11372.349562754369
1680840000000,11373.33131275437
1680843600000,11373.053562754369
1680847200000,11371.604312754369
1680850800000,11370.531812754369
1680854400000,11365.861973605835
1680858000000,11366.224973605835
1680861600000,11367.302973605834
1680865200000,11368.037223605834
1680868800000,11365.358723605834
1680872400000,11366.736473605835
1680876000000,11366.722723605835
1680879600000,11367.495473605835
1680883200000,11368.656621597864
1680886800000,11366.847121597864
1680890400000,11368.312871597864
1680894000000,11367.014871597863
1680897600000,11367.133121597864
1680901200000,11366.453871597863
1680904800000,11367.628121597863
1680908400000,11370.650371597863
1680912000000,11369.448788823302
1680915600000,11367.5237888233
1680919200000,11368.3542888233
1680922800000,11369.8337888233
1680926400000,11370.856788823301
1680930000000,11370.326038823301
1680933600000,11373.689288823301
1680937200000,11372.5480388233
1680940800000,11371.780905741201
1680944400000,11370.661655741202
1680948000000,11371.250155741202
1680951600000,11370.9861557412
1680955200000,11370.576405741202
1680958800000,11370.276655741201
1680962400000,11370.708405741201
1680966000000,11370.8981557412
1680969600000,11370.438563971476
1680973200000,11370.636563971477
1680976800000,11366.924304298967
1680980400000,11366.924304298967
1680984000000,11366.924304298967
1680987600000,11366.924304298967
1680991200000,11366.924304298967
1680994800000,11366.924304298967
1680998400000,11366.924304298967
1681002000000,11366.924304298967
1681005600000,11366.924304298967
1681009200000,11366.924304298967
1681012800000,11366.924304298967
1681016400000,11366.924304298967
1681020000000,11366.924304298967
1681023600000,11366.924304298967
1681027200000,11366.924304298967
1681030800000,11366.924304298967
1681034400000,11366.924304298967
1681038000000,11366.924304298967
1681041600000,11366.924304298967
1681045200000,11366.924304298967
1681048800000,11366.924304298967
1681052400000,11366.924304298967
1681056000000,11366.924304298967
1681059600000,11366.924304298967
1681063200000,11366.924304298967
1681066800000,11366.924304298967
1681070400000,11366.924304298967
1681074000000,11366.924304298967
1681077600000,11366.924304298967
1681081200000,11366.924304298967
1681084800000,11366.924304298967
1681088400000,11366.924304298967
1681092000000,11366.924304298967
1681095600000,11366.924304298967
1681099200000,11366.924304298967
1681102800000,11366.924304298967
1681106400000,11366.924304298967
1681110000000,11366.924304298967
1681113600000,11366.924304298967
1681117200000,11366.924304298967
1681120800000,11366.924304298967
1681124400000,11366.924304298967
1681128000000,11366.924304298967
1681131600000,11366.924304298967
1681135200000,11366.924304298967
1681138800000,11366.924304298967
1681142400000,11366.924304298967
1681146000000,11366.924304298967
1681149600000,11366.924304298967
1681153200000,11366.924304298967
1681156800000,11366.942162854299
1681160400000,11364.536162854298
1681164000000,11368.1421628543
1681167600000,11379.7131628543
1681171200000,11380.428280598597
1681174800000,11386.776280598597
1681178400000,11395.893280598595
1681182000000,11392.599280598595
1681185600000,11393.49645712601
1681189200000,11391.91421712601
1681192800000,11384.50445712601
1681196400000,11390.03101712601
1681200000000,11393.098417485946
1681203600000,11390.650657485947
1681207200000,11389.240657485945
1681210800000,11391.606537485946
1681214400000,11388.555057485946
1681218000000,11390.134017485947
1681221600000,11395.494017485946
1681225200000,11386.993937485946
1681228800000,11392.096655800895
1681232400000,11385.563295800894
1681236000000,11389.554975800895
1681239600000,11389.928695800896
1681243200000,11381.727135800895
1681246800000,11383.156735800894
1681250400000,11383.891655800895
1681254000000,11387.018535800895
1681257600000,11384.478715618268
1681261200000,11383.53547561827
1681264800000,11381.12103561827
1681268400000,11361.64518530757
1681272000000,11361.70818530757
1681275600000,11363.90418530757
1681279200000,11362.03818530757
1681282800000,11362.58118530757
1681286400000,11364.22648070682
1681290000000,11362.16848070682
1681293600000,11364.42148070682
1681297200000,11364.30148070682
1681300800000,11364.817480706819
1681304400000,11367.469480706819
1681308000000,11364.81448070682
1681311600000,11366.19748070682
1681315200000,11363.54178501243
1681318800000,11362.82478501243
1681322400000,11364.864785012429
1681326000000,11361.74178501243
1681329600000,11357.94378501243
1681333200000,11362.61178501243
1681336800000,11362.58178501243
1681340400000,11359.854785012429
1681344000000,11360.96504994993
1681347600000,11364.232049949931
1681351200000,11366.62004994993
1681354800000,11367.580049949931
1681358400000,11366.54504994993
1681362000000,11366.05004994993
1681365600000,11367.76004994993
1681369200000,11364.84404994993
1681372800000,11366.58913390443
1681376400000,11370.576133904431
1681380000000,11370.60613390443
1681383600000,11370.74713390443
1681387200000,11368.784273011228
1681390800000,11377.308343011227
1681394400000,11371.115143011226
1681398000000,11382.959033011228
1681401600000,11379.817886102006
1681405200000,11379.449716102004
1681408800000,11382.741356102006
1681412400000,11384.485306102006
1681416000000,11379.668446102007
1681419600000,11376.786296102006
1681423200000,11378.725516102008
1681426800000,11378.889726102007
1681430400000,11382.241971174537
1681434000000,11417.514641174537
1681437600000,11423.610331174537
1681441200000,11415.229241174537
1681444800000,11419.814721174538
1681448400000,11421.206251174537
1681452000000,11424.941281174537
1681455600000,11429.718861174537
1681459200000,11421.256651666821
1681462800000,11420.285441666821
1681466400000,11423.01073166682
1681470000000,11423.11252166682
1681473600000,11424.44398166682
1681477200000,11413.373591666821
1681480800000,11416.66598166682
1681484400000,11412.229581666821
1681488000000,11391.191620250545
1681491600000,11390.330890250545
1681495200000,11396.535610250545
1681498800000,11396.806560250545
1681502400000,11400.997600250545
1681506000000,11410.806220250544
1681509600000,11408.032150250545
1681513200000,11409.545140250546
1681516800000,11409.709658036756
1681520400000,11404.059428036757
1681524000000,11402.313738036757
1681527600000,11403.744518036756
1681531200000,11404.416278036757
1681534800000,11403.127388036757
1681538400000,11405.667088036758
1681542000000,11403.907228036756
1681545600000,11408.76977002145
1681549200000,11407.69435002145
1681552800000,11412.01810002145
1681556400000,11410.10667002145
1681560000000,11407.354270021451
1681563600000,11410.08546002145
1681567200000,11404.848480021452
1681570800000,11404.359090021451
1681574400000,11404.367864396676
1681578000000,11406.485074396676
1681581600000,11401.166204396677
1681585200000,11403.580504396676
1681588800000,11405.262144396676
1681592400000,11400.127244396677
1681596000000,11399.498484396676
1681599600000,11404.484954396676
1681603200000,11401.200276775562
1681606800000,11399.150616775563
1681610400000,11398.987156775562
1681614000000,11400.150136775563
1681617600000,11399.246606775563
1681621200000,11403.389576775562
1681624800000,11403.433576775564
1681628400000,11403.120966775561
1681632000000,11404.619202690355
1681635600000,11404.430942690356
1681639200000,11399.964072690356
1681642800000,11401.741992690357
1681646400000,11398.650922690356
1681650000000,11400.909552690357
1681653600000,11398.783412690356
1681657200000,11401.658632690356
1681660800000,11403.455047446356
1681664400000,11406.017637446355
1681668000000,11404.103627446357
1681671600000,11417.559347446355
1681675200000,11409.780927446356
1681678800000,11411.103177446355
1681682400000,11414.080597446356
1681686000000,11412.931467446357
1681689600000,11409.090756664962
1681693200000,11392.369809512807
1681696800000,11396.810079512807
1681700400000,11399.011819512807
1681704000000,11398.007169512806
1681707600000,11398.510909512806
1681711200000,11399.628759512807
1681714800000,11397.704359512807
1681718400000,11396.501887532268
1681722000000,11398.123477532268
1681725600000,11395.703827532268
1681729200000,11396.991477532269
1681732800000,11392.582337532269
1681736400000,11393.502087532268
1681740000000,11391.376757532269
1681743600000,11392.896467532268
1681747200000,11390.766287762448
1681750800000,11393.268007762446
1681754400000,11393.327437762448
1681758000000,11394.207567762447
1681761600000,11393.064247762448
1681765200000,11392.203927762446
1681768800000,11392.450137762447
1681772400000,11393.333097762446
1681776000000,11391.644316773985
1681779600000,11391.870716773985
1681783200000,11391.720726773985
1681786800000,11393.359296773986
1681790400000,11393.175346773985
1681794000000,11394.256406773986
1681797600000,11396.248726773985
1681801200000,11401.184246773984
1681804800000,11399.194751255223
1681808400000,11398.091051255224
1681812000000,11400.329581255222
1681815600000,11399.763581255223
1681819200000,11403.892551255223
1681822800000,11402.101161255223
1681826400000,11402.214361255223
1681830000000,11398.886281255223
1681833600000,11397.488388605223
1681837200000,11397.355378605223
1681840800000,11391.183148605223
1681844400000,11392.518908605223
1681848000000,11392.193458605223
1681851600000,11396.435628605224
1681855200000,11395.634738605224
1681858800000,11396.084708605224
1681862400000,11399.506085781224
1681866000000,11398.515585781224
1681869600000,11397.519425781224
1681873200000,11396.387425781224
1681876800000,11396.277055781224
1681880400000,11394.678105781224
1681884000000,11395.711055781223
1681887600000,11390.812325781224
1681891200000,11390.671579548392
1681894800000,11379.32209536965
1681898400000,11379.32209536965
1681902000000,11379.32209536965
1681905600000,11379.32209536965
1681909200000,11379.32209536965
1681912800000,11379.32209536965
1681916400000,11379.32209536965
1681920000000,11379.32209536965
1681923600000,11379.32209536965
1681927200000,11379.32209536965
1681930800000,11379.32209536965
1681934400000,11379.32209536965
1681938000000,11379.32209536965
1681941600000,11379.32209536965
1681945200000,11379.32209536965
1681948800000,11379.32209536965
1681952400000,11379.32209536965
1681956000000,11379.32209536965
1681959600000,11379.32209536965
1681963200000,11379.32209536965
1681966800000,11379.32209536965
1681970400000,11379.32209536965
1681974000000,11379.32209536965
1681977600000,11379.32209536965
1681981200000,11379.32209536965
1681984800000,11379.32209536965
1681988400000,11379.32209536965
1681992000000,11379.32209536965
1681995600000,11379.32209536965
1681999200000,11379.32209536965
1682002800000,11379.32209536965
1682006400000,11379.32209536965
1682010000000,11379.32209536965
1682013600000,11379.32209536965
1682017200000,11379.32209536965
1682020800000,11378.990593200459
1682024400000,11377.456193200458
1682028000000,11377.278593200459
1682031600000,11376.326593200458
1682035200000,11375.534468516404
1682038800000,11376.916868516402
1682042400000,11375.347268516403
1682046000000,11375.886468516403
1682049600000,11376.948868516403
1682053200000,11375.731268516403
1682056800000,11374.347268516403
1682060400000,11370.748868516403
1682064000000,11374.326241188957
1682067600000,11373.260641188957
1682071200000,11372.636641188958
1682074800000,11371.972641188957
1682078400000,11372.775841188957
1682082000000,11375.284641188957
1682085600000,11373.899041188957
1682089200000,11372.849441188957
1682092800000,11371.48657803334
1682096400000,11371.41937803334
1682100000000,11373.67377803334
1682103600000,11375.31697803334
1682107200000,11382.925748945181
1682110800000,11383.23004894518
1682114400000,11383.150148945182
1682118000000,11382.429348945181
1682121600000,11382.400019071234
1682125200000,11381.798219071236
1682128800000,11382.886219071235
1682132400000,11381.861119071234
1682136000000,11382.296480949624
1682139600000,11381.805080949624
1682143200000,11381.157080949624
1682146800000,11381.774480949623
1682150400000,11383.143742166169
1682154000000,11384.146342166168
1682157600000,11383.83134216617
1682161200000,11383.69634216617
1682164800000,11382.936742166168
1682168400000,11381.984542166168
1682172000000,11383.469542166169
1682175600000,11378.460142166168
1682179200000,11379.235479013569
1682182800000,11377.826079013568
1682186400000,11376.103479013569
1682190000000,11377.174479013569
1682193600000,11377.021479013569
1682197200000,11376.920679013569
1682200800000,11376.467079013568
1682204400000,11373.115479013568
1682208000000,11373.526737273296
1682211600000,11378.350737273297
1682215200000,11378.487537273295
1682218800000,11377.708137273296
1682222400000,11378.219337273296
1682226000000,11377.342737273295
1682229600000,11377.601937273295
1682233200000,11377.664937273295
1682236800000,11375.32279889394
1682240400000,11375.36419889394
1682244000000,11377.07599889394
1682247600000,11378.74819889394
1682251200000,11375.495884760248
1682254800000,11374.509184760247
1682258400000,11375.334884760248
1682262000000,11373.467284760249
1682265600000,11370.103297569833
1682269200000,11367.343297569834
1682272800000,11368.749697569834
1682276400000,11370.482497569834
1682280000000,11370.890497569833
1682283600000,11368.903297569834
1682287200000,11369.304097569833
1682290800000,11366.944897569834
1682294400000,11365.698614017601
1682298000000,11371.823414017601
1682301600000,11369.982614017601
1682305200000,11369.574614017602
1682308800000,11370.616214017602
1682312400000,11368.749014017601
1682316000000,11367.750614017601
1682319600000,11363.9922140176
1682323200000,11361.462277931641
1682326800000,11367.18227793164
1682330400000,11364.75977793164
1682334000000,11362.184777931641
1682337600000,11357.135458051354
1682341200000,11354.716258051356
1682344800000,11359.084258051354
1682348400000,11354.173858051356
1682352000000,11349.146778500824
1682355600000,11352.037878500823
1682359200000,11346.464978500824
1682362800000,11347.994478500825
1682366400000,11345.104702216955
1682370000000,11346.486702216956
1682373600000,11345.680702216956
1682377200000,11347.244702216956
1682380800000,11347.932841547972
1682384400000,11346.616841547971
1682388000000,11345.994841547972
1682391600000,11345.494841547972
1682395200000,11343.473270691731
1682398800000,11342.085170691731
1682402400000,11342.02637069173
1682406000000,11343.68327069173
1682409600000,11345.32337825552
1682413200000,11341.54547825552
1682416800000,11344.45607825552
1682420400000,11343.72527825552
1682424000000,11342.47157825552
1682427600000,11342.33507825552
1682431200000,11342.843278255521
1682434800000,11344.47707825552
1682438400000,11343.736503623963
1682442000000,11342.615103623963
1682445600000,11337.358803623962
1682449200000,11338.245003623962
1682452800000,11337.379803623962
1682456400000,11329.212903623962
1682460000000,11323.435803623963
1682463600000,11321.313247163975
1682467200000,11321.107663537168
1682470800000,11321.237663537167
1682474400000,11322.333663537169
1682478000000,11322.613663537168
1682481600000,11320.927663537168
1682485200000,11321.699663537169
1682488800000,11322.723663537168
1682492400000,11322.547663537169
1682496000000,11322.386097326393
1682499600000,11328.856097326392
1682503200000,11331.536097326392
1682506800000,11334.626097326392
1682510400000,11333.914097326393
1682514000000,11353.236097326393
1682517600000,11351.992097326392
1682521200000,11348.878097326393
1682524800000,11351.1784814514
1682528400000,11351.0044814514
1682532000000,11349.3704814514
1682535600000,11349.3624814514
1682539200000,11322.373520125764
1682542800000,11322.373520125764
1682546400000,11322.373520125764
1682550000000,11322.373520125764
1682553600000,11322.373520125764
1682557200000,11322.373520125764
1682560800000,11322.373520125764
1682564400000,11322.373520125764
1682568000000,11322.373520125764
1682571600000,11322.373520125764
1682575200000,11322.373520125764
1682578800000,11322.373520125764
1682582400000,11322.373520125764
1682586000000,11322.373520125764
1682589600000,11322.373520125764
1682593200000,11322.373520125764
1682596800000,11322.373520125764
1682600400000,11322.373520125764
1682604000000,11322.373520125764
1682607600000,11322.373520125764
1682611200000,11322.373520125764
1682614800000,11322.373520125764
1682618400000,11322.373520125764
1682622000000,11322.373520125764
1682625600000,11322.373520125764
1682629200000,11322.373520125764
1682632800000,11322.373520125764
1682636400000,11322.373520125764
1682640000000,11322.373520125764
1682643600000,11322.373520125764
1682647200000,11322.373520125764
1682650800000,11322.373520125764
1682654400000,11322.373520125764
1682658000000,11322.373520125764
1682661600000,11322.373520125764
1682665200000,11322.373520125764
1682668800000,11322.373520125764
1682672400000,11322.373520125764
1682676000000,11322.373520125764
1682679600000,11322.373520125764
1682683200000,11322.373520125764
1682686800000,11322.373520125764
1682690400000,11322.373520125764
1682694000000,11322.373520125764
1682697600000,11322.373520125764
1682701200000,11322.373520125764
1682704800000,11322.373520125764
1682708400000,11322.373520125764
1682712000000,11322.373520125764
1682715600000,11322.373520125764
1682719200000,11322.373520125764
1682722800000,11322.373520125764
1682726400000,11322.373520125764
1682730000000,11322.373520125764
1682733600000,11322.373520125764
1682737200000,11322.373520125764
1682740800000,11322.373520125764
1682744400000,11322.373520125764
1682748000000,11322.373520125764
1682751600000,11322.373520125764
1682755200000,11322.373520125764
1682758800000,11322.373520125764
1682762400000,11322.373520125764
1682766000000,11322.373520125764
1682769600000,11322.373520125764
1682773200000,11322.373520125764
1682776800000,11322.373520125764
1682780400000,11322.373520125764
1682784000000,11322.373520125764
1682787600000,11322.373520125764
1682791200000,11322.373520125764
1682794800000,11322.373520125764
1682798400000,11322.373520125764
1682802000000,11322.373520125764
1682805600000,11322.373520125764
1682809200000,11322.373520125764
1682812800000,11322.373520125764
1682816400000,11322.373520125764
1682820000000,11322.373520125764
1682823600000,11322.373520125764
1682827200000,11322.373520125764
1682830800000,11322.373520125764
1682834400000,11322.373520125764
1682838000000,11322.373520125764
1682841600000,11322.373520125764
1682845200000,11322.373520125764
1682848800000,11322.373520125764
1682852400000,11322.373520125764
1682856000000,11322.373520125764
1682859600000,11322.373520125764
1682863200000,11322.373520125764
1682866800000,11322.373520125764
1682870400000,11322.373520125764
1682874000000,11322.373520125764
1682877600000,11322.373520125764
1682881200000,11322.373520125764
1682884800000,11322.373520125764
1682888400000,11322.373520125764
1682892000000,11322.373520125764
1682895600000,11322.373520125764
1682899200000,11322.373520125764
1682902800000,11322.373520125764
1682906400000,11322.373520125764
1682910000000,11322.373520125764
1682913600000,11322.373520125764
1682917200000,11322.373520125764
1682920800000,11322.373520125764
1682924400000,11322.373520125764
1682928000000,11322.373520125764
1682931600000,11322.373520125764
1682935200000,11322.373520125764
1682938800000,11322.373520125764
1682942400000,11322.373520125764
1682946000000,11322.373520125764
1682949600000,11322.373520125764
1682953200000,11322.373520125764
1682956800000,11321.639351721473
1682960400000,11317.617751721473
1682964000000,11319.503151721474
1682967600000,11321.509551721472
1682971200000,11326.847655112693
1682974800000,11331.545175112693
1682978400000,11322.117215112694
1682982000000,11320.214295112693
1682985600000,11317.280124985864
1682989200000,11317.860884985865
1682992800000,11318.523204985866
1682996400000,11317.755844985864
1683000000000,11317.785124985865
1683003600000,11318.607204985865
1683007200000,11318.035624985863
1683010800000,11318.014444985865
1683014400000,11318.649094077695
1683018000000,11318.477394077696
1683021600000,11318.301894077695
1683025200000,11317.923194077695
1683028800000,11317.611954077694
1683032400000,11316.788914077695
1683036000000,11317.894934077694
1683039600000,11317.135674077696
1683043200000,11313.582004036256
1683046800000,11311.379264036255
1683050400000,11314.854544036256
1683054000000,11321.115084036257
1683057600000,11319.442124036255
1683061200000,11319.340844036255
1683064800000,11319.772464036254
1683068400000,11322.122784036255
1683072000000,11319.104325446977
1683075600000,11314.266905446977
1683079200000,11315.497925446978
1683082800000,11313.857665446978
1683086400000,11314.654185446978
1683090000000,11314.421765446978
1683093600000,11313.475025446978
1683097200000,11317.179885446976
1683100800000,11317.447434394177
1683104400000,11318.932594394175
1683108000000,11318.463834394175
1683111600000,11316.593094394177
1683115200000,11314.396854394176
1683118800000,11306.986874394177
1683122400000,11310.516154394176
1683126000000,11304.991414394175
1683129600000,11308.240340732229
1683133200000,11314.198880732229
1683136800000,11321.43196073223
1683140400000,11320.49424073223
1683144000000,11313.12708073223
1683147600000,11318.687980732231
1683151200000,11331.34178073223
1683154800000,11336.55260073223
1683158400000,11335.209310019527
1683162000000,11334.722490019527
1683165600000,11336.231230019528
1683169200000,11334.920030019526
1683172800000,11336.097490019527
1683176400000,11335.260510019527
1683180000000,11337.387750019527
1683183600000,11335.754950019527
1683187200000,11333.941248960698
1683190800000,11335.501968960698
1683194400000,11335.258848960699
1683198000000,11339.876028960698
1683201600000,11337.218988960698
1683205200000,11334.153928960697
1683208800000,11324.965728960697
1683212400000,11326.853668960699
1683216000000,11325.504923528413
1683219600000,11326.026463528413
1683223200000,11324.764263528412
1683226800000,11321.318723528413
1683230400000,11323.082723528412
1683234000000,11324.642043528413
1683237600000,11323.670583528414
1683241200000,11321.019363528412
1683244800000,11323.60646681153
1683248400000,11326.082026811531
1683252000000,11338.99712681153
1683255600000,11336.58866681153
1683259200000,11333.685375744466
1683262800000,11333.890175744466
1683266400000,11332.913615744466
1683270000000,11331.411995744467
1683273600000,11332.090332866721
1683277200000,11331.523632866722
1683280800000,11330.818512866721
1683284400000,11329.284132866722
1683288000000,11327.226752866722
1683291600000,11326.496772866722
1683295200000,11320.529272866721
1683298800000,11316.399372866721
1683302400000,11315.89756675998
1683306000000,11329.71016675998
1683309600000,11326.406766759981
1683313200000,11323.87526675998
1683316800000,11328.46396675998
1683320400000,11328.08646675998
1683324000000,11326.59386675998
1683327600000,11329.27616675998
1683331200000,11328.26478948038
1683334800000,11334.284689480377
1683338400000,11326.541489480378
1683342000000,11323.806189480378
1683345600000,11319.517289480378
1683349200000,11318.533189480378
1683352800000,11316.54358948038
1683356400000,11317.134789480378
1683360000000,11315.818540404209
1683363600000,11311.353240404209
1683367200000,11307.25544040421
1683370800000,11304.996040404209
1683374400000,11307.607240404208
1683378000000,11296.085308850916
1683381600000,11293.608508850917
1683385200000,11287.075708850916
1683388800000,11285.414975689533
1683392400000,11285.414975689533
1683396000000,11285.414975689533
1683399600000,11285.414975689533
1683403200000,11285.414975689533
1683406800000,11285.414975689533
1683410400000,11285.414975689533
1683414000000,11285.414975689533
1683417600000,11285.414975689533
1683421200000,11285.414975689533
1683424800000,11285.414975689533
1683428400000,11285.414975689533
1683432000000,11285.414975689533
1683435600000,11285.414975689533
1683439200000,11285.414975689533
1683442800000,11285.414975689533
1683446400000,11285.414975689533
1683450000000,11285.414975689533
1683453600000,11285.414975689533
1683457200000,11285.414975689533
1683460800000,11285.414975689533
1683464400000,11285.414975689533
1683468000000,11285.414975689533
1683471600000,11285.414975689533
1683475200000,11285.414975689533
1683478800000,11285.414975689533
1683482400000,11285.414975689533
1683486000000,11285.414975689533
1683489600000,11285.414975689533
1683493200000,11285.414975689533
1683496800000,11285.414975689533
1683500400000,11285.414975689533
1683504000000,11285.414975689533
1683507600000,11285.414975689533
1683511200000,11285.414975689533
1683514800000,11285.414975689533
1683518400000,11285.414975689533
1683522000000,11285.414975689533
1683525600000,11285.414975689533
1683529200000,11285.414975689533
1683532800000,11285.052567475925
1683536400000,11287.667747475925
1683540000000,11283.873217475924
1683543600000,11283.717497475925
1683547200000,11282.444257475925
1683550800000,11284.093057475924
1683554400000,11283.044237475924
1683558000000,11280.071817475924
1683561600000,11281.068763294466
1683565200000,11279.442943294467
1683568800000,11271.678823294467
1683572400000,11272.356643294466
1683576000000,11269.769821066475
1683579600000,11265.420901066473
1683583200000,11265.241761066472
1683586800000,11262.335721066474
1683590400000,11259.803414142722
1683594000000,11259.185104142722
1683597600000,11259.841464142723
1683601200000,11259.244904142723
1683604800000,11258.334440700533
1683608400000,11259.562630700533
1683612000000,11261.611790700534
1683615600000,11261.398270700534
1683619200000,11254.27226017659
1683622800000,11250.547680176593
1683626400000,11250.87229017659
1683630000000,11251.940590176591
1683633600000,11255.935650176592
1683637200000,11256.40425017659
1683640800000,11251.93962017659
1683644400000,11251.314150176591
1683648000000,11247.030861486812
1683651600000,11257.623901486813
1683655200000,11253.244931486812
1683658800000,11252.429081486813
1683662400000,11257.341731486813
1683666000000,11254.283971486811
1683669600000,11251.849431486811
1683673200000,11252.273141486814
1683676800000,11253.38245884025
1683680400000,11257.75343884025
1683684000000,11255.588558840249
1683687600000,11254.00717884025
1683691200000,11253.89080884025
1683694800000,11254.908038840249
1683698400000,11253.02600884025
1683702000000,11250.97647884025
1683705600000,11249.938747663842
1683709200000,11249.87594766384
1683712800000,11250.445027663844
1683716400000,11252.265437663842
1683720000000,11254.572617663842
1683723600000,11274.456247663842
1683727200000,11273.469137663844
1683730800000,11269.940077663841
1683734400000,11271.634401792906
1683738000000,11272.506281792905
1683741600000,11226.844036182618
1683745200000,11226.844036182618
1683748800000,11226.844036182618
1683752400000,11226.844036182618
1683756000000,11226.844036182618
1683759600000,11226.844036182618
1683763200000,11226.029103955929
1683766800000,11229.693013955928
1683770400000,11229.656113955927
1683774000000,11231.397853955928
1683777600000,11231.879803955928
1683781200000,11230.612343955927
1683784800000,11229.138693955927
1683788400000,11230.180683955929
1683792000000,11232.977493983697
1683795600000,11235.180193983695
1683799200000,11234.397093983696
1683802800000,11233.073283983696
1683806400000,11234.966283983696
1683810000000,11235.745123983697
1683813600000,11240.675673983696
1683817200000,11244.066043983696
1683820800000,11242.106566649947
1683824400000,11244.325946649948
1683828000000,11254.642166649948
1683831600000,11250.880676649947
1683835200000,11254.335026649947
1683838800000,11248.371366649948
1683842400000,11248.005046649947
1683846000000,11251.440366649947
1683849600000,11248.545384175375
1683853200000,11247.185014175375
1683856800000,11252.533104175376
1683860400000,11261.370344175375
1683864000000,11266.074264175375
1683867600000,11261.524344175376
1683871200000,11275.365814175375
1683874800000,11270.804514175376
1683878400000,11269.697022671377
1683882000000,11269.584862671376
1683885600000,11267.066372671376
1683889200000,11267.355052671375
1683892800000,11268.141902671376
1683896400000,11264.859542671375
1683900000000,11264.293772671375
1683903600000,11267.372922671377
1683907200000,11268.213078652532
1683910800000,11267.199508652533
1683914400000,11266.801848652534
1683918000000,11267.913418652532
1683921600000,11260.357108652533
1683925200000,11257.995918652534
1683928800000,11249.596128652533
1683932400000,11251.725538652532
1683936000000,11248.627548598344
1683939600000,11246.842848598346
1683943200000,11247.261398598344
1683946800000,11249.210508598346
1683950400000,11248.561068598345
1683954000000,11250.183608598345
1683957600000,11252.472798598345
1683961200000,11252.236978598345
1683964800000,11250.367316246176
1683968400000,11249.150326246177
1683972000000,11247.441276246178
1683975600000,11248.438016246178
1683979200000,11249.198156246177
1683982800000,11249.223556246177
1683986400000,11249.445946246176
1683990000000,11253.730256246175
1683993600000,11252.385554768312
1683997200000,11252.349784768312
1684000800000,11252.712624768312
1684004400000,11253.282934768311
1684008000000,11251.364384768312
1684011600000,11248.042544768312
1684015200000,11249.502194768313
1684018800000,11248.216084768314
1684022400000,11252.512206524112
1684026000000,11251.645366524113
1684029600000,11253.399636524113
1684033200000,11250.718846524112
1684036800000,11248.897386524111
1684040400000,11249.191286524112
1684044000000,11248.790076524112
1684047600000,11247.787526524113
1684051200000,11248.601360893448
1684054800000,11249.169620893448
1684058400000,11249.120190893449
1684062000000,11249.489370893449
1684065600000,11250.100330893449
1684069200000,11246.984860893448
1684072800000,11246.390580893449
1684076400000,11245.059950893448
1684080000000,11236.468367996637
1684083600000,11236.468367996637
1684087200000,11236.468367996637
1684090800000,11236.468367996637
1684094400000,11236.468367996637
1684098000000,11236.468367996637
1684101600000,11236.468367996637
1684105200000,11236.468367996637
1684108800000,11236.468367996637
1684112400000,11236.468367996637
1684116000000,11236.468367996637
1684119600000,11236.468367996637
1684123200000,11236.468367996637
1684126800000,11236.468367996637
1684130400000,11236.468367996637
1684134000000,11236.468367996637
1684137600000,11236.468367996637
1684141200000,11236.468367996637
1684144800000,11236.468367996637
1684148400000,11236.468367996637
1684152000000,11236.468367996637
1684155600000,11236.468367996637
1684159200000,11236.468367996637
1684162800000,11236.468367996637
1684166400000,11236.468367996637
1684170000000,11236.468367996637
1684173600000,11236.468367996637
1684177200000,11236.468367996637
1684180800000,11236.468367996637
1684184400000,11236.468367996637
1684188000000,11236.468367996637
1684191600000,11236.468367996637
1684195200000,11236.468367996637
1684198800000,11236.468367996637
1684202400000,11236.468367996637
1684206000000,11236.468367996637
1684209600000,11236.468367996637
1684213200000,11236.468367996637
1684216800000,11236.468367996637
1684220400000,11236.468367996637
1684224000000,11236.468367996637
1684227600000,11236.468367996637
1684231200000,11236.468367996637
1684234800000,11236.468367996637
1684238400000,11236.468367996637
1684242000000,11236.468367996637
1684245600000,11236.468367996637
1684249200000,11236.468367996637
1684252800000,11236.468367996637
1684256400000,11236.468367996637
1684260000000,11236.468367996637
1684263600000,11236.468367996637
1684267200000,11235.509365038763
1684270800000,11237.616355038763
1684274400000,11239.513015038763
1684278000000,11238.328525038763
1684281600000,11237.43412722685
1684285200000,11237.00952722685
1684288800000,11234.55070722685
1684292400000,11237.52290722685
1684296000000,11237.437987226851
1684299600000,11237.380087226851
1684303200000,11239.87750722685
1684306800000,11239.42202722685
1684310400000,11244.633935259866
1684314000000,11245.344175259866
1684317600000,11244.039495259867
1684321200000,11244.568315259867
1684324800000,11250.674835259866
1684328400000,11249.119255259866
1684332000000,11250.879415259866
1684335600000,11247.270315259866
1684339200000,11247.730261499113
1684342800000,11244.727181499115
1684346400000,11239.022101499113
1684350000000,11238.408361499114
1684353600000,11235.081041499114
1684357200000,11236.188861499113
1684360800000,11236.926121499113
1684364400000,11238.562761499114
1684368000000,11237.790836454138
1684371600000,11238.095776454138
1684375200000,11238.246316454139
1684378800000,11236.455276454139
1684382400000,11236.293156454138
1684386000000,11237.563096454138
1684389600000,11238.910236454138
1684393200000,11239.751716454139
1684396800000,11235.198105236943
1684400400000,11235.889045236943
1684404000000,11236.286625236944
1684407600000,11236.460325236943
1684411200000,11236.965985236944
1684414800000,11239.613945236944
1684418400000,11240.582805236943
1684422000000,11240.142765236944
1684425600000,11243.451866919919
1684429200000,11242.47142691992
1684432800000,11256.19758691992
1684436400000,11252.30284691992
1684440000000,11248.68216691992
1684443600000,11247.562766919918
1684447200000,11241.564326919919
1684450800000,11243.84172691992
1684454400000,11246.476683974151
1684458000000,11245.376583974152
1684461600000,11247.256403974152
1684465200000,11246.604063974151
1684468800000,11246.156303974152
1684472400000,11244.82074397415
1684476000000,11244.886363974152
1684479600000,11243.92522397415
1684483200000,11244.400083921386
1684486800000,11243.045223921386
1684490400000,11242.929423921387
1684494000000,11243.249803921386
1684497600000,11243.566323921386
1684501200000,11240.787123921386
1684504800000,11241.593863921385
1684508400000,11242.385163921386
1684512000000,11240.339935805954
1684515600000,11242.516975805955
1684519200000,11239.548635805953
1684522800000,11240.629435805953
1684526400000,11242.482235805954
1684530000000,11242.231335805955
1684533600000,11241.382135805954
1684537200000,11241.961135805954
1684540800000,11242.225042761258
1684544400000,11243.664822761259
1684548000000,11242.869662761257
1684551600000,11243.305842761258
1684555200000,11241.534102761258
1684558800000,11242.352422761258
1684562400000,11243.487262761259
1684566000000,11243.093542761259
1684569600000,11242.558648901646
1684573200000,11241.273268901645
1684576800000,11241.585928901644
1684580400000,11241.883148901645
1684584000000,11241.856128901645
1684587600000,11241.284848901645
1684591200000,11240.725148901645
1684594800000,11239.408888901646
1684598400000,11240.307034742802
1684602000000,11240.847434742802
1684605600000,11235.891194742802
1684609200000,11238.874974742803
1684612800000,11238.330714742802
1684616400000,11240.828134742802
1684620000000,11240.241414742803
1684623600000,11240.029114742803
1684627200000,11239.29059811903
1684630800000,11236.99003811903
1684634400000,11239.69975811903
1684638000000,11239.61869811903
1684641600000,11240.08575811903
1684645200000,11240.20927811903
1684648800000,11241.14339811903
1684652400000,11241.39815811903
1684656000000,11241.00332345208
1684659600000,11241.41634345208
1684663200000,11240.66364345208
1684666800000,11243.647423452081
1684670400000,11243.07228345208
1684674000000,11241.62478345208
1684677600000,11241.956743452081
1684681200000,11242.09956345208
1684684800000,11244.131894941678
1684688400000,11244.544914941678
1684692000000,11244.30559494168
1684695600000,11244.633694941678
1684699200000,11242.591754941679
1684702800000,11244.930914941679
1684706400000,11245.174094941678
1684710000000,11245.09303494168
1684713600000,11245.202582130461
1684717200000,11247.271542130462
1684720800000,11249.610702130462
1684724400000,11246.229342130462
1684728000000,11246.642362130462
1684731600000,11245.712102130461
1684735200000,11245.422602130462
1684738800000,11243.206962130462
1684742400000,11242.95602067204
1684746000000,11241.643620672041
1684749600000,11239.33920067204
1684753200000,11240.20384067204
1684756800000,11241.300080672041
1684760400000,11243.426940672041
1684764000000,11237.795173979135
1684767600000,11237.795173979135
1684771200000,11237.795173979135
1684774800000,11237.795173979135
1684778400000,11237.795173979135
1684782000000,11237.795173979135
1684785600000,11237.795173979135
1684789200000,11237.795173979135
1684792800000,11237.795173979135
1684796400000,11237.795173979135
1684800000000,11237.795173979135
1684803600000,11237.795173979135
1684807200000,11237.795173979135
1684810800000,11237.795173979135
1684814400000,11237.861137841208
1684818000000,11232.792017841208
1684821600000,11234.130837841207
1684825200000,11231.969307841207
1684828800000,11230.586863771206
1684832400000,11231.900133771207
1684836000000,11231.460673771206
1684839600000,11232.498003771207
1684843200000,11228.82577065426
1684846800000,11230.85527065426
1684850400000,11233.38967065426
1684854000000,11228.78122065426
1684857600000,11228.423323960875
1684861200000,11231.512123960874
1684864800000,11232.289273960874
1684868400000,11235.006823960875
1684872000000,11229.456085608457
1684875600000,11229.612145608457
1684879200000,11227.656805608458
1684882800000,11229.979345608457
1684886400000,11229.98014768351
1684890000000,11228.038577683508
1684893600000,11226.326507683509
1684897200000,11226.542237683509
1684900800000,11214.441075119432
1684904400000,11211.919575119433
1684908000000,11212.292675119432
1684911600000,11213.034775119431
1684915200000,11216.59285438035
1684918800000,11215.330054380349
1684922400000,11215.86715438035
1684926000000,11216.35095438035
1684929600000,11216.40425438035
1684933200000,11216.13775438035
1684936800000,11222.75105438035
1684940400000,11228.29835438035
1684944000000,11225.714590844196
1684947600000,11227.990090844196
1684951200000,11225.374290844196
1684954800000,11228.428790844197
1684958400000,11224.68831419022
1684962000000,11215.374914190219
1684965600000,11218.628514190219
1684969200000,11220.047614190218
1684972800000,11220.128055112642
1684976400000,11224.278655112643
1684980000000,11235.595155112642
1684983600000,11233.260455112642
1684987200000,11232.185955112642
1684990800000,11231.655555112642
1684994400000,11227.336155112642
1684998000000,11227.857155112642
1685001600000,11233.193952385458
1685005200000,11228.950452385458
1685008800000,11227.395652385458
1685012400000,11227.883152385459
1685016000000,11223.813152385457
1685019600000,11216.541652385456
1685023200000,11217.115152385459
1685026800000,11219.513152385458
1685030400000,11226.954825075603
1685034000000,11221.530525075605
1685037600000,11214.703525075603
1685041200000,11216.898525075605
1685044800000,11211.689225075605
1685048400000,11212.162125075603
1685052000000,11213.084925075604
1685055600000,11213.421425075603
1685059200000,11213.539776868827
1685062800000,11214.673876868826
1685066400000,11216.492776868829
1685070000000,11217.044376868827
1685073600000,11214.524176868827
1685077200000,11214.036376868828
1685080800000,11218.885576868826
1685084400000,11213.262476868827
1685088000000,11208.768761371926
1685091600000,11210.392261371924
1685095200000,11212.157561371927
1685098800000,11211.225461371925
1685102400000,11211.626961371925
1685106000000,11211.057461371925
1685109600000,11203.489261371926
1685113200000,11194.443761371926
1685116800000,11195.112830186234
1685120400000,11192.869740186234
1685124000000,11193.430940186234
1685127600000,11196.077000186235
1685131200000,11196.254750186234
1685134800000,11196.525580186235
1685138400000,11195.774250186234
1685142000000,11195.030970186235
1685145600000,11194.99718016088
1685149200000,11195.840120160881
1685152800000,11195.559990160882
1685156400000,11196.298390160882
1685160000000,11196.277840160881
1685163600000,11196.101460160882
1685167200000,11195.781800160881
1685170800000,11196.074180160882
1685174400000,11195.342520899228
1685178000000,11195.871750899227
1685181600000,11195.082440899228
1685185200000,11194.899140899228
1685188800000,11194.342810899228
1685192400000,11195.094540899227
1685196000000,11194.270210899229
1685199600000,11194.26192089923
1685203200000,11194.063229955029
1685206800000,11193.84877995503
1685210400000,11192.468259955029
1685214000000,11189.449409742338
1685217600000,11191.337599742339
1685221200000,11192.007849742338
1685224800000,11192.107429742338
1685228400000,11192.777679742338
1685232000000,11192.7593702818
1685235600000,11201.258140281798
1685239200000,11200.296810281798
1685242800000,11199.312500281798
1685246400000,11201.131750281798
1685250000000,11200.342770281799
1685253600000,11199.488680281798
1685257200000,11199.0175902818
1685260800000,11199.297201450438
1685264400000,11199.044421450439
1685268000000,11198.416301450437
1685271600000,11199.055911450438
1685275200000,11198.075431450437
1685278800000,11197.033671450437
1685282400000,11197.880101450439
1685286000000,11196.225541450438
1685289600000,11197.900887130147
1685293200000,11198.260907130147
1685296800000,11198.272397130148
1685300400000,11200.555077130148
1685304000000,11200.225697130147
1685307600000,11202.592637130147
1685311200000,11209.976877130148
1685314800000,11222.604387130148
1685318400000,11223.818177325147
1685322000000,11225.292727325146
1685325600000,11226.728977325147
1685329200000,11223.680297325147
1685332800000,11221.665717325146
1685336400000,11219.505597325147
1685340000000,11221.715507325147
1685343600000,11221.098877325147
1685347200000,11219.900098246575
1685350800000,11219.532418246576
1685354400000,11221.144848246575
1685358000000,11220.329058246574
1685361600000,11220.754188246576
1685365200000,11218.617048246575
1685368800000,11219.501778246575
1685372400000,11217.180798246574
1685376000000,11214.936834184575
1685379600000,11211.547284184575
1685383200000,11215.603254184574
1685386800000,11215.817734184575
1685390400000,11215.997744184575
1685394000000,11216.277334184575
1685397600000,11215.147484184576
1685401200000,11216.173924184575
1685404800000,11216.679805182803
1685408400000,11216.844495182802
1685412000000,11218.564165182803
1685415600000,11219.219095182802
1685419200000,11219.977435182802
1685422800000,11218.671405182802
1685426400000,11218.924185182803
1685430000000,11220.877485182802
1685433600000,11219.138751129067
1685437200000,11220.318391129067
1685440800000,11221.873371129066
1685444400000,11221.658891129067
1685448000000,11223.741185744408
1685451600000,11218.728685744407
1685455200000,11213.089815744408
1685458800000,11208.963315744408
1685462400000,11209.201579121373
1685466000000,11209.403389121371
1685469600000,11209.575189121371
1685473200000,11210.034809121373
1685476800000,11207.430829121373
1685480400000,11208.007489121374
1685484000000,11210.284189121372
1685487600000,11209.288189121373
1685491200000,11208.657297049627
1685494800000,11208.890287049628
1685498400000,11207.480787049628
1685502000000,11206.899857049628
1685505600000,11208.416557049628
1685509200000,11208.793157049628
1685512800000,11208.654687049628
1685516400000,11208.180767049627
1685520000000,11208.991504096459
1685523600000,11209.15434409646
1685527200000,11209.93236409646
1685530800000,11209.99081409646
1685534400000,11208.78853409646
1685538000000,11210.04339409646
1685541600000,11209.70854409646
1685545200000,11204.294381859754
1685548800000,11207.005018193959
1685552400000,11206.66921819396
1685556000000,11203.88391819396
1685559600000,11204.43821819396
1685563200000,11204.87521819396
1685566800000,11202.566018193958
1685570400000,11202.87191819396
1685574000000,11201.261918193959
1685577600000,11200.302131348455
1685581200000,11203.455431348457
1685584800000,11203.264531348455
1685588400000,11211.411131348455
1685592000000,11210.504931348456
1685595600000,11209.918431348457
1685599200000,11208.683331348457
1685602800000,11210.047231348455
1685606400000,11209.780047437565
1685610000000,11207.381147437565
1685613600000,11207.342047437565
1685617200000,11208.271247437564
1685620800000,11207.751447437564
1685624400000,11206.523247437564
1685628000000,11206.776247437565
1685631600000,11207.737647437565
1685635200000,11207.801780867565
1685638800000,11202.330080867565
1685642400000,11206.424080867564
1685646000000,11206.191780867564
1685649600000,11208.434280867565
1685653200000,11208.116880867565
1685656800000,11208.057080867564
1685660400000,11208.158280867565
1685664000000,11209.404388413644
1685667600000,11209.903488413645
1685671200000,11209.574588413645
1685674800000,11206.432788413646
1685678400000,11205.581788413645
1685682000000,11203.737188413645
1685685600000,11202.189288413645
1685689200000,11203.543988413645
1685692800000,11204.011016567358
1685696400000,11201.409716567357
1685700000000,11203.505016567358
1685703600000,11203.005916567357
1685707200000,11202.585016567358
1685710800000,11203.426816567357
1685714400000,11206.950416567357
1685718000000,11206.214416567358
1685721600000,11203.240375040947
1685725200000,11204.348975040946
1685728800000,11204.089075040945
1685732400000,11201.639575040947
1685736000000,11199.813375040947
1685739600000,11201.377375040945
1685743200000,11201.066875040946
1685746800000,11199.261375040945
1685750400000,11200.039249818505
1685754000000,11201.833249818505
1685757600000,11202.440449818505
1685761200000,11202.083949818505
1685764800000,11202.208149818505
1685768400000,11201.764249818505
1685772000000,11201.727449818505
1685775600000,11201.428449818504
1685779200000,11201.638122792614
1685782800000,11202.215422792613
1685786400000,11202.029122792614
1685790000000,11202.323522792612
1685793600000,11202.634022792614
1685797200000,11201.822122792613
1685800800000,11201.718622792614
1685804400000,11201.385122792613
1685808000000,11198.499071216167
1685811600000,11200.102171216167
1685815200000,11201.808771216167
1685818800000,11202.133071216167
1685822400000,11203.273871216166
1685826000000,11204.094971216167
1685829600000,11205.497971216168
1685833200000,11204.108771216168
1685836800000,11204.171152964369
1685840400000,11205.882352964369
1685844000000,11204.644952964369
1685847600000,11203.773252964369
1685851200000,11203.45097966791
1685854800000,11203.04105966791
1685858400000,11204.982639667911
1685862000000,11198.997019667911
1685865600000,11197.046528941568
1685869200000,11196.52169894157
1685872800000,11198.03624894157
1685876400000,11197.442348941568
1685880000000,11195.785838820682
1685883600000,11194.146178820682
1685887200000,11193.080318820681
1685890800000,11192.972458820681
1685894400000,11194.208984940342
1685898000000,11191.923134940342
1685901600000,11192.622254940343
1685905200000,11194.35966494034
1685908800000,11193.050073105609
1685912400000,11192.704423105608
1685916000000,11195.313633105608
1685919600000,11190.461914916028
1685923200000,11199.011932600137
1685926800000,11203.454392600137
1685930400000,11201.635432600136
1685934000000,11207.675312600137
1685937600000,11210.485372600137
1685941200000,11209.814922600137
1685944800000,11208.753862600137
1685948400000,11209.861562600136
1685952000000,11208.003667127414
1685955600000,11209.892587127413
1685959200000,11210.248217127413
1685962800000,11211.991387127413
1685966400000,11206.625703264208
1685970000000,11207.608983264208
1685973600000,11206.749903264206
1685977200000,11204.330643264208
1685980800000,11218.554709830765
1685984400000,11224.557709830764
1685988000000,11225.722069830765
1685991600000,11236.996389830763
1685995200000,11233.399589830764
1685998800000,11234.502469830764
1686002400000,11232.428709830765
1686006000000,11230.249709830763
1686009600000,11227.004013897551
1686013200000,11229.17049389755
1686016800000,11234.738333897552
1686020400000,11225.179253897551
1686024000000,11226.962533897551
1686027600000,11221.150973897551
1686031200000,11224.222733897552
1686034800000,11224.20193389755
1686038400000,11226.106869920024
1686042000000,11225.987549920024
1686045600000,11223.031069920024
1686049200000,11222.917229920024
1686052800000,11227.536629920025
1686056400000,11237.131989920024
1686060000000,11222.570749920023
1686063600000,11202.754029920025
1686067200000,11197.363510363024
1686070800000,11173.203693618907
1686074400000,11167.740709304222
1686078000000,11167.740709304222
1686081600000,11168.100005986602
1686085200000,11163.016345986602
1686088800000,11163.239285986601
1686092400000,11164.6868259866
1686096000000,11164.5491913086
1686099600000,11165.192891308601
1686103200000,11163.1110713086
1686106800000,11162.6463513086
1686110400000,11162.4956313086
1686114000000,11163.126771308602
1686117600000,11163.5443913086
1686121200000,11162.348051308601
1686124800000,11161.928095462601
1686128400000,11161.2686954626
1686132000000,11153.0513154626
1686135600000,11156.2384154626
1686139200000,11159.8965154626
1686142800000,11158.304535462601
1686146400000,11158.0784554626
1686150000000,11150.3069554626
1686153600000,11149.872832431121
1686157200000,11148.702752431122
1686160800000,11146.308632431123
1686164400000,11146.260352431122
1686168000000,11146.209232431122
1686171600000,11148.469872431122
1686175200000,11153.366032431122
1686178800000,11151.687592431123
1686182400000,11151.054524004143
1686186000000,11150.230924004143
1686189600000,11149.458444004144
1686193200000,11149.804924004144
1686196800000,11150.503564004144
1686200400000,11149.288044004143
1686204000000,11150.017924004143
1686207600000,11148.918844004143
1686211200000,11147.40540233297
1686214800000,11147.10180233297
1686218400000,11146.583702332971
1686222000000,11148.94650233297
1686225600000,11148.273302332971
1686229200000,11148.758402332971
1686232800000,11148.54060233297
1686236400000,11152.09470233297
1686240000000,11151.683425493811
1686243600000,11148.393325493811
1686247200000,11147.76302549381
1686250800000,11148.58142549381
1686254400000,11148.237947514363
1686258000000,11146.558997514363
1686261600000,11146.902347514364
1686265200000,11147.516597514363
1686268800000,11148.59214635937
1686272400000,11149.29144635937
1686276000000,11149.89939635937
1686279600000,11152.02249635937
1686283200000,11151.30114635937
1686286800000,11151.01449635937
1686290400000,11150.91369635937
1686294000000,11151.33894635937
1686297600000,11151.776115859886
1686301200000,11149.857765859886
1686304800000,11149.104915859887
1686308400000,11149.243515859887
1686312000000,11149.035615859886
1686315600000,11146.049415859887
1686319200000,11147.763015859886
1686322800000,11148.764715859887
1686326400000,11150.555769946583
1686330000000,11150.735319946582
1686333600000,11150.206119946582
1686337200000,11151.050319946582
1686340800000,11153.318319946582
1686344400000,11151.406269946581
1686348000000,11151.576369946582
1686351600000,11151.157419946581
1686355200000,11150.559097317684
1686358800000,11152.071097317685
1686362400000,11151.595447317684
1686366000000,11153.979997317685
1686369600000,11154.761197317684
1686373200000,11167.307647317684
1686376800000,11178.335797317684
1686380400000,11180.764447317684
1686384000000,11185.578341401284
1686387600000,11182.170041401285
1686391200000,11182.762241401284
1686394800000,11181.206141401284
1686398400000,11179.905191401283
1686402000000,11181.902291401284
1686405600000,11181.486491401283
1686409200000,11180.954141401284
1686412800000,11182.819748608472
1686416400000,11183.978948608472
1686420000000,11176.148048608473
1686423600000,11183.389898608473
1686427200000,11180.854148608472
1686430800000,11180.986448608472
1686434400000,11180.936048608472
1686438000000,11177.823848608472
1686441600000,11178.951930990499
1686445200000,11180.1867309905
1686448800000,11179.0149309905
1686452400000,11179.0747809905
1686456000000,11178.4983309905
1686459600000,11177.5375809905
1686463200000,11176.8855309905
1686466800000,11176.8792309905
1686470400000,11178.076530420176
1686474000000,11179.396380420176
1686477600000,11180.394930420174
1686481200000,11178.845130420175
1686484800000,11178.259230420175
1686488400000,11179.821630420174
1686492000000,11181.387180420175
1686495600000,11180.936730420175
1686499200000,11181.856817422893
1686502800000,11178.152417422893
1686506400000,11177.399567422894
1686510000000,11176.482917422893
1686513600000,11175.159917422894
1686517200000,11172.891917422894
1686520800000,11174.640167422893
1686524400000,11177.572817422893
1686528000000,11178.094677237646
1686531600000,11179.156227237645
1686535200000,11180.746977237646
1686538800000,11185.141227237646
1686542400000,11183.572527237646
1686546000000,11181.981777237646
1686549600000,11183.370927237645
1686553200000,11181.947127237645
1686556800000,11183.258621380632
1686560400000,11180.549621380633
1686564000000,11179.516421380633
1686567600000,11179.664471380633
1686571200000,11180.640971380632
1686574800000,11180.199971380633
1686578400000,11182.845971380631
1686582000000,11183.368871380631
1686585600000,11184.861701042348
1686589200000,11183.992301042348
1686592800000,11183.913551042348
1686596400000,11183.535551042347
1686600000000,11184.628601042348
1686603600000,11182.672451042348
1686607200000,11180.631251042347
1686610800000,11181.406151042347
1686614400000,11181.569974357319
1686618000000,11184.05532435732
1686621600000,11182.28817435732
1686625200000,11178.42627435732
1686628800000,11179.74612435732
1686632400000,11179.90992435732
1686636000000,11179.229524357319
1686639600000,11179.213774357318
1686643200000,11179.726087833335
1686646800000,11177.747887833333
1686650400000,11179.385887833334
1686654000000,11178.645637833333
1686657600000,11178.324337833334
1686661200000,11181.808237833333
1686664800000,11182.926487833334
1686668400000,11182.693387833333
1686672000000,11185.205100778778
1686675600000,11183.078850778778
1686679200000,11183.604900778779
1686682800000,11182.023600778777
1686686400000,11182.014150778778
1686690000000,11183.047350778777
1686693600000,11182.376400778778
1686697200000,11183.702550778778
1686700800000,11182.569175184379
1686704400000,11181.249325184379
1686708000000,11180.074375184378
1686711600000,11180.093275184377
1686715200000,11180.272825184378
1686718800000,11181.857275184379
1686722400000,11182.736125184378
1686726000000,11181.888775184378
1686729600000,11182.138880272032
1686733200000,11180.985980272031
1686736800000,11180.604830272032
1686740400000,11180.226830272031
1686744000000,11180.343380272032
1686747600000,11180.617430272032
1686751200000,11182.488530272032
1686754800000,11182.211330272032
1686758400000,11182.387103748606
1686762000000,11183.410853748606
1686765600000,11182.056353748607
1686769200000,11184.888203748607
1686772800000,11185.956053748607
1686776400000,11214.375353748606
1686780000000,11209.820453748607
1686783600000,11210.781203748606
1686787200000,11210.640418375036
1686790800000,11206.708468375036
1686794400000,11212.079018375038
1686798000000,11211.489568375036
1686801600000,11211.550318375037
1686805200000,11212.705018375036
1686808800000,11214.261168375037
1686812400000,11218.667218375036
1686816000000,11217.041552960844
1686819600000,11217.309702960843
1686823200000,11218.191702960843
1686826800000,11219.839152960843
1686830400000,11214.180652960844
1686834000000,11217.581002960844
1686837600000,11212.339752960845
1686841200000,11215.025452960843
1686844800000,11217.205354263859
1686848400000,11215.398604263859
1686852000000,11207.67910426386
1686855600000,11197.669854263859
1686859200000,11195.850604263858
1686862800000,11194.46415426386
1686866400000,11193.155254263858
1686870000000,11192.15110426386
1686873600000,11193.959766653474
1686877200000,11198.012366653473
1686880800000,11195.867166653474
1686884400000,11194.444266653472
1686888000000,11193.095866653473
1686891600000,11194.109416653475
1686895200000,11192.229666653473
1686898800000,11191.479966653475
1686902400000,11192.394998149834
1686906000000,11192.363848149835
1686909600000,11191.605298149834
1686913200000,11192.167248149834
1686916800000,11196.375898149834
1686920400000,11192.620348149834
1686924000000,11195.748298149834
1686927600000,11187.674898149833
1686931200000,11180.403551700205
1686934800000,11177.719751700206
1686938400000,11174.972951700205
1686942000000,11170.13060286507
1686945600000,11170.13060286507
1686949200000,11170.13060286507
1686952800000,11170.13060286507
1686956400000,11170.13060286507
1686960000000,11170.13060286507
1686963600000,11170.13060286507
1686967200000,11170.13060286507
1686970800000,11170.13060286507
1686974400000,11170.13060286507
1686978000000,11170.13060286507
1686981600000,11170.13060286507
1686985200000,11170.13060286507
1686988800000,11170.13060286507
1686992400000,11170.13060286507
1686996000000,11170.13060286507
1686999600000,11170.13060286507
1687003200000,11170.13060286507
1687006800000,11170.13060286507
1687010400000,11170.13060286507
1687014000000,11170.13060286507
1687017600000,11170.13060286507
1687021200000,11170.13060286507
1687024800000,11170.13060286507
1687028400000,11170.13060286507
1687032000000,11170.13060286507
1687035600000,11170.13060286507
1687039200000,11170.13060286507
1687042800000,11170.13060286507
1687046400000,11170.13060286507
1687050000000,11170.13060286507
1687053600000,11170.13060286507
1687057200000,11170.13060286507
1687060800000,11170.13060286507
1687064400000,11170.13060286507
1687068000000,11170.13060286507
1687071600000,11170.13060286507
1687075200000,11170.13060286507
1687078800000,11170.13060286507
1687082400000,11170.13060286507
1687086000000,11170.13060286507
1687089600000,11170.13060286507
1687093200000,11170.13060286507
1687096800000,11170.13060286507
1687100400000,11170.13060286507
1687104000000,11170.13060286507
1687107600000,11170.13060286507
1687111200000,11170.13060286507
1687114800000,11170.13060286507
1687118400000,11170.13060286507
1687122000000,11170.13060286507
1687125600000,11170.13060286507
1687129200000,11170.13060286507
1687132800000,11170.13060286507
1687136400000,11170.13060286507
1687140000000,11170.13060286507
1687143600000,11170.13060286507
1687147200000,11170.13060286507
1687150800000,11170.13060286507
1687154400000,11170.13060286507
1687158000000,11170.13060286507
1687161600000,11170.13060286507
1687165200000,11170.13060286507
1687168800000,11170.13060286507
1687172400000,11170.13060286507
1687176000000,11170.13060286507
1687179600000,11170.13060286507
1687183200000,11170.13060286507
1687186800000,11170.13060286507
1687190400000,11170.13060286507
1687194000000,11170.13060286507
1687197600000,11170.13060286507
1687201200000,11170.13060286507
1687204800000,11170.13060286507
1687208400000,11170.13060286507
1687212000000,11170.13060286507
1687215600000,11170.13060286507
1687219200000,11170.13060286507
1687222800000,11170.13060286507
1687226400000,11170.13060286507
1687230000000,11170.13060286507
1687233600000,11170.13060286507
1687237200000,11170.13060286507
1687240800000,11170.13060286507
1687244400000,11170.13060286507
1687248000000,11170.13060286507
1687251600000,11170.13060286507
1687255200000,11170.13060286507
1687258800000,11170.13060286507
1687262400000,11168.733008205108
1687266000000,11167.76890820511
1687269600000,11166.026708205109
1687273200000,11165.47490820511
1687276800000,11174.046491177247
1687280400000,11183.764991177248
1687284000000,11197.141491177248
1687287600000,11206.122191177248
1687291200000,11203.096591177247
1687294800000,11208.010091177248
1687298400000,11208.041091177247
1687302000000,11210.136691177247
1687305600000,11212.400281339284
1687309200000,11215.459981339283
1687312800000,11227.196581339284
1687316400000,11227.835181339282
1687320000000,11224.733517434861
1687323600000,11227.897307434861
1687327200000,11234.20619743486
1687330800000,11229.32297743486
1687334400000,11228.890198222372
1687338000000,11228.538338222374
1687341600000,11230.048278222373
1687345200000,11227.244398222372
1687348800000,11223.56458588674
1687352400000,11216.724455886739
1687356000000,11235.96641588674
1687359600000,11247.924145886738
1687363200000,11256.907454767019
1687366800000,11275.820054767019
1687370400000,11272.415964767019
1687374000000,11274.897734767019
1687377600000,11277.03226476702
1687381200000,11271.62187476702
1687384800000,11269.051924767018
1687388400000,11280.71813476702
1687392000000,11275.995578997425
1687395600000,11288.744568997425
1687399200000,11289.733838997427
1687402800000,11304.173448997426
1687406400000,11294.281028997424
1687410000000,11295.948028997425
1687413600000,11292.214908997426
1687417200000,11286.889588997425
1687420800000,11286.440430796425
1687424400000,11284.880760796425
1687428000000,11285.260110796424
1687431600000,11286.313590796424
1687435200000,11272.574120796424
1687438800000,11282.422940796425
1687442400000,11285.374380796426
1687446000000,11263.736580796423
1687449600000,11266.279201978872
1687453200000,11271.088511978875
1687456800000,11278.983891978873
1687460400000,11278.860101978873
1687464000000,11282.323861978874
1687467600000,11279.766451978872
1687471200000,11274.254371978872
1687474800000,11268.521991978874
1687478400000,11266.29098121431
1687482000000,11271.09234121431
1687485600000,11268.174081214309
1687489200000,11271.546001214308
1687492800000,11273.81850121431
1687496400000,11272.494641214309
1687500000000,11274.793961214307
1687503600000,11272.38510121431
1687507200000,11270.924767864142
1687510800000,11274.028837864142
1687514400000,11277.686657864142
1687518000000,11274.619677864142
1687521600000,11276.292747864143
1687525200000,11274.600627864143
1687528800000,11271.567097864141
1687532400000,11280.842517864143
1687536000000,11322.906457697349
1687539600000,11317.548907697348
1687543200000,11324.452897697349
1687546800000,11309.706647697349
1687550400000,11306.24563769735
1687554000000,11308.801977697349
1687557600000,11293.354797697348
1687561200000,11295.483167697348
1687564800000,11296.453870400348
1687568400000,11288.432460400347
1687572000000,11294.026780400349
1687575600000,11299.769680400348
1687579200000,11299.307700400348
1687582800000,11298.368630400348
1687586400000,11298.158960400347
1687590000000,11295.662590400349
1687593600000,11290.607831555348
1687597200000,11293.172441555347
1687600800000,11293.688261555346
1687604400000,11298.008211555347
1687608000000,11296.746441555348
1687611600000,11299.465641555347
1687615200000,11295.925911555347
1687618800000,11297.531541555347
1687622400000,11281.351986992302
1687626000000,11286.000646992303
1687629600000,11290.164386992303
1687633200000,11294.484566992302
1687636800000,11292.099476992304
1687640400000,11286.757326992303
1687644000000,11286.648426992302
1687647600000,11287.035226992304
1687651200000,11287.182861447229
1687654800000,11284.832921447229
1687658400000,11289.95184144723
1687662000000,11292.231201447228
1687665600000,11300.851491447229
1687669200000,11308.428691447229
1687672800000,11309.023181447228
1687676400000,11311.608341447229
1687680000000,11304.120228428425
1687683600000,11306.607178428423
1687687200000,11305.212648428424
1687690800000,11302.433788428423
1687694400000,11306.199768428425
1687698000000,11303.805858428424
1687701600000,11301.975118428425
1687705200000,11290.662838428425
1687708800000,11291.768886511583
1687712400000,11293.751346511584
1687716000000,11290.487666511584
1687719600000,11289.159586511585
1687723200000,11288.600646511584
1687726800000,11288.029076511584
1687730400000,11290.040976511584
1687734000000,11292.980896511584
1687737600000,11292.085689240585
1687741200000,11285.973529240584
1687744800000,11272.80887231647
1687748400000,11273.36817231647
1687752000000,11273.70046231647
1687755600000,11272.924022316469
1687759200000,11272.96021231647
1687762800000,11279.51389231647
1687766400000,11278.150086950054
1687770000000,11278.278396950054
1687773600000,11274.721906950055
1687777200000,11272.511026950055
1687780800000,11273.922436950055
1687784400000,11275.077226950054
1687788000000,11281.683546950055
1687791600000,11274.873246950056
1687795200000,11276.908796610835
1687798800000,11264.630516610834
1687802400000,11260.094856237092
1687806000000,11260.094856237092
1687809600000,11260.094856237092
1687813200000,11260.094856237092
1687816800000,11260.094856237092
1687820400000,11260.094856237092
1687824000000,11260.094856237092
1687827600000,11260.094856237092
1687831200000,11260.094856237092
1687834800000,11260.094856237092
1687838400000,11260.094856237092
1687842000000,11260.094856237092
1687845600000,11260.094856237092
1687849200000,11260.094856237092
1687852800000,11260.094856237092
1687856400000,11260.094856237092
1687860000000,11260.094856237092
1687863600000,11260.094856237092
1687867200000,11260.094856237092
1687870800000,11260.094856237092
1687874400000,11260.094856237092
1687878000000,11260.094856237092
1687881600000,11260.094856237092
1687885200000,11260.094856237092
1687888800000,11260.094856237092
1687892400000,11260.094856237092
1687896000000,11260.094856237092
1687899600000,11260.094856237092
1687903200000,11260.094856237092
1687906800000,11260.094856237092
1687910400000,11259.538877277293
1687914000000,11264.724977277294
1687917600000,11264.950587277293
1687921200000,11268.188237277294
1687924800000,11266.594317277293
1687928400000,11266.266157277294
1687932000000,11266.274947277294
1687935600000,11267.953837277293
1687939200000,11270.939723218295
1687942800000,11269.477653218293
1687946400000,11268.021443218295
1687950000000,11267.051613218293
1687953600000,11267.965773218293
1687957200000,11269.975753218294
1687960800000,11269.421983218293
1687964400000,11269.234463218294
1687968000000,11268.426366108832
1687971600000,11269.481166108832
1687975200000,11272.100586108832
1687978800000,11271.860326108832
1687982400000,11276.023856108832
1687986000000,11276.653806108832
1687989600000,11277.087446108832
1687993200000,11277.831666108832
1687996800000,11277.022211074227
1688000400000,11276.236971074226
1688004000000,11275.190961074228
1688007600000,11276.242831074227
1688011200000,11274.572731074228
1688014800000,11274.291451074227
1688018400000,11274.739741074227
1688022000000,11274.645981074227
1688025600000,11271.622788568106
1688029200000,11271.485078568106
1688032800000,11268.924258568106
1688036400000,11266.070438568106
1688040000000,11265.651448568107
1688043600000,11266.131968568106
1688047200000,11268.514058568106
1688050800000,11271.473358568106
1688054400000,11270.408341072107
1688058000000,11270.809751072107
1688061600000,11271.158421072107
1688065200000,11269.769601072107
1688068800000,11269.101561072106
1688072400000,11271.249251072106
1688076000000,11270.651531072106
1688079600000,11271.137911072106
1688083200000,11270.860556017627
1688086800000,11271.809876017627
1688090400000,11272.296256017627
1688094000000,11268.238206017626
1688097600000,11263.767575132528
1688101200000,11269.734935132528
1688104800000,11266.038935132528
1688108400000,11263.88517513253
1688112000000,11267.890737308528
1688115600000,11266.929777308527
1688119200000,11267.719377308527
1688122800000,11269.826097308529
1688126400000,11269.607697308527
1688130000000,11275.165137308528
1688133600000,11256.530577308527
1688137200000,11253.436017308528
1688140800000,11255.735895219637
1688144400000,11273.285175219637
1688148000000,11284.121175219636
1688151600000,11280.593175219637
1688155200000,11281.127415219637
1688158800000,11281.295415219636
1688162400000,11282.914935219636
1688166000000,11283.832215219636
1688169600000,11283.908377101945
1688173200000,11283.532057101946
1688176800000,11282.033497101946
1688180400000,11279.308537101946
1688184000000,11278.922137101945
1688187600000,11277.195097101945
1688191200000,11278.280377101946
1688194800000,11278.757497101946
1688198400000,11278.699712905156
1688202000000,11276.965952905157
1688205600000,11277.392672905156
1688209200000,11279.825312905155
1688212800000,11279.532992905157
1688216400000,11281.320512905157
1688220000000,11279.371712905157
1688223600000,11279.717792905156
1688227200000,11279.586007049167
1688230800000,11278.151287049168
1688234400000,11278.433527049167
1688238000000,11279.596087049167
1688241600000,11279.572567049167
1688245200000,11279.555767049167
1688248800000,11279.764087049167
1688252400000,11279.569207049168
1688256000000,11279.954797961167
1688259600000,11279.074477961167
1688263200000,11278.308397961166
1688266800000,11277.921997961166
1688270400000,11276.416717961167
1688274000000,11276.762797961166
1688277600000,11276.483917961166
1688281200000,11276.537677961167
1688284800000,11276.607758818647
1688288400000,11275.932398818648
1688292000000,11277.666158818647
1688295600000,11277.632558818648
1688299200000,11278.455758818647
1688302800000,11277.733358818647
1688306400000,11276.856398818647
1688310000000,11280.871598818647
1688313600000,11277.890672979316
1688317200000,11277.547952979317
1688320800000,11273.112752979318
1688324400000,11275.263152979316
1688328000000,11276.355152979317
1688331600000,11278.381232979316
1688335200000,11280.074672979317
1688338800000,11285.484272979316
1688342400000,11284.609406595317
1688346000000,11283.591326595317
1688349600000,11286.793406595318
1688353200000,11288.574206595316
1688356800000,11288.365886595317
1688360400000,11287.851806595318
1688364000000,11287.122686595318
1688367600000,11287.683806595318
1688371200000,11295.026487763666
1688374800000,11292.230967763666
1688378400000,11290.860087763665
1688382000000,11292.701367763666
1688385600000,11292.832407763666
1688389200000,11294.270487763666
1688392800000,11293.443927763665
1688396400000,11291.878167763665
1688400000000,11294.385800432801
1688403600000,11292.238760432801
1688407200000,11293.193000432802
1688410800000,11296.099400432802
1688414400000,11291.8461490581
1688418000000,11285.1491890581
1688421600000,11282.2843890581
1688425200000,11285.0418290581
1688428800000,11285.121421568105
1688432400000,11282.883181568104
1688436000000,11289.361581568104
1688439600000,11288.325101568105
1688443200000,11289.827981568105
1688446800000,11281.402061568106
1688450400000,11277.882061568103
1688454000000,11279.801901568104
1688457600000,11276.426336974146
1688461200000,11276.684736974146
1688464800000,11280.297216974146
1688468400000,11281.821376974147
1688472000000,11284.193536974146
1688475600000,11282.749216974147
1688479200000,11280.339136974148
1688482800000,11279.523616974147
1688486400000,11278.835536526147
1688490000000,11277.822736526148
1688493600000,11274.228336526146
1688497200000,11275.562736526146
1688500800000,11262.280336526146
1688504400000,11269.108816526146
1688508000000,11268.696976526147
1688511600000,11269.575696526146
1688515200000,11265.890636012547
1688518800000,11266.42807601255
1688522400000,11267.901516012547
1688526000000,11270.683436012549
1688529600000,11270.831756012549
1688533200000,11268.473196012548
1688536800000,11267.181836012549
1688540400000,11267.923276012549
1688544000000,11265.476891148548
1688547600000,11256.321345226514
1688551200000,11253.194945226513
1688554800000,11246.191088809594
1688558400000,11246.191088809594
1688562000000,11246.191088809594
1688565600000,11246.191088809594
1688569200000,11246.191088809594
1688572800000,11246.191088809594
1688576400000,11246.191088809594
1688580000000,11246.191088809594
1688583600000,11246.191088809594
1688587200000,11246.191088809594
1688590800000,11246.191088809594
1688594400000,11246.191088809594
1688598000000,11246.191088809594
1688601600000,11246.191088809594
1688605200000,11246.191088809594
1688608800000,11246.191088809594
1688612400000,11246.191088809594
1688616000000,11246.191088809594
1688619600000,11246.191088809594
1688623200000,11246.191088809594
1688626800000,11246.191088809594
1688630400000,11246.191088809594
1688634000000,11246.191088809594
1688637600000,11246.191088809594
1688641200000,11246.191088809594
1688644800000,11246.191088809594
1688648400000,11246.191088809594
1688652000000,11246.191088809594
1688655600000,11246.191088809594
1688659200000,11246.191088809594
1688662800000,11246.191088809594
1688666400000,11246.191088809594
1688670000000,11246.191088809594
1688673600000,11245.589947762319
1688677200000,11245.86369776232
1688680800000,11249.28374776232
1688684400000,11252.20374776232
1688688000000,11258.973583757315
1688691600000,11260.718283757316
1688695200000,11257.874933757315
1688698800000,11257.170483757316
1688702400000,11255.575433757316
1688706000000,11256.914983757317
1688709600000,11255.593683757315
1688713200000,11256.254333757315
1688716800000,11256.109204651255
1688720400000,11256.182204651253
1688724000000,11254.149154651253
1688727600000,11253.243954651254
1688731200000,11254.576204651254
1688734800000,11254.160104651255
1688738400000,11249.659654651254
1688742000000,11250.137804651255
1688745600000,11249.012749696332
1688749200000,11249.526069696332
1688752800000,11247.835869696331
1688756400000,11244.893669696332
1688760000000,11246.320949696332
1688763600000,11247.08466969633
1688767200000,11248.029929696331
1688770800000,11247.788919696332
1688774400000,11248.026491224407
1688778000000,11249.291011224408
1688781600000,11247.948241224407
1688785200000,11248.233071224407
1688788800000,11246.286211224407
1688792400000,11245.156281224408
1688796000000,11246.104671224408
1688799600000,11244.442641224408
1688803200000,11245.761962615401
1688806800000,11247.1360326154
1688810400000,11246.7103526154
1688814000000,11245.8840326154
1688817600000,11244.6539426154
1688821200000,11244.3659826154
1688824800000,11245.2110826154
1688828400000,11245.6179826154
1688832000000,11245.085178186058
1688835600000,11246.130598186059
1688839200000,11245.798818186058
1688842800000,11245.041358186058
1688846400000,11239.489256842002
1688850000000,11238.955926842002
1688853600000,11235.912336842002
1688857200000,11233.951446842002
1688860800000,11230.934322644178
1688864400000,11232.512232644178
1688868000000,11232.36025264418
1688871600000,11232.01606264418
1688875200000,11232.051822644178
1688878800000,11232.780432644178
1688882400000,11231.752332644179
1688886000000,11231.39920264418
1688889600000,11231.58081095834
1688893200000,11231.72832095834
1688896800000,11231.43777095834
1688900400000,11231.15169095834
1688904000000,11232.28707095834
1688907600000,11236.08657095834
1688911200000,11230.58847095834
1688914800000,11231.94735095834
1688918400000,11229.962732346146
1688922000000,11231.082032346147
1688925600000,11228.481812346146
1688929200000,11229.440392346147
1688932800000,11225.35181277558
1688936400000,11226.335442775578
1688940000000,11222.95458277558
1688943600000,11224.13847277558
1688947200000,11222.088306037962
1688950800000,11217.782716037962
1688954400000,11217.352746037963
1688958000000,11224.691686037962
1688961600000,11221.440406037962
1688965200000,11221.175356037962
1688968800000,11217.376306037962
1688972400000,11217.776826037963
1688976000000,11218.00421584869
1688979600000,11218.104345848691
1688983200000,11221.031675848692
1688986800000,11222.22145584869
1688990400000,11223.69395584869
1688994000000,11222.36281584869
1688997600000,11224.070915848692
1689001200000,11226.38568584869
1689004800000,11227.284343078083
1689008400000,11227.767323078084
1689012000000,11225.193393078083
1689015600000,11238.504793078082
1689019200000,11245.749493078083
1689022800000,11239.129133078082
1689026400000,11230.783003078082
1689030000000,11230.694653078082
1689033600000,11232.59178718713
1689037200000,11231.61993718713
1689040800000,11234.470697187131
1689044400000,11231.06038718713
1689048000000,11231.77896718713
1689051600000,11230.82478718713
1689055200000,11230.62452718713
1689058800000,11235.25995718713
1689062400000,11233.649596255485
1689066000000,11230.792946255484
1689069600000,11225.986706255484
1689073200000,11224.608446255485
1689076800000,11224.408186255485
1689080400000,11226.434346255484
1689084000000,11225.815896255484
1689087600000,11227.847946255484
1689091200000,11227.018814289813
1689094800000,11227.272084289814
1689098400000,11227.684384289814
1689102000000,11227.118944289814
1689105600000,11229.180444289814
1689109200000,11228.832934289814
1689112800000,11229.410154289813
1689116400000,11231.854504289815
1689120000000,11231.462432207849
1689123600000,11231.485992207849
1689127200000,11233.311892207848
1689130800000,11233.688852207848
1689134400000,11232.133892207848
1689138000000,11233.076292207848
1689141600000,11234.160052207848
1689145200000,11237.982662207849
1689148800000,11238.307201796848
1689152400000,11237.294121796847
1689156000000,11237.971471796847
1689159600000,11235.680261796848
1689163200000,11237.830111796848
1689166800000,11236.045441796849
1689170400000,11236.463631796847
1689174000000,11239.255491796848
1689177600000,11234.020568138643
1689181200000,11234.709698138644
1689184800000,11236.199868138645
1689188400000,11235.716888138644
1689192000000,11224.661358138645
1689195600000,11226.475478138644
1689199200000,11226.145638138643
1689202800000,11226.080848138645
1689206400000,11226.790816350593
1689210000000,11226.390296350592
1689213600000,11227.085316350593
1689217200000,11225.489126350592
1689220800000,11224.205106350593
1689224400000,11223.015326350593
1689228000000,11224.906016350593
1689231600000,11227.727326350592
1689235200000,11226.122574949279
1689238800000,11227.94847494928
1689242400000,11233.71478494928
1689246000000,11233.679444949279
1689249600000,11234.61595494928
1689253200000,11232.24228494928
1689256800000,11235.63492494928
1689260400000,11233.22002494928
1689264000000,11263.999905051774
1689267600000,11281.540325051774
1689271200000,11296.801315051775
1689274800000,11293.131845051774
1689278400000,11301.13072394405
1689282000000,11287.909343944051
1689285600000,11284.154573944052
1689289200000,11291.57771394405
1689292800000,11300.711860166828
1689296400000,11309.427520166828
1689300000000,11306.12409016683
1689303600000,11305.716970166828
1689307200000,11303.898490166828
1689310800000,11302.43869016683
1689314400000,11300.872970166829
1689318000000,11297.764190166828
1689321600000,11286.890548681748
1689325200000,11293.783128681747
1689328800000,11291.446658681749
1689332400000,11285.815858681746
1689336000000,11288.554548681748
1689339600000,11283.897208681747
1689343200000,11291.597148681749
1689346800000,11292.933598681748
1689350400000,11292.313677133612
1689354000000,11286.416107133613
1689357600000,11255.914737133613
1689361200000,11233.488841398192
1689364800000,11233.488841398192
1689368400000,11233.488841398192
1689372000000,11233.488841398192
1689375600000,11233.488841398192
1689379200000,11233.488841398192
1689382800000,11233.488841398192
1689386400000,11233.488841398192
1689390000000,11233.488841398192
1689393600000,11233.488841398192
1689397200000,11233.488841398192
1689400800000,11233.488841398192
1689404400000,11233.488841398192
1689408000000,11233.488841398192
1689411600000,11233.488841398192
1689415200000,11233.488841398192
1689418800000,11233.488841398192
1689422400000,11233.488841398192
1689426000000,11233.488841398192
1689429600000,11233.488841398192
1689433200000,11233.488841398192
1689436800000,11233.488841398192
1689440400000,11233.488841398192
1689444000000,11233.488841398192
1689447600000,11233.488841398192
1689451200000,11233.488841398192
1689454800000,11233.488841398192
1689458400000,11233.488841398192
1689462000000,11233.488841398192
1689465600000,11233.488841398192
1689469200000,11233.488841398192
1689472800000,11233.488841398192
1689476400000,11233.488841398192
1689480000000,11233.488841398192
1689483600000,11233.488841398192
1689487200000,11233.488841398192
1689490800000,11233.488841398192
1689494400000,11233.488841398192
1689498000000,11233.488841398192
1689501600000,11233.488841398192
1689505200000,11233.488841398192
1689508800000,11233.488841398192
1689512400000,11233.488841398192
1689516000000,11233.488841398192
1689519600000,11233.488841398192
1689523200000,11233.488841398192
1689526800000,11233.488841398192
1689530400000,11233.488841398192
1689534000000,11233.488841398192
1689537600000,11233.488841398192
1689541200000,11233.488841398192
1689544800000,11233.488841398192
1689548400000,11233.488841398192
1689552000000,11233.488841398192
1689555600000,11233.488841398192
1689559200000,11233.488841398192
1689562800000,11233.488841398192
1689566400000,11233.488841398192
1689570000000,11233.488841398192
1689573600000,11233.488841398192
1689577200000,11233.488841398192
1689580800000,11233.488841398192
1689584400000,11233.488841398192
1689588000000,11233.488841398192
1689591600000,11233.488841398192
1689595200000,11233.488841398192
1689598800000,11233.488841398192
1689602400000,11233.488841398192
1689606000000,11233.488841398192
1689609600000,11233.488841398192
1689613200000,11233.488841398192
1689616800000,11233.488841398192
1689620400000,11233.488841398192
1689624000000,11233.488841398192
1689627600000,11233.488841398192
1689631200000,11233.488841398192
1689634800000,11233.488841398192
1689638400000,11233.488841398192
1689642000000,11233.488841398192
1689645600000,11233.488841398192
1689649200000,11233.488841398192
1689652800000,11233.488841398192
1689656400000,11233.488841398192
1689660000000,11233.488841398192
1689663600000,11233.488841398192
1689667200000,11233.488841398192
1689670800000,11233.488841398192
1689674400000,11233.488841398192
1689678000000,11233.488841398192
1689681600000,11233.488841398192
1689685200000,11233.488841398192
1689688800000,11233.488841398192
1689692400000,11233.488841398192
1689696000000,11233.488841398192
1689699600000,11233.488841398192
1689703200000,11233.488841398192
1689706800000,11233.488841398192
1689710400000,11233.488841398192
1689714000000,11233.488841398192
1689717600000,11233.488841398192
1689721200000,11233.488841398192
1689724800000,11233.488841398192
1689728400000,11233.488841398192
1689732000000,11233.488841398192
1689735600000,11233.488841398192
1689739200000,11233.488841398192
1689742800000,11233.488841398192
1689746400000,11233.488841398192
1689750000000,11233.488841398192
1689753600000,11233.488841398192
1689757200000,11233.488841398192
1689760800000,11233.488841398192
1689764400000,11233.488841398192
1689768000000,11233.488841398192
1689771600000,11233.488841398192
1689775200000,11233.488841398192
1689778800000,11233.488841398192
1689782400000,11233.488841398192
1689786000000,11233.488841398192
1689789600000,11233.488841398192
1689793200000,11233.488841398192
1689796800000,11233.488841398192
1689800400000,11233.488841398192
1689804000000,11233.488841398192
1689807600000,11233.488841398192
1689811200000,11233.488841398192
1689814800000,11233.488841398192
1689818400000,11233.488841398192
1689822000000,11233.488841398192
1689825600000,11233.488841398192
1689829200000,11233.488841398192
1689832800000,11233.488841398192
1689836400000,11233.488841398192
1689840000000,11233.488841398192
1689843600000,11233.488841398192
1689847200000,11233.488841398192
1689850800000,11233.488841398192
1689854400000,11233.488841398192
1689858000000,11233.488841398192
1689861600000,11233.488841398192
1689865200000,11233.488841398192
1689868800000,11233.488841398192
1689872400000,11233.488841398192
1689876000000,11233.488841398192
1689879600000,11233.488841398192
1689883200000,11233.488841398192
1689886800000,11233.488841398192
1689890400000,11233.488841398192
1689894000000,11233.488841398192
1689897600000,11233.488841398192
1689901200000,11233.488841398192
1689904800000,11233.488841398192
1689908400000,11233.488841398192
1689912000000,11233.488841398192
1689915600000,11233.488841398192
1689919200000,11233.488841398192
1689922800000,11233.488841398192
1689926400000,11233.488841398192
1689930000000,11233.488841398192
1689933600000,11233.488841398192
1689937200000,11233.488841398192
1689940800000,11233.488841398192
1689944400000,11233.488841398192
1689948000000,11233.488841398192
1689951600000,11233.488841398192
1689955200000,11233.488841398192
1689958800000,11233.488841398192
1689962400000,11233.488841398192
1689966000000,11233.488841398192
1689969600000,11232.89858418269
1689973200000,11232.30988418269
1689976800000,11232.292484182692
1689980400000,11231.242684182691
1689984000000,11230.000652046234
1689987600000,11232.437252046233
1689991200000,11230.843852046233
1689994800000,11231.184852046234
1689998400000,11227.687744756235
1690002000000,11228.443444756236
1690005600000,11229.687544756236
1690009200000,11228.535844756236
1690012800000,11226.185670054198
1690016400000,11226.598170054198
1690020000000,11227.060170054197
1690023600000,11227.980870054198
1690027200000,11228.535270054197
1690030800000,11229.993870054197
1690034400000,11229.304170054198
1690038000000,11228.802570054198
1690041600000,11225.963242712745
1690045200000,11226.114442712746
1690048800000,11223.806842712745
1690052400000,11222.935642712746
1690056000000,11221.761212816176
1690059600000,11221.822012816177
1690063200000,11221.806812816178
1690066800000,11222.479412816178
1690070400000,11221.103230082514
1690074000000,11224.197630082514
1690077600000,11218.638030082515
1690081200000,11214.530630082514
1690084800000,11216.150900784525
1690088400000,11216.554650784527
1690092000000,11215.974200784525
1690095600000,11215.862650784526
1690099200000,11217.067585160867
1690102800000,11217.226735160864
1690106400000,11217.165185160866
1690110000000,11217.253135160865
1690113600000,11217.518335160867
1690117200000,11216.474685160867
1690120800000,11217.007685160865
1690124400000,11216.620735160865
1690128000000,11216.791400164277
1690131600000,11220.705800164276
1690135200000,11220.078900164277
1690138800000,11219.914731536377
1690142400000,11212.982481536377
1690146000000,11214.667281536378
1690149600000,11206.886781536377
1690153200000,11209.308681536379
1690156800000,11211.859988513352
1690160400000,11210.403338513352
1690164000000,11206.717838513352
1690167600000,11203.447688513352
1690171200000,11198.629282219956
1690174800000,11196.962482219955
1690178400000,11196.700132219956
1690182000000,11196.567832219956
1690185600000,11197.805913930635
1690189200000,11197.924713930634
1690192800000,11208.579882128426
1690196400000,11203.089882128425
1690200000000,11205.318016793133
1690203600000,11206.724816793134
1690207200000,11209.974766793135
1690210800000,11218.289816793134
1690214400000,11216.109383916193
1690218000000,11214.659483916193
1690221600000,11219.012033916193
1690225200000,11212.599683916194
1690228800000,11211.662233916193
1690232400000,11210.568083916192
1690236000000,11210.604533916192
1690239600000,11211.616533916193
1690243200000,11210.602740113261
1690246800000,11214.090640113262
1690250400000,11215.05539011326
1690254000000,11210.05209011326
1690257600000,11212.32219011326
1690261200000,11214.38644011326
1690264800000,11211.37079011326
1690268400000,11209.99369011326
1690272000000,11211.083236323715
1690275600000,11208.032636323716
1690279200000,11207.897636323714
1690282800000,11209.375386323714
1690286400000,11210.466686323716
1690290000000,11211.189386323715
1690293600000,11198.522236323715
1690297200000,11208.953236323716
1690300800000,11206.596349143669
1690304400000,11205.298899143669
1690308000000,11201.758999143669
1690311600000,11202.32004914367
1690315200000,11207.079799143668
1690318800000,11202.52504914367
1690322400000,11202.486599143669
1690326000000,11204.61879914367
1690329600000,11205.460067374579
1690333200000,11208.856317374579
1690336800000,11211.100767374579
1690340400000,11201.638867374579
1690344000000,11204.50081737458
1690347600000,11207.39096737458
1690351200000,11202.76966737458
1690354800000,11207.12026737458
1690358400000,11207.557560544336
1690362000000,11207.007510544337
1690365600000,11210.424560544336
1690369200000,11209.136760544337
1690372800000,11210.977510544337
1690376400000,11206.075560544336
1690380000000,11200.335760544336
1690383600000,11202.566560544336
1690387200000,11199.484119741135
1690390800000,11200.900369741135
1690394400000,11201.118619741133
1690398000000,11191.817219741135
1690401600000,11188.068994028974
1690405200000,11183.894594028972
1690408800000,11183.584574028973
1690412400000,11184.443094028973
1690416000000,11189.751770214307
1690419600000,11188.424750214308
1690423200000,11189.854010214305
1690426800000,11189.811390214305
1690430400000,11189.855930214306
1690434000000,11188.694150214305
1690437600000,11188.741850214306
1690441200000,11189.047710214307
1690444800000,11185.233539909135
1690448400000,11176.537499909136
1690452000000,11171.175139909135
1690455600000,11178.221839909134
1690459200000,11177.774139909136
1690462800000,11176.780069909137
1690466400000,11182.552039909137
1690470000000,11190.604089909137
1690473600000,11191.558608760419
1690477200000,11192.759438760419
1690480800000,11197.69718876042
1690484400000,11204.001528760418
1690488000000,11202.55135876042
1690491600000,11204.54717876042
1690495200000,11200.80085876042
1690498800000,11203.901558760419
1690502400000,11199.796215575281
1690506000000,11197.451075575282
1690509600000,11196.847995575281
1690513200000,11198.790305575283
1690516800000,11196.777945575283
1690520400000,11196.447785575281
1690524000000,11203.185855575282
1690527600000,11201.631945575282
1690531200000,11204.122863183069
1690534800000,11200.560813183069
1690538400000,11195.86436318307
1690542000000,11196.122653183069
1690545600000,11196.52785318307
1690549200000,11189.701933183069
1690552800000,11189.70255318307
1690556400000,11177.48220318307
1690560000000,11184.65016182545
1690563600000,11184.87548182545
1690567200000,11192.57187182545
1690570800000,11187.55468182545
1690574400000,11187.85675182545
1690578000000,11186.34651182545
1690581600000,11187.33221182545
1690585200000,11187.92754182545
1690588800000,11188.74041556333
1690592400000,11187.376675563331
1690596000000,11184.33891556333
1690599600000,11184.945215563332
1690603200000,11186.565825563332
1690606800000,11184.323975563331
1690610400000,11186.54361556333
1690614000000,11187.606655563332
1690617600000,11190.82961829376
1690621200000,11191.506498293758
1690624800000,11192.125478293758
1690628400000,11192.457058293758
1690632000000,11193.20425829376
1690635600000,11187.874948293758
1690639200000,11190.369648293758
1690642800000,11190.094418293758
1690646400000,11190.164829276559
1690650000000,11189.16219927656
1690653600000,11185.664099276559
1690657200000,11188.11301927656
1690660800000,11184.383089276558
1690664400000,11177.97050596919
1690668000000,11178.30800596919
1690671600000,11178.27200596919
1690675200000,11178.501125056318
1690678800000,11178.753125056319
1690682400000,11180.067125056317
1690686000000,11180.346125056318
1690689600000,11180.341625056319
1690693200000,11179.770125056319
1690696800000,11180.607125056318
1690700400000,11181.669125056318
1690704000000,11181.35989116911
1690707600000,11180.900891169109
1690711200000,11181.683891169108
1690714800000,11181.69289116911
1690718400000,11180.45539116911
1690722000000,11180.068391169109
1690725600000,11181.544391169109
1690729200000,11175.92389116911
1690732800000,11171.953666459303
1690736400000,11171.702916459304
1690740000000,11173.488256459303
1690743600000,11172.033906459303
1690747200000,11156.064080800394
1690750800000,11150.573720800394
1690754400000,11154.723200800394
1690758000000,11158.555580800394
1690761600000,11154.053586866188
1690765200000,11141.976606866188
1690768800000,11142.918846866189
1690772400000,11145.328806866188
1690776000000,11146.832766866188
1690779600000,11151.933546866188
1690783200000,11151.707046866188
1690786800000,11149.188366866189
1690790400000,11150.649898179665
1690794000000,11147.025898179663
1690797600000,11147.940958179664
1690801200000,11146.998718179664
1690804800000,11148.004378179665
1690808400000,11143.945498179664
1690812000000,11152.905838179664
1690815600000,11154.808438179663
1690819200000,11158.068552862698
1690822800000,11155.758252862697
1690826400000,11153.475132862697
1690830000000,11154.852252862698
1690833600000,11158.331292862698
1690837200000,11161.538532862698
1690840800000,11158.358472862697
1690844400000,11158.929252862697
1690848000000,11158.955146008564
1690851600000,11153.102386008564
1690855200000,11160.975526008564
1690858800000,11184.676486008564
1690862400000,11185.607598878814
1690866000000,11184.338178878816
1690869600000,11179.032438878814
1690873200000,11175.697398878814
1690876800000,11173.724063379059
1690880400000,11169.697463379058
1690884000000,11174.963363379058
1690887600000,11173.82252337906
1690891200000,11178.944663379058
1690894800000,11177.574023379058
1690898400000,11176.135463379058
1690902000000,11182.967183379058
1690905600000,11172.825970323058
1690909200000,11173.414450323058
1690912800000,11168.448250323057
1690916400000,11140.278490323059
1690920000000,11144.462770323058
1690923600000,11145.780550323057
1690927200000,11149.318570323057
1690930800000,11144.230210323058
1690934400000,11117.919896282969
1690938000000,11117.919896282969
1690941600000,11117.919896282969
1690945200000,11117.919896282969
1690948800000,11117.919896282969
1690952400000,11117.919896282969
1690956000000,11117.919896282969
1690959600000,11117.919896282969
1690963200000,11117.919896282969
1690966800000,11117.919896282969
1690970400000,11117.919896282969
1690974000000,11117.919896282969
1690977600000,11117.919896282969
1690981200000,11117.919896282969
1690984800000,11117.919896282969
1690988400000,11117.919896282969
1690992000000,11117.919896282969
1690995600000,11117.919896282969
1690999200000,11117.919896282969
1691002800000,11117.919896282969
1691006400000,11117.919896282969
1691010000000,11117.919896282969
1691013600000,11117.919896282969
1691017200000,11117.919896282969
1691020800000,11117.919896282969
1691024400000,11117.919896282969
1691028000000,11117.919896282969
1691031600000,11117.919896282969
1691035200000,11117.919896282969
1691038800000,11117.919896282969
1691042400000,11117.919896282969
1691046000000,11117.919896282969
1691049600000,11117.919896282969
1691053200000,11117.919896282969
1691056800000,11117.919896282969
1691060400000,11117.919896282969
1691064000000,11117.919896282969
1691067600000,11117.919896282969
1691071200000,11117.919896282969
1691074800000,11117.919896282969
1691078400000,11117.919896282969
1691082000000,11117.919896282969
1691085600000,11117.919896282969
1691089200000,11117.919896282969
1691092800000,11117.919896282969
1691096400000,11117.919896282969
1691100000000,11117.919896282969
1691103600000,11117.919896282969
1691107200000,11117.919896282969
1691110800000,11117.919896282969
1691114400000,11117.919896282969
1691118000000,11117.919896282969
1691121600000,11117.919896282969
1691125200000,11117.919896282969
1691128800000,11117.919896282969
1691132400000,11117.919896282969
1691136000000,11117.919896282969
1691139600000,11117.919896282969
1691143200000,11117.919896282969
1691146800000,11117.919896282969
1691150400000,11117.919896282969
1691154000000,11117.919896282969
1691157600000,11117.919896282969
1691161200000,11117.919896282969
1691164800000,11117.919896282969
1691168400000,11117.919896282969
1691172000000,11117.919896282969
1691175600000,11117.919896282969
1691179200000,11117.919896282969
1691182800000,11117.919896282969
1691186400000,11117.919896282969
1691190000000,11117.919896282969
1691193600000,11117.919896282969
1691197200000,11117.919896282969
1691200800000,11117.919896282969
1691204400000,11117.919896282969
1691208000000,11117.919896282969
1691211600000,11117.919896282969
1691215200000,11117.919896282969
1691218800000,11117.919896282969
1691222400000,11117.919896282969
1691226000000,11117.919896282969
1691229600000,11117.919896282969
1691233200000,11117.919896282969
1691236800000,11117.919896282969
1691240400000,11117.919896282969
1691244000000,11117.919896282969
1691247600000,11117.919896282969
1691251200000,11117.919896282969
1691254800000,11117.919896282969
1691258400000,11117.919896282969
1691262000000,11117.919896282969
1691265600000,11117.919896282969
1691269200000,11117.919896282969
1691272800000,11117.919896282969
1691276400000,11117.919896282969
1691280000000,11117.919896282969
1691283600000,11117.919896282969
1691287200000,11117.919896282969
1691290800000,11117.919896282969
1691294400000,11117.919896282969
1691298000000,11117.919896282969
1691301600000,11117.919896282969
1691305200000,11117.919896282969
1691308800000,11117.919896282969
1691312400000,11117.919896282969
1691316000000,11117.919896282969
1691319600000,11117.919896282969
1691323200000,11117.919896282969
1691326800000,11117.919896282969
1691330400000,11117.919896282969
1691334000000,11117.919896282969
1691337600000,11117.919896282969
1691341200000,11117.919896282969
1691344800000,11117.919896282969
1691348400000,11117.919896282969
1691352000000,11117.919896282969
1691355600000,11117.919896282969
1691359200000,11117.919896282969
1691362800000,11117.919896282969
1691366400000,11117.919896282969
1691370000000,11117.919896282969
1691373600000,11117.919896282969
1691377200000,11117.919896282969
1691380800000,11117.919896282969
1691384400000,11117.919896282969
1691388000000,11117.919896282969
1691391600000,11117.919896282969
1691395200000,11117.919896282969
1691398800000,11117.919896282969
1691402400000,11117.919896282969
1691406000000,11117.919896282969
1691409600000,11117.919896282969
1691413200000,11117.919896282969
1691416800000,11117.919896282969
1691420400000,11117.919896282969
1691424000000,11119.480846673576
1691427600000,11119.045846673574
1691431200000,11119.776646673576
1691434800000,11112.642646673576
1691438400000,11108.701546673576
1691442000000,11107.579246673575
1691445600000,11110.467646673575
1691449200000,11107.274746673575
1691452800000,11107.346444272178
1691456400000,11101.543544272177
1691460000000,11108.912444272179
1691463600000,11106.667844272179
1691467200000,11105.362844272178
1691470800000,11102.674544272179
1691474400000,11100.795344272177
1691478000000,11102.865944272178
1691481600000,11105.922238961373
1691485200000,11106.183238961374
1691488800000,11105.539438961372
1691492400000,11102.076838961373
1691496000000,11096.501127661277
1691499600000,11097.645027661276
1691503200000,11085.423456962448
1691506800000,11088.327456962448
1691510400000,11091.918113313925
1691514000000,11108.982523313925
1691517600000,11109.627233313924
1691521200000,11114.847833313925
1691524800000,11118.673743313926
1691528400000,11124.806133313925
1691532000000,11120.217593313924
1691535600000,11111.993003313924
1691539200000,11110.653296671782
1691542800000,11109.400396671783
1691546400000,11115.589216671782
1691550000000,11104.377466671782
1691553600000,11106.707046671781
1691557200000,11109.788366671783
1691560800000,11109.285556671783
1691564400000,11108.723016671782
1691568000000,11116.215906001315
1691571600000,11116.316446001316
1691575200000,11112.261846001315
1691578800000,11119.248166001315
1691582400000,11119.154336001315
1691586000000,11135.854976001314
1691589600000,11119.062376001315
1691593200000,11108.840736001313
1691596800000,11104.945185585511
1691600400000,11096.050345585512
1691604000000,11095.240085585512
1691607600000,11094.21716558551
1691611200000,11091.889245585511
1691614800000,11093.450525585511
1691618400000,11093.72876558551
1691622000000,11096.179245585512
1691625600000,11095.710409324449
1691629200000,11096.32142932445
1691632800000,11096.82286932445
1691636400000,11096.52350932445
1691640000000,11096.85970932445
1691643600000,11095.53990932445
1691647200000,11096.561069324449
1691650800000,11095.75258932445
1691654400000,11094.983794720862
1691658000000,11094.762694720861
1691661600000,11095.62575472086
1691665200000,11094.914434720862
1691668800000,11094.610354720862
1691672400000,11093.91435472086
1691676000000,11095.597334720862
1691679600000,11092.871474720861
1691683200000,11091.39982377502
1691686800000,11091.02170377502
1691690400000,11091.95408377502
1691694000000,11092.034503775021
1691697600000,11092.84850377502
1691701200000,11092.655503775022
1691704800000,11093.21244377502
1691708400000,11092.262763775021
1691712000000,11091.51064733779
1691715600000,11091.754607337789
1691719200000,11092.035807337788
1691722800000,11091.934547337789
1691726400000,11092.65774733779
1691730000000,11092.162007337789
1691733600000,11093.058587337788
1691737200000,11092.859287337787
1691740800000,11091.148500071295
1691744400000,11091.773760071294
1691748000000,11091.524920071293
1691751600000,11090.980320071294
1691755200000,11088.377692915654
1691758800000,11090.803312915654
1691762400000,11086.423172915653
1691766000000,11086.728732915653
1691769600000,11091.88923817478
1691773200000,11091.643838174778
1691776800000,11091.374518174778
1691780400000,11091.617518174779
1691784000000,11092.91731817478
1691787600000,11092.916538174777
1691791200000,11092.84141817478
1691794800000,11092.79663817478
1691798400000,11091.399090813222
1691802000000,11090.450390813221
1691805600000,11090.416870813222
1691809200000,11090.337670813222
1691812800000,11090.937850813223
1691816400000,11091.357290813223
1691820000000,11091.449310813223
1691823600000,11091.136110813222
1691827200000,11090.192982093718
1691830800000,11090.102702093718
1691834400000,11090.31208209372
1691838000000,11090.25580209372
1691841600000,11090.28626209372
1691845200000,11089.79022209372
1691848800000,11089.43560209372
1691852400000,11089.913242093719
1691856000000,11090.700276799083
1691859600000,11090.944676799085
1691863200000,11091.333596799084
1691866800000,11091.719616799084
1691870400000,11091.887136799083
1691874000000,11091.962496799084
1691877600000,11091.119716799085
1691881200000,11091.103976799084
1691884800000,11090.963918118943
1691888400000,11091.076158118942
1691892000000,11091.019018118943
1691895600000,11091.256118118943
1691899200000,11090.220038118943
1691902800000,11089.975558118942
1691906400000,11089.908178118942
1691910000000,11090.173798118944
1691913600000,11089.604976769879
1691917200000,11089.439876769879
1691920800000,11089.48031676988
1691924400000,11089.416676769877
1691928000000,11089.215576769879
1691931600000,11088.656316769879
1691935200000,11089.047116769878
1691938800000,11088.999556769879
1691942400000,11089.594783872262
1691946000000,11088.803763872264
1691949600000,11089.360023872263
1691953200000,11086.973103872262
1691956800000,11083.474312102253
1691960400000,11082.678312102253
1691964000000,11080.350312102253
1691967600000,11078.122312102254
1691971200000,11072.958194222578
1691974800000,11075.888114222576
1691978400000,11076.386414222578
1691982000000,11065.493714222577
1691985600000,11049.631078859022
1691989200000,11048.884038859022
1691992800000,11048.127798859021
1691996400000,11047.520598859022
1692000000000,11047.22047749295
1692003600000,11047.89575749295
1692007200000,11047.22415749295
1692010800000,11047.75959749295
1692014400000,11047.413677492952
1692018000000,11047.126637492951
1692021600000,11048.144157492952
1692025200000,11054.79575749295
1692028800000,11061.316506252635
1692032400000,11065.758266252635
1692036000000,11055.290506252635
1692039600000,11037.132016418773
1692043200000,11037.915856418773
1692046800000,11033.764816418774
1692050400000,11033.731696418774
1692054000000,11033.842096418774
1692057600000,11034.592616916587
1692061200000,11032.097576916585
1692064800000,11033.720456916586
1692068400000,11035.784936916585
1692072000000,11033.651731218437
1692075600000,11036.718091218438
1692079200000,11036.864971218436
1692082800000,11037.695371218437
1692086400000,11031.24694712962
1692090000000,11032.62216712962
1692093600000,11031.94038712962
1692097200000,11031.73046712962
1692100800000,11029.913648315876
1692104400000,11027.914368315878
1692108000000,11028.461488315877
1692111600000,11020.307168315878
1692115200000,11028.782024379701
1692118800000,11029.228744379701
1692122400000,11028.442724379702
1692126000000,11028.881144379702
1692129600000,11036.131884379702
1692133200000,11034.969224379702
1692136800000,11036.439404379702
1692140400000,11035.091624379702
1692144000000,11033.319727266213
1692147600000,11031.013807266212
1692151200000,11028.71546726621
1692154800000,11027.619127266213
1692158400000,11025.996009371776
1692162000000,11023.367899371777
1692165600000,11018.477049371775
1692169200000,11021.472829371774
1692172800000,11020.090962008318
1692176400000,11020.581312008318
1692180000000,11021.013522008318
1692183600000,11020.580372008319
1692187200000,11019.916182008319
1692190800000,11020.363902008317
1692194400000,11020.221752008318
1692198000000,11018.912552008318
1692201600000,11021.63466611824
1692205200000,11018.572916118239
1692208800000,11019.87369611824
1692212400000,11021.54374611824
1692216000000,11019.248330293307
1692219600000,11036.998250293307
1692223200000,11034.788620293308
1692226800000,11036.874850293307
1692230400000,11047.829561590388
1692234000000,11063.147371590387
1692237600000,11060.384401590387
1692241200000,11064.633991590388
1692244800000,11059.326151590387
1692248400000,11059.212451590387
1692252000000,11053.616441590388
1692255600000,11054.276661590387
1692259200000,11059.570125300823
1692262800000,11068.898955300823
1692266400000,11066.382765300823
1692270000000,11073.898875300823
1692273600000,11073.394775300823
1692277200000,11074.943775300824
1692280800000,11080.708545300824
1692284400000,11088.610285300823
1692288000000,11140.077924335315
1692291600000,11138.742644335316
1692295200000,11138.421794335316
1692298800000,11148.674694335317
1692302400000,11143.313244335317
1692306000000,11168.008354335316
1692309600000,11324.681144335316
1692313200000,11247.956184335315
1692316800000,11251.684873489832
1692320400000,11231.227553489833
1692324000000,11243.220763489833
1692327600000,11259.160263489834
1692331200000,11262.212883489832
1692334800000,11275.477653489834
1692338400000,11257.422223489832
1692342000000,11246.068843489833
1692345600000,11251.62515827852
1692349200000,11240.914068278522
1692352800000,11254.431058278522
1692356400000,11255.81099827852
1692360000000,11250.947218278521
1692363600000,11264.082748278523
1692367200000,11273.147468278521
1692370800000,11288.477578278522
1692374400000,11295.472371898639
1692378000000,11301.316331898639
1692381600000,11293.71830189864
1692385200000,11286.59821189864
1692388800000,11294.05321189864
1692392400000,11292.344721898638
1692396000000,11291.26041189864
1692399600000,11291.42935189864
1692403200000,11292.54558534008
1692406800000,11285.00672534008
1692410400000,11295.548085340079
1692414000000,11296.765075340081
1692417600000,11297.75884534008
1692421200000,11295.734985340081
1692424800000,11303.55802534008
1692428400000,11308.075545340082
1692432000000,11297.858130431092
1692435600000,11297.723280431092
1692439200000,11294.707840431092
1692442800000,11298.700840431093
1692446400000,11299.081860431092
1692450000000,11300.060140431093
1692453600000,11298.343550431091
1692457200000,11293.824040431093
1692460800000,11268.513080982266
1692464400000,11259.027440982267
1692468000000,11277.275290982265
1692471600000,11273.452490982265
1692475200000,11274.988770982265
1692478800000,11283.883560982265
1692482400000,11286.427970982266
1692486000000,11288.005410982265
1692489600000,11283.307539234926
1692493200000,11276.225339234927
1692496800000,11285.919729234927
1692500400000,11282.896249234927
1692504000000,11283.880319234926
1692507600000,11284.349179234927
1692511200000,11287.842859234926
1692514800000,11289.738489234927
1692518400000,11286.333503595171
1692522000000,11282.664083595171
1692525600000,11280.699223595173
1692529200000,11277.609143595171
1692532800000,11274.631373595172
1692536400000,11272.744923595172
1692540000000,11276.553223595172
1692543600000,11284.116683595172
1692547200000,11280.999846671622
1692550800000,11284.842616671622
1692554400000,11277.167566671622
1692558000000,11275.767556671623
1692561600000,11272.930806671622
1692565200000,11259.055436671622
1692568800000,11266.525896671623
1692572400000,11265.646246671624
1692576000000,11265.408793032806
1692579600000,11270.934853032804
1692583200000,11269.046313032804
1692586800000,11274.287413032804
1692590400000,11276.313393032806
1692594000000,11278.879283032806
1692597600000,11274.745323032805
1692601200000,11282.794143032805
1692604800000,11284.287803276442
1692608400000,11282.61691327644
1692612000000,11284.650023276441
1692615600000,11291.39744327644
1692619200000,11281.578873276441
1692622800000,11284.653793276442
1692626400000,11275.08193327644
1692630000000,11276.42072327644
1692633600000,11298.64475939767
1692637200000,11294.50794939767
1692640800000,11287.333839397672
1692644400000,11288.367489397671
1692648000000,11277.923369397671
1692651600000,11278.95916939767
1692655200000,11275.14462939767
1692658800000,11283.24703939767
1692662400000,11282.285970173121
1692666000000,11284.350830173122
1692669600000,11290.513110173122
1692673200000,11288.360130173121
1692676800000,11289.028990173121
1692680400000,11292.286370173122
1692684000000,11290.017720173122
1692687600000,11288.09765017312
1692691200000,11283.847715935608
1692694800000,11288.419865935608
1692698400000,11289.729225935607
1692702000000,11289.677625935608
1692705600000,11290.431125935607
1692709200000,11290.315305935608
1692712800000,11300.018985935609
1692716400000,11298.681045935607
1692720000000,11306.845694050093
1692723600000,11303.567494050094
1692727200000,11331.145424050093
1692730800000,11318.068324050091
1692734400000,11331.255054050092
1692738000000,11323.942764050093
1692741600000,11358.583254050092
1692745200000,11337.466664050093
1692748800000,11313.79132961586
1692752400000,11314.929209615859
1692756000000,11314.51880961586
1692759600000,11315.01964961586
1692763200000,11319.39759961586
1692766800000,11311.09484961586
1692770400000,11310.12210961586
1692774000000,11304.70916961586
1692777600000,11304.697334966915
1692781200000,11306.268224966916
1692784800000,11305.544604966915
1692788400000,11310.257594966915
1692792000000,11313.442104966916
1692795600000,11320.110454966916
1692799200000,11305.925264966914
1692802800000,11299.199444966915
1692806400000,11290.071096296979
1692810000000,11260.368088178393
1692813600000,11260.368088178393
1692817200000,11260.368088178393
1692820800000,11260.368088178393
1692824400000,11260.368088178393
1692828000000,11260.368088178393
1692831600000,11260.368088178393
1692835200000,11260.368088178393
1692838800000,11260.368088178393
1692842400000,11260.368088178393
1692846000000,11260.368088178393
1692849600000,11260.368088178393
1692853200000,11260.368088178393
1692856800000,11260.368088178393
1692860400000,11260.368088178393
1692864000000,11260.368088178393
1692867600000,11260.368088178393
1692871200000,11260.368088178393
1692874800000,11260.368088178393
1692878400000,11260.368088178393
1692882000000,11260.368088178393
1692885600000,11260.368088178393
1692889200000,11260.368088178393
1692892800000,11260.368088178393
1692896400000,11260.368088178393
1692900000000,11260.368088178393
1692903600000,11260.368088178393
1692907200000,11260.368088178393
1692910800000,11260.368088178393
1692914400000,11260.368088178393
1692918000000,11260.368088178393
1692921600000,11260.368088178393
1692925200000,11260.368088178393
1692928800000,11260.368088178393
1692932400000,11260.368088178393
1692936000000,11260.368088178393
1692939600000,11260.368088178393
1692943200000,11260.368088178393
1692946800000,11260.368088178393
1692950400000,11260.368088178393
1692954000000,11260.368088178393
1692957600000,11260.368088178393
1692961200000,11260.368088178393
1692964800000,11260.368088178393
1692968400000,11260.368088178393
1692972000000,11260.368088178393
1692975600000,11260.368088178393
1692979200000,11260.368088178393
1692982800000,11260.368088178393
1692986400000,11260.368088178393
1692990000000,11260.368088178393
1692993600000,11260.368088178393
1692997200000,11260.368088178393
1693000800000,11260.368088178393
1693004400000,11260.368088178393
1693008000000,11260.368088178393
1693011600000,11260.368088178393
1693015200000,11260.368088178393
1693018800000,11260.368088178393
1693022400000,11260.368088178393
1693026000000,11260.368088178393
1693029600000,11260.368088178393
1693033200000,11260.368088178393
1693036800000,11260.368088178393
1693040400000,11260.368088178393
1693044000000,11260.368088178393
1693047600000,11260.368088178393
1693051200000,11260.368088178393
1693054800000,11260.368088178393
1693058400000,11260.368088178393
1693062000000,11260.368088178393
1693065600000,11260.368088178393
1693069200000,11260.368088178393
1693072800000,11260.368088178393
1693076400000,11260.368088178393
1693080000000,11260.368088178393
1693083600000,11260.368088178393
1693087200000,11260.368088178393
1693090800000,11260.368088178393
1693094400000,11260.368088178393
1693098000000,11260.368088178393
1693101600000,11260.368088178393
1693105200000,11260.368088178393
1693108800000,11260.368088178393
1693112400000,11260.368088178393
1693116000000,11260.368088178393
1693119600000,11260.368088178393
1693123200000,11260.368088178393
1693126800000,11260.368088178393
1693130400000,11260.368088178393
1693134000000,11260.368088178393
1693137600000,11260.368088178393
1693141200000,11260.368088178393
1693144800000,11260.368088178393
1693148400000,11260.368088178393
1693152000000,11260.368088178393
1693155600000,11260.368088178393
1693159200000,11260.368088178393
1693162800000,11260.368088178393
1693166400000,11260.368088178393
1693170000000,11260.368088178393
1693173600000,11260.368088178393
1693177200000,11260.368088178393
1693180800000,11260.368088178393
1693184400000,11260.368088178393
1693188000000,11260.368088178393
1693191600000,11260.368088178393
1693195200000,11260.368088178393
1693198800000,11260.368088178393
1693202400000,11260.368088178393
1693206000000,11260.368088178393
1693209600000,11260.368088178393
1693213200000,11260.368088178393
1693216800000,11260.368088178393
1693220400000,11260.368088178393
1693224000000,11260.368088178393
1693227600000,11260.368088178393
1693231200000,11260.368088178393
1693234800000,11260.368088178393
1693238400000,11260.368088178393
1693242000000,11260.368088178393
1693245600000,11260.368088178393
1693249200000,11260.368088178393
1693252800000,11260.368088178393
1693256400000,11260.368088178393
1693260000000,11260.368088178393
1693263600000,11260.368088178393
1693267200000,11260.368088178393
1693270800000,11260.368088178393
1693274400000,11260.368088178393
1693278000000,11260.368088178393
1693281600000,11260.368088178393
1693285200000,11260.368088178393
1693288800000,11260.368088178393
1693292400000,11260.368088178393
1693296000000,11260.368088178393
1693299600000,11260.368088178393
1693303200000,11260.368088178393
1693306800000,11260.368088178393
1693310400000,11260.368088178393
1693314000000,11260.368088178393
1693317600000,11260.368088178393
1693321200000,11260.368088178393
1693324800000,11260.368088178393
1693328400000,11260.368088178393
1693332000000,11260.368088178393
1693335600000,11260.368088178393
1693339200000,11260.368088178393
1693342800000,11260.368088178393
1693346400000,11260.368088178393
1693350000000,11260.368088178393
1693353600000,11260.368088178393
1693357200000,11260.368088178393
1693360800000,11260.368088178393
1693364400000,11260.368088178393
1693368000000,11260.368088178393
1693371600000,11260.368088178393
1693375200000,11260.368088178393
1693378800000,11260.368088178393
1693382400000,11260.368088178393
1693386000000,11260.368088178393
1693389600000,11260.368088178393
1693393200000,11260.368088178393
1693396800000,11260.368088178393
1693400400000,11260.368088178393
1693404000000,11260.368088178393
1693407600000,11260.368088178393
1693411200000,11260.368088178393
1693414800000,11260.368088178393
1693418400000,11260.368088178393
1693422000000,11260.368088178393
1693425600000,11260.368088178393
1693429200000,11260.368088178393
1693432800000,11260.368088178393
1693436400000,11260.368088178393
1693440000000,11260.368088178393
1693443600000,11260.368088178393
1693447200000,11260.368088178393
1693450800000,11260.368088178393
1693454400000,11260.368088178393
1693458000000,11260.368088178393
1693461600000,11260.368088178393
1693465200000,11260.368088178393
1693468800000,11260.368088178393
1693472400000,11260.368088178393
1693476000000,11260.368088178393
1693479600000,11260.368088178393
1693483200000,11260.368088178393
1693486800000,11260.368088178393
1693490400000,11260.368088178393
1693494000000,11260.368088178393
1693497600000,11260.368088178393
1693501200000,11260.368088178393
1693504800000,11260.368088178393
1693508400000,11260.368088178393
1693512000000,11260.368088178393
1693515600000,11260.368088178393
1693519200000,11260.368088178393
1693522800000,11260.368088178393
1693526400000,11260.368088178393
1693530000000,11260.368088178393
1693533600000,11260.368088178393
1693537200000,11260.368088178393
1693540800000,11260.368088178393
1693544400000,11260.368088178393
1693548000000,11260.368088178393
1693551600000,11260.368088178393
1693555200000,11260.368088178393
1693558800000,11260.368088178393
1693562400000,11260.368088178393
1693566000000,11260.368088178393
1693569600000,11260.368088178393
1693573200000,11260.368088178393
1693576800000,11260.368088178393
1693580400000,11260.368088178393
1693584000000,11260.368088178393
1693587600000,11260.368088178393
1693591200000,11260.368088178393
1693594800000,11260.368088178393
1693598400000,11258.826550733656
1693602000000,11253.151620733657
1693605600000,11252.035750733658
1693609200000,11254.137370733657
1693612800000,11251.970355338462
1693616400000,11252.462845338461
1693620000000,11252.662355338463
1693623600000,11252.378185338463
1693627200000,11250.868895338463
1693630800000,11251.074195338462
1693634400000,11249.766425338463
1693638000000,11250.380005338462
1693641600000,11251.321289320047
1693645200000,11252.181999320046
1693648800000,11250.278859320048
1693652400000,11249.424339320047
1693656000000,11249.650239320046
1693659600000,11249.801699320047
1693663200000,11248.672159320047
1693666800000,11247.400479320047
1693670400000,11246.526325845554
1693674000000,11248.266275845554
1693677600000,11250.550135845555
1693681200000,11251.254725845554
1693684800000,11250.214755845554
1693688400000,11249.536535845553
1693692000000,11248.629835845553
1693695600000,11248.057225845554
1693699200000,11247.765593977167
1693702800000,11248.887143977166
1693706400000,11249.741583977166
1693710000000,11249.139023977168
1693713600000,11247.972043977166
1693717200000,11248.436583977167
1693720800000,11247.359463977167
1693724400000,11247.355273977166
1693728000000,11246.43547777621
1693731600000,11249.738407776209
1693735200000,11248.664247776209
1693738800000,11247.558577776208
1693742400000,11247.311777776209
1693746000000,11250.505737776208
1693749600000,11248.595757776207
1693753200000,11246.914257776209
1693756800000,11249.413399970967
1693760400000,11252.470379970966
1693764000000,11249.913819970965
1693767600000,11245.934789970966
1693771200000,11244.119819970967
1693774800000,11241.169669970966
1693778400000,11245.957209970966
1693782000000,11246.697089970965
1693785600000,11246.03543629889
1693789200000,11248.042126298888
1693792800000,11248.657516298888
1693796400000,11244.690266298889
1693800000000,11244.782216298889
1693803600000,11244.916366298889
1693807200000,11247.162786298888
1693810800000,11245.62979629889
1693814400000,11244.942018554008
1693818000000,11244.536348554007
1693821600000,11245.944588554008
1693825200000,11247.597768554007
1693828800000,11249.496488554008
1693832400000,11251.141278554009
1693836000000,11249.004658554008
1693839600000,11251.028898554008
1693843200000,11252.636410575844
1693846800000,11251.070310575844
1693850400000,11249.105190575845
1693854000000,11249.611930575844
1693857600000,11249.118610575844
1693861200000,11251.751320575844
1693864800000,11258.556950575845
1693868400000,11254.550020575844
1693872000000,11251.493364149983
1693875600000,11253.783414149984
1693879200000,11255.427154149984
1693882800000,11260.502184149984
1693886400000,11258.959564149984
1693890000000,11256.943544149985
1693893600000,11255.122054149984
1693897200000,11257.058064149984
1693900800000,11255.290937620533
1693904400000,11255.555157620534
1693908000000,11251.758527620534
1693911600000,11250.859377620534
1693915200000,11249.974207620533
1693918800000,11248.937347620533
1693922400000,11252.952917620532
1693926000000,11253.599117620533
1693929600000,11250.049709994915
1693933200000,11250.412039994915
1693936800000,11250.329309994915
1693940400000,11250.050919994914
1693944000000,11253.096209994916
1693947600000,11253.856469994915
1693951200000,11253.096699994914
1693954800000,11251.904459994916
1693958400000,11250.917593486403
1693962000000,11250.438063486403
1693965600000,11251.037923486405
1693969200000,11246.917963486403
1693972800000,11251.167153486404
1693976400000,11252.586533486405
1693980000000,11253.738703486402
1693983600000,11252.544073486404
1693987200000,11253.903514219954
1693990800000,11252.483654219954
1693994400000,11252.298564219953
1693998000000,11252.786404219954
1694001600000,11252.387344219955
1694005200000,11253.134114219954
1694008800000,11253.229024219954
1694012400000,11258.299004219954
1694016000000,11259.604980279322
1694019600000,11258.723540279323
1694023200000,11241.18641829079
1694026800000,11247.54101829079
1694030400000,11246.40071829079
1694034000000,11246.58761829079
1694037600000,11245.38011829079
1694041200000,11245.28981829079
1694044800000,11245.006026134275
1694048400000,11244.905226134275
1694052000000,11245.232826134275
1694055600000,11245.207626134275
1694059200000,11243.239926134276
1694062800000,11243.779626134276
1694066400000,11244.262626134276
1694070000000,11244.865326134275
1694073600000,11245.07322520473
1694077200000,11245.295825204728
1694080800000,11245.42602520473
1694084400000,11245.205525204728
1694088000000,11246.17572520473
1694091600000,11246.963225204729
1694095200000,11247.75702520473
1694098800000,11244.63642520473
1694102400000,11244.68859281477
1694106000000,11243.60289281477
1694109600000,11240.755292814769
1694113200000,11241.927092814769
1694116800000,11242.401692814768
1694120400000,11237.209265425616
1694124000000,11237.209265425616
1694127600000,11237.209265425616
1694131200000,11237.209265425616
1694134800000,11237.209265425616
1694138400000,11237.209265425616
1694142000000,11237.209265425616
1694145600000,11237.209265425616
1694149200000,11237.209265425616
1694152800000,11237.209265425616
1694156400000,11237.209265425616
1694160000000,11237.209265425616
1694163600000,11237.209265425616
1694167200000,11237.209265425616
1694170800000,11237.209265425616
1694174400000,11237.209265425616
1694178000000,11237.209265425616
1694181600000,11237.209265425616
1694185200000,11237.209265425616
1694188800000,11237.209265425616
1694192400000,11237.209265425616
1694196000000,11237.209265425616
1694199600000,11237.209265425616
1694203200000,11237.209265425616
1694206800000,11237.209265425616
1694210400000,11237.209265425616
1694214000000,11237.209265425616
1694217600000,11237.209265425616
1694221200000,11237.209265425616
1694224800000,11237.209265425616
1694228400000,11237.209265425616
1694232000000,11237.209265425616
1694235600000,11237.209265425616
1694239200000,11237.209265425616
1694242800000,11237.209265425616
1694246400000,11237.209265425616
1694250000000,11237.209265425616
1694253600000,11237.209265425616
1694257200000,11237.209265425616
1694260800000,11237.209265425616
1694264400000,11237.209265425616
1694268000000,11237.209265425616
1694271600000,11237.209265425616
1694275200000,11237.209265425616
1694278800000,11237.209265425616
1694282400000,11237.209265425616
1694286000000,11237.209265425616
1694289600000,11237.209265425616
1694293200000,11237.209265425616
1694296800000,11237.209265425616
1694300400000,11237.209265425616
1694304000000,11237.209265425616
1694307600000,11237.209265425616
1694311200000,11237.209265425616
1694314800000,11237.209265425616
1694318400000,11237.209265425616
1694322000000,11237.209265425616
1694325600000,11237.209265425616
1694329200000,11237.209265425616
1694332800000,11237.209265425616
1694336400000,11237.209265425616
1694340000000,11237.209265425616
1694343600000,11237.209265425616
1694347200000,11237.209265425616
1694350800000,11237.209265425616
1694354400000,11237.209265425616
1694358000000,11237.209265425616
1694361600000,11237.209265425616
1694365200000,11237.209265425616
1694368800000,11237.209265425616
1694372400000,11237.209265425616
1694376000000,11237.107230955633
1694379600000,11233.792380955632
1694383200000,11230.124520955633
1694386800000,11233.938750955633
1694390400000,11235.332032379785
1694394000000,11241.944512379785
1694397600000,11243.124082379785
1694401200000,11239.800622379786
1694404800000,11239.964212379784
1694408400000,11240.213902379784
1694412000000,11235.607552379784
1694415600000,11237.105692379784
1694419200000,11239.975075412774
1694422800000,11245.184125412774
1694426400000,11256.420175412773
1694430000000,11259.502555412773
1694433600000,11262.576325412774
1694437200000,11256.342685412774
1694440800000,11260.578805412773
1694444400000,11287.743355412775
1694448000000,11281.566890615471
1694451600000,11282.127320615471
1694455200000,11277.51983061547
1694458800000,11286.73268061547
1694462400000,11308.53905061547
1694466000000,11301.739760615472
1694469600000,11296.42046061547
1694473200000,11293.37798061547
1694476800000,11288.930863586667
1694480400000,11281.734493586668
1694484000000,11289.603253586669
1694487600000,11281.854883586668
1694491200000,11238.933536363926
1694494800000,11243.109386363925
1694498400000,11240.948276363924
1694502000000,11242.610006363924
1694505600000,11243.262487970058
1694509200000,11245.036147970059
1694512800000,11235.754567970058
1694516400000,11228.576561974001
1694520000000,11228.576561974001
1694523600000,11228.576561974001
1694527200000,11228.576561974001
1694530800000,11228.576561974001
1694534400000,11228.576561974001
1694538000000,11228.576561974001
1694541600000,11228.576561974001
1694545200000,11228.576561974001
1694548800000,11228.576561974001
1694552400000,11228.576561974001
1694556000000,11228.576561974001
1694559600000,11228.576561974001
1694563200000,11228.576561974001
1694566800000,11228.576561974001
1694570400000,11228.576561974001
1694574000000,11228.576561974001
1694577600000,11228.576561974001
1694581200000,11228.576561974001
1694584800000,11228.576561974001
1694588400000,11228.576561974001
1694592000000,11228.576561974001
1694595600000,11228.576561974001
1694599200000,11228.576561974001
1694602800000,11228.576561974001
1694606400000,11228.576561974001
1694610000000,11228.576561974001
1694613600000,11228.576561974001
1694617200000,11228.576561974001
1694620800000,11228.576561974001
1694624400000,11228.576561974001
1694628000000,11228.576561974001
1694631600000,11228.576561974001
1694635200000,11228.576561974001
1694638800000,11228.576561974001
1694642400000,11228.576561974001
1694646000000,11228.576561974001
1694649600000,11228.576561974001
1694653200000,11228.576561974001
1694656800000,11228.576561974001
1694660400000,11228.576561974001
1694664000000,11228.576561974001
1694667600000,11228.576561974001
1694671200000,11228.576561974001
1694674800000,11228.576561974001
1694678400000,11228.576561974001
1694682000000,11228.576561974001
1694685600000,11228.576561974001
1694689200000,11228.576561974001
1694692800000,11228.576561974001
1694696400000,11228.576561974001
1694700000000,11228.576561974001
1694703600000,11228.576561974001
1694707200000,11228.576561974001
1694710800000,11228.576561974001
1694714400000,11228.576561974001
1694718000000,11228.576561974001
1694721600000,11228.576561974001
1694725200000,11228.576561974001
1694728800000,11228.576561974001
1694732400000,11228.576561974001
1694736000000,11228.576561974001
1694739600000,11228.576561974001
1694743200000,11228.576561974001
1694746800000,11228.576561974001
1694750400000,11228.576561974001
1694754000000,11228.576561974001
1694757600000,11228.576561974001
1694761200000,11228.576561974001
1694764800000,11228.576561974001
1694768400000,11228.576561974001
1694772000000,11228.576561974001
1694775600000,11228.576561974001
1694779200000,11228.576561974001
1694782800000,11228.576561974001
1694786400000,11228.576561974001
1694790000000,11228.576561974001
1694793600000,11228.576561974001
1694797200000,11228.576561974001
1694800800000,11228.576561974001
1694804400000,11228.576561974001
1694808000000,11228.576561974001
1694811600000,11228.576561974001
1694815200000,11228.576561974001
1694818800000,11228.576561974001
1694822400000,11228.576561974001
1694826000000,11228.576561974001
1694829600000,11228.576561974001
1694833200000,11228.576561974001
1694836800000,11228.576561974001
1694840400000,11228.576561974001
1694844000000,11228.576561974001
1694847600000,11228.576561974001
1694851200000,11228.576561974001
1694854800000,11228.576561974001
1694858400000,11228.576561974001
1694862000000,11228.576561974001
1694865600000,11228.576561974001
1694869200000,11228.576561974001
1694872800000,11228.576561974001
1694876400000,11228.576561974001
1694880000000,11228.576561974001
1694883600000,11228.576561974001
1694887200000,11228.576561974001
1694890800000,11228.576561974001
1694894400000,11228.576561974001
1694898000000,11228.576561974001
1694901600000,11228.576561974001
1694905200000,11228.576561974001
1694908800000,11228.576561974001
1694912400000,11228.576561974001
1694916000000,11228.576561974001
1694919600000,11228.576561974001
1694923200000,11227.784482932972
1694926800000,11228.776682932972
1694930400000,11228.251882932973
1694934000000,11228.518382932973
1694937600000,11226.275582900738
1694941200000,11228.772482900738
1694944800000,11229.940982900738
1694948400000,11230.46578290074
1694952000000,11229.530982900738
1694955600000,11229.510482900738
1694959200000,11228.071382900738
1694962800000,11228.235382900739
1694966400000,11228.593221670408
1694970000000,11226.71542167041
1694973600000,11225.280421670408
1694977200000,11226.387421670408
1694980800000,11226.473521670408
1694984400000,11223.537921670408
1694988000000,11225.40342167041
1694991600000,11226.334121670408
1694995200000,11227.725444251255
1694998800000,11225.232644251255
1695002400000,11224.957944251255
1695006000000,11232.756144251254
1695009600000,11233.321944251255
1695013200000,11231.804944251255
1695016800000,11233.096444251256
1695020400000,11232.276444251254
1695024000000,11235.320505510952
1695027600000,11236.132305510953
1695031200000,11243.131005510953
1695034800000,11253.553205510952
1695038400000,11255.726205510953
1695042000000,11261.458005510953
1695045600000,11258.407605510953
1695049200000,11258.551105510953
1695052800000,11258.635012466544
1695056400000,11257.679712466545
1695060000000,11234.072851401108
1695063600000,11234.072851401108
1695067200000,11234.072851401108
1695070800000,11234.072851401108
1695074400000,11234.072851401108
1695078000000,11234.072851401108
1695081600000,11234.072851401108
1695085200000,11234.072851401108
1695088800000,11234.072851401108
1695092400000,11234.072851401108
1695096000000,11234.072851401108
1695099600000,11234.072851401108
1695103200000,11234.072851401108
1695106800000,11234.072851401108
1695110400000,11234.072851401108
1695114000000,11234.072851401108
1695117600000,11234.072851401108
1695121200000,11234.072851401108
1695124800000,11234.072851401108
1695128400000,11234.072851401108
1695132000000,11234.072851401108
1695135600000,11234.072851401108
1695139200000,11232.05133905951
1695142800000,11228.551739059509
1695146400000,11225.512339059509
1695150000000,11225.21853905951
1695153600000,11226.38853905951
1695157200000,11226.83833905951
1695160800000,11226.302739059509
1695164400000,11226.783739059509
1695168000000,11227.304022480985
1695171600000,11227.995622480985
1695175200000,11231.146822480985
1695178800000,11226.882822480986
1695182400000,11224.932822480985
1695186000000,11224.186622480986
1695189600000,11223.318222480986
1695193200000,11223.926622480985
1695196800000,11224.751424813572
1695200400000,11226.904224813572
1695204000000,11223.945424813573
1695207600000,11224.197624813572
1695211200000,11225.086824813572
1695214800000,11224.309424813573
1695218400000,11225.900624813572
1695222000000,11225.500224813573
1695225600000,11227.215425100814
1695229200000,11226.679825100815
1695232800000,11225.691825100814
1695236400000,11226.802025100815
1695240000000,11220.276025100815
1695243600000,11224.118825100815
1695247200000,11225.216025100815
1695250800000,11224.956025100815
1695254400000,11225.304629515935
1695258000000,11223.149229515935
1695261600000,11223.170029515935
1695265200000,11221.734829515935
1695268800000,11222.959429515935
1695272400000,11224.467429515935
1695276000000,11224.004629515935
1695279600000,11224.093029515936
1695283200000,11221.917846237617
1695286800000,11220.456646237617
1695290400000,11215.503646237616
1695294000000,11213.993046237616
1695297600000,11215.763646237616
1695301200000,11213.278046237616
1695304800000,11208.539509335358
1695308400000,11208.539509335358
1695312000000,11208.539509335358
1695315600000,11208.539509335358
1695319200000,11208.539509335358
1695322800000,11208.539509335358
1695326400000,11208.539509335358
1695330000000,11208.539509335358
1695333600000,11208.539509335358
1695337200000,11208.539509335358
1695340800000,11208.539509335358
1695344400000,11208.539509335358
1695348000000,11208.539509335358
1695351600000,11208.539509335358
1695355200000,11208.539509335358
1695358800000,11208.539509335358
1695362400000,11208.539509335358
1695366000000,11208.539509335358
1695369600000,11208.539509335358
1695373200000,11208.539509335358
1695376800000,11208.539509335358
1695380400000,11208.539509335358
1695384000000,11208.539509335358
1695387600000,11208.539509335358
1695391200000,11208.539509335358
1695394800000,11208.539509335358
1695398400000,11208.539509335358
1695402000000,11208.539509335358
1695405600000,11208.539509335358
1695409200000,11208.539509335358
1695412800000,11207.380176951101
1695416400000,11207.7269769511
1695420000000,11206.3771769511
1695423600000,11206.3227769511
1695427200000,11204.474997777055
1695430800000,11205.209397777055
1695434400000,11204.399397777055
1695438000000,11203.506597777056
1695441600000,11202.509397777056
1695445200000,11203.412997777055
1695448800000,11203.142997777055
1695452400000,11204.370597777055
1695456000000,11204.924513137143
1695459600000,11204.089313137143
1695463200000,11204.456513137144
1695466800000,11203.830113137143
1695470400000,11204.262113137143
1695474000000,11204.384513137144
1695477600000,11203.984913137143
1695481200000,11203.826513137143
1695484800000,11204.094514143091
1695488400000,11205.354514143091
1695492000000,11205.01611414309
1695495600000,11205.530914143092
1695499200000,11205.307714143091
1695502800000,11204.551714143092
1695506400000,11203.88571414309
1695510000000,11203.63371414309
1695513600000,11204.176225641133
1695517200000,11203.967425641133
1695520800000,11204.655025641134
1695524400000,11204.507425641134
1695528000000,11204.007025641133
1695531600000,11204.046625641133
1695535200000,11203.607425641134
1695538800000,11203.380625641134
1695542400000,11203.810697573443
1695546000000,11204.822297573442
1695549600000,11204.822297573442
1695553200000,11204.361497573444
1695556800000,11205.139097573443
1695560400000,11205.301097573443
1695564000000,11204.624297573444
1695567600000,11204.671097573444
1695571200000,11204.207886894392
1695574800000,11204.110686894392
1695578400000,11208.632286894392
1695582000000,11203.955886894391
1695585600000,11195.452656995418
1695589200000,11195.452656995418
1695592800000,11195.452656995418
1695596400000,11195.452656995418
1695600000000,11195.452656995418
1695603600000,11195.452656995418
1695607200000,11195.452656995418
1695610800000,11195.452656995418
1695614400000,11195.452656995418
1695618000000,11195.452656995418
1695621600000,11195.452656995418
1695625200000,11195.452656995418
1695628800000,11195.452656995418
1695632400000,11195.452656995418
1695636000000,11195.452656995418
1695639600000,11195.452656995418
1695643200000,11195.452656995418
1695646800000,11195.452656995418
1695650400000,11195.452656995418
1695654000000,11195.452656995418
1695657600000,11195.452656995418
1695661200000,11195.452656995418
1695664800000,11195.452656995418
1695668400000,11195.452656995418
1695672000000,11195.452656995418
1695675600000,11195.452656995418
1695679200000,11195.452656995418
1695682800000,11195.452656995418
1695686400000,11195.452656995418
1695690000000,11195.452656995418
1695693600000,11195.452656995418
1695697200000,11195.452656995418
1695700800000,11195.452656995418
1695704400000,11195.452656995418
1695708000000,11195.452656995418
1695711600000,11195.452656995418
1695715200000,11195.452656995418
1695718800000,11195.452656995418
1695722400000,11195.452656995418
1695726000000,11195.452656995418
1695729600000,11195.452656995418
1695733200000,11195.452656995418
1695736800000,11195.452656995418
1695740400000,11195.452656995418
1695744000000,11195.452656995418
1695747600000,11195.452656995418
1695751200000,11195.452656995418
1695754800000,11195.452656995418
1695758400000,11195.452656995418
1695762000000,11195.452656995418
1695765600000,11195.452656995418
1695769200000,11195.452656995418
1695772800000,11195.452656995418
1695776400000,11195.452656995418
1695780000000,11195.452656995418
1695783600000,11195.452656995418
1695787200000,11195.452656995418
1695790800000,11195.452656995418
1695794400000,11195.452656995418
1695798000000,11195.452656995418
1695801600000,11195.452656995418
1695805200000,11195.452656995418
1695808800000,11195.452656995418
1695812400000,11195.452656995418
1695816000000,11195.502646135854
1695819600000,11193.061246135854
1695823200000,11187.390646135855
1695826800000,11168.892382475666
1695830400000,11168.892382475666
1695834000000,11168.892382475666
1695837600000,11168.892382475666
1695841200000,11168.892382475666
1695844800000,11168.892382475666
1695848400000,11168.892382475666
1695852000000,11168.892382475666
1695855600000,11168.892382475666
1695859200000,11168.892382475666
1695862800000,11168.892382475666
1695866400000,11168.892382475666
1695870000000,11168.892382475666
1695873600000,11168.892382475666
1695877200000,11168.892382475666
1695880800000,11168.892382475666
1695884400000,11168.892382475666
1695888000000,11168.892382475666
1695891600000,11168.892382475666
1695895200000,11168.892382475666
1695898800000,11168.892382475666
1695902400000,11168.892382475666
1695906000000,11168.892382475666
1695909600000,11168.892382475666
1695913200000,11168.892382475666
1695916800000,11166.104332105062
1695920400000,11166.32183210506
1695924000000,11164.413632105061
1695927600000,11169.778632105063
1695931200000,11165.776632105062
1695934800000,11165.959332105062
1695938400000,11167.913932105062
1695942000000,11168.482332105063
1695945600000,11167.81672887272
1695949200000,11166.30002887272
1695952800000,11167.747128872721
1695956400000,11172.10582887272
1695960000000,11170.15702887272
1695963600000,11169.55672887272
1695967200000,11169.55672887272
1695970800000,11167.35852887272
1695974400000,11164.101903379607
1695978000000,11168.660703379606
1695981600000,11167.776203379606
1695985200000,11168.277903379607
1695988800000,11169.922203379607
1695992400000,11168.808603379606
1695996000000,11171.618703379607
1695999600000,11172.430703379607
1696003200000,11171.886313368943
1696006800000,11172.411213368943
1696010400000,11174.380313368943
1696014000000,11170.967013368943
1696017600000,11171.109113368942
1696021200000,11171.242513368943
1696024800000,11172.399613368943
1696028400000,11172.083513368943
1696032000000,11171.839128157628
1696035600000,11170.528328157628
1696039200000,11172.053728157627
1696042800000,11171.395428157628
1696046400000,11171.201128157629
1696050000000,11170.911128157628
1696053600000,11170.690728157628
1696057200000,11171.041628157627
1696060800000,11170.789378546762
1696064400000,11170.798078546763
1696068000000,11169.901978546763
1696071600000,11169.414778546763
1696075200000,11170.592178546762
1696078800000,11170.908278546762
1696082400000,11169.127678546762
1696086000000,11168.811578546762
1696089600000,11167.01510595228
1696093200000,11167.60720595228
1696096800000,11167.75600595228
1696100400000,11167.37160595228
1696104000000,11167.07065630552
1696107600000,11169.15907630552
1696111200000,11163.61428630552
1696114800000,11164.59872630552
1696118400000,11161.465793073225
1696122000000,11164.140283073224
1696125600000,11164.911613073224
1696129200000,11164.900873073224
1696132800000,11165.717363073223
1696136400000,11166.295753073224
1696140000000,11169.017343073225
1696143600000,11170.293343073225
1696147200000,11169.93894315074
1696150800000,11170.95945315074
1696154400000,11176.765003150742
1696158000000,11175.71178315074
1696161600000,11176.77510315074
1696165200000,11176.24289315074
1696168800000,11175.73271315074
1696172400000,11171.505813150741
1696176000000,11173.048870485538
1696179600000,11170.119270485537
1696183200000,11165.228750485538
1696186800000,11167.516290485537
1696190400000,11168.189890485537
1696194000000,11167.396660485538
1696197600000,11172.079510485537
1696201200000,11221.093180485537
1696204800000,11221.95739149598
1696208400000,11215.80386149598
1696212000000,11216.22619149598
1696215600000,11218.86326149598
1696219200000,11223.68955149598
1696222800000,11220.42358149598
1696226400000,11213.89167149598
1696230000000,11221.644891495982
1696233600000,11228.424572637101
1696237200000,11231.2452826371
1696240800000,11229.809682637102
1696244400000,11231.088842637102
1696248000000,11224.568132637101
1696251600000,11229.985882637102
1696255200000,11231.805102637101
1696258800000,11222.850392637101
1696262400000,11203.66595083708
1696266000000,11201.976710837078
1696269600000,11202.823640837078
1696273200000,11186.659941799813
1696276800000,11193.349741799813
1696280400000,11189.645241799813
1696284000000,11179.468586601926
1696287600000,11179.468586601926
1696291200000,11179.468586601926
1696294800000,11179.468586601926
1696298400000,11179.468586601926
1696302000000,11179.468586601926
1696305600000,11179.468586601926
1696309200000,11179.468586601926
1696312800000,11179.468586601926
1696316400000,11179.468586601926
1696320000000,11179.468586601926
1696323600000,11179.468586601926
1696327200000,11179.468586601926
1696330800000,11179.468586601926
1696334400000,11179.468586601926
1696338000000,11179.468586601926
1696341600000,11179.468586601926
1696345200000,11179.468586601926
1696348800000,11179.213246345129
1696352400000,11177.90494634513
1696356000000,11176.86631634513
1696359600000,11178.44161634513
1696363200000,11178.008598655915
1696366800000,11179.251378655916
1696370400000,11178.487418655915
1696374000000,11179.719438655915
1696377600000,11179.327635503225
1696381200000,11173.172915503226
1696384800000,11174.517915503226
1696388400000,11175.359885503225
1696392000000,11175.015565503225
1696395600000,11174.230085503226
1696399200000,11174.872995503225
1696402800000,11175.451345503225
1696406400000,11175.891931285389
1696410000000,11176.230871285388
1696413600000,11177.678091285388
1696417200000,11176.228181285389
1696420800000,11175.313235192678
1696424400000,11175.662885192678
1696428000000,11179.618925192677
1696431600000,11180.274935192678
1696435200000,11179.66738335457
1696438800000,11174.760093354571
1696442400000,11173.46660335457
1696446000000,11168.48440335457
1696449600000,11168.992531658378
1696453200000,11170.259551658379
1696456800000,11170.63410165838
1696460400000,11170.672981658377
1696464000000,11170.510783074793
1696467600000,11171.518353074793
1696471200000,11169.795393074792
1696474800000,11167.563563074793
1696478400000,11165.877073074793
1696482000000,11167.604073074794
1696485600000,11164.379483074792
1696489200000,11164.423053074792
1696492800000,11162.508554638276
1696496400000,11164.238554638276
1696500000000,11165.484524638276
1696503600000,11167.646634638275
1696507200000,11165.321764638276
1696510800000,11164.636914638277
1696514400000,11173.637274638277
1696518000000,11172.819624638276
1696521600000,11153.716606819944
1696525200000,11152.784766819945
1696528800000,11152.490296819946
1696532400000,11152.184966819945
1696536000000,11152.075736819945
1696539600000,11152.055896819946
1696543200000,11152.489806819944
1696546800000,11151.501606819944
1696550400000,11152.74054708836
1696554000000,11151.70169708836
1696557600000,11150.88561708836
1696561200000,11151.10014708836
1696564800000,11150.98122708836
1696568400000,11150.817127088361
1696572000000,11151.183797088359
1696575600000,11150.316277088361
1696579200000,11148.301239110302
1696582800000,11149.601339110302
1696586400000,11150.994179110303
1696590000000,11149.806379110301
1696593600000,11152.631039110302
1696597200000,11130.386299110303
1696600800000,11144.406599110303
1696604400000,11149.955459110302
1696608000000,11160.735700667869
1696611600000,11159.38016066787
1696615200000,11164.20326066787
1696618800000,11161.62310066787
1696622400000,11162.648640667869
1696626000000,11163.628340667869
1696629600000,11168.600760667869
1696633200000,11162.844680667868
1696636800000,11161.966289301732
1696640400000,11161.579649301733
1696644000000,11160.317669301732
1696647600000,11158.474409301734
1696651200000,11159.443329301732
1696654800000,11159.560369301733
1696658400000,11158.283189301732
1696662000000,11157.540969301732
1696665600000,11156.972636239172
1696669200000,11163.155336239171
1696672800000,11159.768316239171
1696676400000,11159.69757623917
1696680000000,11159.148036239172
1696683600000,11159.914936239173
1696687200000,11160.071036239173
1696690800000,11160.63593623917
1696694400000,11158.808254837802
1696698000000,11158.795694837801
1696701600000,11157.689374837802
1696705200000,11156.193094837801
1696708800000,11152.003245317721
1696712400000,11152.19894531772
1696716000000,11152.22404531772
1696719600000,11152.10754531772
1696723200000,11152.925446444287
1696726800000,11151.532646444286
1696730400000,11151.370146444287
1696734000000,11152.266746444287
1696737600000,11152.643346444287
1696741200000,11152.448446444287
1696744800000,11154.744346444286
1696748400000,11154.236246444287
1696752000000,11154.388389697971
1696755600000,11154.523889697972
1696759200000,11155.586889697972
1696762800000,11156.957589697971
1696766400000,11157.169889697972
1696770000000,11155.741289697971
1696773600000,11154.353389697972
1696777200000,11152.46538969797
1696780800000,11150.615555410977
1696784400000,11152.582115410978
1696788000000,11150.844035410979
1696791600000,11153.668835410977
1696795200000,11153.207075410977
1696798800000,11154.036995410977
1696802400000,11152.310435410978
1696806000000,11151.415715410978
1696809600000,11149.793618869578
1696813200000,11152.39279886958
1696816800000,11151.787608869578
1696820400000,11151.25685886958
1696824000000,11149.498388869579
1696827600000,11150.526388869579
1696831200000,11151.60894886958
1696834800000,11152.625418869578
1696838400000,11155.621392181678
1696842000000,11158.821312181677
1696845600000,11169.386597368823
1696849200000,11166.85692736882
1696852800000,11171.070807368822
1696856400000,11171.761937368821
1696860000000,11167.353467368821
1696863600000,11170.091147368821
1696867200000,11173.058574105497
1696870800000,11185.290904105497
1696874400000,11176.708814105497
1696878000000,11179.372684105498
1696881600000,11175.984134105498
1696885200000,11178.909694105498
1696888800000,11177.695184105498
1696892400000,11178.527224105497
1696896000000,11177.466370532346
1696899600000,11178.446030532346
1696903200000,11177.312040532346
1696906800000,11171.192520532346
1696910400000,11174.238860532347
1696914000000,11174.487130532347
1696917600000,11173.051190532346
1696921200000,11169.944460532346
1696924800000,11170.025509934714
1696928400000,11171.246729934714
1696932000000,11170.884389934714
1696935600000,11173.286569934713
1696939200000,11178.238549934713
1696942800000,11180.392459934714
1696946400000,11180.338779934713
1696950000000,11182.150479934713
1696953600000,11185.925777563203
1696957200000,11186.918857563203
1696960800000,11189.200257563203
1696964400000,11187.220807563202
1696968000000,11187.026217563203
1696971600000,11189.790737563202
1696975200000,11187.261067563202
1696978800000,11185.382267563204
1696982400000,11185.7884672818
1696986000000,11181.3397372818
1696989600000,11181.5477472818
1696993200000,11191.5120972818
1696996800000,11190.646507281801
1697000400000,11190.9081972818
1697004000000,11192.491757281801
1697007600000,11193.0419772818
1697011200000,11192.943952205953
1697014800000,11187.877902205952
1697018400000,11179.919842205953
1697022000000,11179.684992205952
1697025600000,11182.664232205952
1697029200000,11182.469642205951
1697032800000,11181.570502205952
1697036400000,11183.442592205953
1697040000000,11190.866304548998
1697043600000,11195.798154548997
1697047200000,11194.925854548997
1697050800000,11192.154624548997
1697054400000,11188.833174548998
1697058000000,11188.430574548998
1697061600000,11187.028184548997
1697065200000,11186.585324548998
1697068800000,11187.332182164948
1697072400000,11190.056442164949
1697076000000,11191.311212164948
1697079600000,11187.137592164949
1697083200000,11189.94237216495
1697086800000,11190.237612164949
1697090400000,11188.11725216495
1697094000000,11189.26466216495
1697097600000,11190.527435461085
1697101200000,11192.802125461085
1697104800000,11202.477945461085
1697108400000,11199.465155461085
1697112000000,11195.855175461085
1697115600000,11198.284195461085
1697119200000,11199.874465461085
1697122800000,11201.800235461085
1697126400000,11203.685472414545
1697130000000,11212.717132414546
1697133600000,11211.777732414545
1697137200000,11210.724262414546
1697140800000,11210.522962414545
1697144400000,11207.053892414546
1697148000000,11205.497172414545
1697151600000,11204.799332414545
1697155200000,11204.683108648589
1697158800000,11201.247588648588
1697162400000,11202.03936864859
1697166000000,11202.32118864859
1697169600000,11205.16622864859
1697173200000,11203.03915864859
1697176800000,11203.75041864859
1697180400000,11204.31405864859
1697184000000,11197.989102777257
1697187600000,11199.438462777258
1697191200000,11201.713152777256
1697194800000,11201.042152777258
1697198400000,11200.109462777256
1697202000000,11195.915712777258
1697205600000,11198.968762777256
1697209200000,11203.699312777257
1697212800000,11203.949100232176
1697216400000,11195.188650232176
1697220000000,11198.083960232176
1697223600000,11200.448810232176
1697227200000,11197.477490232175
1697230800000,11179.742230232176
1697234400000,11178.235410232175
1697238000000,11192.951950232176
1697241600000,11190.46724594371
1697245200000,11188.50182594371
1697248800000,11185.79530594371
1697252400000,11186.71536594371
1697256000000,11186.303335943709
1697259600000,11188.47129594371
1697263200000,11190.62328594371
1697266800000,11193.796665943708
1697270400000,11191.961971144801
1697274000000,11192.4742511448
1697277600000,11192.0481211448
1697281200000,11191.9138411448
1697284800000,11192.754001144802
1697288400000,11189.534021144802
1697292000000,11188.468681144801
1697295600000,11190.686881144802
1697299200000,11182.354162826805
1697302800000,11182.213282826804
1697306400000,11181.276982826805
1697310000000,11180.512662826806
1697313600000,11177.450983252684
1697317200000,11175.789643252683
1697320800000,11179.181343252685
1697324400000,11176.678313252683
1697328000000,11177.551574628784
1697331600000,11179.915874628783
1697335200000,11175.025284628782
1697338800000,11175.813174628784
1697342400000,11176.110094628784
1697346000000,11176.078354628784
1697349600000,11177.339344628783
1697353200000,11177.241564628785
1697356800000,11175.976746747137
1697360400000,11173.716016747137
1697364000000,11174.028426747136
1697367600000,11174.969406747137
1697371200000,11178.256266747137
1697374800000,11180.213326747136
1697378400000,11178.666606747136
1697382000000,11178.122216747137
1697385600000,11176.146515755117
1697389200000,11173.882965755118
1697392800000,11169.782045755117
1697396400000,11160.631694646057
1697400000000,11157.938830927475
1697403600000,11168.446730927473
1697407200000,11167.833130927474
1697410800000,11161.272330927473
1697414400000,11163.871948487094
1697418000000,11165.287948487095
1697421600000,11167.028448487095
1697425200000,11167.706948487095
1697428800000,11170.361948487096
1697432400000,11171.388548487095
1697436000000,11212.328648487095
1697439600000,11203.932948487096
1697443200000,11207.077188702455
1697446800000,11203.708288702455
1697450400000,11201.153588702455
1697454000000,11201.460388702455
1697457600000,11200.286288702455
1697461200000,11207.047688702454
1697464800000,11218.829988702455
1697468400000,11226.930688702456
1697472000000,11220.039162564615
1697475600000,11221.301762564615
1697479200000,11230.889262564615
1697482800000,11247.037562564616
1697486400000,11243.562462564614
1697490000000,11237.880762564615
1697493600000,11240.736362564616
1697497200000,11245.273462564615
1697500800000,11245.287733941512
1697504400000,11231.269333941511
1697508000000,11233.611633941511
1697511600000,11236.57933394151
1697515200000,11230.16603394151
1697518800000,11225.357533941511
1697522400000,11227.988933941511
1697526000000,11227.522833941512
1697529600000,11239.946810274638
1697533200000,11241.08551027464
1697536800000,11240.843610274638
1697540400000,11245.634410274639
1697544000000,11240.466010274638
1697547600000,11229.692610274638
1697551200000,11233.126410274639
1697554800000,11241.368710274639
1697558400000,11241.696600506566
1697562000000,11250.723600506566
1697565600000,11240.811600506566
1697569200000,11237.401400506566
1697572800000,11244.646600506565
1697576400000,11240.817500506566
1697580000000,11242.422300506565
1697583600000,11239.584400506566
1697587200000,11238.301081488362
1697590800000,11236.985381488363
1697594400000,11235.952881488363
1697598000000,11242.790981488362
1697601600000,11244.796981488362
1697605200000,11257.629481488362
1697608800000,11254.797481488362
1697612400000,11253.021581488363
1697616000000,11243.607917838506
1697619600000,11247.513717838507
1697623200000,11233.046917838506
1697626800000,11236.463017838507
1697630400000,11236.162117838507
1697634000000,11233.277017838505
1697637600000,11232.498217838505
1697641200000,11227.111517838506
1697644800000,11229.379230726918
1697648400000,11235.114030726918
1697652000000,11234.311630726917
1697655600000,11232.152230726919
1697659200000,11227.998630726917
1697662800000,11229.461830726917
1697666400000,11229.927930726919
1697670000000,11235.940030726919
1697673600000,11232.79479954921
1697677200000,11238.14019954921
1697680800000,11229.21939954921
1697684400000,11226.89479954921
1697688000000,11229.88609954921
1697691600000,11231.06019954921
1697695200000,11233.414299549211
1697698800000,11232.19299954921
1697702400000,11234.191724699114
1697706000000,11233.519124699114
1697709600000,11238.852724699114
1697713200000,11242.823424699114
1697716800000,11241.967924699115
1697720400000,11241.537224699114
1697724000000,11242.192124699113
1697727600000,11258.352224699114
1697731200000,11255.611938406948
1697734800000,11250.945038406948
1697738400000,11247.346038406948
1697742000000,11253.883238406948
1697745600000,11258.650438406949
1697749200000,11256.384838406948
1697752800000,11251.629438406948
1697756400000,11253.204738406948
1697760000000,11257.45632780889
1697763600000,11252.824827808889
1697767200000,11253.46202780889
1697770800000,11274.02352780889
1697774400000,11288.637827808889
1697778000000,11293.44632780889
1697781600000,11286.608227808889
1697785200000,11290.91522780889
1697788800000,11288.51000735742
1697792400000,11315.372707357421
1697796000000,11321.57950735742
1697799600000,11322.96010735742
1697803200000,11325.57380735742
1697806800000,11305.87370735742
1697810400000,11312.54660735742
1697814000000,11306.62890735742
1697817600000,11306.936078611616
1697821200000,11303.384278611617
1697824800000,11304.989078611616
1697828400000,11302.918178611615
1697832000000,11305.449278611615
1697835600000,11308.853578611615
1697839200000,11310.133878611616
1697842800000,11313.815478611616
1697846400000,11313.88451232191
1697850000000,11311.38881232191
1697853600000,11304.22031232191
1697857200000,11303.223212321911
1697860800000,11310.00821232191
1697864400000,11306.27941232191
1697868000000,11308.62761232191
1697871600000,11314.74591232191
1697875200000,11315.259313405113
1697878800000,11312.368313405113
1697882400000,11325.082813405113
1697886000000,11319.749213405112
1697889600000,11322.622513405113
1697893200000,11319.849513405112
1697896800000,11320.374613405113
1697900400000,11329.083013405112
1697904000000,11330.248631970742
1697907600000,11325.310331970742
1697911200000,11346.998731970743
1697914800000,11345.730231970743
1697918400000,11340.99509015
1697922000000,11329.597090149999
1697925600000,11328.60030015
1697929200000,11328.94575015
1697932800000,11322.910578039438
1697936400000,11324.58227803944
1697940000000,11322.155478039438
1697943600000,11321.469678039439
1697947200000,11322.494878039439
1697950800000,11323.612878039437
1697954400000,11328.355778039439
1697958000000,11324.713278039439
1697961600000,11315.203590312676
1697965200000,11318.422490312676
1697968800000,11320.658090312676
1697972400000,11320.560490312675
1697976000000,11323.025090312676
1697979600000,11320.621090312678
1697983200000,11321.869890312675
1697986800000,11320.968890312677
1697990400000,11319.080701799523
1697994000000,11319.629701799524
1697997600000,11320.326201799524
1698001200000,11318.639001799522
1698004800000,11314.821484210972
1698008400000,11317.137154210972
1698012000000,11308.922494210972
1698015600000,11339.36754421097
1698019200000,11336.533091930472
1698022800000,11350.184721930473
1698026400000,11364.492081930472
1698030000000,11369.006911930472
1698033600000,11403.180141930472
1698037200000,11391.197311930473
1698040800000,11400.501321930473
1698044400000,11387.85063193047
1698048000000,11377.318334003683
1698051600000,11386.574444003681
1698055200000,11369.464944003683
1698058800000,11375.211964003684
1698062400000,11382.469574003682
1698066000000,11384.156184003681
1698069600000,11377.221394003682
1698073200000,11390.102574003682
1698076800000,11396.490776503093
1698080400000,11420.166976503093
1698084000000,11409.851206503092
1698087600000,11430.084456503095
1698091200000,11440.596256503093
1698094800000,11451.809786503094
1698098400000,11460.767736503092
1698102000000,11619.132546503093
1698105600000,11574.691952814876
1698109200000,11602.507762814874
1698112800000,11648.119312814875
1698116400000,11694.276692814876
1698120000000,11659.048972814875
1698123600000,11681.380022814876
1698127200000,11649.904662814875
1698130800000,11652.294932814873
1698134400000,11647.486843739063
1698138000000,11660.014933739063
1698141600000,11678.065493739063
1698145200000,11684.474343739063
1698148800000,11697.444713739063
1698152400000,11696.791233739064
1698156000000,11686.274813739064
1698159600000,11676.294453739063
1698163200000,11617.315481469328
1698166800000,11634.93172146933
1698170400000,11616.761681469328
1698174000000,11621.984301469329
1698177600000,11621.911141469329
1698181200000,11605.43639146933
1698184800000,11633.501111469328
1698188400000,11645.64140146933
1698192000000,11630.783212243345
1698195600000,11640.689722243344
1698199200000,11657.382952243344
1698202800000,11640.925942243344
1698206400000,11639.147372243346
1698210000000,11648.744722243346
1698213600000,11635.381162243346
1698217200000,11645.654372243345
1698220800000,11622.501296369359
1698224400000,11621.70847636936
1698228000000,11637.23414636936
1698231600000,11646.570066369359
1698235200000,11652.33999636936
1698238800000,11657.43356636936
1698242400000,11665.93137636936
1698246000000,11693.40750636936
1698249600000,11693.550572238748
1698253200000,11667.429832238748
1698256800000,11678.313322238748
1698260400000,11675.958232238749
1698264000000,11681.611732238747
1698267600000,11672.306342238748
1698271200000,11667.032192238748
1698274800000,11671.291622238748
1698278400000,11663.727287378635
1698282000000,11677.905257378634
1698285600000,11677.636467378636
1698289200000,11684.383837378637
1698292800000,11698.955897378635
1698296400000,11686.290807378635
1698300000000,11673.073607378636
1698303600000,11684.466727378636
1698307200000,11706.724934411002
1698310800000,11696.809574411001
1698314400000,11687.947254411001
1698318000000,11676.993324411002
1698321600000,11655.791134411002
1698325200000,11671.420534411001
1698328800000,11658.549144411003
1698332400000,11650.387224411
1698336000000,11633.084682114473
1698339600000,11613.332952114473
1698343200000,11631.351842114473
1698346800000,11633.320402114474
1698350400000,11641.448212114474
1698354000000,11650.688942114473
1698357600000,11650.537912114474
1698361200000,11660.587912114474
1698364800000,11651.80652271679
1698368400000,11643.94696271679
1698372000000,11618.87138271679
1698375600000,11642.70134271679
1698379200000,11644.211972716788
1698382800000,11643.208282716789
1698386400000,11643.910422716788
1698390000000,11653.32191271679
1698393600000,11628.214516116886
1698397200000,11640.261926116886
1698400800000,11646.833846116886
1698404400000,11639.019146116887
1698408000000,11635.928426116885
1698411600000,11645.052466116886
1698415200000,11647.587176116886
1698418800000,11620.960016116886
1698422400000,11630.85500268334
1698426000000,11621.66136268334
1698429600000,11585.744077091867
1698433200000,11584.859077091867
1698436800000,11591.319577091866
1698440400000,11598.175377091866
1698444000000,11598.960077091866
1698447600000,11597.184177091867
1698451200000,11602.134912521868
1698454800000,11602.040512521868
1698458400000,11603.751512521867
1698462000000,11613.250512521867
1698465600000,11611.846312521866
1698469200000,11613.563212521867
1698472800000,11613.073512521867
1698476400000,11612.524812521866
1698480000000,11611.810609504902
1698483600000,11613.828409504902
1698487200000,11614.170609504901
1698490800000,11614.577709504902
1698494400000,11619.144309504902
1698498000000,11606.913609504902
1698501600000,11615.067409504902
1698505200000,11614.017209504902
1698508800000,11619.14903583637
1698512400000,11616.09873583637
1698516000000,11614.60603583637
1698519600000,11617.88053583637
1698523200000,11615.59723583637
1698526800000,11615.69753583637
1698530400000,11618.98383583637
1698534000000,11614.20483583637
1698537600000,11611.926926527734
1698541200000,11612.776526527734
1698544800000,11608.056526527733
1698548400000,11609.502026527733
1698552000000,11605.873526527734
1698555600000,11608.959226527733
1698559200000,11609.915026527733
1698562800000,11613.160026527734
1698566400000,11613.05332619058
1698570000000,11624.48162619058
1698573600000,11620.941626190579
1698577200000,11618.29252619058
1698580800000,11624.06272619058
1698584400000,11633.66202619058
1698588000000,11630.647126190579
1698591600000,11637.62682619058
1698595200000,11634.249311600579
1698598800000,11631.27571160058
1698602400000,11641.75411160058
1698606000000,11646.279411600579
1698609600000,11641.56531160058
1698613200000,11642.08451160058
1698616800000,11634.904211600578
1698620400000,11648.14971160058
1698624000000,11639.402792928418
1698627600000,11634.10459292842
1698631200000,11620.935792928418
1698634800000,11626.523092928419
1698638400000,11622.103992928418
1698642000000,11626.092392928418
1698645600000,11622.894592928418
1698649200000,11624.59969292842
1698652800000,11618.710328435196
1698656400000,11630.952828435196
1698660000000,11639.791028435196
1698663600000,11639.855928435196
1698667200000,11643.572928435196
1698670800000,11640.982828435197
1698674400000,11647.756028435197
1698678000000,11645.437328435197
1698681600000,11645.156107885196
1698685200000,11634.447607885197
1698688800000,11625.019407885196
1698692400000,11625.420607885197
1698696000000,11631.656907885197
1698699600000,11631.580207885196
1698703200000,11637.928607885196
1698706800000,11633.757307885196
1698710400000,11634.462455447403
1698714000000,11638.462655447402
1698717600000,11633.783955447403
1698721200000,11628.332355447403
1698724800000,11619.252255447402
1698728400000,11620.562055447403
1698732000000,11623.040055447404
1698735600000,11619.995655447403
1698739200000,11614.248173611853
1698742800000,11629.995273611854
1698746400000,11631.293273611853
1698750000000,11633.547073611853
1698753600000,11635.653373611853
1698757200000,11624.756073611854
1698760800000,11618.366373611854
1698764400000,11628.573373611853
1698768000000,11622.11707707631
1698771600000,11632.51287707631
1698775200000,11629.185277076309
1698778800000,11635.923077076308
1698782400000,11638.206377076309
1698786000000,11644.36007707631
1698789600000,11635.091177076309
1698793200000,11638.878977076309
1698796800000,11645.27073440631
1698800400000,11637.04613440631
1698804000000,11634.178734406309
1698807600000,11633.594634406309
1698811200000,11630.70953440631
1698814800000,11632.131434406308
1698818400000,11627.33473440631
1698822000000,11631.13433440631
1698825600000,11633.44441155631
1698829200000,11631.951711556309
1698832800000,11634.742411556308
1698836400000,11627.92791155631
1698840000000,11630.972311556308
1698843600000,11650.383311556308
1698847200000,11641.132111556308
1698850800000,11617.980511556309
1698854400000,11623.035059256308
1698858000000,11634.292259256308
1698861600000,11638.127259256307
1698865200000,11641.773459256308
1698868800000,11637.790959256308
1698872400000,11688.825959256308
1698876000000,11691.262659256308
1698879600000,11680.270959256308
1698883200000,11691.684878006308
1698886800000,11691.66127800631
1698890400000,11699.567278006309
1698894000000,11703.95687800631
1698897600000,11699.55152731872
1698901200000,11689.27372731872
1698904800000,11666.03362731872
1698908400000,11671.11647731872
1698912000000,11671.089005439733
1698915600000,11673.897405439733
1698919200000,11677.233855439734
1698922800000,11677.705855439735
1698926400000,11677.570155439735
1698930000000,11676.177755439734
1698933600000,11652.229655439733
1698937200000,11645.742605439735
1698940800000,11627.566707531103
1698944400000,11620.743357531102
1698948000000,11632.690857531103
1698951600000,11635.915207531103
1698955200000,11650.290557531103
1698958800000,11639.762007531102
1698962400000,11639.431607531102
1698966000000,11631.440057531103
1698969600000,11640.939408498733
1698973200000,11613.758108498732
1698976800000,11615.71985849873
1698980400000,11625.074308498732
1698984000000,11626.410658498731
1698987600000,11609.811008498731
1698991200000,11617.867458498731
1698994800000,11610.162058498732
1698998400000,11610.070828249936
1699002000000,11609.191728249936
1699005600000,11595.208728249936
1699009200000,11588.352932594045
1699012800000,11588.928182594045
1699016400000,11591.415032594045
1699020000000,11594.303082594044
1699023600000,11594.592182594044
1699027200000,11596.199578299043
1699030800000,11596.686328299043
1699034400000,11593.638978299045
1699038000000,11596.836778299044
1699041600000,11596.618478299044
1699045200000,11600.671778299044
1699048800000,11600.506578299044
1699052400000,11601.745578299044
1699056000000,11602.119271001164
1699059600000,11600.080821001164
1699063200000,11603.030821001163
1699066800000,11601.608921001163
1699070400000,11602.139921001164
1699074000000,11600.715071001163
1699077600000,11601.502721001163
1699081200000,11601.750521001164
1699084800000,11601.776079659521
1699088400000,11603.98267965952
1699092000000,11603.39562965952
1699095600000,11604.22457965952
1699099200000,11603.20682965952
1699102800000,11603.36317965952
1699106400000,11602.49882965952
1699110000000,11601.982579659521
1699113600000,11601.497843943906
1699117200000,11601.851843943905
1699120800000,11603.792943943905
1699124400000,11603.766393943906
1699128000000,11602.548043943905
1699131600000,11603.294393943906
1699135200000,11604.607143943906
1699138800000,11608.796143943906
1699142400000,11608.941989583906
1699146000000,11607.180839583905
1699149600000,11608.192689583904
1699153200000,11608.266439583906
1699156800000,11618.384939583904
1699160400000,11616.670989583905
1699164000000,11617.216739583904
1699167600000,11615.750589583906
1699171200000,11616.990008674382
1699174800000,11615.562208674382
1699178400000,11618.196558674383
1699182000000,11618.152308674382
1699185600000,11618.344058674382
1699189200000,11618.901608674383
1699192800000,11613.482458674382
1699196400000,11615.222958674382
1699200000000,11613.769347354382
1699203600000,11616.362397354382
1699207200000,11621.162047354383
1699210800000,11619.613297354383
1699214400000,11618.507047354382
1699218000000,11617.509947354381
1699221600000,11612.306147354382
1699225200000,11618.076347354381
1699228800000,11618.887815654383
1699232400000,11620.250715654382
1699236000000,11617.519015654383
1699239600000,11617.383315654382
1699243200000,11617.908415654383
1699246800000,11614.881715654383
1699250400000,11614.215015654383
1699254000000,11614.852215654382
1699257600000,11614.88823627737
1699261200000,11617.088936277369
1699264800000,11617.91493627737
1699268400000,11620.07138627737
1699272000000,11620.699736277369
1699275600000,11623.17478627737
1699279200000,11621.10978627737
1699282800000,11624.79138627737
1699286400000,11621.717439290578
1699290000000,11619.788139290578
1699293600000,11620.584639290579
1699297200000,11619.316139290579
1699300800000,11621.78528929058
1699304400000,11619.711439290579
1699308000000,11619.192239290578
1699311600000,11622.472639290578
1699315200000,11621.708547157094
1699318800000,11618.743797157093
1699322400000,11619.227597157093
1699326000000,11614.997297157093
1699329600000,11618.277697157093
1699333200000,11619.171547157093
1699336800000,11619.681897157094
1699340400000,11619.555047157093
1699344000000,11618.755815752094
1699347600000,11617.741015752094
1699351200000,11613.363215752093
1699354800000,11612.227465752094
1699358400000,11613.711315752094
1699362000000,11614.575665752094
1699365600000,11612.953165752093
1699369200000,11614.319015752093
1699372800000,11609.968843487046
1699376400000,11608.939293487045
1699380000000,11613.523593487045
1699383600000,11619.883793487044
1699387200000,11619.762843487046
1699390800000,11621.001843487045
1699394400000,11618.485493487045
1699398000000,11614.629843487046
1699401600000,11616.919462977045
1699405200000,11617.651062977046
1699408800000,11617.931312977045
1699412400000,11617.727762977045
1699416000000,11615.810262977046
1699419600000,11617.158412977045
1699423200000,11614.686312977045
1699426800000,11614.645012977046
1699430400000,11613.344790410609
1699434000000,11614.757840410608
1699437600000,11616.586840410608
1699441200000,11617.073590410608
1699444800000,11615.507140410607
1699448400000,11616.468840410607
1699452000000,11618.572190410609
1699455600000,11616.914290410608
1699459200000,11617.534096620608
1699462800000,11620.823346620607
1699466400000,11618.587246620607
1699470000000,11621.422196620608
1699473600000,11620.752341458972
1699477200000,11619.159291458973
1699480800000,11616.396241458973
1699484400000,11620.635241458973
1699488000000,11615.261152383322
1699491600000,11625.374952383321
1699495200000,11626.08855238332
1699498800000,11640.724802383322
1699502400000,11643.82190238332
1699506000000,11650.018752383323
1699509600000,11646.048052383321
1699513200000,11651.349952383322
1699516800000,11643.70007645264
1699520400000,11646.91722645264
1699524000000,11649.72527645264
1699527600000,11647.754476452641
1699531200000,11648.27552645264
1699534800000,11650.04707645264
1699538400000,11661.04067645264
1699542000000,11700.23007645264
1699545600000,11696.20545136275
1699549200000,11671.136801362749
1699552800000,11677.18875136275
1699556400000,11665.56910136275
1699560000000,11669.738401362749
1699563600000,11679.67395136275
1699567200000,11686.99225136275
1699570800000,11696.10365136275
1699574400000,11706.983204107497
1699578000000,11696.396354107497
1699581600000,11703.006404107498
1699585200000,11711.432554107496
1699588800000,11707.978604107497
1699592400000,11711.674154107499
1699596000000,11709.350604107498
1699599600000,11702.742604107498
1699603200000,11698.113830307777
1699606800000,11696.373180307777
1699610400000,11698.803980307777
1699614000000,11699.193080307776
1699617600000,11706.753230307777
1699621200000,11706.126630307777
1699624800000,11701.910230307776
1699628400000,11703.546780307777
1699632000000,11706.043020628387
1699635600000,11713.035570628388
1699639200000,11710.532470628388
1699642800000,11710.024470628388
1699646400000,11708.974520628388
1699650000000,11707.669470628389
1699653600000,11710.815670628388
1699657200000,11710.120620628388
1699660800000,11705.999352923025
1699664400000,11707.145302923025
1699668000000,11693.730752923026
1699671600000,11694.209152923026
1699675200000,11692.495802923026
1699678800000,11691.644452923025
1699682400000,11695.436502923025
1699686000000,11696.202652923026
1699689600000,11694.53079683916
1699693200000,11691.70174683916
1699696800000,11695.587296839161
1699700400000,11695.17379683916
1699704000000,11693.886346839161
1699707600000,11696.76699683916
1699711200000,11698.670996839162
1699714800000,11705.67999683916
1699718400000,11699.191655917246
1699722000000,11704.266255917246
1699725600000,11699.723055917244
1699729200000,11701.650805917245
1699732800000,11702.419205917246
1699736400000,11693.828505917245
1699740000000,11689.089855917246
1699743600000,11687.095705917245
1699747200000,11696.081046292009
1699750800000,11685.49274629201
1699754400000,11686.75389629201
1699758000000,11686.34524629201
1699761600000,11691.453546292008
1699765200000,11691.015896292009
1699768800000,11694.053696292009
1699772400000,11696.228546292008
1699776000000,11696.551404689202
1699779600000,11695.0007046892
1699783200000,11693.356904689203
1699786800000,11693.088604689203
1699790400000,11691.988554689202
1699794000000,11689.355104689203
1699797600000,11692.752654689202
1699801200000,11698.565054689203
1699804800000,11696.827081535681
1699808400000,11693.356781535682
1699812000000,11693.20238153568
1699815600000,11695.301481535682
1699819200000,11692.539331535681
1699822800000,11694.99328153568
1699826400000,11697.619031535682
1699830000000,11698.72073153568
1699833600000,11685.689142337089
1699837200000,11686.235142337087
1699840800000,11688.463242337088
1699844400000,11686.982742337088
1699848000000,11682.530742337089
1699851600000,11682.415242337089
1699855200000,11681.978442337087
1699858800000,11683.454742337088
1699862400000,11683.361743987614
1699866000000,11684.304643987616
1699869600000,11683.869943987615
1699873200000,11683.462543987614
1699876800000,11679.919843987615
1699880400000,11682.979543987616
1699884000000,11680.797643987615
1699887600000,11680.713643987616
1699891200000,11681.071581623926
1699894800000,11680.945581623926
1699898400000,11677.583481623926
1699902000000,11678.675481623926
1699905600000,11680.764981623926
1699909200000,11679.105981623927
1699912800000,11670.11320685436
1699916400000,11670.11320685436
1699920000000,11670.11320685436
1699923600000,11670.11320685436
1699927200000,11670.11320685436
1699930800000,11670.11320685436
1699934400000,11670.11320685436
1699938000000,11670.11320685436
1699941600000,11670.11320685436
1699945200000,11670.11320685436
1699948800000,11670.11320685436
1699952400000,11670.11320685436
1699956000000,11670.11320685436
1699959600000,11670.11320685436
1699963200000,11670.11320685436
1699966800000,11670.11320685436
1699970400000,11670.11320685436
1699974000000,11670.11320685436
1699977600000,11670.11320685436
1699981200000,11670.11320685436
1699984800000,11670.11320685436
1699988400000,11670.11320685436
1699992000000,11670.11320685436
1699995600000,11670.11320685436
1699999200000,11670.11320685436
1700002800000,11670.11320685436
1700006400000,11670.11320685436
1700010000000,11670.11320685436
1700013600000,11670.11320685436
1700017200000,11670.11320685436
1700020800000,11670.11320685436
1700024400000,11670.11320685436
1700028000000,11670.11320685436
1700031600000,11670.11320685436
1700035200000,11670.11320685436
1700038800000,11670.11320685436
1700042400000,11670.11320685436
1700046000000,11670.11320685436
1700049600000,11670.11320685436
1700053200000,11670.11320685436
1700056800000,11670.11320685436
1700060400000,11670.11320685436
1700064000000,11670.11320685436
1700067600000,11670.11320685436
1700071200000,11670.11320685436
1700074800000,11670.11320685436
1700078400000,11669.601469683137
1700082000000,11669.271469683137
1700085600000,11671.471069683137
1700089200000,11672.835469683137
1700092800000,11673.69000682629
1700096400000,11672.51640682629
1700100000000,11668.514406826289
1700103600000,11669.40240682629
1700107200000,11668.999206826289
1700110800000,11668.57440682629
1700114400000,11668.78320682629
1700118000000,11670.30960682629
1700121600000,11669.037683004775
1700125200000,11667.052883004775
1700128800000,11667.645683004774
1700132400000,11667.068483004774
1700136000000,11666.422883004774
1700139600000,11664.645683004774
1700143200000,11661.255683004774
1700146800000,11659.726883004774
1700150400000,11656.391177019173
1700154000000,11658.017177019174
1700157600000,11655.108377019174
1700161200000,11654.441177019175
1700164800000,11648.79000020461
1700168400000,11648.79000020461
1700172000000,11648.79000020461
1700175600000,11648.79000020461
1700179200000,11648.79000020461
1700182800000,11648.79000020461
1700186400000,11648.79000020461
1700190000000,11648.79000020461
1700193600000,11648.79000020461
1700197200000,11648.79000020461
1700200800000,11648.79000020461
1700204400000,11648.79000020461
1700208000000,11648.79000020461
1700211600000,11648.79000020461
1700215200000,11648.79000020461
1700218800000,11648.79000020461
1700222400000,11648.79000020461
1700226000000,11648.79000020461
1700229600000,11648.79000020461
1700233200000,11648.79000020461
1700236800000,11648.79000020461
1700240400000,11648.79000020461
1700244000000,11648.79000020461
1700247600000,11648.79000020461
1700251200000,11648.79000020461
1700254800000,11648.79000020461
1700258400000,11648.79000020461
1700262000000,11648.79000020461
1700265600000,11648.79000020461
1700269200000,11648.79000020461
1700272800000,11648.79000020461
1700276400000,11648.79000020461
1700280000000,11648.79000020461
1700283600000,11648.79000020461
1700287200000,11648.79000020461
1700290800000,11648.79000020461
1700294400000,11648.79000020461
1700298000000,11648.79000020461
1700301600000,11648.79000020461
1700305200000,11648.79000020461
1700308800000,11648.79000020461
1700312400000,11648.79000020461
1700316000000,11648.79000020461
1700319600000,11648.79000020461
1700323200000,11648.79000020461
1700326800000,11648.79000020461
1700330400000,11648.79000020461
1700334000000,11648.79000020461
1700337600000,11648.79000020461
1700341200000,11648.79000020461
1700344800000,11648.79000020461
1700348400000,11648.79000020461
1700352000000,11648.79000020461
1700355600000,11648.79000020461
1700359200000,11648.79000020461
1700362800000,11648.79000020461
1700366400000,11648.79000020461
1700370000000,11648.79000020461
1700373600000,11648.79000020461
1700377200000,11648.79000020461
1700380800000,11648.79000020461
1700384400000,11648.79000020461
1700388000000,11648.79000020461
1700391600000,11648.79000020461
1700395200000,11648.79000020461
1700398800000,11648.79000020461
1700402400000,11648.79000020461
1700406000000,11648.79000020461
1700409600000,11648.79000020461
1700413200000,11648.79000020461
1700416800000,11648.79000020461
1700420400000,11648.79000020461
1700424000000,11648.79000020461
1700427600000,11648.79000020461
1700431200000,11648.79000020461
1700434800000,11648.79000020461
1700438400000,11648.79000020461
1700442000000,11648.79000020461
1700445600000,11648.79000020461
1700449200000,11648.79000020461
1700452800000,11648.79000020461
1700456400000,11648.79000020461
1700460000000,11648.79000020461
1700463600000,11648.79000020461
1700467200000,11648.79000020461
1700470800000,11648.79000020461
1700474400000,11648.79000020461
1700478000000,11648.79000020461
1700481600000,11648.79000020461
1700485200000,11648.79000020461
1700488800000,11648.79000020461
1700492400000,11648.79000020461
1700496000000,11648.79000020461
1700499600000,11648.79000020461
1700503200000,11648.79000020461
1700506800000,11648.79000020461
1700510400000,11648.79000020461
1700514000000,11648.79000020461
1700517600000,11648.79000020461
1700521200000,11648.79000020461
1700524800000,11648.79000020461
1700528400000,11648.79000020461
1700532000000,11648.79000020461
1700535600000,11648.79000020461
1700539200000,11648.79000020461
1700542800000,11648.79000020461
1700546400000,11648.79000020461
1700550000000,11648.79000020461
1700553600000,11648.79000020461
1700557200000,11648.79000020461
1700560800000,11648.79000020461
1700564400000,11648.79000020461
1700568000000,11648.79000020461
1700571600000,11648.79000020461
1700575200000,11648.79000020461
1700578800000,11648.79000020461
1700582400000,11648.79000020461
1700586000000,11648.79000020461
1700589600000,11648.79000020461
1700593200000,11648.79000020461
1700596800000,11648.79000020461
1700600400000,11648.79000020461
1700604000000,11648.79000020461
1700607600000,11648.79000020461
1700611200000,11648.79000020461
1700614800000,11648.79000020461
1700618400000,11648.79000020461
1700622000000,11648.79000020461
1700625600000,11648.79000020461
1700629200000,11648.79000020461
1700632800000,11648.79000020461
1700636400000,11648.79000020461
1700640000000,11648.79000020461
1700643600000,11648.79000020461
1700647200000,11648.79000020461
1700650800000,11648.79000020461
1700654400000,11648.79000020461
1700658000000,11648.79000020461
1700661600000,11648.79000020461
1700665200000,11648.79000020461
1700668800000,11648.79000020461
1700672400000,11648.79000020461
1700676000000,11648.79000020461
1700679600000,11648.79000020461
1700683200000,11648.79000020461
1700686800000,11648.79000020461
1700690400000,11648.79000020461
1700694000000,11648.79000020461
1700697600000,11648.79000020461
1700701200000,11648.79000020461
1700704800000,11648.79000020461
1700708400000,11648.79000020461
1700712000000,11648.79000020461
1700715600000,11648.79000020461
1700719200000,11648.79000020461
1700722800000,11648.79000020461
1700726400000,11648.79000020461
1700730000000,11648.79000020461
1700733600000,11648.79000020461
1700737200000,11648.79000020461
1700740800000,11648.79000020461
1700744400000,11648.79000020461
1700748000000,11648.79000020461
1700751600000,11648.79000020461
1700755200000,11648.79000020461
1700758800000,11648.79000020461
1700762400000,11648.79000020461
1700766000000,11648.79000020461
1700769600000,11648.79000020461
1700773200000,11648.79000020461
1700776800000,11648.79000020461
1700780400000,11648.79000020461
1700784000000,11648.79000020461
1700787600000,11648.79000020461
1700791200000,11648.79000020461
1700794800000,11648.79000020461
1700798400000,11648.79000020461
1700802000000,11648.79000020461
1700805600000,11648.79000020461
1700809200000,11648.79000020461
1700812800000,11648.79000020461
1700816400000,11648.79000020461
1700820000000,11648.79000020461
1700823600000,11648.79000020461
1700827200000,11648.79000020461
1700830800000,11648.79000020461
1700834400000,11648.79000020461
1700838000000,11648.79000020461
1700841600000,11648.963177920346
1700845200000,11639.718377920346
1700848800000,11641.764777920347
1700852400000,11640.223977920346
1700856000000,11641.003177920347
1700859600000,11641.491177920347
1700863200000,11641.425577920347
1700866800000,11639.233577920346
1700870400000,11639.843647680347
1700874000000,11640.232447680348
1700877600000,11641.112447680347
1700881200000,11641.595647680348
1700884800000,11641.224447680346
1700888400000,11640.814847680347
1700892000000,11641.603647680347
1700895600000,11641.526847680347
1700899200000,11641.22477543156
1700902800000,11640.57837543156
1700906400000,11640.162375431559
1700910000000,11639.49357543156
1700913600000,11638.78157543156
1700917200000,11639.84877543156
1700920800000,11639.92877543156
1700924400000,11639.08557543156
1700928000000,11639.63966100923
1700931600000,11640.18366100923
1700935200000,11640.700461009232
1700938800000,11641.45886100923
1700942400000,11641.61086100923
1700946000000,11640.974061009232
1700949600000,11640.767661009231
1700953200000,11639.823661009232
1700956800000,11640.590434386275
1700960400000,11639.923234386275
1700964000000,11639.123234386274
1700967600000,11640.068834386275
1700971200000,11639.939234386275
1700974800000,11640.350434386275
1700978400000,11640.665634386274
1700982000000,11640.888034386275
1700985600000,11640.713994327667
1700989200000,11640.262794327668
1700992800000,11640.368394327668
1700996400000,11639.459594327667
1701000000000,11638.845194327667
1701003600000,11631.943669900349
1701007200000,11631.943669900349
1701010800000,11631.943669900349
1701014400000,11631.943669900349
1701018000000,11631.943669900349
1701021600000,11631.943669900349
1701025200000,11631.943669900349
1701028800000,11631.943669900349
1701032400000,11631.943669900349
1701036000000,11631.943669900349
1701039600000,11631.943669900349
1701043200000,11631.943669900349
1701046800000,11631.943669900349
1701050400000,11631.943669900349
1701054000000,11631.943669900349
1701057600000,11631.943669900349
1701061200000,11631.943669900349
1701064800000,11631.943669900349
1701068400000,11631.943669900349
1701072000000,11631.943669900349
1701075600000,11631.943669900349
1701079200000,11631.943669900349
1701082800000,11631.943669900349
1701086400000,11631.943669900349
1701090000000,11631.943669900349
1701093600000,11631.943669900349
1701097200000,11631.943669900349
1701100800000,11631.943669900349
1701104400000,11631.943669900349
1701108000000,11631.943669900349
1701111600000,11631.943669900349
1701115200000,11631.943669900349
1701118800000,11631.943669900349
1701122400000,11631.943669900349
1701126000000,11631.943669900349
1701129600000,11631.943669900349
1701133200000,11631.943669900349
1701136800000,11631.943669900349
1701140400000,11631.943669900349
1701144000000,11631.943669900349
1701147600000,11631.943669900349
1701151200000,11631.943669900349
1701154800000,11631.943669900349
1701158400000,11631.943669900349
1701162000000,11631.943669900349
1701165600000,11631.943669900349
1701169200000,11631.943669900349
1701172800000,11631.943669900349
1701176400000,11631.943669900349
1701180000000,11631.943669900349
1701183600000,11631.943669900349
1701187200000,11631.943669900349
1701190800000,11631.943669900349
1701194400000,11631.943669900349
1701198000000,11631.943669900349
1701201600000,11631.943669900349
1701205200000,11631.943669900349
1701208800000,11631.943669900349
1701212400000,11631.943669900349
1701216000000,11631.943669900349
1701219600000,11631.943669900349
1701223200000,11631.943669900349
1701226800000,11631.943669900349
1701230400000,11631.943669900349
1701234000000,11631.943669900349
1701237600000,11631.943669900349
1701241200000,11631.943669900349
1701244800000,11631.943669900349
1701248400000,11631.943669900349
1701252000000,11631.943669900349
1701255600000,11631.943669900349
1701259200000,11631.943669900349
1701262800000,11631.943669900349
1701266400000,11631.943669900349
1701270000000,11631.943669900349
1701273600000,11631.943669900349
1701277200000,11631.943669900349
1701280800000,11631.943669900349
1701284400000,11631.943669900349
1701288000000,11631.943669900349
1701291600000,11631.943669900349
1701295200000,11631.943669900349
1701298800000,11631.943669900349
1701302400000,11631.943669900349
1701306000000,11631.943669900349
1701309600000,11631.943669900349
1701313200000,11631.943669900349
1701316800000,11631.943669900349
1701320400000,11631.943669900349
1701324000000,11631.943669900349
1701327600000,11631.943669900349
1701331200000,11631.943669900349
1701334800000,11631.943669900349
1701338400000,11631.943669900349
1701342000000,11631.943669900349
1701345600000,11631.943669900349
1701349200000,11631.943669900349
1701352800000,11631.943669900349
1701356400000,11631.943669900349
1701360000000,11631.943669900349
1701363600000,11631.943669900349
1701367200000,11631.943669900349
1701370800000,11631.943669900349
1701374400000,11631.943669900349
1701378000000,11631.943669900349
1701381600000,11631.943669900349
1701385200000,11631.943669900349
1701388800000,11631.943669900349
1701392400000,11631.943669900349
1701396000000,11631.943669900349
1701399600000,11631.943669900349
1701403200000,11631.943669900349
1701406800000,11631.943669900349
1701410400000,11631.943669900349
1701414000000,11631.943669900349
1701417600000,11631.620636499074
1701421200000,11632.856636499075
1701424800000,11642.146636499074
1701428400000,11637.276636499075
1701432000000,11638.592636499074
1701435600000,11633.800636499074
1701439200000,11633.754636499074
1701442800000,11633.200636499074
1701446400000,11634.417833499074
1701450000000,11642.783833499074
1701453600000,11641.989833499074
1701457200000,11640.115833499074
1701460800000,11641.619833499075
1701464400000,11641.259833499074
1701468000000,11641.961833499074
1701471600000,11639.881833499074
1701475200000,11639.73289792425
1701478800000,11640.00889792425
1701482400000,11640.63689792425
1701486000000,11640.390897924251
1701489600000,11641.442897924251
1701493200000,11642.182897924251
1701496800000,11640.480897924252
1701500400000,11641.26889792425
1701504000000,11640.148949217852
1701507600000,11639.966949217851
1701511200000,11641.352949217851
1701514800000,11640.700949217851
1701518400000,11640.70694921785
1701522000000,11641.514949217852
1701525600000,11642.43894921785
1701529200000,11641.18894921785
1701532800000,11641.80068047214
1701536400000,11640.714680472141
1701540000000,11641.98668047214
1701543600000,11643.83668047214
1701547200000,11653.041792886192
1701550800000,11655.643792886192
1701554400000,11660.92979288619
1701558000000,11653.33279288619
1701561600000,11655.560954627013
1701565200000,11657.489954627014
1701568800000,11658.219954627013
1701572400000,11654.649954627013
1701576000000,11653.557954627013
1701579600000,11651.532954627013
1701583200000,11653.515954627013
1701586800000,11652.502954627013
1701590400000,11656.470064566103
1701594000000,11653.422064566103
1701597600000,11656.621064566103
1701601200000,11657.946064566102
1701604800000,11654.493064566102
1701608400000,11650.333064566103
1701612000000,11659.690064566103
1701615600000,11654.060064566103
1701619200000,11660.491738666102
1701622800000,11658.086738666103
1701626400000,11653.204738666102
1701630000000,11656.341738666102
1701633600000,11660.002738666102
1701637200000,11659.1017386661
1701640800000,11666.111738666103
1701644400000,11679.167738666103
1701648000000,11675.769983235095
1701651600000,11684.954983235095
1701655200000,11694.511983235096
1701658800000,11694.446983235095
1701662400000,11695.062983235095
1701666000000,11703.933983235094
1701669600000,11721.273983235094
1701673200000,11721.390983235095
1701676800000,11721.6846330292
1701680400000,11729.2996330292
1701684000000,11723.2056330292
1701687600000,11734.6166330292
1701691200000,11720.4976330292
1701694800000,11728.1166330292
1701698400000,11723.190633029199
1701702000000,11718.208633029199
1701705600000,11707.0747165292
1701709200000,11715.960716529198
1701712800000,11714.194716529199
1701716400000,11719.4927165292
1701720000000,11726.7027165292
1701723600000,11722.3947165292
1701727200000,11725.6277165292
1701730800000,11722.365716529199
1701734400000,11726.705422274426
1701738000000,11731.224422274427
1701741600000,11725.414422274427
1701745200000,11720.336422274428
1701748800000,11722.547422274427
1701752400000,11719.675422274428
1701756000000,11725.105422274426
1701759600000,11720.435422274428
1701763200000,11707.478353829421
1701766800000,11708.847353829422
1701770400000,11712.603353829421
1701774000000,11708.42135382942
1701777600000,11712.496353829421
1701781200000,11718.77035382942
1701784800000,11712.880353829421
1701788400000,11728.131353829422
1701792000000,11730.665958990878
1701795600000,11742.094958990878
1701799200000,11771.518958990877
1701802800000,11774.319958990878
1701806400000,11775.612958990878
1701810000000,11772.516958990878
1701813600000,11773.85195899088
1701817200000,11785.99595899088
1701820800000,11785.36699021301
1701824400000,11792.48499021301
1701828000000,11783.058990213009
1701831600000,11781.710990213009
1701835200000,11776.42199021301
1701838800000,11775.694990213009
1701842400000,11769.93799021301
1701846000000,11772.25799021301
1701849600000,11769.780604213009
1701853200000,11777.33360421301
1701856800000,11777.36860421301
1701860400000,11781.29260421301
1701864000000,11768.04260421301
1701867600000,11776.438604213008
1701871200000,11776.79660421301
1701874800000,11772.89960421301
1701878400000,11768.59442451301
1701882000000,11773.978424513009
1701885600000,11775.40542451301
1701889200000,11777.19342451301
1701892800000,11775.26542451301
1701896400000,11768.934424513009
1701900000000,11768.042424513009
1701903600000,11761.22742451301
1701907200000,11761.708885010512
1701910800000,11765.055885010512
1701914400000,11768.117885010512
1701918000000,11770.018885010511
1701921600000,11769.045885010511
1701925200000,11775.019885010512
1701928800000,11776.509885010511
1701932400000,11772.054885010511
1701936000000,11772.514232749118
1701939600000,11762.753232749117
1701943200000,11757.035232749118
1701946800000,11752.965232749117
1701950400000,11750.645232749117
1701954000000,11759.986232749117
1701957600000,11757.367232749119
1701961200000,11766.458232749117
1701964800000,11786.055217859404
1701968400000,11792.281217859405
1701972000000,11785.011217859404
1701975600000,11782.535217859404
1701979200000,11782.281217859403
1701982800000,11785.097217859406
1701986400000,11795.876217859404
1701990000000,11783.773217859405
1701993600000,11789.263160933244
1701997200000,11792.695160933245
1702000800000,11793.362160933242
1702004400000,11800.451160933244
1702008000000,11795.858160933243
1702011600000,11796.458160933244
1702015200000,11797.681160933244
1702018800000,11796.015160933244
1702022400000,11786.620425945694
1702026000000,11786.552425945694
1702029600000,11782.944425945694
1702033200000,11791.171425945695
1702036800000,11797.858425945695
1702040400000,11798.518425945695
1702044000000,11792.038425945695
1702047600000,11805.501425945693
1702051200000,11797.384829468736
1702054800000,11798.031829468735
1702058400000,11795.730829468735
1702062000000,11795.248829468735
1702065600000,11800.298829468735
1702069200000,11811.605829468735
1702072800000,11818.110829468736
1702076400000,11810.472829468736
1702080000000,11807.582590543678
1702083600000,11807.651590543679
1702087200000,11803.759590543677
1702090800000,11804.29559054368
1702094400000,11806.971590543679
1702098000000,11811.159590543679
1702101600000,11812.37559054368
1702105200000,11810.854590543679
1702108800000,11813.87394100949
1702112400000,11802.07094100949
1702116000000,11799.612941009489
1702119600000,11799.35694100949
1702123200000,11797.78694100949
1702126800000,11799.71694100949
1702130400000,11804.085941009489
1702134000000,11799.42594100949
1702137600000,11805.190850481338
1702141200000,11800.927850481337
1702144800000,11797.220850481337
1702148400000,11800.398850481339
1702152000000,11799.662850481338
1702155600000,11799.962850481339
1702159200000,11800.301850481337
1702162800000,11799.704850481337
1702166400000,11791.635530037936
1702170000000,11795.644530037938
1702173600000,11796.175530037937
1702177200000,11792.870530037937
1702180800000,11796.108530037938
1702184400000,11799.692530037937
1702188000000,11799.074530037937
1702191600000,11798.079530037938
1702195200000,11799.703504285408
1702198800000,11792.612504285407
1702202400000,11784.08650428541
1702206000000,11789.67550428541
1702209600000,11789.845504285408
1702213200000,11796.754504285409
1702216800000,11793.922504285407
1702220400000,11795.119504285409
1702224000000,11798.201987029404
1702227600000,11794.777987029403
1702231200000,11793.704987029405
1702234800000,11797.476987029404
1702238400000,11795.731987029403
1702242000000,11805.490987029403
1702245600000,11797.843987029404
1702249200000,11798.513987029404
1702252800000,11794.145656551285
1702256400000,11786.536656551283
1702260000000,11776.834656551284
1702263600000,11762.867873646523
1702267200000,11762.867873646523
1702270800000,11762.867873646523
1702274400000,11762.867873646523
1702278000000,11762.867873646523
1702281600000,11762.867873646523
1702285200000,11762.867873646523
1702288800000,11762.867873646523
1702292400000,11762.867873646523
1702296000000,11762.867873646523
1702299600000,11762.867873646523
1702303200000,11762.867873646523
1702306800000,11762.867873646523
1702310400000,11762.867873646523
1702314000000,11762.867873646523
1702317600000,11762.867873646523
1702321200000,11762.867873646523
1702324800000,11762.867873646523
1702328400000,11762.867873646523
1702332000000,11762.867873646523
1702335600000,11762.867873646523
1702339200000,11762.867873646523
1702342800000,11762.867873646523
1702346400000,11762.867873646523
1702350000000,11762.867873646523
1702353600000,11762.867873646523
1702357200000,11762.867873646523
1702360800000,11762.867873646523
1702364400000,11762.867873646523
1702368000000,11762.867873646523
1702371600000,11762.867873646523
1702375200000,11762.867873646523
1702378800000,11762.867873646523
1702382400000,11762.867873646523
1702386000000,11762.867873646523
1702389600000,11762.867873646523
1702393200000,11762.867873646523
1702396800000,11762.867873646523
1702400400000,11762.867873646523
1702404000000,11762.867873646523
1702407600000,11762.867873646523
1702411200000,11762.867873646523
1702414800000,11762.867873646523
1702418400000,11762.867873646523
1702422000000,11762.867873646523
1702425600000,11762.867873646523
1702429200000,11762.867873646523
1702432800000,11762.867873646523
1702436400000,11762.867873646523
1702440000000,11762.867873646523
1702443600000,11762.867873646523
1702447200000,11762.867873646523
1702450800000,11762.867873646523
1702454400000,11762.867873646523
1702458000000,11762.867873646523
1702461600000,11762.867873646523
1702465200000,11762.867873646523
1702468800000,11762.867873646523
1702472400000,11762.867873646523
1702476000000,11762.867873646523
1702479600000,11762.867873646523
1702483200000,11762.867873646523
1702486800000,11762.867873646523
1702490400000,11762.867873646523
1702494000000,11762.867873646523
1702497600000,11762.867873646523
1702501200000,11762.867873646523
1702504800000,11762.867873646523
1702508400000,11762.867873646523
1702512000000,11762.867873646523
1702515600000,11762.867873646523
1702519200000,11762.867873646523
1702522800000,11762.867873646523
1702526400000,11762.867873646523
1702530000000,11762.867873646523
1702533600000,11762.867873646523
1702537200000,11762.867873646523
1702540800000,11762.867873646523
1702544400000,11762.867873646523
1702548000000,11762.867873646523
1702551600000,11762.867873646523
1702555200000,11762.867873646523
1702558800000,11762.867873646523
1702562400000,11762.867873646523
1702566000000,11762.867873646523
1702569600000,11762.867873646523
1702573200000,11762.867873646523
1702576800000,11762.867873646523
1702580400000,11762.867873646523
1702584000000,11762.867873646523
1702587600000,11762.867873646523
1702591200000,11762.867873646523
1702594800000,11762.867873646523
1702598400000,11762.867873646523
1702602000000,11762.867873646523
1702605600000,11762.867873646523
1702609200000,11762.867873646523
1702612800000,11762.867873646523
1702616400000,11762.867873646523
1702620000000,11762.867873646523
1702623600000,11762.867873646523
1702627200000,11762.867873646523
1702630800000,11762.867873646523
1702634400000,11762.867873646523
1702638000000,11762.867873646523
1702641600000,11762.867873646523
1702645200000,11762.867873646523
1702648800000,11762.867873646523
1702652400000,11762.867873646523
1702656000000,11762.867873646523
1702659600000,11762.867873646523
1702663200000,11762.867873646523
1702666800000,11762.867873646523
1702670400000,11762.867873646523
1702674000000,11762.867873646523
1702677600000,11762.867873646523
1702681200000,11762.867873646523
1702684800000,11762.867873646523
1702688400000,11762.867873646523
1702692000000,11762.867873646523
1702695600000,11762.867873646523
1702699200000,11762.867873646523
1702702800000,11762.867873646523
1702706400000,11762.867873646523
1702710000000,11762.867873646523
1702713600000,11762.867873646523
1702717200000,11762.867873646523
1702720800000,11762.867873646523
1702724400000,11762.867873646523
1702728000000,11762.867873646523
1702731600000,11762.867873646523
1702735200000,11762.867873646523
1702738800000,11762.867873646523
1702742400000,11762.867873646523
1702746000000,11762.867873646523
1702749600000,11762.867873646523
1702753200000,11762.867873646523
1702756800000,11762.867873646523
1702760400000,11762.867873646523
1702764000000,11762.867873646523
1702767600000,11762.867873646523
1702771200000,11762.867873646523
1702774800000,11762.867873646523
1702778400000,11762.867873646523
1702782000000,11762.867873646523
1702785600000,11762.867873646523
1702789200000,11762.867873646523
1702792800000,11762.867873646523
1702796400000,11762.867873646523
1702800000000,11762.867873646523
1702803600000,11762.867873646523
1702807200000,11762.867873646523
1702810800000,11762.867873646523
1702814400000,11762.867873646523
1702818000000,11762.867873646523
1702821600000,11762.867873646523
1702825200000,11762.867873646523
1702828800000,11762.867873646523
1702832400000,11762.867873646523
1702836000000,11762.867873646523
1702839600000,11762.867873646523
1702843200000,11762.867873646523
1702846800000,11762.867873646523
1702850400000,11762.867873646523
1702854000000,11762.867873646523
1702857600000,11762.867873646523
1702861200000,11762.867873646523
1702864800000,11762.867873646523
1702868400000,11762.867873646523
1702872000000,11762.867873646523
1702875600000,11762.867873646523
1702879200000,11762.867873646523
1702882800000,11762.867873646523
1702886400000,11762.867873646523
1702890000000,11762.867873646523
1702893600000,11762.867873646523
1702897200000,11762.867873646523
1702900800000,11762.867873646523
1702904400000,11762.867873646523
1702908000000,11762.867873646523
1702911600000,11762.867873646523
1702915200000,11762.867873646523
1702918800000,11762.867873646523
1702922400000,11762.867873646523
1702926000000,11762.867873646523
1702929600000,11762.867873646523
1702933200000,11762.867873646523
1702936800000,11762.867873646523
1702940400000,11762.867873646523
1702944000000,11762.867873646523
1702947600000,11762.867873646523
1702951200000,11762.867873646523
1702954800000,11762.867873646523
1702958400000,11762.867873646523
1702962000000,11762.867873646523
1702965600000,11762.867873646523
1702969200000,11762.867873646523
1702972800000,11762.867873646523
1702976400000,11762.867873646523
1702980000000,11762.867873646523
1702983600000,11762.867873646523
1702987200000,11762.867873646523
1702990800000,11762.867873646523
1702994400000,11762.867873646523
1702998000000,11762.867873646523
1703001600000,11762.867873646523
1703005200000,11762.867873646523
1703008800000,11762.867873646523
1703012400000,11762.867873646523
1703016000000,11762.867873646523
1703019600000,11762.867873646523
1703023200000,11762.867873646523
1703026800000,11762.867873646523
1703030400000,11762.867873646523
1703034000000,11762.867873646523
1703037600000,11762.867873646523
1703041200000,11762.867873646523
1703044800000,11762.867873646523
1703048400000,11762.867873646523
1703052000000,11762.867873646523
1703055600000,11762.867873646523
1703059200000,11762.867873646523
1703062800000,11762.867873646523
1703066400000,11762.867873646523
1703070000000,11762.867873646523
1703073600000,11762.867873646523
1703077200000,11762.867873646523
1703080800000,11762.867873646523
1703084400000,11762.867873646523
1703088000000,11762.867873646523
1703091600000,11762.867873646523
1703095200000,11762.867873646523
1703098800000,11762.867873646523
1703102400000,11762.867873646523
1703106000000,11762.867873646523
1703109600000,11762.867873646523
1703113200000,11762.867873646523
1703116800000,11762.867873646523
1703120400000,11762.867873646523
1703124000000,11762.867873646523
1703127600000,11762.867873646523
1703131200000,11762.867873646523
1703134800000,11762.867873646523
1703138400000,11762.867873646523
1703142000000,11762.867873646523
1703145600000,11762.867873646523
1703149200000,11762.867873646523
1703152800000,11762.867873646523
1703156400000,11762.867873646523
1703160000000,11762.867873646523
1703163600000,11762.867873646523
1703167200000,11762.867873646523
1703170800000,11762.867873646523
1703174400000,11762.867873646523
1703178000000,11762.867873646523
1703181600000,11762.867873646523
1703185200000,11762.867873646523
1703188800000,11762.867873646523
1703192400000,11762.867873646523
1703196000000,11762.867873646523
1703199600000,11762.867873646523
1703203200000,11762.867873646523
1703206800000,11762.867873646523
1703210400000,11762.867873646523
1703214000000,11762.867873646523
1703217600000,11762.867873646523
1703221200000,11762.867873646523
1703224800000,11762.867873646523
1703228400000,11762.867873646523
1703232000000,11762.867873646523
1703235600000,11762.867873646523
1703239200000,11762.867873646523
1703242800000,11762.867873646523
1703246400000,11762.867873646523
1703250000000,11762.867873646523
1703253600000,11762.867873646523
1703257200000,11762.867873646523
1703260800000,11762.867873646523
1703264400000,11762.867873646523
1703268000000,11762.867873646523
1703271600000,11762.867873646523
1703275200000,11762.867873646523
1703278800000,11762.867873646523
1703282400000,11762.867873646523
1703286000000,11762.867873646523
1703289600000,11762.867873646523
1703293200000,11762.867873646523
1703296800000,11762.867873646523
1703300400000,11762.867873646523
1703304000000,11762.867873646523
1703307600000,11762.867873646523
1703311200000,11762.867873646523
1703314800000,11762.867873646523
1703318400000,11762.867873646523
1703322000000,11762.867873646523
1703325600000,11762.867873646523
1703329200000,11762.867873646523
1703332800000,11762.867873646523
1703336400000,11762.867873646523
1703340000000,11762.867873646523
1703343600000,11762.867873646523
1703347200000,11762.867873646523
1703350800000,11762.867873646523
1703354400000,11762.867873646523
1703358000000,11762.867873646523
1703361600000,11762.867873646523
1703365200000,11762.867873646523
1703368800000,11762.867873646523
1703372400000,11762.867873646523
1703376000000,11762.867873646523
1703379600000,11762.867873646523
1703383200000,11762.867873646523
1703386800000,11762.867873646523
1703390400000,11762.867873646523
1703394000000,11762.867873646523
1703397600000,11762.867873646523
1703401200000,11762.867873646523
1703404800000,11762.867873646523
1703408400000,11762.867873646523
1703412000000,11762.867873646523
1703415600000,11762.867873646523
1703419200000,11762.867873646523
1703422800000,11762.867873646523
1703426400000,11762.867873646523
1703430000000,11762.867873646523
1703433600000,11762.867873646523
1703437200000,11762.867873646523
1703440800000,11762.867873646523
1703444400000,11762.867873646523
1703448000000,11762.867873646523
1703451600000,11762.867873646523
1703455200000,11762.867873646523
1703458800000,11762.867873646523
1703462400000,11762.867873646523
1703466000000,11762.867873646523
1703469600000,11762.867873646523
1703473200000,11762.867873646523
1703476800000,11762.867873646523
1703480400000,11762.867873646523
1703484000000,11762.867873646523
1703487600000,11762.867873646523
1703491200000,11762.867873646523
1703494800000,11762.867873646523
1703498400000,11762.867873646523
1703502000000,11762.867873646523
1703505600000,11762.867873646523
1703509200000,11762.867873646523
1703512800000,11762.867873646523
1703516400000,11762.867873646523
1703520000000,11762.867873646523
1703523600000,11762.867873646523
1703527200000,11762.867873646523
1703530800000,11762.867873646523
1703534400000,11762.867873646523
1703538000000,11762.867873646523
1703541600000,11762.867873646523
1703545200000,11762.867873646523
1703548800000,11762.867873646523
1703552400000,11762.867873646523
1703556000000,11762.867873646523
1703559600000,11762.867873646523
1703563200000,11762.867873646523
1703566800000,11762.867873646523
1703570400000,11762.867873646523
1703574000000,11762.867873646523
1703577600000,11762.867873646523
1703581200000,11762.867873646523
1703584800000,11762.867873646523
1703588400000,11762.867873646523
1703592000000,11762.867873646523
1703595600000,11762.867873646523
1703599200000,11762.867873646523
1703602800000,11762.867873646523
1703606400000,11762.867873646523
1703610000000,11762.867873646523
1703613600000,11762.867873646523
1703617200000,11762.867873646523
1703620800000,11762.867873646523
1703624400000,11762.867873646523
1703628000000,11762.867873646523
1703631600000,11762.867873646523
1703635200000,11762.867873646523
1703638800000,11762.867873646523
1703642400000,11762.867873646523
1703646000000,11762.867873646523
1703649600000,11762.867873646523
1703653200000,11762.867873646523
1703656800000,11762.867873646523
1703660400000,11762.867873646523
1703664000000,11762.867873646523
1703667600000,11762.867873646523
1703671200000,11762.867873646523
1703674800000,11762.867873646523
1703678400000,11762.867873646523
1703682000000,11762.867873646523
1703685600000,11762.867873646523
1703689200000,11762.867873646523
1703692800000,11762.867873646523
1703696400000,11762.867873646523
1703700000000,11762.867873646523
1703703600000,11762.867873646523
1703707200000,11762.867873646523
1703710800000,11762.867873646523
1703714400000,11762.867873646523
1703718000000,11762.867873646523
1703721600000,11762.867873646523
1703725200000,11762.867873646523
1703728800000,11762.867873646523
1703732400000,11762.867873646523
1703736000000,11762.268910489696
1703739600000,11760.564130489696
1703743200000,11757.380290489697
1703746800000,11755.394350489696
1703750400000,11755.627694921433
1703754000000,11755.900934921434
1703757600000,11756.251394921434
1703761200000,11758.783814921435
1703764800000,11759.603534921434
1703768400000,11753.402174921433
1703772000000,11758.864994921434
1703775600000,11754.360494921435
1703779200000,11750.70992503577
1703782800000,11753.39678503577
1703786400000,11750.65448503577
1703790000000,11751.75932503577
1703793600000,11751.531625035768
1703797200000,11749.222945035768
1703800800000,11748.21512503577
1703804400000,11750.183245035769
1703808000000,11748.414311777915
1703811600000,11746.838231777914
1703815200000,11746.192751777915
1703818800000,11747.646071777915
1703822400000,11749.346891777916
1703826000000,11749.263731777915
1703829600000,11750.631911777915
1703833200000,11749.511231777915
1703836800000,11745.837190891856
1703840400000,11747.482570891856
1703844000000,11752.105870891855
1703847600000,11751.903910891857
1703851200000,11753.274070891855
1703854800000,11751.814810891856
1703858400000,11751.438610891857
1703862000000,11754.891730891855
1703865600000,11744.479451966861
1703869200000,11735.765171425033
1703872800000,11735.765171425033
1703876400000,11735.765171425033
1703880000000,11735.765171425033
1703883600000,11735.765171425033
1703887200000,11735.765171425033
1703890800000,11735.765171425033
1703894400000,11735.765171425033
1703898000000,11735.765171425033
1703901600000,11735.765171425033
1703905200000,11735.765171425033
1703908800000,11735.765171425033
1703912400000,11735.765171425033
1703916000000,11735.765171425033
1703919600000,11735.765171425033
1703923200000,11735.765171425033
1703926800000,11735.765171425033
1703930400000,11735.765171425033
1703934000000,11735.765171425033
1703937600000,11735.765171425033
1703941200000,11735.765171425033
1703944800000,11735.765171425033
1703948400000,11735.765171425033
1703952000000,11735.765171425033
1703955600000,11735.765171425033
1703959200000,11735.765171425033
1703962800000,11735.765171425033
1703966400000,11735.765171425033
1703970000000,11735.765171425033
1703973600000,11735.765171425033
1703977200000,11735.765171425033
1703980800000,11735.765171425033
1703984400000,11735.765171425033
1703988000000,11735.765171425033
1703991600000,11735.765171425033
1703995200000,11735.765171425033
1703998800000,11735.765171425033
1704002400000,11735.765171425033
1704006000000,11735.765171425033
1704009600000,11735.765171425033
1704013200000,11735.765171425033
1704016800000,11735.765171425033
1704020400000,11735.765171425033
1704024000000,11735.765171425033
1704027600000,11735.765171425033
1704031200000,11735.765171425033
1704034800000,11735.765171425033
1704038400000,11735.765171425033
1704042000000,11735.765171425033
1704045600000,11735.765171425033
1704049200000,11735.765171425033
1704052800000,11735.765171425033
1704056400000,11735.765171425033
1704060000000,11735.765171425033
1704063600000,11735.765171425033
1704067200000,11735.765171425033
1704070800000,11735.765171425033
1704074400000,11735.765171425033
1704078000000,11735.765171425033
1704081600000,11735.765171425033
1704085200000,11735.765171425033
1704088800000,11735.765171425033
1704092400000,11735.765171425033
1704096000000,11735.765171425033
1704099600000,11735.765171425033
1704103200000,11735.765171425033
1704106800000,11735.765171425033
1704110400000,11735.765171425033
1704114000000,11735.765171425033
1704117600000,11735.765171425033
1704121200000,11735.765171425033
1704124800000,11735.765171425033
1704128400000,11735.765171425033
1704132000000,11735.765171425033
1704135600000,11735.765171425033
1704139200000,11735.765171425033
1704142800000,11735.765171425033
1704146400000,11735.765171425033
1704150000000,11735.765171425033
1704153600000,11735.031819294018
1704157200000,11750.727919294019
1704160800000,11747.270119294019
1704164400000,11754.078619294018
1704168000000,11755.255019294018
1704171600000,11751.224319294019
1704175200000,11751.537119294018
1704178800000,11751.938319294019
1704182400000,11756.817254582244
1704186000000,11761.713254582244
1704189600000,11760.475654582244
1704193200000,11759.324754582243
1704196800000,11755.950254582243
1704200400000,11753.723254582243
1704204000000,11760.224054582244
1704207600000,11753.636554582243
1704211200000,11752.45858946246
1704214800000,11753.17088946246
1704218400000,11747.63058946246
1704222000000,11750.80618946246
1704225600000,11747.65268946246
1704229200000,11744.59098946246
1704232800000,11749.339089462459
1704236400000,11747.361989462459
1704240000000,11747.817317119883
1704243600000,11750.025617119883
1704247200000,11753.381417119883
1704250800000,11752.524617119883
1704254400000,11751.960217119882
1704258000000,11749.918517119882
1704261600000,11750.948717119883
1704265200000,11752.686117119883
1704268800000,11748.111221959305
1704272400000,11751.179721959306
1704276000000,11752.959621959306
1704279600000,11750.268521959306
1704283200000,11725.518548785049
1704286800000,11725.518548785049
1704290400000,11725.518548785049
1704294000000,11725.518548785049
1704297600000,11725.518548785049
1704301200000,11725.518548785049
1704304800000,11725.518548785049
1704308400000,11725.518548785049
1704312000000,11725.518548785049
1704315600000,11725.518548785049
1704319200000,11725.518548785049
1704322800000,11725.518548785049
1704326400000,11725.518548785049
1704330000000,11725.518548785049
1704333600000,11725.518548785049
1704337200000,11725.518548785049
1704340800000,11725.518548785049
1704344400000,11725.518548785049
1704348000000,11725.518548785049
1704351600000,11725.518548785049
1704355200000,11725.518548785049
1704358800000,11725.518548785049
1704362400000,11725.518548785049
1704366000000,11725.518548785049
1704369600000,11725.518548785049
1704373200000,11725.518548785049
1704376800000,11725.518548785049
1704380400000,11725.518548785049
1704384000000,11725.518548785049
1704387600000,11725.518548785049
1704391200000,11725.518548785049
1704394800000,11725.518548785049
1704398400000,11725.518548785049
1704402000000,11725.518548785049
1704405600000,11725.518548785049
1704409200000,11725.518548785049
1704412800000,11725.518548785049
1704416400000,11725.518548785049
1704420000000,11725.518548785049
1704423600000,11725.518548785049
1704427200000,11724.997403059731
1704430800000,11724.67960305973
1704434400000,11723.913103059731
1704438000000,11722.231703059731
1704441600000,11722.508189617847
1704445200000,11723.698889617846
1704448800000,11724.964489617847
1704452400000,11721.826389617847
1704456000000,11721.446933170027
1704459600000,11721.074413170027
1704463200000,11718.301153170027
1704466800000,11724.713813170029
1704470400000,11725.125561100554
1704474000000,11728.587601100555
1704477600000,11724.146501100555
1704481200000,11724.295961100554
1704484800000,11723.35831821169
1704488400000,11722.645718211692
1704492000000,11722.803038211692
1704495600000,11723.522358211692
1704499200000,11723.67137563832
1704502800000,11722.65113563832
1704506400000,11720.33065563832
1704510000000,11720.14897563832
1704513600000,11719.08590896284
1704517200000,11718.77366896284
1704520800000,11718.41762896284
1704524400000,11718.23074896284
1704528000000,11716.940856252797
1704531600000,11716.467436252797
1704535200000,11716.562886252797
1704538800000,11716.627016252798
1704542400000,11714.722375855617
1704546000000,11713.715005855618
1704549600000,11714.819215855618
1704553200000,11716.765355855618
1704556800000,11717.02953656328
1704560400000,11717.44813656328
1704564000000,11717.16393656328
1704567600000,11718.01153656328
1704571200000,11717.86743656328
1704574800000,11717.85023656328
1704578400000,11718.67343656328
1704582000000,11719.227436563278
1704585600000,11719.549896171908
1704589200000,11718.488396171908
1704592800000,11719.102796171906
1704596400000,11719.003996171907
1704600000000,11718.598396171907
1704603600000,11717.923596171908
1704607200000,11718.024696171906
1704610800000,11717.642796171907
1704614400000,11718.475755861722
1704618000000,11720.020955861723
1704621600000,11720.602355861723
1704625200000,11720.044955861722
1704628800000,11721.143755861724
1704632400000,11721.058955861723
1704636000000,11721.091155861723
1704639600000,11721.136055861722
1704643200000,11722.440310967613
1704646800000,11722.060310967614
1704650400000,11720.664010967614
1704654000000,11719.198010967613
1704657600000,11720.084910967615
1704661200000,11721.029010967613
1704664800000,11722.171010967613
1704668400000,11724.114510967614
1704672000000,11723.590872427614
1704675600000,11726.926472427614
1704679200000,11725.690672427614
1704682800000,11726.854672427615
1704686400000,11725.913136576411
1704690000000,11722.985536576412
1704693600000,11722.563936576413
1704697200000,11713.889736576413
1704700800000,11709.047255211712
1704704400000,11707.82755521171
1704708000000,11708.078855211712
1704711600000,11710.789355211713
1704715200000,11717.053655211712
1704718800000,11717.901555211713
1704722400000,11714.776355211712
1704726000000,11713.564855211713
1704729600000,11713.733914900768
1704733200000,11711.681114900768
1704736800000,11724.457114900768
1704740400000,11742.970714900768
1704744000000,11744.970815627044
1704747600000,11736.185925627044
1704751200000,11741.847295627043
1704754800000,11739.138085627043
1704758400000,11738.290804800583
1704762000000,11727.293064800584
1704765600000,11728.671684800584
1704769200000,11730.217644800583
1704772800000,11732.200034800584
1704776400000,11732.276844800585
1704780000000,11729.258684800583
1704783600000,11729.515744800583
1704787200000,11729.777954557385
1704790800000,11723.714654557383
1704794400000,11721.317564557383
1704798000000,11720.875884557385
1704801600000,11725.809074557385
1704805200000,11709.419755534607
1704808800000,11716.254955534607
1704812400000,11711.894955534606
1704816000000,11716.114793076795
1704819600000,11715.279243076795
1704823200000,11711.756183076795
1704826800000,11709.003393076795
1704830400000,11713.509113076796
1704834000000,11713.911713076795
1704837600000,11669.744534662257
1704841200000,11666.756224662256
1704844800000,11664.735655551163
1704848400000,11672.392655551163
1704852000000,11669.903355551163
1704855600000,11665.064255551164
1704859200000,11667.716305551163
1704862800000,11670.532655551164
1704866400000,11671.233255551164
1704870000000,11670.802355551163
1704873600000,11669.105580738533
1704877200000,11668.806430738532
1704880800000,11677.714280738532
1704884400000,11673.626930738532
1704888000000,11673.957080738532
1704891600000,11666.120280738533
1704895200000,11670.232430738532
1704898800000,11670.976430738532
1704902400000,11680.512812695742
1704906000000,11675.045962695742
1704909600000,11678.542762695743
1704913200000,11678.51021269574
1704916800000,11683.753862695741
1704920400000,11685.500712695743
1704924000000,11693.337512695742
1704927600000,11696.395662695742
1704931200000,11701.324904045772
1704934800000,11704.891454045772
1704938400000,11699.581154045773
1704942000000,11701.731004045772
1704945600000,11706.018304045772
1704949200000,11705.979554045773
1704952800000,11703.939754045772
1704956400000,11701.148204045772
1704960000000,11703.137017780844
1704963600000,11706.429217780844
1704967200000,11705.961117780844
1704970800000,11709.595867780845
1704974400000,11713.46699115739
1704978000000,11712.44109115739
1704981600000,11711.13839115739
1704985200000,11724.12269115739
1704988800000,11703.472197251042
1704992400000,11696.542297251042
1704996000000,11699.831697251042
1704999600000,11702.573647251042
1705003200000,11705.913747251043
1705006800000,11698.493497251042
1705010400000,11698.777797251041
1705014000000,11702.124947251043
1705017600000,11702.665154242604
1705021200000,11699.835654242605
1705024800000,11697.665904242604
1705028400000,11699.079504242603
1705032000000,11696.043204242604
1705035600000,11696.090404242605
1705039200000,11700.001304242605
1705042800000,11701.168204242604
1705046400000,11695.993092430936
1705050000000,11696.324292430936
1705053600000,11700.025692430934
1705057200000,11701.201742430936
1705060800000,11705.423342430935
1705064400000,11704.355142430935
1705068000000,11707.724442430936
1705071600000,11711.088542430936
1705075200000,11694.976891978135
1705078800000,11686.06432117599
1705082400000,11682.201721175992
1705086000000,11681.16477117599
1705089600000,11679.796121175992
1705093200000,11677.86947117599
1705096800000,11669.83427117599
1705100400000,11666.30957117599
1705104000000,11670.043163745991
1705107600000,11669.345663745991
1705111200000,11669.47121374599
1705114800000,11673.594213745992
1705118400000,11673.026911715124
1705122000000,11671.613711715125
1705125600000,11671.020961715125
1705129200000,11670.411261715124
1705132800000,11670.211926442871
1705136400000,11671.294776442872
1705140000000,11667.210926442873
1705143600000,11665.623676442872
1705147200000,11665.554459746174
1705150800000,11665.296109746174
1705154400000,11664.976009746173
1705158000000,11663.955009746174
1705161600000,11665.547482933709
1705165200000,11662.943182933708
1705168800000,11662.352282933707
1705172400000,11662.981182933709
1705176000000,11664.500732933708
1705179600000,11664.078232933709
1705183200000,11665.237232933709
1705186800000,11665.488182933708
1705190400000,11665.399258895988
1705194000000,11662.990058895988
1705197600000,11664.04810889599
1705201200000,11662.127608895988
1705204800000,11660.015108895988
1705208400000,11659.103508895989
1705212000000,11661.23250889599
1705215600000,11662.546658895988
1705219200000,11662.214504806587
1705222800000,11662.385004806587
1705226400000,11662.651004806587
1705230000000,11659.625704806587
1705233600000,11658.863904806587
1705237200000,11658.849054806587
1705240800000,11658.818704806587
1705244400000,11659.658054806587
1705248000000,11659.925269265625
1705251600000,11658.072419265625
1705255200000,11659.012819265625
1705258800000,11658.366019265624
1705262400000,11651.822620467367
1705266000000,11651.208220467366
1705269600000,11651.111020467366
1705273200000,11649.884020467367
1705276800000,11645.300637749826
1705280400000,11640.042637749826
1705284000000,11639.493737749826
1705287600000,11638.073637749827
1705291200000,11635.49542380058
1705294800000,11635.44812380058
1705298400000,11637.12342380058
1705302000000,11636.24892380058
1705305600000,11637.01153411058
1705309200000,11636.51103411058
1705312800000,11637.20623411058
1705316400000,11635.28783411058
1705320000000,11636.60343411058
1705323600000,11636.72003411058
1705327200000,11638.61203411058
1705330800000,11631.79533411058
1705334400000,11630.716378014537
1705338000000,11626.826878014535
1705341600000,11624.206378014536
1705345200000,11620.040878014535
1705348800000,11618.58086689192
1705352400000,11617.508466891919
1705356000000,11615.27686689192
1705359600000,11613.63326689192
1705363200000,11612.534939675617
1705366800000,11613.769739675618
1705370400000,11612.810739675617
1705374000000,11615.145939675616
1705377600000,11617.703739675617
1705381200000,11616.090939675616
1705384800000,11615.199139675617
1705388400000,11615.654139675617
1705392000000,11615.580240390942
1705395600000,11619.454040390941
1705399200000,11618.164640390942
1705402800000,11617.239240390942
1705406400000,11617.498240390942
1705410000000,11620.998240390942
1705413600000,11615.800040390941
1705417200000,11614.754240390941
1705420800000,11623.071284768595
1705424400000,11622.025484768596
1705428000000,11619.870884768596
1705431600000,11619.413084768596
1705435200000,11621.821084768597
1705438800000,11623.120284768596
1705442400000,11625.512884768596
1705446000000,11622.267684768596
1705449600000,11621.015888415399
1705453200000,11620.287888415398
1705456800000,11618.623288415398
1705460400000,11618.7030884154
1705464000000,11616.6464884154
1705467600000,11616.458888415398
1705471200000,11616.143888415398
1705474800000,11616.4224884154
1705478400000,11613.746167314897
1705482000000,11615.064967314898
1705485600000,11614.362167314897
1705489200000,11616.498567314899
1705492800000,11614.132567314899
1705496400000,11615.603967314897
1705500000000,11613.083967314898
1705503600000,11611.958367314897
1705507200000,11611.672094349367
1705510800000,11609.453094349366
1705514400000,11610.069094349366
1705518000000,11613.268094349367
1705521600000,11613.555094349367
1705525200000,11613.704894349366
1705528800000,11614.554694349366
1705532400000,11614.584094349366
1705536000000,11615.282999816773
1705539600000,11614.382799816773
1705543200000,11613.226399816773
1705546800000,11614.178399816772
1705550400000,11611.682877486692
1705554000000,11610.674877486692
1705557600000,11608.726377486691
1705561200000,11607.925377486692
1705564800000,11606.905251397968
1705568400000,11609.336751397968
1705572000000,11609.698251397967
1705575600000,11613.676251397968
1705579200000,11612.746251397968
1705582800000,11614.345251397968
1705586400000,11613.211251397968
1705590000000,11608.951251397968
1705593600000,11609.614901725367
1705597200000,11598.339701725366
1705600800000,11598.608501725366
1705604400000,11591.707701725365
1705608000000,11585.186842346428
1705611600000,11586.063042346428
1705615200000,11582.517942346427
1705618800000,11580.281942346428
1705622400000,11581.373048398018
1705626000000,11581.133848398018
1705629600000,11581.465348398018
1705633200000,11583.511548398019
1705636800000,11584.418948398019
1705640400000,11583.81964839802
1705644000000,11582.128348398019
1705647600000,11578.63134839802
1705651200000,11581.093914868017
1705654800000,11580.820914868018
1705658400000,11579.767914868018
1705662000000,11578.889114868018
1705665600000,11578.726614868017
1705669200000,11580.359414868019
1705672800000,11579.381814868018
1705676400000,11584.693614868018
1705680000000,11586.107883227884
1705683600000,11592.788583227884
1705687200000,11581.460383227883
1705690800000,11575.224283227884
1705694400000,11574.596383227883
1705698000000,11575.633783227884
1705701600000,11576.794683227883
1705705200000,11576.054983227883
1705708800000,11576.248243957883
1705712400000,11578.542743957883
1705716000000,11576.893043957883
1705719600000,11577.116643957883
1705723200000,11576.677243957884
1705726800000,11576.961943957884
1705730400000,11576.735743957883
1705734000000,11576.397743957883
1705737600000,11576.655988957884
1705741200000,11577.198088957884
1705744800000,11578.227688957884
1705748400000,11578.130188957884
1705752000000,11577.394388957884
1705755600000,11577.261788957883
1705759200000,11576.802888957884
1705762800000,11578.111988957884
1705766400000,11577.829327728987
1705770000000,11577.700627728986
1705773600000,11577.594027728986
1705777200000,11577.209227728987
1705780800000,11577.009027728986
1705784400000,11575.411327728987
1705788000000,11575.506227728985
1705791600000,11575.293027728987
1705795200000,11576.223430448987
1705798800000,11576.935830448987
1705802400000,11576.480830448987
1705806000000,11576.020630448988
1705809600000,11576.344330448987
1705813200000,11576.268930448987
1705816800000,11576.970930448988
1705820400000,11577.368730448987
1705824000000,11576.68577278481
1705827600000,11576.37377278481
1705831200000,11575.38707278481
1705834800000,11574.95417278481
1705838400000,11576.13457278481
1705842000000,11575.67827278481
1705845600000,11574.132572784809
1705849200000,11574.96067278481
1705852800000,11576.83482129481
1705856400000,11577.43672129481
1705860000000,11576.61512129481
1705863600000,11576.49292129481
1705867200000,11575.94562129481
1705870800000,11577.28202129481
1705874400000,11575.22802129481
1705878000000,11577.05972129481
1705881600000,11577.62727344955
1705885200000,11576.757573449551
1705888800000,11580.90717344955
1705892400000,11581.02417344955
1705896000000,11583.07947344955
1705899600000,11588.98017344955
1705903200000,11583.55657344955
1705906800000,11582.901373449551
1705910400000,11585.422126126012
1705914000000,11586.298326126012
1705917600000,11588.362726126012
1705921200000,11588.873626126013
1705924800000,11587.719226126012
1705928400000,11586.615526126012
1705932000000,11585.933026126013
1705935600000,11588.936026126012
1705939200000,11588.794023834707
1705942800000,11591.903623834707
1705946400000,11589.375123834707
1705950000000,11593.693723834707
1705953600000,11600.204123834706
1705957200000,11596.569323834707
1705960800000,11600.998423834708
1705964400000,11599.916823834707
1705968000000,11603.796759834668
1705971600000,11600.576659834667
1705975200000,11600.941959834667
1705978800000,11598.062459834668
1705982400000,11598.410859834667
1705986000000,11597.444959834667
1705989600000,11597.717959834667
1705993200000,11598.218459834667
1705996800000,11601.221171116395
1706000400000,11605.967471116393
1706004000000,11611.726471116393
1706007600000,11612.371271116393
1706011200000,11612.540781691647
1706014800000,11609.572061691648
1706018400000,11617.313901691647
1706022000000,11616.668001691647
1706025600000,11608.336509096416
1706029200000,11604.447389096418
1706032800000,11607.736669096417
1706036400000,11614.462309096416
1706040000000,11615.923489096416
1706043600000,11610.542869096416
1706047200000,11611.464029096416
1706050800000,11603.373189096417
1706054400000,11595.402095395833
1706058000000,11592.308435395833
1706061600000,11600.012875395832
1706065200000,11600.161375395832
1706068800000,11604.147495395833
1706072400000,11603.315595395832
1706076000000,11599.026115395833
1706079600000,11597.799135395831
1706083200000,11595.021456960101
1706086800000,11596.0739169601
1706090400000,11594.9980769601
1706094000000,11588.278596960101
1706097600000,11590.8705769601
1706101200000,11594.985396960099
1706104800000,11597.1688369601
1706108400000,11597.7426769601
1706112000000,11595.161770102037
1706115600000,11592.737450102037
1706119200000,11593.476790102037
1706122800000,11601.495010102037
1706126400000,11602.157310102037
1706130000000,11606.097610102037
1706133600000,11602.599950102038
1706137200000,11600.308250102036
1706140800000,11595.035763536036
1706144400000,11594.411203536036
1706148000000,11599.231203536037
1706151600000,11600.620283536036
1706155200000,11598.834063536036
1706158800000,11600.566143536038
1706162400000,11601.575983536037
1706166000000,11597.769863536038
1706169600000,11595.156774613462
1706173200000,11596.515994613463
1706176800000,11597.494094613463
1706180400000,11593.635114613462
1706184000000,11594.572714613463
1706187600000,11603.189974613462
1706191200000,11601.887614613463
1706194800000,11600.138234613463
1706198400000,11606.982873279187
1706202000000,11609.106793279187
1706205600000,11604.099893279186
1706209200000,11602.308933279188
1706212800000,11598.061338785128
1706216400000,11600.639138785129
1706220000000,11599.08181878513
1706223600000,11599.180558785129
1706227200000,11597.550062643104
1706230800000,11599.528402643104
1706234400000,11596.252662643104
1706238000000,11592.696902643103
1706241600000,11594.377834064857
1706245200000,11593.351984064857
1706248800000,11593.320624064856
1706252400000,11592.857274064858
1706256000000,11588.613099659251
1706259600000,11584.029099659252
1706263200000,11580.6021753417
1706266800000,11573.499775341701
1706270400000,11570.245275341702
1706274000000,11571.565475341702
1706277600000,11573.104175341701
1706281200000,11569.865775341701
1706284800000,11569.384080145539
1706288400000,11563.898580145538
1706292000000,11566.601080145538
1706295600000,11567.544080145539
1706299200000,11568.951680145537
1706302800000,11569.225380145539
1706306400000,11568.742380145539
1706310000000,11566.665480145539
1706313600000,11567.276332133424
1706317200000,11563.982732133425
1706320800000,11566.229832133424
1706324400000,11565.098232133425
1706328000000,11565.268432133425
1706331600000,11565.376532133425
1706335200000,11567.874332133424
1706338800000,11567.602932133424
1706342400000,11569.400561533424
1706346000000,11570.550561533426
1706349600000,11567.183361533425
1706353200000,11568.310361533426
1706356800000,11567.422561533425
1706360400000,11568.013661533425
1706364000000,11567.031561533426
1706367600000,11566.822261533425
1706371200000,11566.373052213425
1706374800000,11568.058952213425
1706378400000,11567.700152213425
1706382000000,11566.837652213426
1706385600000,11566.060252213425
1706389200000,11566.186752213425
1706392800000,11565.834852213426
1706396400000,11567.189552213425
1706400000000,11567.453740916315
1706403600000,11566.890240916315
1706407200000,11563.084212162194
1706410800000,11563.084212162194
1706414400000,11563.084212162194
1706418000000,11563.084212162194
1706421600000,11563.084212162194
1706425200000,11563.084212162194
1706428800000,11562.825147237374
1706432400000,11563.919947237373
1706436000000,11565.630147237374
1706439600000,11566.087447237374
1706443200000,11561.984143810461
1706446800000,11563.165643810462
1706450400000,11563.296543810462
1706454000000,11565.623843810461
1706457600000,11565.700759460462
1706461200000,11565.331859460463
1706464800000,11567.579259460463
1706468400000,11571.356659460462
1706472000000,11573.801259460462
1706475600000,11571.232559460463
1706479200000,11570.904459460462
1706482800000,11573.791059460462
1706486400000,11570.598495500462
1706490000000,11570.751495500463
1706493600000,11567.638795500461
1706497200000,11565.959195500462
1706500800000,11563.55245706293
1706504400000,11561.808457062929
1706508000000,11560.182457062929
1706511600000,11560.564457062928
1706515200000,11558.257597526328
1706518800000,11559.235597526329
1706522400000,11562.289597526329
1706526000000,11563.095597526328
1706529600000,11561.465597526329
1706533200000,11559.381597526328
1706536800000,11557.07559752633
1706540400000,11555.931597526329
1706544000000,11569.78034061254
1706547600000,11582.09034061254
1706551200000,11577.52834061254
1706554800000,11577.72834061254
1706558400000,11577.80634061254
1706562000000,11578.75234061254
1706565600000,11580.03634061254
1706569200000,11579.22834061254
1706572800000,11580.692690545031
1706576400000,11575.638130545032
1706580000000,11584.397340545032
1706583600000,11589.086240545032
1706587200000,11584.598290545031
1706590800000,11583.397290545032
1706594400000,11579.677600545032
1706598000000,11578.231540545032
1706601600000,11580.597875154359
1706605200000,11581.92264515436
1706608800000,11578.65384515436
1706612400000,11585.39842515436
1706616000000,11585.090255154359
1706619600000,11580.680495154358
1706623200000,11576.577855154359
1706626800000,11581.94943515436
1706630400000,11592.0202578667
1706634000000,11601.423067866699
1706637600000,11600.4690678667
1706641200000,11601.5055478667
1706644800000,11602.4314478667
1706648400000,11605.0635278667
1706652000000,11605.8547778667
1706655600000,11597.5569778667
1706659200000,11584.125050529628
1706662800000,11581.923890529628
1706666400000,11577.37293052963
1706670000000,11580.202420529627
1706673600000,11581.748690529628
1706677200000,11582.379510529629
1706680800000,11581.850510529628
1706684400000,11579.558340529627
1706688000000,11583.939286879522
1706691600000,11581.321786879524
1706695200000,11568.453896879522
1706698800000,11552.120425291398
1706702400000,11555.900669689798
1706706000000,11554.5726796898
1706709600000,11549.902879689798
1706713200000,11549.446849689799
1706716800000,11535.78521180278
1706720400000,11541.401111802781
1706724000000,11544.09261180278
1706727600000,11537.522111802782
1706731200000,11532.792501715823
1706734800000,11530.535281715824
1706738400000,11531.681921715825
1706742000000,11532.032581715823
1706745600000,11529.256748499583
1706749200000,11532.761228499581
1706752800000,11545.987328499583
1706756400000,11540.558828499583
1706760000000,11543.585408499583
1706763600000,11541.160208499583
1706767200000,11538.636668499583
1706770800000,11537.157008499584
1706774400000,11538.089828452712
1706778000000,11536.83432845271
1706781600000,11538.990608452712
1706785200000,11538.166688452713
1706788800000,11540.262068452712
1706792400000,11538.939248452712
1706796000000,11537.261828452713
1706799600000,11527.383248452712
1706803200000,11529.399802613358
1706806800000,11529.96698261336
1706810400000,11530.746682613359
1706814000000,11531.540122613358
1706817600000,11534.081602613358
1706821200000,11532.887662613359
1706824800000,11532.866662613358
1706828400000,11532.65456261336
1706832000000,11532.704537519987
1706835600000,11532.395897519986
1706839200000,11532.707297519988
1706842800000,11533.308077519987
1706846400000,11532.730697519986
1706850000000,11532.619217519989
1706853600000,11532.785657519986
1706857200000,11532.253097519988
1706860800000,11530.55431462918
1706864400000,11530.45639462918
1706868000000,11530.19197462918
1706871600000,11531.46787462918
1706875200000,11529.213317525247
1706878800000,11528.007197525249
1706882400000,11516.16571752525
1706886000000,11518.489437525248
1706889600000,11530.353218869652
1706893200000,11527.30249886965
1706896800000,11520.12553886965
1706900400000,11520.97913886965
1706904000000,11524.229538869651
1706907600000,11521.91841886965
1706911200000,11522.108458869652
1706914800000,11527.486858869652
1706918400000,11527.382060609903
1706922000000,11529.482420609902
1706925600000,11531.681740609903
1706929200000,11530.546780609902
1706932800000,11529.591220609904
1706936400000,11530.548580609904
1706940000000,11530.565420609904
1706943600000,11528.965420609902
1706947200000,11527.159366667927
1706950800000,11525.249926667926
1706954400000,11527.351766667927
1706958000000,11526.880726667927
1706961600000,11523.597006667927
1706965200000,11524.827526667927
1706968800000,11525.122646667927
1706972400000,11523.332006667926
1706976000000,11525.486761399161
1706979600000,11525.248961399162
1706983200000,11527.581441399161
1706986800000,11522.98780139916
1706990400000,11523.105625879121
1706994000000,11522.752385879121
1706997600000,11522.706425879122
1707001200000,11522.278425879122
1707004800000,11522.553925159857
1707008400000,11522.960205159856
1707012000000,11523.552045159857
1707015600000,11523.741165159856
1707019200000,11523.479685159857
1707022800000,11524.215485159855
1707026400000,11525.348685159857
1707030000000,11525.162965159856
1707033600000,11524.095930920554
1707037200000,11525.065930920553
1707040800000,11525.581490920553
1707044400000,11524.508410920553
1707048000000,11523.718930920553
1707051600000,11524.155370920553
1707055200000,11524.432450920553
1707058800000,11525.436530920553
1707062400000,11524.715453314124
1707066000000,11525.717853314123
1707069600000,11526.700933314123
1707073200000,11525.572133314125
1707076800000,11525.106013314124
1707080400000,11526.481573314122
1707084000000,11527.332533314124
1707087600000,11528.434493314124
1707091200000,11528.310304952212
1707094800000,11530.03142495221
1707098400000,11528.125344952214
1707102000000,11528.919344952212
1707105600000,11527.462824952212
1707109200000,11526.875704952214
1707112800000,11526.158184952212
1707116400000,11526.777304952211
1707120000000,11524.712216332211
1707123600000,11528.250256332212
1707127200000,11527.524496332211
1707130800000,11526.226936332212
1707134400000,11526.922376332212
1707138000000,11524.587496332211
1707141600000,11519.998842197789
1707145200000,11516.350282197789
1707148800000,11511.7563096718
1707152400000,11509.6177096718
1707156000000,11508.5535096718
1707159600000,11509.6313096718
1707163200000,11508.0673096718
1707166800000,11512.8579096718
1707170400000,11514.5341096718
1707174000000,11512.5213096718
1707177600000,11509.635029351803
1707181200000,11509.689429351802
1707184800000,11507.547429351802
1707188400000,11500.958229351803
1707192000000,11504.093029351803
1707195600000,11504.650629351803
1707199200000,11505.215029351803
1707202800000,11504.698229351803
1707206400000,11500.30632541665
1707210000000,11497.49792541665
1707213600000,11498.245925416652
1707217200000,11501.23792541665
1707220800000,11500.85712541665
1707224400000,11500.561325416651
1707228000000,11495.597325416651
1707231600000,11497.15112541665
1707235200000,11494.779382636818
1707238800000,11494.061982636818
1707242400000,11491.794182636819
1707246000000,11488.897382636818
1707249600000,11484.706737140323
1707253200000,11485.839687140324
1707256800000,11485.162647140323
1707260400000,11485.446567140323
1707264000000,11482.636946471732
1707267600000,11484.21215647173
1707271200000,11483.86271647173
1707274800000,11483.453216471731
1707278400000,11480.684996471731
1707282000000,11479.584806471732
1707285600000,11480.652236471731
1707289200000,11479.928786471732
1707292800000,11479.58061868501
1707296400000,11480.011958685009
1707300000000,11482.12224868501
1707303600000,11477.92896868501
1707307200000,11479.77990868501
1707310800000,11482.55085868501
1707314400000,11482.38159868501
1707318000000,11480.43237868501
1707321600000,11481.360017257643
1707325200000,11489.208767257644
1707328800000,11493.175457257643
1707332400000,11494.881707257642
1707336000000,11495.722547257643
1707339600000,11500.284377257643
1707343200000,11497.947497257643
1707346800000,11497.275917257643
1707350400000,11496.817571020465
1707354000000,11503.685141020464
1707357600000,11505.759401020465
1707361200000,11504.571041020465
1707364800000,11502.465251020463
1707368400000,11498.918111020464
1707372000000,11498.897021020464
1707375600000,11496.581351020464
1707379200000,11498.802677765863
1707382800000,11502.079037765863
1707386400000,11501.437127765865
1707390000000,11503.659527765862
1707393600000,11502.791777765864
1707397200000,11501.327717765862
1707400800000,11506.252667765862
1707404400000,11514.447827765862
1707408000000,11523.53571495823
1707411600000,11507.80716495823
1707415200000,11508.960244958229
1707418800000,11515.06617495823
1707422400000,11512.57239495823
1707426000000,11515.44765495823
1707429600000,11514.16302495823
1707433200000,11512.58745495823
1707436800000,11512.29970743174
1707440400000,11512.44337743174
1707444000000,11515.76695743174
1707447600000,11539.513187431741
1707451200000,11533.626887431741
1707454800000,11531.00542743174
1707458400000,11537.363057431741
1707462000000,11535.44296743174
1707465600000,11537.269383905155
1707469200000,11553.230583905157
1707472800000,11546.572743905155
1707476400000,11552.731413905156
1707480000000,11566.193883905156
1707483600000,11573.246673905156
1707487200000,11575.755243905156
1707490800000,11561.445333905156
1707494400000,11564.620484449439
1707498000000,11564.14930444944
1707501600000,11578.702214449439
1707505200000,11574.124184449438
1707508800000,11570.007074449439
1707512400000,11570.90509444944
1707516000000,11573.686334449438
1707519600000,11566.732154449437
1707523200000,11562.695264259706
1707526800000,11560.782734259707
1707530400000,11567.986454259706
1707534000000,11571.211874259705
1707537600000,11573.899454259707
1707541200000,11572.517294259707
1707544800000,11570.227724259705
1707548400000,11570.829524259707
1707552000000,11565.456334139133
1707555600000,11562.264994139134
1707559200000,11560.488334139134
1707562800000,11553.977704139135
1707566400000,11561.214604139133
1707570000000,11564.455354139134
1707573600000,11566.109764139135
1707577200000,11565.503104139134
1707580800000,11566.546484382236
1707584400000,11565.181244382236
1707588000000,11562.267134382235
1707591600000,11566.836404382237
1707595200000,11571.253544382236
1707598800000,11582.939174382236
1707602400000,11582.072924382235
1707606000000,11579.071904382236
1707609600000,11577.418436544958
1707613200000,11578.141406544957
1707616800000,11577.165926544958
1707620400000,11579.061356544958
1707624000000,11600.573756544958
1707627600000,11591.296736544959
1707631200000,11592.224936544957
1707634800000,11594.382206544957
1707638400000,11591.943792648697
1707642000000,11590.223802648698
1707645600000,11589.702132648697
1707649200000,11591.363922648698
1707652800000,11595.843492648697
1707656400000,11592.422262648697
1707660000000,11585.727732648696
1707663600000,11588.856852648698
1707667200000,11586.135061372564
1707670800000,11585.292121372562
1707674400000,11589.019681372563
1707678000000,11587.207381372564
1707681600000,11589.325591372564
1707685200000,11582.142931372564
1707688800000,11583.560551372562
1707692400000,11583.120331372564
1707696000000,11588.245576715595
1707699600000,11595.899416715594
1707703200000,11594.036026715596
1707706800000,11584.906306715597
1707710400000,11583.168376715596
1707714000000,11580.976366715595
1707717600000,11580.903916715595
1707721200000,11583.189856715595
1707724800000,11585.48417793041
1707728400000,11580.24803793041
1707732000000,11573.88884793041
1707735600000,11574.00137793041
1707739200000,11574.977637930411
1707742800000,11578.41236793041
1707746400000,11576.08460793041
1707750000000,11601.01721793041
1707753600000,11630.38519372541
1707757200000,11623.65085372541
1707760800000,11644.75873372541
1707764400000,11645.286943725408
1707768000000,11641.24054372541
1707771600000,11657.409103725411
1707775200000,11651.38483372541
1707778800000,11658.62653372541
1707782400000,11661.314787220255
1707786000000,11665.744527220257
1707789600000,11668.276887220256
1707793200000,11658.935037220255
1707796800000,11652.674757220255
1707800400000,11655.551847220255
1707804000000,11659.784847220255
1707807600000,11657.829867220256
1707811200000,11657.589395895848
1707814800000,11663.65644589585
1707818400000,11669.505545895847
1707822000000,11661.444035895847
1707825600000,11665.373585895848
1707829200000,11662.726955895849
1707832800000,11649.040625895848
1707836400000,11631.447605895848
1707840000000,11631.327378942977
1707843600000,11618.743578942976
1707847200000,11628.820968942977
1707850800000,11635.182168942976
1707854400000,11630.104428942977
1707858000000,11639.968698942976
1707861600000,11645.592438942977
1707865200000,11642.688048942977
1707868800000,11648.220504637806
1707872400000,11642.413734637807
1707876000000,11638.565244637806
1707879600000,11644.121424637806
1707883200000,11645.851734637807
1707886800000,11640.497394637807
1707890400000,11647.453284637806
1707894000000,11650.722264637807
1707897600000,11655.575865422872
1707901200000,11689.189575422872
1707904800000,11711.468175422871
1707908400000,11709.07810542287
1707912000000,11714.76781542287
1707915600000,11709.92557542287
1707919200000,11719.439415422872
1707922800000,11720.864265422872
1707926400000,11714.850832895756
1707930000000,11709.824122895756
1707933600000,11712.628372895755
1707937200000,11711.329162895756
1707940800000,11718.196732895756
1707944400000,11717.162422895757
1707948000000,11725.159342895757
1707951600000,11721.832312895756
1707955200000,11723.326917954886
1707958800000,11743.747677954885
1707962400000,11726.920137954885
1707966000000,11732.528937954887
1707969600000,11740.275447954886
1707973200000,11736.149157954886
1707976800000,11726.063217954887
1707980400000,11728.094337954886
1707984000000,11722.805415186012
1707987600000,11729.122245186012
1707991200000,11733.879795186012
1707994800000,11739.664875186012
1707998400000,11739.619605186013
1708002000000,11739.650115186014
1708005600000,11739.773235186014
1708009200000,11761.045575186014
1708012800000,11740.180931854524
1708016400000,11747.369651854522
1708020000000,11736.951491854523
1708023600000,11740.032881854522
1708027200000,11743.186331854524
1708030800000,11733.292871854523
1708034400000,11722.430441854523
1708038000000,11730.067061854523
1708041600000,11737.851602507539
1708045200000,11742.045752507538
1708048800000,11744.214512507539
1708052400000,11749.457252507538
1708056000000,11751.841112507538
1708059600000,11747.316242507537
1708063200000,11746.845182507537
1708066800000,11741.318492507538
1708070400000,11732.999297369373
1708074000000,11735.950937369373
1708077600000,11732.443157369375
1708081200000,11745.761957369374
1708084800000,11744.193917369374
1708088400000,11753.715107369373
1708092000000,11753.853257369374
1708095600000,11730.040217369373
1708099200000,11724.227666582696
1708102800000,11729.663126582696
1708106400000,11727.261536582697
1708110000000,11727.686666582695
1708113600000,11718.877166582695
1708117200000,11725.330856582696
1708120800000,11730.547916582695
1708124400000,11729.907716582695
1708128000000,11736.121501726004
1708131600000,11732.425501726004
1708135200000,11729.730931726004
1708138800000,11728.744951726003
1708142400000,11730.638581726003
1708146000000,11731.624681726003
1708149600000,11728.007311726004
1708153200000,11728.287781726003
1708156800000,11729.550857162136
1708160400000,11722.464857162135
1708164000000,11720.128637162135
1708167600000,11723.908097162135
1708171200000,11722.695917162135
1708174800000,11723.388257162134
1708178400000,11705.702177162137
1708182000000,11695.625387162136
1708185600000,11700.569394497925
1708189200000,11702.784234497924
1708192800000,11709.480744497925
1708196400000,11712.008064497924
1708200000000,11714.691084497925
1708203600000,11719.184634497924
1708207200000,11725.378554497924
1708210800000,11723.164584497925
1708214400000,11723.148750172366
1708218000000,11724.535230172365
1708221600000,11718.641850172364
1708225200000,11712.089460172365
1708228800000,11719.080420172366
1708232400000,11723.943180172366
1708236000000,11728.255260172366
1708239600000,11721.513180172366
1708243200000,11727.77876284864
1708246800000,11730.70664284864
1708250400000,11736.72242284864
1708254000000,11731.00406284864
1708257600000,11730.22868284864
1708261200000,11723.43698284864
1708264800000,11723.198482848638
1708268400000,11732.01251284864
1708272000000,11729.622149924342
1708275600000,11731.310039924341
1708279200000,11731.585589924342
1708282800000,11737.825169924341
1708286400000,11735.085449924341
1708290000000,11736.532529924341
1708293600000,11742.32864992434
1708297200000,11759.00333992434
1708300800000,11757.058118984663
1708304400000,11754.603518984663
1708308000000,11753.125448984663
1708311600000,11757.492548984663
1708315200000,11756.529848984663
1708318800000,11761.351508984664
1708322400000,11764.634288984664
1708326000000,11771.281268984663
1708329600000,11773.685842590967
1708333200000,11763.847432590968
1708336800000,11767.255072590968
1708340400000,11769.332182590968
1708344000000,11767.689142590967
1708347600000,11765.553832590967
1708351200000,11760.934792590968
1708354800000,11760.738892590967
1708358400000,11763.644597318113
1708362000000,11752.167587318112
1708365600000,11773.809677318111
1708369200000,11765.761757318112
1708372800000,11766.063617318112
1708376400000,11764.150337318111
1708380000000,11775.954407318111
1708383600000,11775.070997318111
1708387200000,11767.179733028197
1708390800000,11762.384113028196
1708394400000,11758.444453028196
1708398000000,11761.643863028197
1708401600000,11752.841383028197
1708405200000,11761.263343028197
1708408800000,11764.560883028198
1708412400000,11765.908063028199
1708416000000,11762.35891441555
1708419600000,11758.96180441555
1708423200000,11754.41695441555
1708426800000,11767.39135441555
1708430400000,11774.12104441555
1708434000000,11771.04817441555
1708437600000,11799.539474415551
1708441200000,11768.91706441555
1708444800000,11757.85282468656
1708448400000,11739.21460468656
1708452000000,11741.097499063239
1708455600000,11745.438199063237
1708459200000,11760.240259063237
1708462800000,11758.108129063237
1708466400000,11761.280389063239
1708470000000,11764.256089063238
1708473600000,11768.34206553124
1708477200000,11764.642915531242
1708480800000,11764.735735531242
1708484400000,11766.616705531242
1708488000000,11765.64755553124
1708491600000,11763.96041553124
1708495200000,11757.78242553124
1708498800000,11749.262095531241
1708502400000,11746.543797475137
1708506000000,11747.016087475136
1708509600000,11738.083527475137
1708513200000,11741.580657475137
1708516800000,11736.726717475138
1708520400000,11741.946477475138
1708524000000,11738.632257475138
1708527600000,11734.441707475136
1708531200000,11739.617364655838
1708534800000,11744.64056465584
1708538400000,11735.421354655839
1708542000000,11734.566864655839
1708545600000,11739.472674655839
1708549200000,11738.817474655838
1708552800000,11743.242804655838
1708556400000,11746.854594655839
1708560000000,11754.308330035838
1708563600000,11746.656140035839
1708567200000,11740.014050035837
1708570800000,11742.353660035838
1708574400000,11745.566870035838
1708578000000,11744.324720035838
1708581600000,11745.621470035838
1708585200000,11751.662960035837
1708588800000,11761.455590155838
1708592400000,11769.009500155838
1708596000000,11770.164290155839
1708599600000,11762.594000155837
1708603200000,11761.370960155838
1708606800000,11758.242380155838
1708610400000,11748.168680155839
1708614000000,11754.707030155838
1708617600000,11759.083538746838
1708621200000,11757.063338746839
1708624800000,11759.367458746838
1708628400000,11761.087358746838
1708632000000,11759.479388746839
1708635600000,11766.058688746838
1708639200000,11760.642368746838
1708642800000,11760.825278746837
1708646400000,11755.63083447488
1708650000000,11761.02258447488
1708653600000,11758.04415447488
1708657200000,11747.70564447488
1708660800000,11750.624014474879
1708664400000,11750.49024447488
1708668000000,11752.36848447488
1708671600000,11753.60244447488
1708675200000,11744.944659213386
1708678800000,11743.033659213386
1708682400000,11746.609959213387
1708686000000,11747.131389213388
1708689600000,11747.797509213387
1708693200000,11744.120199213387
1708696800000,11747.068599213388
1708700400000,11747.644629213386
1708704000000,11739.776310027386
1708707600000,11744.799510027386
1708711200000,11748.181980027386
1708714800000,11748.386730027387
1708718400000,11748.293910027387
1708722000000,11750.305920027386
1708725600000,11747.821620027386
1708729200000,11742.427140027386
1708732800000,11742.58212698389
1708736400000,11744.378466983891
1708740000000,11739.693786983891
1708743600000,11741.719446983892
1708747200000,11744.534076983891
1708750800000,11749.057686983891
1708754400000,11748.76011698389
1708758000000,11748.882966983892
1708761600000,11753.170025436531
1708765200000,11749.844885436532
1708768800000,11751.755885436532
1708772400000,11751.395525436532
1708776000000,11752.214525436531
1708779600000,11751.532025436532
1708783200000,11754.027245436531
1708786800000,11752.078025436533
1708790400000,11751.025432713532
1708794000000,11753.332282713533
1708797600000,11762.914582713533
1708801200000,11759.226352713533
1708804800000,11759.302792713532
1708808400000,11759.398342713532
1708812000000,11759.881552713532
1708815600000,11759.944342713532
1708819200000,11760.831745866533
1708822800000,11762.161255866533
1708826400000,11767.001545866533
1708830000000,11770.889065866533
1708833600000,11770.127395866533
1708837200000,11768.448445866532
1708840800000,11772.297745866532
1708844400000,11772.666295866533
1708848000000,11771.382098532367
1708851600000,11768.387288532367
1708855200000,11768.739458532367
1708858800000,11769.449258532368
1708862400000,11774.073878532368
1708866000000,11775.419768532369
1708869600000,11773.312208532368
1708873200000,11782.113728532368
1708876800000,11774.225948740932
1708880400000,11774.023928740931
1708884000000,11779.598588740932
1708887600000,11780.240138740932
1708891200000,11785.929458740931
1708894800000,11790.49674874093
1708898400000,11793.36324874093
1708902000000,11791.656998740931
1708905600000,11792.77538413895
1708909200000,11793.82643413895
1708912800000,11792.10653413895
1708916400000,11788.06067413895
1708920000000,11791.50866413895
1708923600000,11790.82889413895
1708927200000,11791.82807413895
1708930800000,11793.02927413895
1708934400000,11786.40246323759
1708938000000,11787.48354323759
1708941600000,11773.95639323759
1708945200000,11777.28153323759
1708948800000,11777.69649323759
1708952400000,11779.43550323759
1708956000000,11779.01508323759
1708959600000,11790.26814323759
1708963200000,11799.112613332634
1708966800000,11812.454173332635
1708970400000,11811.451913332634
1708974000000,11809.774753332635
1708977600000,11837.749633332634
1708981200000,11837.167863332636
1708984800000,11842.822033332635
1708988400000,11841.475303332636
1708992000000,11837.265962756428
1708995600000,11836.086732756428
1708999200000,11867.780492756428
1709002800000,11890.021082756428
1709006400000,11866.559892756428
1709010000000,11867.758092756429
1709013600000,11877.650822756428
1709017200000,11882.667582756429
1709020800000,11876.428253705588
1709024400000,11878.659113705588
1709028000000,11893.942323705587
1709031600000,11892.337593705586
1709035200000,11892.096033705588
1709038800000,11895.244823705587
1709042400000,11905.642543705588
1709046000000,11900.952273705587
1709049600000,11888.623268858135
1709053200000,11895.434718858134
1709056800000,11885.190788858135
1709060400000,11896.869688858134
1709064000000,11902.792848858135
1709067600000,11896.054178858134
1709071200000,11892.133138858135
1709074800000,11897.186888858136
1709078400000,11895.63822064427
1709082000000,11899.24478064427
1709085600000,11890.32680064427
1709089200000,11894.48671064427
1709092800000,11895.28157064427
1709096400000,11904.843770644271
1709100000000,11900.631390644272
1709103600000,11903.054880644271
1709107200000,11932.903769917455
1709110800000,11955.502089917456
1709114400000,11964.852059917457
1709118000000,11962.432339917455
1709121600000,11941.566769917456
1709125200000,11954.386069917455
1709128800000,11984.302799917456
1709132400000,11992.062109917455
1709136000000,11992.570127846066
1709139600000,12031.541807846066
1709143200000,11997.614117846066
1709146800000,11992.293787846065
1709150400000,11980.022157846066
1709154000000,11965.794567846067
1709157600000,11977.027657846065
1709161200000,11993.730857846065
1709164800000,12023.250240539659
1709168400000,12023.581600539661
1709172000000,12015.51657053966
1709175600000,12016.37380053966
1709179200000,12015.11996053966
1709182800000,12038.072250539659
1709186400000,12048.369360539658
1709190000000,12059.21185053966
1709193600000,12052.05898233229
1709197200000,12054.123412332288
1709200800000,12049.82143233229
1709204400000,12051.168532332289
1709208000000,12069.26486233229
1709211600000,12049.20668233229
1709215200000,12059.157092332289
1709218800000,12052.53353233229
1709222400000,12051.709956944402
1709226000000,12031.6623969444
1709229600000,12003.4533769444
1709233200000,11993.537516944401
1709236800000,12012.356466944402
1709240400000,12012.691726944402
1709244000000,11994.819506944401
1709247600000,11987.570896944402
1709251200000,11988.040773706964
1709254800000,12000.968823706964
1709258400000,11997.172273706963
1709262000000,11990.545113706963
1709265600000,11993.385793706964
1709269200000,12004.001423706963
1709272800000,11996.075713706963
1709276400000,12006.138323706964
1709280000000,11996.773343787352
1709283600000,12022.547523787352
1709287200000,12024.807423787352
1709290800000,12018.598163787352
1709294400000,12017.845023787351
1709298000000,12027.271033787352
1709301600000,12034.937963787352
1709305200000,12021.477583787351
1709308800000,12002.793043790227
1709312400000,12003.497783790228
1709316000000,12018.076323790227
1709319600000,12029.509433790228
1709323200000,12028.036153790228
1709326800000,12034.909663790228
1709330400000,12029.881853790228
1709334000000,12035.410113790227
1709337600000,12031.057289274637
1709341200000,12033.450159274636
1709344800000,12030.073119274637
1709348400000,12026.647129274637
1709352000000,12030.544619274637
1709355600000,12022.189009274638
1709359200000,12019.603129274636
1709362800000,12025.127419274637
1709366400000,12022.547322337923
1709370000000,12019.693502337925
1709373600000,12011.079152337923
1709377200000,12015.966702337924
1709380800000,12011.730462337924
1709384400000,12020.280812337924
1709388000000,12011.416852337925
1709391600000,12014.242492337924
1709395200000,12012.92821492778
1709398800000,12015.72883492778
1709402400000,12012.20665492778
1709406000000,12021.41882492778
1709409600000,12021.90783492778
1709413200000,12012.92014492778
1709416800000,12013.04704492778
1709420400000,12008.11284492778
1709424000000,12017.07279597876
1709427600000,12015.96658597876
1709431200000,12015.598085978761
1709434800000,12012.44877597876
1709438400000,12018.969925978761
1709442000000,12023.867215978762
1709445600000,12015.612415978761
1709449200000,12011.852755978762
1709452800000,11993.478001244011
1709456400000,11991.533201244012
1709460000000,11994.088301244012
1709463600000,11993.156701244012
1709467200000,11996.092601244012
1709470800000,12003.389001244012
1709474400000,12004.633401244011
1709478000000,12001.267401244011
1709481600000,12001.321040110084
1709485200000,12012.352340110083
1709488800000,12008.976140110084
1709492400000,12012.442440110084
1709496000000,12011.572040110083
1709499600000,12011.662140110084
1709503200000,12012.207840110083
1709506800000,12011.835540110083
1709510400000,12017.959103508525
1709514000000,12024.366403508524
1709517600000,12023.531703508525
1709521200000,12025.437403508524
1709524800000,12022.321303508525
1709528400000,12025.287803508525
1709532000000,12020.245603508525
1709535600000,12025.908303508524
1709539200000,12032.070296317554
1709542800000,12052.329196317554
1709546400000,12053.349196317553
1709550000000,12050.516996317554
1709553600000,12052.257796317554
1709557200000,12051.433296317553
1709560800000,12050.044396317553
1709564400000,12066.927096317553
1709568000000,12073.491478425094
1709571600000,12073.184278425093
1709575200000,12077.504678425094
1709578800000,12079.414578425094
1709582400000,12090.843778425095
1709586000000,12091.967878425094
1709589600000,12093.027578425093
1709593200000,12102.773678425094
1709596800000,12110.296620590454
1709600400000,12106.131120590455
1709604000000,12118.733620590456
1709607600000,12108.514820590453
1709611200000,12121.461420590455
1709614800000,12105.604720590454
1709618400000,12102.345220590454
1709622000000,12110.009420590453
1709625600000,12087.896271004729
1709629200000,12095.60757100473
1709632800000,12090.64327100473
1709636400000,12100.66607100473
1709640000000,12099.48747100473
1709643600000,12114.399471004728
1709647200000,12123.41337100473
1709650800000,12146.977871004729
1709654400000,12113.256719434901
1709658000000,12058.290545070067
1709661600000,12058.673045070067
1709665200000,12049.100045070067
1709668800000,12038.520366475606
1709672400000,12038.520366475606
1709676000000,12038.520366475606
1709679600000,12038.520366475606
1709683200000,12038.520366475606
1709686800000,12038.520366475606
1709690400000,12038.520366475606
1709694000000,12038.520366475606
1709697600000,12038.520366475606
1709701200000,12038.520366475606
1709704800000,12038.520366475606
1709708400000,12038.520366475606
1709712000000,12038.189045324489
1709715600000,12040.48694532449
1709719200000,12039.38749532449
1709722800000,12041.193145324489
1709726400000,12043.53174532449
1709730000000,12040.829595324489
1709733600000,12040.85379532449
1709737200000,12038.47559532449
1709740800000,12038.663895779227
1709744400000,12039.151195779226
1709748000000,12041.054745779227
1709751600000,12042.131095779227
1709755200000,12041.682295779226
1709758800000,12042.015045779228
1709762400000,12041.450745779228
1709766000000,12039.675345779227
1709769600000,12040.138217639
1709773200000,12040.845517639
1709776800000,12040.497367639
1709780400000,12038.028417639
1709784000000,12037.509767639
1709787600000,12037.918417639
1709791200000,12036.365217639
1709794800000,12037.278767639
1709798400000,12038.250872894869
1709802000000,12038.01602289487
1709805600000,12037.83452289487
1709809200000,12038.658422894869
1709812800000,12038.250872894869
1709816400000,12037.669522894868
1709820000000,12039.282122894869
1709823600000,12039.10007289487
1709827200000,12041.201725723706
1709830800000,12040.517525723706
1709834400000,12041.808375723705
1709838000000,12043.249375723706
1709841600000,12042.908375723706
1709845200000,12045.838775723705
1709848800000,12042.835775723705
1709852400000,12041.965675723706
1709856000000,12042.501260727648
1709859600000,12044.584110727648
1709863200000,12044.175460727649
1709866800000,12044.248060727648
1709870400000,12044.064910727648
1709874000000,12044.079760727649
1709877600000,12043.564960727648
1709881200000,12045.900260727649
1709884800000,12044.612208104538
1709888400000,12046.473408104539
1709892000000,12045.635208104539
1709895600000,12046.549858104538
1709899200000,12046.856758104539
1709902800000,12046.608158104538
1709906400000,12047.582758104538
1709910000000,12048.169058104539
1709913600000,12044.37756757167
1709917200000,12043.88916757167
1709920800000,12045.914267571668
1709924400000,12045.59691757167
1709928000000,12045.429635075669
1709931600000,12046.613385075669
1709935200000,12039.744985075668
1709938800000,12039.141285075668
1709942400000,12038.860100815522
1709946000000,12039.479250815522
1709949600000,12038.369700815523
1709953200000,12041.082650815522
1709956800000,12041.170750815521
1709960400000,12041.936150815522
1709964000000,12041.275750815523
1709967600000,12043.542850815524
1709971200000,12042.159122553618
1709974800000,12041.702872553617
1709978400000,12041.161472553618
1709982000000,12040.554922553618
1709985600000,12041.138822553618
1709989200000,12042.541422553617
1709992800000,12041.710972553617
1709996400000,12039.994372553618
1710000000000,12041.324751452088
1710003600000,12038.70925145209
1710007200000,12038.414251452088
1710010800000,12039.368451452088
1710014400000,12038.956201452089
1710018000000,12039.984601452088
1710021600000,12040.960601452089
1710025200000,12040.517051452087
1710028800000,12040.493397713028
1710032400000,12040.670347713027
1710036000000,12045.587197713028
1710039600000,12044.246647713027
1710043200000,12046.194747713027
1710046800000,12047.786197713027
1710050400000,12047.390697713028
1710054000000,12047.438797713028
1710057600000,12047.858672283266
1710061200000,12049.491872283266
1710064800000,12050.054072283265
1710068400000,12049.348672283266
1710072000000,12047.823872283265
1710075600000,12048.620222283265
1710079200000,12044.647572283266
1710082800000,12043.775822283267
1710086400000,12043.549746040195
1710090000000,12045.114546040195
1710093600000,12045.843246040196
1710097200000,12043.865596040194
1710100800000,12044.666746040195
1710104400000,12044.566296040195
1710108000000,12042.087946040196
1710111600000,12035.545146040195
1710115200000,12041.193752720175
1710118800000,12030.271372976578
1710122400000,12032.145372976578
1710126000000,12032.278372976578
1710129600000,12033.389372976577
1710133200000,12033.375872976578
1710136800000,12033.464372976578
1710140400000,12037.520872976578
1710144000000,12048.239523749255
1710147600000,12047.305023749255
1710151200000,12051.843063749255
1710154800000,12049.755723749255
1710158400000,12049.429653749256
1710162000000,12054.352213749255
1710165600000,12049.316633749257
1710169200000,12053.573423749254
1710172800000,12050.44958383135
1710176400000,12055.30934383135
1710180000000,12054.765953831351
1710183600000,12056.90068383135
1710187200000,12051.88024383135
1710190800000,12052.613293831351
1710194400000,12056.05239383135
1710198000000,12057.98272383135
1710201600000,12057.118328646153
1710205200000,12055.261628646154
1710208800000,12056.600598646153
1710212400000,12054.565388646153
1710216000000,12049.484298646154
1710219600000,12050.779838646155
1710223200000,12051.938788646154
1710226800000,12051.725998646154
1710230400000,12051.781838168099
1710234000000,12044.461158168098
1710237600000,12047.4347281681
1710241200000,12047.6889781681
1710244800000,12050.0631381681
1710248400000,12050.4654081681
1710252000000,12050.9929981681
1710255600000,12037.703528168098
1710259200000,12045.107334566985
1710262800000,12030.947654566984
1710266400000,12009.953328710817
1710270000000,12009.953328710817
1710273600000,12009.953328710817
1710277200000,12009.953328710817
1710280800000,12009.953328710817
1710284400000,12009.953328710817
1710288000000,12009.953328710817
1710291600000,12009.953328710817
1710295200000,12009.953328710817
1710298800000,12009.953328710817
1710302400000,12009.953328710817
1710306000000,12009.953328710817
1710309600000,12009.953328710817
1710313200000,12009.953328710817
1710316800000,12009.857460586181
1710320400000,12012.49796058618
1710324000000,12011.626960586182
1710327600000,12011.377460586182
1710331200000,12010.777960586182
1710334800000,12009.177960586181
1710338400000,12006.514460586182
1710342000000,12007.294460586181
1710345600000,12007.69149196516
1710349200000,12009.89449196516
1710352800000,12009.240491965162
1710356400000,12010.73449196516
1710360000000,12011.112991965161
1710363600000,12010.802491965162
1710367200000,12011.097991965162
1710370800000,12009.551491965161
1710374400000,12009.96781030195
1710378000000,12008.73381030195
1710381600000,12009.22781030195
1710385200000,12009.944310301951
1710388800000,12011.00381030195
1710392400000,12009.87981030195
1710396000000,12010.419810301952
1710399600000,12013.132810301951
1710403200000,12010.950816166247
1710406800000,12011.411316166248
1710410400000,12011.406816166247
1710414000000,12009.419816166248
1710417600000,12008.712316166248
1710421200000,12008.738316166247
1710424800000,12003.852316166247
1710428400000,12002.822816166248
1710432000000,11999.617186008836
1710435600000,12001.686186008837
1710439200000,11999.314186008836
1710442800000,11991.334908611167
1710446400000,11991.334908611167
1710450000000,11991.334908611167
1710453600000,11991.334908611167
1710457200000,11991.334908611167
1710460800000,11991.334908611167
1710464400000,11991.334908611167
1710468000000,11991.334908611167
1710471600000,11991.334908611167
1710475200000,11991.334908611167
1710478800000,11991.334908611167
1710482400000,11991.334908611167
1710486000000,11991.334908611167
1710489600000,11991.334908611167
1710493200000,11991.334908611167
1710496800000,11991.334908611167
1710500400000,11991.334908611167
1710504000000,11991.334908611167
1710507600000,11991.334908611167
1710511200000,11991.334908611167
1710514800000,11991.334908611167
1710518400000,11991.334908611167
1710522000000,11991.334908611167
1710525600000,11991.334908611167
1710529200000,11991.334908611167
1710532800000,11991.334908611167
1710536400000,11991.334908611167
1710540000000,11991.334908611167
1710543600000,11991.334908611167
1710547200000,11991.334908611167
1710550800000,11991.334908611167
1710554400000,11991.334908611167
1710558000000,11991.334908611167
1710561600000,11991.334908611167
1710565200000,11991.334908611167
1710568800000,11991.334908611167
1710572400000,11991.334908611167
1710576000000,11991.334908611167
1710579600000,11991.334908611167
1710583200000,11991.334908611167
1710586800000,11991.334908611167
1710590400000,11991.334908611167
1710594000000,11991.334908611167
1710597600000,11991.334908611167
1710601200000,11991.334908611167
1710604800000,11991.334908611167
1710608400000,11991.334908611167
1710612000000,11991.334908611167
1710615600000,11991.334908611167
1710619200000,11991.334908611167
1710622800000,11991.334908611167
1710626400000,11991.334908611167
1710630000000,11991.334908611167
1710633600000,11991.334908611167
1710637200000,11991.334908611167
1710640800000,11991.334908611167
1710644400000,11991.334908611167
1710648000000,11991.334908611167
1710651600000,11991.334908611167
1710655200000,11991.334908611167
1710658800000,11991.334908611167
1710662400000,11991.334908611167
1710666000000,11991.334908611167
1710669600000,11991.334908611167
1710673200000,11991.334908611167
1710676800000,11991.334908611167
1710680400000,11991.334908611167
1710684000000,11991.334908611167
1710687600000,11991.334908611167
1710691200000,11991.334908611167
1710694800000,11991.334908611167
1710698400000,11991.334908611167
1710702000000,11991.334908611167
1710705600000,11991.334908611167
1710709200000,11991.334908611167
1710712800000,11991.334908611167
1710716400000,11991.334908611167
1710720000000,11991.334908611167
1710723600000,11991.334908611167
1710727200000,11991.334908611167
1710730800000,11991.334908611167
1710734400000,11991.334908611167
1710738000000,11991.334908611167
1710741600000,11991.334908611167
1710745200000,11991.334908611167
1710748800000,11991.334908611167
1710752400000,11991.334908611167
1710756000000,11991.334908611167
1710759600000,11991.334908611167
1710763200000,11991.334908611167
1710766800000,11991.334908611167
1710770400000,11991.334908611167
1710774000000,11991.334908611167
1710777600000,11991.334908611167
1710781200000,11991.334908611167
1710784800000,11991.334908611167
1710788400000,11991.334908611167
1710792000000,11991.334908611167
1710795600000,11991.334908611167
1710799200000,11991.334908611167
1710802800000,11991.334908611167
1710806400000,11991.334908611167
1710810000000,11991.334908611167
1710813600000,11991.334908611167
1710817200000,11991.334908611167
1710820800000,11991.334908611167
1710824400000,11991.334908611167
1710828000000,11991.334908611167
1710831600000,11991.334908611167
1710835200000,11991.334908611167
1710838800000,11991.334908611167
1710842400000,11991.334908611167
1710846000000,11991.334908611167
1710849600000,11991.334908611167
1710853200000,11991.334908611167
1710856800000,11991.334908611167
1710860400000,11991.334908611167
1710864000000,11991.334908611167
1710867600000,11991.334908611167
1710871200000,11991.334908611167
1710874800000,11991.334908611167
1710878400000,11991.334908611167
1710882000000,11991.334908611167
1710885600000,11991.334908611167
1710889200000,11991.334908611167
1710892800000,11991.334908611167
1710896400000,11991.334908611167
1710900000000,11991.334908611167
1710903600000,11991.334908611167
1710907200000,11991.334908611167
1710910800000,11991.334908611167
1710914400000,11991.334908611167
1710918000000,11991.334908611167
1710921600000,11991.334908611167
1710925200000,11991.334908611167
1710928800000,11991.334908611167
1710932400000,11991.334908611167
1710936000000,11991.334908611167
1710939600000,11991.334908611167
1710943200000,11991.334908611167
1710946800000,11991.334908611167
1710950400000,11991.334908611167
1710954000000,11991.334908611167
1710957600000,11991.334908611167
1710961200000,11991.334908611167
1710964800000,11991.334908611167
1710968400000,11991.334908611167
1710972000000,11991.334908611167
1710975600000,11991.334908611167
1710979200000,11991.334908611167
1710982800000,11991.334908611167
1710986400000,11991.334908611167
1710990000000,11991.334908611167
1710993600000,11991.334908611167
1710997200000,11991.334908611167
1711000800000,11991.334908611167
1711004400000,11991.334908611167
1711008000000,11991.334908611167
1711011600000,11991.334908611167
1711015200000,11991.334908611167
1711018800000,11991.334908611167
1711022400000,11991.334908611167
1711026000000,11991.334908611167
1711029600000,11991.334908611167
1711033200000,11991.334908611167
1711036800000,11991.334908611167
1711040400000,11991.334908611167
1711044000000,11991.334908611167
1711047600000,11991.334908611167
1711051200000,11991.334908611167
1711054800000,11991.334908611167
1711058400000,11991.334908611167
1711062000000,11991.334908611167
1711065600000,11991.334908611167
1711069200000,11991.334908611167
1711072800000,11991.334908611167
1711076400000,11991.334908611167
1711080000000,11991.334908611167
1711083600000,11991.334908611167
1711087200000,11991.334908611167
1711090800000,11991.334908611167
1711094400000,11991.334908611167
1711098000000,11991.334908611167
1711101600000,11991.334908611167
1711105200000,11991.334908611167
1711108800000,11991.334908611167
1711112400000,11991.334908611167
1711116000000,11991.334908611167
1711119600000,11991.334908611167
1711123200000,11991.334908611167
1711126800000,11991.334908611167
1711130400000,11991.334908611167
1711134000000,11991.334908611167
1711137600000,11991.334908611167
1711141200000,11991.334908611167
1711144800000,11991.334908611167
1711148400000,11991.334908611167
1711152000000,11991.334908611167
1711155600000,11991.334908611167
1711159200000,11991.334908611167
1711162800000,11991.334908611167
1711166400000,11991.334908611167
1711170000000,11991.334908611167
1711173600000,11991.334908611167
1711177200000,11991.334908611167
1711180800000,11991.334908611167
1711184400000,11991.334908611167
1711188000000,11991.334908611167
1711191600000,11991.334908611167
1711195200000,11991.334908611167
1711198800000,11991.334908611167
1711202400000,11991.334908611167
1711206000000,11991.334908611167
1711209600000,11991.334908611167
1711213200000,11991.334908611167
1711216800000,11991.334908611167
1711220400000,11991.334908611167
1711224000000,11991.334908611167
1711227600000,11991.334908611167
1711231200000,11991.334908611167
1711234800000,11991.334908611167
1711238400000,11991.334908611167
1711242000000,11991.334908611167
1711245600000,11991.334908611167
1711249200000,11991.334908611167
1711252800000,11991.334908611167
1711256400000,11991.334908611167
1711260000000,11991.334908611167
1711263600000,11991.334908611167
1711267200000,11991.334908611167
1711270800000,11991.334908611167
1711274400000,11991.334908611167
1711278000000,11991.334908611167
1711281600000,11991.334908611167
1711285200000,11991.334908611167
1711288800000,11991.334908611167
1711292400000,11991.334908611167
1711296000000,11991.334908611167
1711299600000,11991.334908611167
1711303200000,11991.334908611167
1711306800000,11991.334908611167
1711310400000,11991.334908611167
1711314000000,11991.334908611167
1711317600000,11991.334908611167
1711321200000,11991.334908611167
1711324800000,11991.334908611167
1711328400000,11991.334908611167
1711332000000,11991.334908611167
1711335600000,11991.334908611167
1711339200000,11991.334908611167
1711342800000,11991.334908611167
1711346400000,11991.334908611167
1711350000000,11991.334908611167
1711353600000,11991.334908611167
1711357200000,11991.334908611167
1711360800000,11991.334908611167
1711364400000,11991.334908611167
1711368000000,11991.334908611167
1711371600000,11991.334908611167
1711375200000,11991.334908611167
1711378800000,11991.334908611167
1711382400000,11991.334908611167
1711386000000,11991.334908611167
1711389600000,11991.334908611167
1711393200000,11991.334908611167
1711396800000,11991.334908611167
1711400400000,11991.334908611167
1711404000000,11991.334908611167
1711407600000,11991.334908611167
1711411200000,11991.334908611167
1711414800000,11991.334908611167
1711418400000,11991.334908611167
1711422000000,11991.334908611167
1711425600000,11991.334908611167
1711429200000,11991.334908611167
1711432800000,11991.334908611167
1711436400000,11991.334908611167
1711440000000,11991.334908611167
1711443600000,11991.334908611167
1711447200000,11991.334908611167
1711450800000,11991.334908611167
1711454400000,11991.334908611167
1711458000000,11991.334908611167
1711461600000,11991.334908611167
1711465200000,11991.334908611167
1711468800000,11991.334908611167
1711472400000,11991.334908611167
1711476000000,11991.334908611167
1711479600000,11991.334908611167
1711483200000,11991.334908611167
1711486800000,11991.334908611167
1711490400000,11991.334908611167
1711494000000,11991.334908611167
1711497600000,11991.334908611167
1711501200000,11991.334908611167
1711504800000,11991.334908611167
1711508400000,11991.334908611167
1711512000000,11991.334908611167
1711515600000,11991.334908611167
1711519200000,11991.334908611167
1711522800000,11991.334908611167
1711526400000,11991.334908611167
1711530000000,11991.334908611167
1711533600000,11991.334908611167
1711537200000,11991.334908611167
1711540800000,11991.334908611167
1711544400000,11991.334908611167
1711548000000,11991.334908611167
1711551600000,11991.334908611167
1711555200000,11991.334908611167
1711558800000,11991.334908611167
1711562400000,11991.334908611167
1711566000000,11991.334908611167
1711569600000,11991.334908611167
1711573200000,11991.334908611167
1711576800000,11991.334908611167
1711580400000,11991.334908611167
1711584000000,11991.334908611167
1711587600000,11991.334908611167
1711591200000,11991.334908611167
1711594800000,11991.334908611167
1711598400000,11991.334908611167
1711602000000,11991.334908611167
1711605600000,11991.334908611167
1711609200000,11991.334908611167
1711612800000,11991.334908611167
1711616400000,11991.334908611167
1711620000000,11991.334908611167
1711623600000,11991.334908611167
1711627200000,11991.334908611167
1711630800000,11991.334908611167
1711634400000,11991.334908611167
1711638000000,11991.334908611167
1711641600000,11991.334908611167
1711645200000,11991.334908611167
1711648800000,11991.334908611167
1711652400000,11991.334908611167
1711656000000,11991.334908611167
1711659600000,11991.334908611167
1711663200000,11991.334908611167
1711666800000,11991.334908611167
1711670400000,11991.334908611167
1711674000000,11991.334908611167
1711677600000,11991.334908611167
1711681200000,11991.334908611167
1711684800000,11991.334908611167
1711688400000,11991.334908611167
1711692000000,11991.334908611167
1711695600000,11991.334908611167
1711699200000,11991.334908611167
1711702800000,11991.334908611167
1711706400000,11991.334908611167
1711710000000,11991.334908611167
1711713600000,11991.334908611167
1711717200000,11991.334908611167
1711720800000,11991.334908611167
1711724400000,11991.334908611167
1711728000000,11991.334908611167
1711731600000,11991.334908611167
1711735200000,11991.334908611167
1711738800000,11991.334908611167
1711742400000,11991.334908611167
1711746000000,11991.334908611167
1711749600000,11991.334908611167
1711753200000,11991.334908611167
1711756800000,11991.334908611167
1711760400000,11991.334908611167
1711764000000,11991.334908611167
1711767600000,11991.334908611167
1711771200000,11991.334908611167
1711774800000,11991.334908611167
1711778400000,11991.334908611167
1711782000000,11991.334908611167
1711785600000,11991.334908611167
1711789200000,11991.334908611167
1711792800000,11991.334908611167
1711796400000,11991.334908611167
1711800000000,11991.334908611167
1711803600000,11991.334908611167
1711807200000,11991.334908611167
1711810800000,11991.334908611167
1711814400000,11991.334908611167
1711818000000,11991.334908611167
1711821600000,11991.334908611167
1711825200000,11991.334908611167
1711828800000,11991.334908611167
1711832400000,11991.334908611167
1711836000000,11991.334908611167
1711839600000,11991.334908611167
1711843200000,11991.334908611167
1711846800000,11991.334908611167
1711850400000,11991.334908611167
1711854000000,11991.334908611167
1711857600000,11991.334908611167
1711861200000,11991.334908611167
1711864800000,11991.334908611167
1711868400000,11991.334908611167
1711872000000,11991.334908611167
1711875600000,11991.334908611167
1711879200000,11991.334908611167
1711882800000,11991.334908611167
1711886400000,11991.334908611167
1711890000000,11991.334908611167
1711893600000,11991.334908611167
1711897200000,11991.334908611167
1711900800000,11991.334908611167
1711904400000,11991.334908611167
1711908000000,11991.334908611167
1711911600000,11991.334908611167
1711915200000,11991.334908611167
1711918800000,11991.334908611167
1711922400000,11991.334908611167
1711926000000,11991.334908611167
1711929600000,11991.334908611167
1711933200000,11991.334908611167
1711936800000,11991.334908611167
1711940400000,11991.334908611167
1711944000000,11991.334908611167
1711947600000,11991.334908611167
1711951200000,11991.334908611167
1711954800000,11991.334908611167
1711958400000,11991.334908611167
1711962000000,11991.334908611167
1711965600000,11991.334908611167
1711969200000,11991.334908611167
1711972800000,11991.334908611167
1711976400000,11991.334908611167
1711980000000,11991.334908611167
1711983600000,11991.334908611167
1711987200000,11991.334908611167
1711990800000,11991.334908611167
1711994400000,11991.334908611167
1711998000000,11991.334908611167
1712001600000,11991.334908611167
1712005200000,11991.334908611167
1712008800000,11991.334908611167
1712012400000,11991.334908611167
1712016000000,11991.334908611167
1712019600000,11991.334908611167
1712023200000,11991.334908611167
1712026800000,11991.334908611167
1712030400000,11991.2324097683
1712034000000,11991.3942497683
1712037600000,11990.3327697683
1712041200000,11989.1391997683
1712044800000,11990.8749901743
1712048400000,11993.9892201743
1712052000000,11993.8142901743
1712055600000,11994.9531201743
1712059200000,11997.904320174299
1712062800000,11999.4144301743
1712066400000,12001.9158101743
1712070000000,12000.1843601743
1712073600000,12005.980836260429
1712077200000,12003.096276260429
1712080800000,12001.396956260429
1712084400000,12001.889616260429
1712088000000,12001.896756260428
1712091600000,12002.160936260429
1712095200000,12003.105796260428
1712098800000,11999.359676260428
1712102400000,12000.952848340303
1712106000000,12002.016708340303
1712109600000,11998.776338340303
1712113200000,11998.337228340302
1712116800000,11996.960398340303
1712120400000,11997.017518340303
1712124000000,11999.859238340303
1712127600000,11997.905258340303
1712131200000,11998.179041515801
1712134800000,11993.7117815158
1712138400000,11993.470211515802
1712142000000,11997.019981515801
1712145600000,11996.354036871171
1712149200000,11995.217576871171
1712152800000,11996.73473687117
1712156400000,11999.477656871171
1712160000000,11997.244866301431
1712163600000,11999.252706301431
1712167200000,11995.767186301431
1712170800000,11997.284346301432
1712174400000,11994.802851151795
1712178000000,11995.648851151796
1712181600000,11994.513331151797
1712185200000,11994.460691151795
1712188800000,11994.212983266938
1712192400000,11995.910263266938
1712196000000,11995.49410326694
1712199600000,11990.968363266938
1712203200000,11990.68786326694
1712206800000,11991.875143266938
1712210400000,11992.87984326694
1712214000000,11994.082423266938
1712217600000,11995.345953653852
1712221200000,11996.558733653852
1712224800000,11997.081993653852
1712228400000,11997.548133653852
1712232000000,11997.501213653852
1712235600000,11998.057113653853
1712239200000,12000.086913653851
1712242800000,12001.670973653852
1712246400000,11999.770043123472
1712250000000,12001.09094312347
1712253600000,12005.33210312347
1712257200000,12001.01036312347
1712260800000,11998.968554275518
1712264400000,12003.827304275517
1712268000000,12004.429904275517
1712271600000,12005.527004275518
1712275200000,12004.171495250519
1712278800000,12003.607995250519
1712282400000,12007.072945250518
1712286000000,12010.061795250518
1712289600000,12006.102345250518
1712293200000,12007.223595250518
1712296800000,12010.125045250517
1712300400000,12008.444895250519
1712304000000,12008.130820820517
1712307600000,12009.055420820518
1712311200000,12008.980670820518
1712314800000,12009.655720820518
1712318400000,12012.824761785007
1712322000000,12009.449911785006
1712325600000,12002.028961785005
1712329200000,11991.831111785006
1712332800000,11990.77679613599
1712336400000,11989.65759613599
1712340000000,11987.65489613599
1712343600000,11986.83309613599
1712347200000,11986.39909613599
1712350800000,11986.23734613599
1712354400000,11987.06319613599
1712358000000,11988.550896135992
1712361600000,11989.548378298197
1712365200000,11989.086378298196
1712368800000,11988.554978298198
1712372400000,11987.397028298197
1712376000000,11987.521428298198
1712379600000,11987.648778298199
1712383200000,11988.406128298198
1712386800000,11988.300728298198
1712390400000,11989.100852018197
1712394000000,11987.762752018198
1712397600000,11987.488502018197
1712401200000,11987.021652018198
1712404800000,11987.051702018198
1712408400000,11987.283302018199
1712412000000,11988.572652018198
1712415600000,11988.426652018197
1712419200000,11988.936367553195
1712422800000,11988.560067553197
1712426400000,11989.508617553196
1712430000000,11988.896667553196
1712433600000,11987.397276544838
1712437200000,11990.82867654484
1712440800000,11989.016676544838
1712444400000,11997.603576544838
1712448000000,11992.05172753328
1712451600000,11993.00197753328
1712455200000,12000.31882753328
1712458800000,11998.69822753328
1712462400000,12000.21457753328
1712466000000,11998.28857753328
1712469600000,12000.501227533281
1712473200000,11998.44337753328
1712476800000,11998.974782728279
1712480400000,12000.64818272828
1712484000000,11998.091132728277
1712487600000,12000.03798272828
1712491200000,11999.885732728279
1712494800000,12000.85983272828
1712498400000,12001.91103272828
1712502000000,12003.036632728279
1712505600000,11999.281734124123
1712509200000,12001.753884124122
1712512800000,12001.779354124123
1712516400000,11999.955234124123
1712520000000,11997.807174124124
1712523600000,11996.195514124123
1712527200000,11994.157884124124
1712530800000,11991.857334124123
1712534400000,11985.15947105959
1712538000000,11980.344111059589
1712541600000,11980.47023105959
1712545200000,11979.029151059589
1712548800000,11980.668951059588
1712552400000,11979.872511059588
1712556000000,11983.623711059588
1712559600000,11984.46779105959
1712563200000,11998.74507015306
1712566800000,12030.171510153059
1712570400000,12035.24595015306
1712574000000,12035.997270153059
1712577600000,12039.459270153058
1712581200000,12040.99479015306
1712584800000,12035.64675015306
1712588400000,12037.906350153058
1712592000000,12035.097518760218
1712595600000,12039.026078760216
1712599200000,12041.164838760218
1712602800000,12046.746038760219
1712606400000,12047.234558760218
1712610000000,12044.970758760219
1712613600000,12043.605878760218
1712617200000,12053.693918760218
1712620800000,12046.354543522362
1712624400000,12044.085703522363
1712628000000,12040.033663522363
1712631600000,12046.105303522363
1712635200000,12042.280543522364
1712638800000,12042.644623522363
1712642400000,12041.554423522362
1712646000000,12030.589663522363
1712649600000,12024.917402984574
1712653200000,12020.349696553552
1712656800000,12020.491776553552
1712660400000,12020.487936553553
1712664000000,12021.098496553552
1712667600000,12020.334336553553
1712671200000,12011.696256553552
1712674800000,11997.100103936535
1712678400000,11996.503102042157
1712682000000,12000.709412042157
1712685600000,11999.897362042157
1712689200000,11999.901722042157
1712692800000,11997.674521702731
1712696400000,11997.221311702731
1712700000000,11997.00102170273
1712703600000,11995.603591702731
1712707200000,11997.452749546379
1712710800000,11997.35017954638
1712714400000,11996.779119546378
1712718000000,11997.186959546378
1712721600000,11996.658979546379
1712725200000,11996.262829546378
1712728800000,11995.063219546379
1712732400000,11995.00944954638
1712736000000,11994.790028105808
1712739600000,11999.140258105808
1712743200000,11996.372598105807
1712746800000,11998.100068105809
1712750400000,11996.214678105807
1712754000000,12014.439518105808
1712757600000,12010.350068105807
1712761200000,12004.176818105807
1712764800000,12004.315397966839
1712768400000,11994.07432796684
1712772000000,11997.778237966839
1712775600000,11998.64360796684
1712779200000,11990.108536584354
1712782800000,11989.651336584355
1712786400000,11991.202206584354
1712790000000,11992.597786584354
1712793600000,11991.950260316411
1712797200000,11992.465820316409
1712800800000,11993.09120031641
1712804400000,11991.69043031641
1712808000000,11989.724450316411
1712811600000,11989.98535031641
1712815200000,11989.47870031641
1712818800000,11989.21736031641
1712822400000,11988.171410646033
1712826000000,11991.915990646032
1712829600000,11986.631130646032
1712833200000,11983.179290646032
1712836800000,11973.736813993619
1712840400000,11964.07915399362
1712844000000,11972.90680399362
1712847600000,11978.90231399362
1712851200000,11974.979084900784
1712854800000,11975.408784900785
1712858400000,11975.709754900785
1712862000000,11975.706374900785
1712865600000,11975.640868234983
1712869200000,11976.258418234982
1712872800000,11972.034448234985
1712876400000,11972.388388234982
1712880000000,11970.371851564681
1712883600000,11969.602981564682
1712887200000,11971.290231564682
1712890800000,11971.958821564682
1712894400000,11971.215283936695
1712898000000,11974.021673936695
1712901600000,11972.630593936696
1712905200000,11971.327803936694
1712908800000,11966.836642346934
1712912400000,11965.949602346935
1712916000000,11966.594002346936
1712919600000,11965.463242346936
1712923200000,11965.889122346935
1712926800000,11968.069282346934
1712930400000,11968.387522346933
1712934000000,11967.231862346935
1712937600000,11966.946039558792
1712941200000,11972.589019558793
1712944800000,11990.691579558792
1712948400000,12016.158979558792
1712952000000,12014.509639558792
1712955600000,12011.903539558793
1712959200000,12012.261519558793
1712962800000,12011.748419558791
1712966400000,12009.400920824794
1712970000000,12011.635600824793
1712973600000,12025.113680824794
1712977200000,12015.757760824794
1712980800000,12009.066320824793
1712984400000,12002.424580824792
1712988000000,12004.864920824793
1712991600000,12001.083380824793
1712995200000,12003.729744880795
1712998800000,12006.769704880795
1713002400000,12003.078324880795
1713006000000,12001.134144880794
1713009600000,12002.223064880794
1713013200000,11999.923564880793
1713016800000,12000.771264880794
1713020400000,12002.503484880794
1713024000000,12000.197267008794
1713027600000,12006.811987008794
1713031200000,12016.366427008794
1713034800000,12008.146607008794
1713038400000,12043.599087008794
1713042000000,12083.280127008793
1713045600000,12077.698467008795
1713049200000,12054.342127008795
1713052800000,12060.007941953565
1713056400000,12068.121781953565
1713060000000,12063.685601953564
1713063600000,12073.357361953565
1713067200000,12068.422081953566
1713070800000,12055.920081953565
1713074400000,12049.503601953564
1713078000000,12043.947841953566
1713081600000,12047.67992872204
1713085200000,12048.515168722039
1713088800000,12053.631888722039
1713092400000,12050.468028722038
1713096000000,12056.347748722039
1713099600000,12052.32890872204
1713103200000,12054.853388722038
1713106800000,12056.04114872204
1713110400000,12052.084292361036
1713114000000,12047.525472361036
1713117600000,12054.464432361036
1713121200000,12046.599652361037
1713124800000,12050.724192361036
1713128400000,12054.221252361036
1713132000000,12050.246372361036
1713135600000,12033.016432361035
1713139200000,12032.401542646128
1713142800000,12037.269342646128
1713146400000,12035.432682646127
1713150000000,12036.05148264613
1713153600000,12034.945762646128
1713157200000,12037.25240264613
1713160800000,12030.696062646128
1713164400000,12012.98676264613
1713168000000,12014.239260519962
1713171600000,12013.818560519961
1713175200000,12012.137580519962
1713178800000,12010.579940519961
1713182400000,12019.051200519962
1713186000000,12017.766840519962
1713189600000,12024.260040519963
1713193200000,12045.846500519961
1713196800000,12036.309165941968
1713200400000,12043.060665941968
1713204000000,12045.662705941968
1713207600000,12063.099845941968
1713211200000,12052.106065941969
1713214800000,12056.25790594197
1713218400000,12053.985705941968
1713222000000,12050.602185941967
1713225600000,12054.011338858698
1713229200000,12057.224058858697
1713232800000,12057.139918858698
1713236400000,12054.206218858697
1713240000000,12058.721218858696
1713243600000,12069.168578858696
1713247200000,12064.951358858698
1713250800000,12057.225038858696
1713254400000,12051.868494232662
1713258000000,12055.041594232662
1713261600000,12056.95049423266
1713265200000,12065.85687423266
1713268800000,12057.011954232661
1713272400000,12057.988174232662
1713276000000,12062.84225423266
1713279600000,12069.369194232662
1713283200000,12075.043833831138
1713286800000,12063.962833831138
1713290400000,12066.466313831137
1713294000000,12059.631653831137
1713297600000,12063.351033831137
1713301200000,12059.972413831136
1713304800000,12048.740493831136
1713308400000,12051.372913831136
1713312000000,12052.355901396355
1713315600000,12050.012861396355
1713319200000,12050.071661396356
1713322800000,12052.325381396355
1713326400000,12051.206361396356
1713330000000,12047.562021396356
1713333600000,12050.909701396355
1713337200000,12050.794201396355
1713340800000,12054.40147624386
1713344400000,12056.96907624386
1713348000000,12056.544036243858
1713351600000,12061.18447624386
1713355200000,12065.75211624386
1713358800000,12068.45705624386
1713362400000,12067.86807624386
1713366000000,12082.40987624386
1713369600000,12093.731533580494
1713373200000,12093.524473580495
1713376800000,12081.802553580495
1713380400000,12077.648053580495
1713384000000,12082.053573580495
1713387600000,12085.882153580495
1713391200000,12081.116833580494
1713394800000,12077.861693580495
1713398400000,12082.503208429775
1713402000000,12080.579608429774
1713405600000,12078.681348429775
1713409200000,12075.872668429774
1713412800000,12072.767888429775
1713416400000,12075.977808429774
1713420000000,12082.801128429774
1713423600000,12085.192188429775
1713427200000,12083.64239297191
1713430800000,12081.44985297191
1713434400000,12077.39139297191
1713438000000,12073.822932971909
1713441600000,12065.441972971908
1713445200000,12072.45303297191
1713448800000,12065.071672971908
1713452400000,12052.097592971908
1713456000000,12056.699191109941
1713459600000,12057.958071109942
1713463200000,12064.529391109942
1713466800000,12061.745911109942
1713470400000,12058.258511109942
1713474000000,12057.369931109943
1713477600000,12056.93747110994
1713481200000,12056.98759110994
1713484800000,12056.594509497283
1713488400000,12055.612669497285
1713492000000,12060.588509497284
1713495600000,12061.053589497284
1713499200000,12057.927783511712
1713502800000,12051.747703511712
1713506400000,12055.017943511712
1713510000000,12029.612783511711
1713513600000,12033.534669318788
1713517200000,12030.486989318788
1713520800000,12031.995929318788
1713524400000,12032.880049318788
1713528000000,12032.371809318789
1713531600000,12033.207009318789
1713535200000,12032.763509318787
1713538800000,12033.364329318787
1713542400000,12033.164195612431
1713546000000,12033.818135612431
1713549600000,12034.48207561243
1713553200000,12032.67531561243
1713556800000,12030.15017154229
1713560400000,12032.53409154229
1713564000000,12030.54353154229
1713567600000,12035.833231542289
1713571200000,12037.802020815358
1713574800000,12044.103060815358
1713578400000,12039.071920815357
1713582000000,12037.643320815358
1713585600000,12037.534440815358
1713589200000,12035.055080815358
1713592800000,12035.883000815356
1713596400000,12035.223980815359
1713600000000,12036.394359413838
1713603600000,12038.630839413838
1713607200000,12039.378179413838
1713610800000,12041.025259413836
1713614400000,12038.980699413838
1713618000000,12037.094499413839
1713621600000,12036.204799413837
1713625200000,12036.003239413838
1713628800000,12026.416285913983
1713632400000,12028.232125913983
1713636000000,12019.148945913983
1713639600000,12022.714785913984
1713643200000,12021.663505913983
1713646800000,12021.767445913983
1713650400000,12022.770545913983
1713654000000,12023.338745913983
1713657600000,12021.36647175054
1713661200000,12023.28969175054
1713664800000,12021.458511750541
1713668400000,12017.918443817294
1713672000000,12018.284043817295
1713675600000,12018.512843817294
1713679200000,12019.054843817295
1713682800000,12018.771643817296
1713686400000,12018.323392582051
1713690000000,12019.186992582052
1713693600000,12019.435792582051
1713697200000,12019.01899258205
1713700800000,12017.63861306501
1713704400000,12016.09361306501
1713708000000,12015.48581306501
1713711600000,12015.614813065009
1713715200000,12016.394948111305
1713718800000,12013.549748111305
1713722400000,12014.486348111304
1713726000000,12014.422148111305
1713729600000,12012.326348111304
1713733200000,12014.139548111305
1713736800000,12013.660748111304
1713740400000,12016.138148111304
1713744000000,12015.573176132102
1713747600000,12015.4177761321
1713751200000,12014.127776132102
1713754800000,12014.550776132102
1713758400000,12020.7757761321
1713762000000,12020.510576132101
1713765600000,12023.7811761321
1713769200000,12023.833976132102
1713772800000,12022.387096421113
1713776400000,12021.942496421112
1713780000000,12021.379696421112
1713783600000,12022.253896421113
1713787200000,12021.148096421111
1713790800000,12022.196896421112
1713794400000,12023.167096421112
1713798000000,12022.121896421111
1713801600000,12021.894542259239
1713805200000,12022.77174225924
1713808800000,12024.844142259239
1713812400000,12023.83554225924
1713816000000,12024.86154225924
1713819600000,12024.986342259239
1713823200000,12025.382942259239
1713826800000,12027.78534225924
1713830400000,12026.63289528157
1713834000000,12028.061495281569
1713837600000,12026.833295281569
1713841200000,12025.98549528157
1713844800000,12024.496895281569
1713848400000,12023.608295281569
1713852000000,12024.79569528157
1713855600000,12024.374495281569
1713859200000,12022.698319823889
1713862800000,12023.457919823888
1713866400000,12022.600519823889
1713870000000,12023.07631982389
1713873600000,12022.016119823887
1713877200000,12022.73191982389
1713880800000,12024.860119823888
1713884400000,12026.956519823889
1713888000000,12024.712632832401
1713891600000,12026.464632832402
1713895200000,12026.3848328324
1713898800000,12026.4130328324
1713902400000,12024.4504328324
1713906000000,12023.7994328324
1713909600000,12024.0700328324
1713913200000,12023.8408328324
1713916800000,12022.887733919526
1713920400000,12020.464933919526
1713924000000,12020.499133919526
1713927600000,12022.119133919525
1713931200000,12021.641233919525
1713934800000,12017.926933919525
1713938400000,12020.564833919525
1713942000000,12019.960033919526
1713945600000,12021.670310926018
1713949200000,12022.547810926017
1713952800000,12024.226310926017
1713956400000,12023.079710926017
1713960000000,12022.502810926017
1713963600000,12024.692510926017
1713967200000,12025.997510926018
1713970800000,12034.643810926018
1713974400000,12038.650182120595
1713978000000,12037.769082120594
1713981600000,12038.377482120595
1713985200000,12044.196882120596
1713988800000,12043.522782120595
1713992400000,12044.197782120595
1713996000000,12042.285282120594
1713999600000,12044.886282120595
1714003200000,12043.192578633205
1714006800000,12040.093878633204
1714010400000,12045.632478633204
1714014000000,12042.218778633205
1714017600000,12042.762378633206
1714021200000,12042.413178633205
1714024800000,12043.348278633206
1714028400000,12042.456378633206
1714032000000,12044.799112853463
1714035600000,12046.043812853464
1714039200000,12045.676612853464
1714042800000,12049.295512853463
1714046400000,12046.862812853464
1714050000000,12049.405312853463
1714053600000,12051.102712853464
1714057200000,12050.756212853463
1714060800000,12044.26028982404
1714064400000,12041.76728982404
1714068000000,12038.905289824039
1714071600000,12038.25908982404
1714075200000,12037.97558982404
1714078800000,12038.06378982404
1714082400000,12038.88098982404
1714086000000,12039.62618982404
1714089600000,12040.447907308268
1714093200000,12042.949007308267
1714096800000,12041.488307308267
1714100400000,12041.032907308267
1714104000000,12042.110207308267
1714107600000,12043.618607308266
1714111200000,12040.277807308266
1714114800000,12042.201107308267
1714118400000,12043.079867587905
1714122000000,12041.512967587905
1714125600000,12041.064767587906
1714129200000,12043.949267587906
1714132800000,12043.321967587906
1714136400000,12044.279567587906
1714140000000,12041.394167587905
1714143600000,12046.023767587905
1714147200000,12049.955245007
1714150800000,12047.770045007
1714154400000,12045.304945007001
1714158000000,12044.927845007001
1714161600000,12046.420045007
1714165200000,12045.619045007
1714168800000,12044.869345007
1714172400000,12046.521745007001
1714176000000,12047.347718837002
1714179600000,12053.138318837002
1714183200000,12057.767018837001
1714186800000,12054.708818837002
1714190400000,12053.644118837
1714194000000,12053.845718837001
1714197600000,12054.464918837002
1714201200000,12054.495518837002
1714204800000,12054.268733851688
1714208400000,12054.170633851689
1714212000000,12054.878933851689
1714215600000,12056.824733851689
1714219200000,12056.059733851689
1714222800000,12053.741333851689
1714226400000,12052.432733851689
1714230000000,12053.519933851689
1714233600000,12054.474684875571
1714237200000,12056.316984875572
1714240800000,12050.41928487557
1714244400000,12051.06638487557
1714248000000,12050.810784875572
1714251600000,12051.948384875572
1714255200000,12051.84488487557
1714258800000,12051.755784875571
1714262400000,12049.921779262975
1714266000000,12048.144939262977
1714269600000,12050.473299262976
1714273200000,12054.622459262975
1714276800000,12054.217719262975
1714280400000,12054.226479262976
1714284000000,12055.090359262975
1714287600000,12056.343919262976
1714291200000,12056.378111526656
1714294800000,12057.019651526656
1714298400000,12056.171551526657
1714302000000,12055.451611526656
1714305600000,12053.748351478116
1714309200000,12051.836041478116
1714312800000,12047.470461478115
1714316400000,12047.957511478115
1714320000000,12047.521542348873
1714323600000,12046.283142348873
1714327200000,12045.559352348873
1714330800000,12041.239722348875
1714334400000,12046.021955777876
1714338000000,12045.211655777875
1714341600000,12044.849715777877
1714345200000,12047.050895777877
1714348800000,12043.942128428067
1714352400000,12038.478848428067
1714356000000,12039.048908428065
1714359600000,12051.529048428067
1714363200000,12063.481668428067
1714366800000,12057.530148428066
1714370400000,12057.317128428065
1714374000000,12063.149428428067
1714377600000,12060.068069867142
1714381200000,12064.520029867143
1714384800000,12060.616309867142
1714388400000,12061.843829867143
1714392000000,12066.128809867141
1714395600000,12062.030169867141
1714399200000,12071.688229867143
1714402800000,12057.52558986714
1714406400000,12055.851523317002
1714410000000,12059.969403317004
1714413600000,12056.513503317003
1714417200000,12059.747323317004
1714420800000,12054.810603317002
1714424400000,12056.546163317003
1714428000000,12055.653983317003
1714431600000,12041.656003317003
1714435200000,12039.13262475955
1714438800000,12035.07890475955
1714442400000,12045.40042475955
1714446000000,12042.557344759549
1714449600000,12043.81978475955
1714453200000,12045.542504759549
1714456800000,12046.258824759549
1714460400000,12045.60318475955
1714464000000,12047.801455332828
1714467600000,12060.434735332828
1714471200000,12064.93541533283
1714474800000,12064.498815332829
1714478400000,12069.100479820487
1714482000000,12069.679799820486
1714485600000,12075.458199820487
1714489200000,12066.714399820488
1714492800000,12074.260512918137
1714496400000,12080.211552918137
1714500000000,12079.154152918138
1714503600000,12079.039072918136
1714507200000,12090.332752918137
1714510800000,12084.045592918137
1714514400000,12080.696912918136
1714518000000,12075.027832918136
1714521600000,12071.785629786373
1714525200000,12077.242349786373
1714528800000,12078.416989786372
1714532400000,12082.797549786372
1714536000000,12077.336309786373
1714539600000,12076.335709786372
1714543200000,12080.804029786374
1714546800000,12091.993189786372
1714550400000,12119.71676037099
1714554000000,12124.02944037099
1714557600000,12121.620520370989
1714561200000,12115.350720370989
1714564800000,12111.32676037099
1714568400000,12108.48404037099
1714572000000,12118.148200370988
1714575600000,12114.850720370989
1714579200000,12123.844572616312
1714582800000,12120.667572616312
1714586400000,12110.622612616313
1714590000000,12087.381612616311
1714593600000,12113.213452616312
1714597200000,12111.306412616312
1714600800000,12100.433852616312
1714604400000,12102.652692616311
1714608000000,12097.787382101014
1714611600000,12104.599582101015
1714615200000,12115.785702101015
1714618800000,12111.687862101015
1714622400000,12110.710022101015
1714626000000,12113.067142101014
1714629600000,12113.060142101014
1714633200000,12111.568342101014
1714636800000,12110.597829661687
1714640400000,12106.061149661686
1714644000000,12105.774069661686
1714647600000,12101.199029661686
1714651200000,12093.946429661686
1714654800000,12093.705749661685
1714658400000,12098.537349661687
1714662000000,12090.112269661686
1714665600000,12088.507480236218
1714669200000,12091.397080236218
1714672800000,12088.10132023622
1714676400000,12087.504560236219
1714680000000,12086.749320236218
1714683600000,12092.550360236217
1714687200000,12088.353360236219
1714690800000,12086.235920236219
1714694400000,12089.881228722286
1714698000000,12091.175988722287
1714701600000,12085.297828722287
1714705200000,12082.954268722287
1714708800000,12081.603748722287
1714712400000,12083.113668722286
1714716000000,12084.876548722286
1714719600000,12088.425988722289
1714723200000,12091.584449126345
1714726800000,12090.638209126344
1714730400000,12088.006369126344
1714734000000,12092.629569126344
1714737600000,12089.336409126345
1714741200000,12070.748049126343
1714744800000,12061.640977737357
1714748400000,12062.213737737358
1714752000000,12058.992705376835
1714755600000,12056.818684957672
1714759200000,12056.818684957672
1714762800000,12056.818684957672
1714766400000,12056.818684957672
1714770000000,12056.818684957672
1714773600000,12056.818684957672
1714777200000,12056.818684957672
1714780800000,12056.818684957672
1714784400000,12056.818684957672
1714788000000,12056.818684957672
1714791600000,12056.818684957672
1714795200000,12056.818684957672
1714798800000,12056.818684957672
1714802400000,12056.818684957672
1714806000000,12056.818684957672
1714809600000,12056.818684957672
1714813200000,12056.818684957672
1714816800000,12056.818684957672
1714820400000,12056.818684957672
1714824000000,12056.818684957672
1714827600000,12056.818684957672
1714831200000,12056.818684957672
1714834800000,12056.818684957672
1714838400000,12056.818684957672
1714842000000,12056.818684957672
1714845600000,12056.818684957672
1714849200000,12056.818684957672
1714852800000,12056.818684957672
1714856400000,12056.818684957672
1714860000000,12056.818684957672
1714863600000,12056.818684957672
1714867200000,12056.988367320615
1714870800000,12053.385467320615
1714874400000,12052.020467320615
1714878000000,12051.486367320615
1714881600000,12050.625586772443
1714885200000,12049.995586772444
1714888800000,12050.932186772443
1714892400000,12049.702286772443
1714896000000,12047.335671872639
1714899600000,12048.149071872638
1714903200000,12047.869071872638
1714906800000,12047.624771872639
1714910400000,12046.525071872638
1714914000000,12047.707371872639
1714917600000,12045.221671872638
1714921200000,12045.252471872638
1714924800000,12042.537921870902
1714928400000,12043.435321870902
1714932000000,12044.033821870902
1714935600000,12046.177921870902
1714939200000,12046.555221870902
1714942800000,12047.419721870901
1714946400000,12046.8205218709
1714950000000,12046.333321870901
1714953600000,12045.236318325222
1714957200000,12043.802018325221
1714960800000,12044.889118325222
1714964400000,12046.429818325221
1714968000000,12046.820418325222
1714971600000,12044.40191832522
1714975200000,12044.424318325222
1714978800000,12043.81881832522
1714982400000,12041.636462623412
1714986000000,12037.358062623412
1714989600000,12037.591862623412
1714993200000,12045.000662623412
1714996800000,12044.278262623413
1715000400000,12048.894762623413
1715004000000,12046.059762623412
1715007600000,12051.521162623412
1715011200000,12048.62475330684
1715014800000,12050.71845330684
1715018400000,12051.069853306839
1715022000000,12050.01075330684
1715025600000,12051.09155330684
1715029200000,12050.20395330684
1715032800000,12049.10565330684
1715036400000,12049.231653306839
1715040000000,12051.557956162584
1715043600000,12049.262656162584
1715047200000,12046.738456162584
1715050800000,12047.865456162583
1715054400000,12050.584956162584
1715058000000,12049.583956162583
1715061600000,12048.253256162583
1715065200000,12048.092256162583
1715068800000,12048.227400197413
1715072400000,12044.131000197414
1715076000000,12044.823300197413
1715079600000,12044.784100197414
1715083200000,12049.151400197414
1715086800000,12047.939000197413
1715090400000,12050.907700197413
1715094000000,12044.585300197414
1715097600000,12047.377965994205
1715101200000,12048.369865994206
1715104800000,12050.013465994205
1715108400000,12051.068365994204
1715112000000,12052.542565994205
1715115600000,12052.646165994205
1715119200000,12052.374565994205
1715122800000,12053.831965994204
1715126400000,12057.20699424149
1715130000000,12055.594194241488
1715133600000,12055.825194241488
1715137200000,12054.399294241488
1715140800000,12053.690194241488
1715144400000,12056.318694241489
1715148000000,12055.484994241488
1715151600000,12056.438394241488
1715155200000,12057.964066794773
1715158800000,12056.782466794773
1715162400000,12057.265466794774
1715166000000,12056.676066794773
1715169600000,12057.868866794774
1715173200000,12057.839466794774
1715176800000,12056.872766794773
1715180400000,12056.141266794773
1715184000000,12057.70635792061
1715187600000,12056.68575792061
1715191200000,12055.63925792061
1715194800000,12056.148157920608
1715198400000,12058.438557920608
1715202000000,12063.216057920608
1715205600000,12062.98575792061
1715209200000,12065.18865792061
1715212800000,12065.49214031269
1715216400000,12064.16144031269
1715220000000,12062.92244031269
1715223600000,12062.14754031269
1715227200000,12061.95154031269
1715230800000,12062.95254031269
1715234400000,12062.50944031269
1715238000000,12062.47934031269
1715241600000,12064.557148246884
1715245200000,12064.632048246884
1715248800000,12065.096848246885
1715252400000,12067.601448246884
1715256000000,12066.010348246884
1715259600000,12063.311148246885
1715263200000,12065.336248246884
1715266800000,12062.863848246885
1715270400000,12058.495189656423
1715274000000,12061.169189656423
1715277600000,12060.406889656422
1715281200000,12058.053489656422
1715284800000,12056.831289656422
1715288400000,12055.285689656423
1715292000000,12055.745589656422
1715295600000,12050.806389656424
1715299200000,12052.128317914605
1715302800000,12053.658517914604
1715306400000,12053.754417914604
1715310000000,12053.748817914604
1715313600000,12053.659217914605
1715317200000,12053.209817914605
1715320800000,12054.474017914605
1715324400000,12051.044717914605
1715328000000,12052.150309249586
1715331600000,12052.681609249586
1715335200000,12052.130709249586
1715338800000,12052.683009249587
1715342400000,12050.361809249587
1715346000000,12053.157609249587
1715349600000,12054.014409249587
1715353200000,12066.587109249587
1715356800000,12067.975644113505
1715360400000,12066.743644113505
1715364000000,12071.591844113505
1715367600000,12069.031244113507
1715371200000,12069.493944113507
1715374800000,12070.426344113506
1715378400000,12069.176844113506
1715382000000,12067.764244113505
1715385600000,12068.189128034934
1715389200000,12068.480328034933
1715392800000,12067.867828034932
1715396400000,12067.696328034934
1715400000000,12068.531428034932
1715403600000,12068.450928034932
1715407200000,12067.246928034932
1715410800000,12067.067028034933
1715414400000,12066.536427411542
1715418000000,12068.331927411542
1715421600000,12067.738327411542
1715425200000,12068.779927411542
1715428800000,12068.835927411543
1715432400000,12068.998327411542
1715436000000,12067.125127411542
1715439600000,12067.838427411541
1715443200000,12065.416416042202
1715446800000,12065.475216042203
1715450400000,12066.456616042204
1715454000000,12065.542416042203
1715457600000,12066.028916042203
1715461200000,12067.137016042203
1715464800000,12067.547216042203
1715468400000,12067.587816042203
1715472000000,12068.317100270267
1715475600000,12067.027700270268
1715479200000,12067.963600270268
1715482800000,12067.643700270268
1715486400000,12067.430200270268
1715490000000,12066.471900270268
1715493600000,12066.695900270268
1715497200000,12067.325200270268
1715500800000,12068.084145081653
1715504400000,12066.808045081654
1715508000000,12066.860545081654
1715511600000,12065.864445081654
1715515200000,12065.930945081654
1715518800000,12065.844145081654
1715522400000,12065.325445081655
1715526000000,12065.624345081655
1715529600000,12064.265219201654
1715533200000,12064.832219201655
1715536800000,12062.523619201655
1715540400000,12064.685919201655
1715544000000,12063.977519201655
1715547600000,12065.194119201655
1715551200000,12065.185019201655
1715554800000,12064.999519201654
1715558400000,12063.388438191654
1715562000000,12063.480138191655
1715565600000,12064.295638191654
1715569200000,12066.938838191654
1715572800000,12066.152738191655
1715576400000,12067.564638191654
1715580000000,12068.010538191655
1715583600000,12063.755938191654
1715587200000,12056.674248766078
1715590800000,12056.674248766078
1715594400000,12056.674248766078
1715598000000,12056.674248766078
1715601600000,12056.674248766078
1715605200000,12056.674248766078
1715608800000,12056.674248766078
1715612400000,12056.674248766078
1715616000000,12056.674248766078
1715619600000,12056.674248766078
1715623200000,12056.674248766078
1715626800000,12056.674248766078
1715630400000,12056.674248766078
1715634000000,12056.674248766078
1715637600000,12056.674248766078
1715641200000,12056.674248766078
1715644800000,12056.674248766078
1715648400000,12056.674248766078
1715652000000,12056.674248766078
1715655600000,12056.674248766078
1715659200000,12056.674248766078
1715662800000,12056.674248766078
1715666400000,12056.674248766078
1715670000000,12056.674248766078
1715673600000,12056.674248766078
1715677200000,12056.674248766078
1715680800000,12056.674248766078
1715684400000,12056.674248766078
1715688000000,12056.674248766078
1715691600000,12056.674248766078
1715695200000,12056.674248766078
1715698800000,12056.674248766078
1715702400000,12056.674248766078
1715706000000,12056.674248766078
1715709600000,12056.674248766078
1715713200000,12056.674248766078
1715716800000,12056.674248766078
1715720400000,12056.674248766078
1715724000000,12056.674248766078
1715727600000,12056.674248766078
1715731200000,12056.674248766078
1715734800000,12056.674248766078
1715738400000,12056.674248766078
1715742000000,12056.674248766078
1715745600000,12056.674248766078
1715749200000,12056.674248766078
1715752800000,12056.674248766078
1715756400000,12056.674248766078
1715760000000,12056.674248766078
1715763600000,12056.674248766078
1715767200000,12056.674248766078
1715770800000,12056.674248766078
1715774400000,12056.674248766078
1715778000000,12056.674248766078
1715781600000,12056.674248766078
1715785200000,12056.674248766078
1715788800000,12056.62273627745
1715792400000,12056.720336277449
1715796000000,12058.54193627745
1715799600000,12064.045936277449
1715803200000,12066.16833627745
1715806800000,12066.04353627745
1715810400000,12065.52993627745
1715814000000,12067.94913627745
1715817600000,12068.439602626904
1715821200000,12067.135602626904
1715824800000,12066.598002626904
1715828400000,12065.945202626905
1715832000000,12066.028402626904
1715835600000,12064.769202626905
1715839200000,12064.346002626904
1715842800000,12065.866002626904
1715846400000,12067.300377319656
1715850000000,12068.966777319656
1715853600000,12068.889177319656
1715857200000,12067.872377319656
1715860800000,12070.732377319655
1715864400000,12066.391577319655
1715868000000,12068.985177319655
1715871600000,12062.832377319655
1715875200000,12064.912126939313
1715878800000,12059.569726939311
1715882400000,12058.833726939312
1715886000000,12059.106526939313
1715889600000,12059.932926939313
1715893200000,12060.588926939312
1715896800000,12061.971326939312
1715900400000,12061.584926939313
1715904000000,12060.546281569985
1715907600000,12061.733481569983
1715911200000,12061.039081569985
1715914800000,12061.403081569984
1715918400000,12062.849481569983
1715922000000,12061.907881569985
1715925600000,12063.708681569984
1715929200000,12066.434281569984
1715932800000,12069.411555372368
1715936400000,12067.486755372367
1715940000000,12069.071555372368
1715943600000,12070.456355372367
1715947200000,12068.071555372368
1715950800000,12069.350755372367
1715954400000,12065.959555372367
1715958000000,12072.431555372366
1715961600000,12076.254850227158
1715965200000,12071.166100227158
1715968800000,12066.866350227157
1715972400000,12068.467250227157
1715976000000,12068.444950227158
1715979600000,12069.891050227157
1715983200000,12068.092800227158
1715986800000,12068.149900227158
1715990400000,12069.356643847561
1715994000000,12070.11264384756
1715997600000,12072.663243847559
1716001200000,12071.81839384756
1716004800000,12074.671793847561
1716008400000,12071.069843847561
1716012000000,12070.84244384756
1716015600000,12071.43184384756
1716019200000,12070.901603642335
1716022800000,12075.015403642336
1716026400000,12076.070253642334
1716030000000,12079.556953642335
1716033600000,12078.858703642336
1716037200000,12073.834403642335
1716040800000,12071.769253642335
1716044400000,12071.505753642336
1716048000000,12072.408619760157
1716051600000,12073.236969760157
1716055200000,12072.749819760158
1716058800000,12072.357619760158
1716062400000,12073.668569760157
1716066000000,12074.643319760156
1716069600000,12073.271769760158
1716073200000,12074.296119760156
1716076800000,12075.566755343621
1716080400000,12073.567205343623
1716084000000,12074.320655343621
1716087600000,12078.483655343622
1716091200000,12077.79800534362
1716094800000,12076.673605343622
1716098400000,12075.377105343621
1716102000000,12073.582205343622
1716105600000,12076.837945503006
1716109200000,12074.162345503006
1716112800000,12075.367545503006
1716116400000,12074.347595503006
1716120000000,12073.959274998168
1716123600000,12074.715734998168
1716127200000,12074.993814998168
1716130800000,12075.238234998167
1716134400000,12075.370780418898
1716138000000,12076.552540418897
1716141600000,12074.623760418897
1716145200000,12073.930540418898
1716148800000,12070.953760418897
1716152400000,12069.944000418896
1716156000000,12071.887120418898
1716159600000,12071.183960418899
1716163200000,12071.576452383597
1716166800000,12071.555172383598
1716170400000,12072.242712383597
1716174000000,12070.551592383597
1716177600000,12071.569012383598
1716181200000,12067.588592383596
1716184800000,12068.218352383597
1716188400000,12072.056272383596
1716192000000,12071.659435724321
1716195600000,12069.771955724322
1716199200000,12071.888255724321
1716202800000,12071.65491572432
1716206400000,12073.00313572432
1716210000000,12073.90297572432
1716213600000,12073.785595724321
1716217200000,12073.54029572432
1716220800000,12071.844373433772
1716224400000,12074.907353433773
1716228000000,12074.936293433773
1716231600000,12076.488813433774
1716235200000,12087.629120154255
1716238800000,12087.659120154254
1716242400000,12106.821530154255
1716246000000,12104.218130154255
1716249600000,12127.922816247945
1716253200000,12128.616006247945
1716256800000,12126.600876247945
1716260400000,12126.838116247944
1716264000000,12129.572236247945
1716267600000,12120.845206247945
1716271200000,12121.484476247946
1716274800000,12124.887546247945
1716278400000,12120.94422779342
1716282000000,12122.00838779342
1716285600000,12125.218667793419
1716289200000,12129.30547779342
1716292800000,12139.297157793419
1716296400000,12143.093937793421
1716300000000,12134.83341779342
1716303600000,12132.675777793418
1716307200000,12127.918392825724
1716310800000,12127.420752825725
1716314400000,12126.200842825725
1716318000000,12122.832472825727
1716321600000,12115.310122825726
1716325200000,12123.860802825724
1716328800000,12125.333792825726
1716332400000,12136.021502825726
1716336000000,12133.88514320123
1716339600000,12131.01827320123
1716343200000,12133.36764320123
1716346800000,12133.01752320123
1716350400000,12132.37725320123
1716354000000,12123.262133201231
1716357600000,12126.88849320123
1716361200000,12127.50914320123
1716364800000,12123.069930411268
1716368400000,12128.422030411266
1716372000000,12122.548380411266
1716375600000,12126.268870411266
1716379200000,12115.478800411267
1716382800000,12114.312200411267
1716386400000,12114.836970411267
1716390000000,12125.540800411267
1716393600000,12131.562306360267
1716397200000,12129.409766360266
1716400800000,12123.568436360267
1716404400000,12119.881936360265
1716408000000,12121.837426360267
1716411600000,12121.917576360267
1716415200000,12126.006446360267
1716418800000,12118.979036360266
1716422400000,12118.312375295634
1716426000000,12123.497945295636
1716429600000,12123.322095295634
1716433200000,12124.594165295635
1716436800000,12126.244085295635
1716440400000,12127.651315295634
1716444000000,12123.941205295636
1716447600000,12128.731005295635
1716451200000,12132.561990678341
1716454800000,12132.413650678342
1716458400000,12130.577790678342
1716462000000,12133.61797067834
1716465600000,12149.39575067834
1716469200000,12140.185950678342
1716472800000,12120.961593708824
1716476400000,12118.392573708823
1716480000000,12124.265004453822
1716483600000,12121.994904453823
1716487200000,12119.989884453824
1716490800000,12119.005704453823
1716494400000,12096.257522415941
1716498000000,12096.257522415941
1716501600000,12096.257522415941
1716505200000,12096.257522415941
1716508800000,12096.257522415941
1716512400000,12096.257522415941
1716516000000,12096.257522415941
1716519600000,12096.257522415941
1716523200000,12096.257522415941
1716526800000,12096.257522415941
1716530400000,12096.257522415941
1716534000000,12096.257522415941
1716537600000,12096.257522415941
1716541200000,12096.257522415941
1716544800000,12096.257522415941
1716548400000,12096.257522415941
1716552000000,12096.257522415941
1716555600000,12096.257522415941
1716559200000,12096.257522415941
1716562800000,12096.257522415941
1716566400000,12096.257522415941
1716570000000,12096.257522415941
1716573600000,12096.257522415941
1716577200000,12096.257522415941
1716580800000,12096.257522415941
1716584400000,12096.257522415941
1716588000000,12096.257522415941
1716591600000,12096.257522415941
1716595200000,12096.257522415941
1716598800000,12096.257522415941
1716602400000,12096.257522415941
1716606000000,12096.257522415941
1716609600000,12096.257522415941
1716613200000,12096.257522415941
1716616800000,12096.257522415941
1716620400000,12096.257522415941
1716624000000,12096.257522415941
1716627600000,12096.257522415941
1716631200000,12096.257522415941
1716634800000,12096.257522415941
1716638400000,12096.257522415941
1716642000000,12096.257522415941
1716645600000,12096.257522415941
1716649200000,12096.257522415941
1716652800000,12096.257522415941
1716656400000,12096.257522415941
1716660000000,12096.257522415941
1716663600000,12096.257522415941
1716667200000,12096.257522415941
1716670800000,12096.257522415941
1716674400000,12096.257522415941
1716678000000,12096.257522415941
1716681600000,12096.257522415941
1716685200000,12096.257522415941
1716688800000,12096.257522415941
1716692400000,12096.257522415941
1716696000000,12096.257522415941
1716699600000,12096.257522415941
1716703200000,12096.257522415941
1716706800000,12096.257522415941
1716710400000,12096.257522415941
1716714000000,12096.257522415941
1716717600000,12096.257522415941
1716721200000,12096.257522415941
1716724800000,12096.257522415941
1716728400000,12096.257522415941
1716732000000,12096.257522415941
1716735600000,12096.257522415941
1716739200000,12096.257522415941
1716742800000,12096.257522415941
1716746400000,12096.257522415941
1716750000000,12096.257522415941
1716753600000,12096.257522415941
1716757200000,12096.257522415941
1716760800000,12096.257522415941
1716764400000,12096.257522415941
1716768000000,12096.257522415941
1716771600000,12096.257522415941
1716775200000,12096.257522415941
1716778800000,12096.257522415941
1716782400000,12095.252253601238
1716786000000,12095.785233601238
1716789600000,12092.624613601238
1716793200000,12091.731993601237
1716796800000,12095.039783635239
1716800400000,12093.956003635238
1716804000000,12093.516983635238
1716807600000,12092.980763635238
1716811200000,12093.162203635238
1716814800000,12093.873383635238
1716818400000,12097.903943635238
1716822000000,12100.298303635238
1716825600000,12102.945936919852
1716829200000,12100.018596919852
1716832800000,12098.505516919851
1716836400000,12097.07343691985
1716840000000,12085.829016919852
1716843600000,12091.524936919852
1716847200000,12090.446016919852
1716850800000,12089.76237691985
1716854400000,12091.256080261852
1716858000000,12088.690000261851
1716861600000,12084.06166026185
1716865200000,12086.52082026185
1716868800000,12084.092440261851
1716872400000,12081.707800261851
1716876000000,12085.81936026185
1716879600000,12085.34794026185
1716883200000,12083.014324867863
1716886800000,12087.861364867864
1716890400000,12088.705384867864
1716894000000,12092.159224867864
1716897600000,12092.245084867864
1716901200000,12091.185604867864
1716904800000,12084.600304867863
1716908400000,12085.543144867865
1716912000000,12086.29791259969
1716915600000,12080.11923259969
1716919200000,12080.73645259969
1716922800000,12073.360025868426
1716926400000,12073.360025868426
1716930000000,12073.360025868426
1716933600000,12073.360025868426
1716937200000,12073.360025868426
1716940800000,12073.360025868426
1716944400000,12073.360025868426
1716948000000,12073.360025868426
1716951600000,12073.360025868426
1716955200000,12073.360025868426
1716958800000,12073.360025868426
1716962400000,12073.360025868426
1716966000000,12073.360025868426
1716969600000,12073.360025868426
1716973200000,12073.360025868426
1716976800000,12073.360025868426
1716980400000,12073.360025868426
1716984000000,12073.360025868426
1716987600000,12073.360025868426
1716991200000,12073.360025868426
1716994800000,12073.360025868426
1716998400000,12073.360025868426
1717002000000,12073.360025868426
1717005600000,12073.360025868426
1717009200000,12073.360025868426
1717012800000,12073.360025868426
1717016400000,12073.360025868426
1717020000000,12073.360025868426
1717023600000,12073.360025868426
1717027200000,12073.360025868426
1717030800000,12073.360025868426
1717034400000,12073.360025868426
1717038000000,12073.360025868426
1717041600000,12073.360025868426
1717045200000,12073.360025868426
1717048800000,12073.360025868426
1717052400000,12073.360025868426
1717056000000,12073.360025868426
1717059600000,12073.360025868426
1717063200000,12073.360025868426
1717066800000,12073.360025868426
1717070400000,12073.360025868426
1717074000000,12073.360025868426
1717077600000,12073.360025868426
1717081200000,12073.360025868426
1717084800000,12073.360025868426
1717088400000,12073.360025868426
1717092000000,12073.360025868426
1717095600000,12073.360025868426
1717099200000,12073.360025868426
1717102800000,12073.360025868426
1717106400000,12073.360025868426
1717110000000,12073.360025868426
1717113600000,12073.360025868426
1717117200000,12073.360025868426
1717120800000,12073.360025868426
1717124400000,12073.360025868426
1717128000000,12073.360025868426
1717131600000,12073.360025868426
1717135200000,12073.360025868426
1717138800000,12073.360025868426
1717142400000,12073.360025868426
1717146000000,12073.360025868426
1717149600000,12073.360025868426
1717153200000,12073.360025868426
1717156800000,12073.360025868426
1717160400000,12073.360025868426
1717164000000,12073.360025868426
1717167600000,12073.360025868426
1717171200000,12073.360025868426
1717174800000,12073.360025868426
1717178400000,12073.360025868426
1717182000000,12073.360025868426
1717185600000,12073.360025868426
1717189200000,12073.360025868426
1717192800000,12073.360025868426
1717196400000,12073.360025868426
1717200000000,12073.360025868426
1717203600000,12073.360025868426
1717207200000,12073.360025868426
1717210800000,12073.360025868426
1717214400000,12073.360025868426
1717218000000,12073.360025868426
1717221600000,12073.360025868426
1717225200000,12073.360025868426
1717228800000,12073.360025868426
1717232400000,12073.360025868426
1717236000000,12073.360025868426
1717239600000,12073.360025868426
1717243200000,12073.360025868426
1717246800000,12073.360025868426
1717250400000,12073.360025868426
1717254000000,12073.360025868426
1717257600000,12073.360025868426
1717261200000,12073.360025868426
1717264800000,12073.360025868426
1717268400000,12073.360025868426
1717272000000,12073.360025868426
1717275600000,12073.360025868426
1717279200000,12073.360025868426
1717282800000,12073.360025868426
1717286400000,12073.360025868426
1717290000000,12073.360025868426
1717293600000,12073.360025868426
1717297200000,12073.360025868426
1717300800000,12073.360025868426
1717304400000,12073.360025868426
1717308000000,12073.360025868426
1717311600000,12073.360025868426
1717315200000,12073.360025868426
1717318800000,12073.360025868426
1717322400000,12073.360025868426
1717326000000,12073.360025868426
1717329600000,12073.360025868426
1717333200000,12073.360025868426
1717336800000,12073.360025868426
1717340400000,12073.360025868426
1717344000000,12073.360025868426
1717347600000,12073.360025868426
1717351200000,12073.360025868426
1717354800000,12073.360025868426
1717358400000,12073.360025868426
1717362000000,12073.360025868426
1717365600000,12073.360025868426
1717369200000,12073.360025868426
1717372800000,12073.360025868426
1717376400000,12073.360025868426
1717380000000,12073.360025868426
1717383600000,12073.360025868426
1717387200000,12073.360025868426
1717390800000,12073.360025868426
1717394400000,12073.360025868426
1717398000000,12073.360025868426
1717401600000,12073.360025868426
1717405200000,12073.360025868426
1717408800000,12073.360025868426
1717412400000,12073.360025868426
1717416000000,12073.360025868426
1717419600000,12073.360025868426
1717423200000,12073.360025868426
1717426800000,12073.360025868426
1717430400000,12073.360025868426
1717434000000,12073.360025868426
1717437600000,12073.360025868426
1717441200000,12073.360025868426
1717444800000,12073.360025868426
1717448400000,12073.360025868426
1717452000000,12073.360025868426
1717455600000,12073.360025868426
1717459200000,12073.360025868426
1717462800000,12073.360025868426
1717466400000,12073.360025868426
1717470000000,12073.360025868426
1717473600000,12073.360025868426
1717477200000,12073.360025868426
1717480800000,12073.360025868426
1717484400000,12073.360025868426
1717488000000,12073.360025868426
1717491600000,12073.360025868426
1717495200000,12073.360025868426
1717498800000,12073.360025868426
1717502400000,12073.360025868426
1717506000000,12073.360025868426
1717509600000,12073.360025868426
1717513200000,12073.360025868426
1717516800000,12073.360025868426
1717520400000,12073.360025868426
1717524000000,12073.360025868426
1717527600000,12073.360025868426
1717531200000,12073.360025868426
1717534800000,12073.360025868426
1717538400000,12073.360025868426
1717542000000,12073.360025868426
1717545600000,12073.360025868426
1717549200000,12073.360025868426
1717552800000,12073.360025868426
1717556400000,12073.360025868426
1717560000000,12073.360025868426
1717563600000,12073.360025868426
1717567200000,12073.360025868426
1717570800000,12073.360025868426
1717574400000,12073.360025868426
1717578000000,12073.360025868426
1717581600000,12073.360025868426
1717585200000,12073.360025868426
1717588800000,12073.360025868426
1717592400000,12073.360025868426
1717596000000,12073.360025868426
1717599600000,12073.360025868426
1717603200000,12072.981519122213
1717606800000,12070.780119122213
1717610400000,12073.522419122213
1717614000000,12068.357319122213
1717617600000,12070.275219122213
1717621200000,12069.116019122213
1717624800000,12068.453619122214
1717628400000,12068.611119122213
1717632000000,12068.649697387524
1717635600000,12067.300597387524
1717639200000,12068.232997387524
1717642800000,12068.656897387524
1717646400000,12067.926997387523
1717650000000,12068.024197387524
1717653600000,12066.400597387523
1717657200000,12066.232297387523
1717660800000,12067.515529323668
1717664400000,12066.925129323667
1717668000000,12067.210429323668
1717671600000,12067.543429323667
1717675200000,12068.467729323667
1717678800000,12068.495629323668
1717682400000,12067.636129323668
1717686000000,12071.297329323668
1717689600000,12070.095866892145
1717693200000,12066.320366892145
1717696800000,12068.130266892145
1717700400000,12067.743266892145
1717704000000,12062.062466892145
1717707600000,12064.996466892146
1717711200000,12064.923566892145
1717714800000,12066.041366892145
1717718400000,12065.261219982145
1717722000000,12066.136919982146
1717725600000,12065.519519982145
1717729200000,12065.608619982144
1717732800000,12067.228619982145
1717736400000,12069.023219982144
1717740000000,12069.911519982144
1717743600000,12069.245519982145
1717747200000,12068.222086872145
1717750800000,12068.176186872144
1717754400000,12069.955486872144
1717758000000,12070.413586872144
1717761600000,12073.978486872145
1717765200000,12069.700786872145
1717768800000,12071.462986872144
1717772400000,12070.252486872145
1717776000000,12067.506288891145
1717779600000,12064.976388891144
1717783200000,12055.245376035766
1717786800000,12055.245376035766
1717790400000,12055.3132877362
1717794000000,12054.474687736201
1717797600000,12054.396287736201
1717801200000,12053.5688877362
1717804800000,12056.2118052162
1717808400000,12055.0470052162
1717812000000,12054.387605216201
1717815600000,12054.918205216201
1717819200000,12054.510805216201
1717822800000,12055.8674052162
1717826400000,12055.600005216202
1717830000000,12054.877605216201
1717833600000,12050.43189085394
1717837200000,12049.05887085394
1717840800000,12048.409490853941
1717844400000,12048.54063085394
1717848000000,12046.59881085394
1717851600000,12046.720470853941
1717855200000,12047.15813085394
1717858800000,12048.76025085394
1717862400000,12047.48219959794
1717866000000,12046.61951959794
1717869600000,12047.23255959794
1717873200000,12047.70971959794
1717876800000,12046.24031959794
1717880400000,12045.04583959794
1717884000000,12045.43925959794
1717887600000,12045.333399597941
1717891200000,12045.998862101942
1717894800000,12046.19794210194
1717898400000,12046.08418210194
1717902000000,12044.67798210194
1717905600000,12045.06034210194
1717909200000,12044.92762210194
1717912800000,12046.163182101942
1717916400000,12047.08432210194
1717920000000,12046.811178832824
1717923600000,12047.136658832824
1717927200000,12047.604338832825
1717930800000,12046.991298832825
1717934400000,12048.171558832824
1717938000000,12050.369338832825
1717941600000,12047.068718832825
1717945200000,12047.675438832825
1717948800000,12047.738771236825
1717952400000,12048.949051236825
1717956000000,12049.298231236824
1717959600000,12049.639511236825
1717963200000,12049.579471236824
1717966800000,12049.299811236824
1717970400000,12051.162631236824
1717974000000,12050.115091236825
1717977600000,12049.819511826227
1717981200000,12047.893491826228
1717984800000,12047.541151826228
1717988400000,12047.440031826227
1717992000000,12046.383011826227
1717995600000,12047.586971826227
1717999200000,12046.285051826228
1718002800000,12044.365351826227
1718006400000,12039.18576750125
1718010000000,12039.370727501251
1718013600000,12038.08086750125
1718017200000,12039.48822750125
1718020800000,12034.38992620149
1718024400000,12030.543766201488
1718028000000,12029.156586201489
1718031600000,12039.478386201488
1718035200000,12052.458254742938
1718038800000,12049.203014742938
1718042400000,12052.522954742939
1718046000000,12044.136134742937
1718049600000,12032.128834742938
1718053200000,12037.980214742938
1718056800000,12036.701114742938
1718060400000,12035.068394742937
1718064000000,12033.59124551294
1718067600000,12031.49686551294
1718071200000,12011.764149072374
1718074800000,12011.764149072374
1718078400000,12011.582616482585
1718082000000,12018.288216482586
1718085600000,12019.677016482585
1718089200000,12024.321816482585
1718092800000,12025.329148002585
1718096400000,12025.801148002587
1718100000000,12033.098748002587
1718103600000,12034.778748002587
1718107200000,12034.977491003032
1718110800000,12034.669891003032
1718114400000,12035.821491003031
1718118000000,12038.11889100303
1718121600000,12060.03998088498
1718125200000,12057.010780884979
1718128800000,12055.47602088498
1718132400000,12052.07598088498
1718136000000,12045.763143317867
1718139600000,12045.348943317866
1718143200000,12047.915223317865
1718146800000,12048.924903317866
1718150400000,12046.657100010209
1718154000000,12044.994740010208
1718157600000,12041.83334001021
1718161200000,12048.601380010208
1718164800000,12049.959860010209
1718168400000,12052.11574001021
1718172000000,12047.99438001021
1718175600000,12048.76074001021
1718179200000,12050.85704035988
1718182800000,12050.42288035988
1718186400000,12049.96840035988
1718190000000,12048.499400359879
1718193600000,12046.625520896905
1718197200000,12079.532060896905
1718200800000,12074.432700896905
1718204400000,12082.611100896906
1718208000000,12079.465968190096
1718211600000,12077.242108190096
1718215200000,12069.914088190097
1718218800000,12063.399488190096
1718222400000,12042.929088190096
1718226000000,12054.298508190095
1718229600000,12059.172428190095
1718233200000,12058.393928190095
1718236800000,12056.05547606802
1718240400000,12056.00877606802
1718244000000,12049.700036068021
1718247600000,12042.420796068021
1718251200000,12039.23065606802
1718254800000,12037.657616068022
1718258400000,12041.294556068022
1718262000000,12037.51151606802
1718265600000,12041.68634575283
1718269200000,12039.134745752832
1718272800000,12036.366485752831
1718276400000,12042.42124575283
1718280000000,12039.72688575283
1718283600000,12040.71334575283
1718287200000,12038.47078575283
1718290800000,12037.28846575283
1718294400000,12023.210588221957
1718298000000,12019.569564331548
1718301600000,12019.569564331548
1718305200000,12019.569564331548
1718308800000,12019.569564331548
1718312400000,12019.569564331548
1718316000000,12019.569564331548
1718319600000,12019.569564331548
1718323200000,12019.569564331548
1718326800000,12019.569564331548
1718330400000,12019.569564331548
1718334000000,12019.569564331548
1718337600000,12019.569564331548
1718341200000,12019.569564331548
1718344800000,12019.569564331548
1718348400000,12019.569564331548
1718352000000,12019.569564331548
1718355600000,12019.569564331548
1718359200000,12019.569564331548
1718362800000,12019.569564331548
1718366400000,12019.569564331548
1718370000000,12019.569564331548
1718373600000,12019.569564331548
1718377200000,12019.569564331548
1718380800000,12019.569564331548
1718384400000,12019.569564331548
1718388000000,12019.569564331548
1718391600000,12019.569564331548
1718395200000,12019.229321802917
1718398800000,12017.311321802918
1718402400000,12014.281021802917
1718406000000,12015.918321802917
1718409600000,12015.337349662917
1718413200000,12014.260749662919
1718416800000,12015.251949662917
1718420400000,12014.175349662919
1718424000000,12012.891001564669
1718427600000,12012.832601564669
1718431200000,12012.70780156467
1718434800000,12012.30220156467
1718438400000,12009.935706165752
1718442000000,12008.758506165752
1718445600000,12008.921406165751
1718449200000,12008.262606165752
1718452800000,12008.09610616575
1718456400000,12007.90710616575
1718460000000,12008.412906165751
1718463600000,12009.12030616575
1718467200000,12007.094806740408
1718470800000,12005.459806740408
1718474400000,12005.888806740408
1718478000000,12005.170806740409
1718481600000,12005.091806740409
1718485200000,12004.147806740408
1718488800000,12004.834806740408
1718492400000,12006.043806740408
1718496000000,12005.534593009892
1718499600000,12005.061593009892
1718503200000,12005.21659300989
1718506800000,12005.05359300989
1718510400000,12004.931593009891
1718514000000,12005.33159300989
1718517600000,12006.386593009891
1718521200000,12006.88459300989
1718524800000,12004.43761165366
1718528400000,12004.49641165366
1718532000000,12002.51261165366
1718535600000,11998.44561165366
1718539200000,11999.612027739884
1718542800000,12000.824427739884
1718546400000,12002.854427739885
1718550000000,12000.363827739884
1718553600000,12000.865771956582
1718557200000,12002.997271956583
1718560800000,12002.094271956583
1718564400000,12002.353771956583
1718568000000,12002.767771956582
1718571600000,12003.613771956583
1718575200000,12002.229271956583
1718578800000,11999.250271956582
1718582400000,12000.960630615544
1718586000000,12000.891310615543
1718589600000,12001.131470615544
1718593200000,12000.656350615543
1718596800000,12000.136490615543
1718600400000,11998.764430615543
1718604000000,11997.067370615545
1718607600000,11996.857390615543
1718611200000,11996.419247551545
1718614800000,11994.654267551545
1718618400000,11997.058467551546
1718622000000,11990.566662931074
1718625600000,11991.814662931074
1718629200000,11995.473162931074
1718632800000,12000.843162931074
1718636400000,11996.253162931074
1718640000000,11998.097175631074
1718643600000,11989.497675631075
1718647200000,11980.446675631074
1718650800000,11976.557543219647
1718654400000,11976.557543219647
1718658000000,11976.557543219647
1718661600000,11976.557543219647
1718665200000,11976.557543219647
1718668800000,11976.557543219647
1718672400000,11976.557543219647
1718676000000,11976.557543219647
1718679600000,11976.557543219647
1718683200000,11976.557543219647
1718686800000,11976.557543219647
1718690400000,11976.557543219647
1718694000000,11976.557543219647
1718697600000,11976.557543219647
1718701200000,11976.557543219647
1718704800000,11976.557543219647
1718708400000,11976.557543219647
1718712000000,11975.417085890205
1718715600000,11977.613085890205
1718719200000,11980.930085890204
1718722800000,11983.623085890205
1718726400000,11983.143762321311
1718730000000,11982.07576232131
1718733600000,11983.953762321311
1718737200000,11982.17276232131
1718740800000,11986.16576232131
1718744400000,11980.483762321312
1718748000000,11977.267762321311
1718751600000,11976.83376232131
1718755200000,11978.10391222131
1718758800000,11977.96691222131
1718762400000,11979.14291222131
1718766000000,11976.64491222131
1718769600000,11975.76391222131
1718773200000,11975.19891222131
1718776800000,11975.31191222131
1718780400000,11973.80291222131
1718784000000,11976.200859467812
1718787600000,11977.484859467811
1718791200000,11976.62285946781
1718794800000,11974.70485946781
1718798400000,11977.770859467812
1718802000000,11977.660859467811
1718805600000,11979.089859467811
1718809200000,11980.538859467812
1718812800000,11980.48311394015
1718816400000,11980.470113940151
1718820000000,11979.01911394015
1718823600000,11980.15911394015
1718827200000,11980.59011394015
1718830800000,11981.354113940151
1718834400000,11979.220113940151
1718838000000,11981.55411394015
1718841600000,11980.479625905597
1718845200000,11977.970865905598
1718848800000,11978.529305905597
1718852400000,11978.608505905595
1718856000000,11978.454345905597
1718859600000,11975.150025905597
1718863200000,11971.781225905595
1718866800000,11972.386625905596
1718870400000,11964.67982411925
1718874000000,11968.726544119249
1718877600000,11969.574664119249
1718881200000,11962.64750411925
1718884800000,11962.900064119249
1718888400000,11966.23802411925
1718892000000,11981.56722411925
1718895600000,11983.789344119248
1718899200000,11986.806681242726
1718902800000,11986.564561242727
1718906400000,11984.181761242728
1718910000000,11982.882321242727
1718913600000,11981.787721242727
1718917200000,11982.746761242726
1718920800000,11983.809761242728
1718924400000,11984.477961242726
1718928000000,11986.166567189914
1718931600000,11988.384207189914
1718935200000,11983.499767189913
1718938800000,11987.743167189914
1718942400000,11992.207967189914
1718946000000,11987.739847189914
1718949600000,11987.736647189915
1718953200000,11987.729207189914
1718956800000,11997.002472951002
1718960400000,12004.091392951002
1718964000000,11993.608272951004
1718967600000,11997.097352951003
1718971200000,11998.501152951003
1718974800000,11998.096272951003
1718978400000,12002.660632951003
1718982000000,11991.875112951004
1718985600000,12001.337239510995
1718989200000,12002.421119510995
1718992800000,12001.787919510996
1718996400000,11992.570199510996
1719000000000,11988.395039510995
1719003600000,11992.463559510996
1719007200000,11993.915639510995
1719010800000,11991.958319510995
1719014400000,11992.561624829577
1719018000000,11995.877104829577
1719021600000,11994.556144829576
1719025200000,11992.572064829577
1719028800000,11992.504944829576
1719032400000,11992.533744829576
1719036000000,11991.578424829575
1719039600000,11992.121104829577
1719043200000,11992.462289998555
1719046800000,11995.519369998556
1719050400000,11994.189649998556
1719054000000,11994.079809998555
1719057600000,11994.899489998556
1719061200000,11995.456449998555
1719064800000,11993.844449998556
1719068400000,11993.520089998556
1719072000000,11993.013763286644
1719075600000,11992.521723286645
1719079200000,11994.634323286644
1719082800000,11995.020883286646
1719086400000,11994.857243286646
1719090000000,11994.547043286646
1719093600000,11992.867603286644
1719097200000,11993.433203286644
1719100800000,11994.33080365242
1719104400000,11990.97508365242
1719108000000,11991.384763652419
1719111600000,11990.509763652419
1719115200000,11990.78108365242
1719118800000,11991.36388365242
1719122400000,11992.20708365242
1719126000000,11992.356323652419
1719129600000,11991.132408306517
1719133200000,11992.008808306518
1719136800000,11992.524328306516
1719140400000,11995.024048306517
1719144000000,11993.816048306517
1719147600000,11992.664648306518
1719151200000,11994.147088306518
1719154800000,11997.216648306518
1719158400000,11998.65427570747
1719162000000,12001.43843570747
1719165600000,11998.720715707468
1719169200000,11998.401355707469
1719172800000,11997.86511570747
1719176400000,12007.20567570747
1719180000000,12007.054515707468
1719183600000,12008.860915707468
1719187200000,12013.256560659605
1719190800000,12015.884760659605
1719194400000,12012.631800659605
1719198000000,12019.627480659605
1719201600000,12019.779240659605
1719205200000,12018.839960659605
1719208800000,12027.775600659606
1719212400000,12027.684880659606
1719216000000,12027.163419231605
1719219600000,12021.636139231603
1719223200000,12045.163059231605
1719226800000,12045.890459231603
1719230400000,12045.965659231604
1719234000000,12047.426179231605
1719237600000,12040.273939231605
1719241200000,12047.122699231604
1719244800000,12055.144185876648
1719248400000,12062.506105876648
1719252000000,12058.264625876647
1719255600000,12056.539705876647
1719259200000,12063.455065876647
1719262800000,12063.463225876649
1719266400000,12053.607265876648
1719270000000,12056.220545876648
1719273600000,12051.895304793728
1719277200000,12051.357184793727
1719280800000,12048.625504793728
1719284400000,12049.23290479373
1719288000000,12037.637896770912
1719291600000,12035.60789677091
1719295200000,12037.59961677091
1719298800000,12037.83625677091
1719302400000,12038.89139277091
1719306000000,12039.65351277091
1719309600000,12036.87879277091
1719313200000,12036.948392770912
1719316800000,12037.233752770911
1719320400000,12038.23251277091
1719324000000,12038.256872770911
1719327600000,12033.608752770911
1719331200000,12031.44024606287
1719334800000,12031.44024606287
1719338400000,12031.44024606287
1719342000000,12031.44024606287
1719345600000,12031.44024606287
1719349200000,12031.44024606287
1719352800000,12031.44024606287
1719356400000,12031.44024606287
1719360000000,12031.44024606287
1719363600000,12031.44024606287
1719367200000,12031.44024606287
1719370800000,12031.44024606287
1719374400000,12031.44024606287
1719378000000,12031.44024606287
1719381600000,12031.44024606287
1719385200000,12031.44024606287
1719388800000,12031.44024606287
1719392400000,12031.44024606287
1719396000000,12031.44024606287
1719399600000,12031.44024606287
1719403200000,12031.44024606287
1719406800000,12031.44024606287
1719410400000,12031.44024606287
1719414000000,12031.44024606287
1719417600000,12031.44024606287
1719421200000,12031.44024606287
1719424800000,12031.44024606287
1719428400000,12031.44024606287
1719432000000,12031.44024606287
1719435600000,12031.44024606287
1719439200000,12031.44024606287
1719442800000,12031.44024606287
1719446400000,12031.44024606287
1719450000000,12031.44024606287
1719453600000,12031.44024606287
1719457200000,12031.44024606287
1719460800000,12031.44024606287
1719464400000,12031.44024606287
1719468000000,12031.44024606287
1719471600000,12031.44024606287
1719475200000,12031.44024606287
1719478800000,12031.44024606287
1719482400000,12031.44024606287
1719486000000,12031.44024606287
1719489600000,12031.44024606287
1719493200000,12031.44024606287
1719496800000,12031.44024606287
1719500400000,12031.44024606287
1719504000000,12031.44024606287
1719507600000,12031.44024606287
1719511200000,12031.44024606287
1719514800000,12031.44024606287
1719518400000,12031.44024606287
1719522000000,12031.44024606287
1719525600000,12031.44024606287
1719529200000,12031.44024606287
1719532800000,12031.44024606287
1719536400000,12031.44024606287
1719540000000,12031.44024606287
1719543600000,12031.44024606287
1719547200000,12031.44024606287
1719550800000,12031.44024606287
1719554400000,12031.44024606287
1719558000000,12031.44024606287
1719561600000,12031.44024606287
1719565200000,12031.44024606287
1719568800000,12031.44024606287
1719572400000,12031.44024606287
1719576000000,12031.44024606287
1719579600000,12031.44024606287
1719583200000,12031.44024606287
1719586800000,12031.44024606287
1719590400000,12031.44024606287
1719594000000,12031.44024606287
1719597600000,12031.44024606287
1719601200000,12031.44024606287
1719604800000,12031.44024606287
1719608400000,12031.44024606287
1719612000000,12031.44024606287
1719615600000,12031.44024606287
1719619200000,12031.44024606287
1719622800000,12031.44024606287
1719626400000,12031.44024606287
1719630000000,12031.44024606287
1719633600000,12031.44024606287
1719637200000,12031.44024606287
1719640800000,12031.44024606287
1719644400000,12031.44024606287
1719648000000,12031.44024606287
1719651600000,12031.44024606287
1719655200000,12031.44024606287
1719658800000,12031.44024606287
1719662400000,12031.44024606287
1719666000000,12031.44024606287
1719669600000,12031.44024606287
1719673200000,12031.44024606287
1719676800000,12031.44024606287
1719680400000,12031.44024606287
1719684000000,12031.44024606287
1719687600000,12031.44024606287
1719691200000,12031.44024606287
1719694800000,12031.44024606287
1719698400000,12031.44024606287
1719702000000,12031.44024606287
1719705600000,12031.44024606287
1719709200000,12031.44024606287
1719712800000,12031.44024606287
1719716400000,12031.44024606287
1719720000000,12031.44024606287
1719723600000,12031.44024606287
1719727200000,12031.44024606287
1719730800000,12031.44024606287
1719734400000,12031.44024606287
1719738000000,12031.44024606287
1719741600000,12031.44024606287
1719745200000,12031.44024606287
1719748800000,12031.44024606287
1719752400000,12031.44024606287
1719756000000,12031.44024606287
1719759600000,12031.44024606287
1719763200000,12031.44024606287
1719766800000,12031.44024606287
1719770400000,12031.44024606287
1719774000000,12031.44024606287
1719777600000,12031.44024606287
1719781200000,12031.44024606287
1719784800000,12031.44024606287
1719788400000,12031.44024606287
1719792000000,12031.44024606287
1719795600000,12031.44024606287
1719799200000,12031.44024606287
1719802800000,12031.44024606287
1719806400000,12031.44024606287
1719810000000,12031.44024606287
1719813600000,12031.44024606287
1719817200000,12031.44024606287
1719820800000,12031.44024606287
1719824400000,12031.44024606287
1719828000000,12031.44024606287
1719831600000,12031.44024606287
1719835200000,12031.44024606287
1719838800000,12031.44024606287
1719842400000,12031.44024606287
1719846000000,12031.44024606287
1719849600000,12031.44024606287
1719853200000,12031.44024606287
1719856800000,12031.44024606287
1719860400000,12031.44024606287
1719864000000,12031.44024606287
1719867600000,12031.44024606287
1719871200000,12031.44024606287
1719874800000,12031.44024606287
1719878400000,12031.44024606287
1719882000000,12031.44024606287
1719885600000,12031.44024606287
1719889200000,12031.44024606287
1719892800000,12031.44024606287
1719896400000,12031.44024606287
1719900000000,12031.44024606287
1719903600000,12031.44024606287
1719907200000,12031.44024606287
1719910800000,12031.44024606287
1719914400000,12031.44024606287
1719918000000,12031.44024606287
1719921600000,12031.44024606287
1719925200000,12031.44024606287
1719928800000,12031.44024606287
1719932400000,12031.44024606287
1719936000000,12031.44024606287
1719939600000,12031.44024606287
1719943200000,12031.44024606287
1719946800000,12031.44024606287
1719950400000,12031.44024606287
1719954000000,12031.44024606287
1719957600000,12031.44024606287
1719961200000,12031.44024606287
1719964800000,12031.44024606287
1719968400000,12031.44024606287
1719972000000,12031.44024606287
1719975600000,12031.44024606287
1719979200000,12031.44024606287
1719982800000,12031.44024606287
1719986400000,12031.44024606287
1719990000000,12031.44024606287
1719993600000,12031.44024606287
1719997200000,12031.44024606287
1720000800000,12031.44024606287
1720004400000,12031.44024606287
1720008000000,12031.44024606287
1720011600000,12031.44024606287
1720015200000,12031.44024606287
1720018800000,12031.44024606287
1720022400000,12031.44024606287
1720026000000,12031.44024606287
1720029600000,12031.44024606287
1720033200000,12031.44024606287
1720036800000,12030.084177303062
1720040400000,12031.875747303062
1720044000000,12025.038867303063
1720047600000,12024.123867303062
1720051200000,12024.561141411063
1720054800000,12023.660781411063
1720058400000,12048.270621411062
1720062000000,12037.594401411063
1720065600000,12034.886606326623
1720069200000,12036.700496326623
1720072800000,12040.597466326622
1720076400000,12044.488246326624
1720080000000,12052.284291172624
1720083600000,12058.468181172622
1720087200000,12059.662271172621
1720090800000,12057.143461172624
1720094400000,12061.961531172623
1720098000000,12070.684851172622
1720101600000,12068.025401172623
1720105200000,12070.574401172622
1720108800000,12063.508889538623
1720112400000,12058.838069538622
1720116000000,12060.590269538623
1720119600000,12062.072949538624
1720123200000,12061.781709538622
1720126800000,12059.316329538622
1720130400000,12054.766419538622
1720134000000,12064.636449538622
1720137600000,12082.629285724739
1720141200000,12073.89033572474
1720144800000,12078.44045572474
1720148400000,12117.54161572474
1720152000000,12125.79455572474
1720155600000,12148.60531572474
1720159200000,12133.678985724739
1720162800000,12142.27306572474
1720166400000,12138.94310806513
1720170000000,12146.70013806513
1720173600000,12138.402048065129
1720177200000,12126.72046806513
1720180800000,12118.57408806513
1720184400000,12123.17829806513
1720188000000,12110.681068065129
1720191600000,12116.22532806513
1720195200000,12102.406449310784
1720198800000,12107.430229310783
1720202400000,12102.763169310783
1720206000000,12102.665729310784
1720209600000,12103.260239310783
1720213200000,12105.944249310784
1720216800000,12104.721539310784
1720220400000,12103.094199310784
1720224000000,12102.620254329775
1720227600000,12103.703544329775
1720231200000,12109.560844329775
1720234800000,12104.809014329774
1720238400000,12105.564914329774
1720242000000,12111.132584329775
1720245600000,12106.767354329773
1720249200000,12103.130004329774
1720252800000,12099.277064561276
1720256400000,12100.284964561275
1720260000000,12098.956474561275
1720263600000,12097.059034561276
1720267200000,12097.506354561276
1720270800000,12097.256104561277
1720274400000,12094.690504561277
1720278000000,12094.777234561276
1720281600000,12091.304538179951
1720285200000,12081.41156817995
1720288800000,12079.35706817995
1720292400000,12080.76721817995
1720296000000,12079.68605817995
1720299600000,12076.260858179952
1720303200000,12079.066198179951
1720306800000,12075.927568179952
1720310400000,12072.945417250703
1720314000000,12075.893547250702
1720317600000,12075.289647250702
1720321200000,12073.165017250702
1720324800000,12076.103997250702
1720328400000,12079.304667250703
1720332000000,12079.619427250702
1720335600000,12079.529757250702
1720339200000,12084.175835564192
1720342800000,12082.947905564193
1720346400000,12082.404395564194
1720350000000,12082.849085564194
1720353600000,12082.473935564192
1720357200000,12083.392595564193
1720360800000,12090.216665564194
1720364400000,12092.231495564192
1720368000000,12090.383201691317
1720371600000,12086.807381691317
1720375200000,12086.278511691316
1720378800000,12087.449711691315
1720382400000,12088.114001691316
1720386000000,12085.566641691315
1720389600000,12092.132681691315
1720393200000,12096.078161691315
1720396800000,12096.743005083315
1720400400000,12106.010125083316
1720404000000,12112.418785083315
1720407600000,12104.996305083316
1720411200000,12107.415565083315
1720414800000,12101.393035083316
1720418400000,12100.097395083316
1720422000000,12101.178925083315
1720425600000,12098.902431179737
1720429200000,12080.22131506388
1720432800000,12080.22131506388
1720436400000,12080.22131506388
1720440000000,12080.22131506388
1720443600000,12080.22131506388
1720447200000,12080.22131506388
1720450800000,12080.22131506388
1720454400000,12080.22131506388
1720458000000,12080.22131506388
1720461600000,12080.22131506388
1720465200000,12080.22131506388
1720468800000,12080.22131506388
1720472400000,12080.22131506388
1720476000000,12080.22131506388
1720479600000,12080.22131506388
1720483200000,12080.22131506388
1720486800000,12080.22131506388
1720490400000,12080.22131506388
1720494000000,12080.22131506388
1720497600000,12080.22131506388
1720501200000,12080.22131506388
1720504800000,12080.22131506388
1720508400000,12080.22131506388
1720512000000,12080.22131506388
1720515600000,12080.22131506388
1720519200000,12080.22131506388
1720522800000,12080.22131506388
1720526400000,12080.22131506388
1720530000000,12080.22131506388
1720533600000,12080.22131506388
1720537200000,12080.22131506388
1720540800000,12080.22131506388
1720544400000,12080.22131506388
1720548000000,12080.22131506388
1720551600000,12080.22131506388
1720555200000,12080.22131506388
1720558800000,12080.22131506388
1720562400000,12080.22131506388
1720566000000,12080.22131506388
1720569600000,12080.22131506388
1720573200000,12080.22131506388
1720576800000,12080.22131506388
1720580400000,12080.22131506388
1720584000000,12080.22131506388
1720587600000,12080.22131506388
1720591200000,12080.22131506388
1720594800000,12080.22131506388
1720598400000,12080.22131506388
1720602000000,12080.22131506388
1720605600000,12080.22131506388
1720609200000,12080.22131506388
1720612800000,12080.22131506388
1720616400000,12080.22131506388
1720620000000,12080.22131506388
1720623600000,12080.22131506388
1720627200000,12080.22131506388
1720630800000,12080.22131506388
1720634400000,12080.22131506388
1720638000000,12080.22131506388
1720641600000,12080.22131506388
1720645200000,12080.22131506388
1720648800000,12080.22131506388
1720652400000,12080.22131506388
1720656000000,12080.22131506388
1720659600000,12080.22131506388
1720663200000,12080.22131506388
1720666800000,12080.22131506388
1720670400000,12080.22131506388
1720674000000,12080.22131506388
1720677600000,12080.22131506388
1720681200000,12080.22131506388
1720684800000,12080.22131506388
1720688400000,12080.22131506388
1720692000000,12080.22131506388
1720695600000,12080.22131506388
1720699200000,12080.22131506388
1720702800000,12080.22131506388
1720706400000,12080.22131506388
1720710000000,12080.22131506388
1720713600000,12080.22131506388
1720717200000,12080.22131506388
1720720800000,12080.22131506388
1720724400000,12080.22131506388
1720728000000,12080.22131506388
1720731600000,12080.22131506388
1720735200000,12080.22131506388
1720738800000,12080.22131506388
1720742400000,12080.22131506388
1720746000000,12080.22131506388
1720749600000,12080.22131506388
1720753200000,12080.22131506388
1720756800000,12080.22131506388
1720760400000,12080.22131506388
1720764000000,12080.22131506388
1720767600000,12080.22131506388
1720771200000,12080.22131506388
1720774800000,12080.22131506388
1720778400000,12080.22131506388
1720782000000,12080.22131506388
1720785600000,12080.22131506388
1720789200000,12080.22131506388
1720792800000,12080.22131506388
1720796400000,12080.22131506388
1720800000000,12080.22131506388
1720803600000,12080.22131506388
1720807200000,12080.22131506388
1720810800000,12080.22131506388
1720814400000,12080.22131506388
1720818000000,12080.22131506388
1720821600000,12080.22131506388
1720825200000,12080.22131506388
1720828800000,12080.22131506388
1720832400000,12080.22131506388
1720836000000,12080.22131506388
1720839600000,12080.22131506388
1720843200000,12080.22131506388
1720846800000,12080.22131506388
1720850400000,12080.22131506388
1720854000000,12080.22131506388
1720857600000,12080.22131506388
1720861200000,12080.22131506388
1720864800000,12080.22131506388
1720868400000,12080.22131506388
1720872000000,12080.22131506388
1720875600000,12080.22131506388
1720879200000,12080.22131506388
1720882800000,12080.22131506388
1720886400000,12080.22131506388
1720890000000,12080.22131506388
1720893600000,12080.22131506388
1720897200000,12080.22131506388
1720900800000,12080.22131506388
1720904400000,12080.22131506388
1720908000000,12080.22131506388
1720911600000,12080.22131506388
1720915200000,12080.22131506388
1720918800000,12080.22131506388
1720922400000,12080.22131506388
1720926000000,12080.22131506388
1720929600000,12080.22131506388
1720933200000,12080.22131506388
1720936800000,12080.22131506388
1720940400000,12080.22131506388
1720944000000,12080.22131506388
1720947600000,12080.22131506388
1720951200000,12080.22131506388
1720954800000,12080.22131506388
1720958400000,12080.22131506388
1720962000000,12080.22131506388
1720965600000,12080.22131506388
1720969200000,12080.22131506388
1720972800000,12080.22131506388
1720976400000,12080.22131506388
1720980000000,12080.22131506388
1720983600000,12080.22131506388
1720987200000,12080.22131506388
1720990800000,12080.22131506388
1720994400000,12080.22131506388
1720998000000,12080.22131506388
1721001600000,12080.22131506388
1721005200000,12080.22131506388
1721008800000,12080.22131506388
1721012400000,12080.22131506388
1721016000000,12080.22131506388
1721019600000,12080.22131506388
1721023200000,12080.22131506388
1721026800000,12080.22131506388
1721030400000,12080.22131506388
1721034000000,12080.22131506388
1721037600000,12080.22131506388
1721041200000,12080.22131506388
1721044800000,12080.22131506388
1721048400000,12080.22131506388
1721052000000,12080.22131506388
1721055600000,12080.22131506388
1721059200000,12080.22131506388
1721062800000,12080.22131506388
1721066400000,12080.22131506388
1721070000000,12080.22131506388
1721073600000,12080.22131506388
1721077200000,12080.22131506388
1721080800000,12080.22131506388
1721084400000,12080.22131506388
1721088000000,12080.179861725033
1721091600000,12077.630181725033
1721095200000,12078.817101725033
1721098800000,12076.703881725034
1721102400000,12076.710811616107
1721106000000,12077.683611616107
1721109600000,12084.132971616107
1721113200000,12086.613611616107
1721116800000,12089.779906139029
1721120400000,12090.959426139028
1721124000000,12087.410226139029
1721127600000,12085.469186139027
1721131200000,12084.064706139028
1721134800000,12086.291506139029
1721138400000,12087.559186139028
1721142000000,12084.883986139028
1721145600000,12074.76785302995
1721149200000,12072.57057302995
1721152800000,12072.11301302995
1721156400000,12072.43913302995
1721160000000,12073.97177302995
1721163600000,12069.74585302995
1721167200000,12069.84505302995
1721170800000,12068.38681302995
1721174400000,12070.236829430989
1721178000000,12073.030549430989
1721181600000,12075.397709430988
1721185200000,12074.796309430989
1721188800000,12074.81242943099
1721192400000,12077.11138943099
1721196000000,12077.249029430988
1721199600000,12076.001589430989
1721203200000,12075.643104687255
1721206800000,12074.881744687256
1721210400000,12075.924584687255
1721214000000,12074.654824687255
1721217600000,12070.288994998211
1721221200000,12069.374234998211
1721224800000,12068.006934998211
1721228400000,12069.351244998212
1721232000000,12070.437249001681
1721235600000,12066.374649001682
1721239200000,12066.982209001682
1721242800000,12068.454749001681
1721246400000,12067.953329001683
1721250000000,12066.442969001682
1721253600000,12067.669069001682
1721257200000,12065.429149001682
1721260800000,12063.142093758108
1721264400000,12060.531293758107
1721268000000,12059.181973758108
1721271600000,12059.231993758109
1721275200000,12057.557783487033
1721278800000,12055.537823487033
1721282400000,12056.550903487034
1721286000000,12059.631063487033
1721289600000,12057.863957863288
1721293200000,12060.537397863289
1721296800000,12059.769837863289
1721300400000,12059.148597863288
1721304000000,12060.82755786329
1721307600000,12062.733437863288
1721311200000,12061.856757863288
1721314800000,12056.596677863288
1721318400000,12052.182319500473
1721322000000,12055.738639500474
1721325600000,12053.572359500473
1721329200000,12054.441599500473
1721332800000,12054.078279500472
1721336400000,12055.346799500474
1721340000000,12056.001519500473
1721343600000,12057.351879500473
1721347200000,12056.915367965872
1721350800000,12053.43716796587
1721354400000,12055.098767965872
1721358000000,12054.112967965872
1721361600000,12057.251407965872
1721365200000,12055.90476796587
1721368800000,12056.60536796587
1721372400000,12058.240927965871
1721376000000,12052.415850050336
1721379600000,12052.748170050338
1721383200000,12051.585050050337
1721386800000,12053.499610050338
1721390400000,12054.020410050338
1721394000000,12055.508410050337
1721397600000,12057.494890050337
1721401200000,12062.271370050337
1721404800000,12061.666828383268
1721408400000,12068.98682838327
1721412000000,12072.533588383269
1721415600000,12074.736348383267
1721419200000,12075.101228383268
1721422800000,12074.25482838327
1721426400000,12075.871428383269
1721430000000,12073.891308383269
1721433600000,12071.67204577988
1721437200000,12072.30836577988
1721440800000,12071.892845779881
1721444400000,12072.31188577988
1721448000000,12072.21924577988
1721451600000,12070.81856577988
1721455200000,12070.66704577988
1721458800000,12071.601885779879
1721462400000,12072.958170117143
1721466000000,12073.076370117142
1721469600000,12073.560730117142
1721473200000,12072.679410117144
1721476800000,12072.744650117143
1721480400000,12071.411690117144
1721484000000,12072.321090117144
1721487600000,12071.613690117143
1721491200000,12073.017053439202
1721494800000,12073.414293439202
1721498400000,12074.100413439202
1721502000000,12074.046933439202
1721505600000,12074.365693439202
1721509200000,12073.823293439202
1721512800000,12073.238253439202
1721516400000,12073.370533439203
1721520000000,12072.939232986135
1721523600000,12069.727582986136
1721527200000,12072.872632986135
1721530800000,12072.144622986136
1721534400000,12070.752572986134
1721538000000,12069.137132986134
1721541600000,12068.595802986134
1721545200000,12062.172542986133
1721548800000,12062.352552912402
1721552400000,12063.186952912403
1721556000000,12067.760352912403
1721559600000,12065.198502912403
1721563200000,12064.935127057732
1721566800000,12065.255257057732
1721570400000,12065.796147057732
1721574000000,12065.81218705773
1721577600000,12064.86140032298
1721581200000,12074.860980322981
1721584800000,12054.169210322982
1721588400000,12054.59194032298
1721592000000,12063.959201168715
1721595600000,12064.561771168715
1721599200000,12064.200001168714
1721602800000,12060.214931168714
1721606400000,12060.40305952015
1721610000000,12060.216579520149
1721613600000,12055.58046952015
1721617200000,12058.759779520151
1721620800000,12053.16729952015
1721624400000,12053.794129520149
1721628000000,12046.995669520149
1721631600000,12041.07628952015
1721635200000,12039.56764097929
1721638800000,12038.74694097929
1721642400000,12038.14223097929
1721646000000,12038.30852097929
1721649600000,12036.157791415057
1721653200000,12036.610071415056
1721656800000,12025.385811415055
1721660400000,12018.297131415056
1721664000000,12022.981395671202
1721667600000,12023.471965671202
1721671200000,12023.306155671202
1721674800000,12022.859685671203
1721678400000,12022.084958848694
1721682000000,12020.158478848694
1721685600000,12013.885118848693
1721689200000,12009.893198848695
1721692800000,12006.605903682512
1721696400000,12001.375773682512
1721700000000,11998.477743682512
1721703600000,12000.017573682513
1721707200000,12000.505193682513
1721710800000,11998.752913682514
1721714400000,11997.290533682512
1721718000000,11997.417203682513
1721721600000,11996.631744447192
1721725200000,11987.638174447191
1721728800000,11988.697994447191
1721732400000,11990.64028444719
1721736000000,11987.037131166624
1721739600000,11984.940891166625
1721743200000,11972.148051166625
1721746800000,11985.683171166624
1721750400000,11976.35407957807
1721754000000,11976.7692651345
1721757600000,11974.1770651345
1721761200000,11970.9309651345
1721764800000,11970.0209651345
1721768400000,11967.1206651345
1721772000000,11969.0524651345
1721775600000,11965.9142651345
1721779200000,11965.438528229784
1721782800000,11964.174928229784
1721786400000,11961.364588229784
1721790000000,11962.168378229784
1721793600000,11961.708568229784
1721797200000,11961.035818229784
1721800800000,11960.758528229784
1721804400000,11960.799478229785
1721808000000,11961.865432570125
1721811600000,11963.140732570124
1721815200000,11963.332612570124
1721818800000,11964.537712570125
1721822400000,11963.169982570125
1721826000000,11961.792892570125
1721829600000,11961.278092570124
1721833200000,11960.415802570125
1721836800000,11957.996367120906
1721840400000,11958.616467120906
1721844000000,11957.881707120907
1721847600000,11954.289807120907
1721851200000,11952.137007120908
1721854800000,11953.244997120906
1721858400000,11943.551696347813
1721862000000,11943.551696347813
1721865600000,11942.855818082553
1721869200000,11944.704568082552
1721872800000,11958.888318082552
1721876400000,11962.260818082552
1721880000000,11964.512068082553
1721883600000,11962.508318082553
1721887200000,11962.338318082553
1721890800000,11963.413318082552
1721894400000,11963.839126600853
1721898000000,11962.889126600852
1721901600000,11963.390376600852
1721905200000,11963.416626600852
1721908800000,11963.944126600853
1721912400000,11966.427876600852
1721916000000,11966.507876600852
1721919600000,11963.164126600852
1721923200000,11967.382480716353
1721926800000,11965.776230716352
1721930400000,11963.896230716353
1721934000000,11970.171230716353
1721937600000,11970.183730716353
1721941200000,11965.861230716353
1721944800000,11962.754980716352
1721948400000,11964.534980716353
1721952000000,11963.356714307653
1721955600000,11960.841714307653
1721959200000,11961.667964307653
1721962800000,11954.992964307652
1721966400000,11955.262964307653
1721970000000,11953.296714307653
1721973600000,11951.900464307653
1721977200000,11951.784214307652
1721980800000,11953.585008564552
1721984400000,11953.403758564553
1721988000000,11953.537508564552
1721991600000,11954.173758564551
1721995200000,11954.108758564553
1721998800000,11954.615008564553
1722002400000,11953.678758564552
1722006000000,11955.025008564553
1722009600000,11953.303781781839
1722013200000,11954.643781781839
1722016800000,11954.075031781838
1722020400000,11952.602531781838
1722024000000,11951.251281781839
1722027600000,11953.426281781838
1722031200000,11951.880031781839
1722034800000,11950.200031781838
1722038400000,11951.025010164898
1722042000000,11952.847510164898
1722045600000,11954.517510164898
1722049200000,11952.547510164899
1722052800000,11954.496260164899
1722056400000,11953.208760164898
1722060000000,11953.170010164898
1722063600000,11951.622510164898
1722067200000,11951.050351393675
1722070800000,11951.827851393675
1722074400000,11950.650351393675
1722078000000,11951.107851393674
1722081600000,11950.277851393674
1722085200000,11949.236220137573
1722088800000,11949.236220137573
1722092400000,11949.236220137573
1722096000000,11948.595554857116
1722099600000,11947.030454857117
1722103200000,11945.904554857118
1722106800000,11945.428454857118
1722110400000,11940.607154857116
1722114000000,11937.265454857117
1722117600000,11948.107754857117
1722121200000,11946.440954857117
1722124800000,11939.076693804018
1722128400000,11940.508593804017
1722132000000,11941.485093804018
1722135600000,11942.111493804017
1722139200000,11940.539193804017
1722142800000,11935.576593804019
1722146400000,11935.806993804019
1722150000000,11935.840293804018
1722153600000,11936.454125986886
1722157200000,11935.127525986887
1722160800000,11935.592825986887
1722164400000,11936.883425986885
1722168000000,11938.868825986887
1722171600000,11940.808325986885
1722175200000,11940.698525986887
1722178800000,11938.054325986886
1722182400000,11937.680860318538
1722186000000,11938.313560318538
1722189600000,11940.795760318539
1722193200000,11943.044860318538
1722196800000,11942.216860318538
1722200400000,11940.906460318538
1722204000000,11941.029760318539
1722207600000,11940.664360318538
1722211200000,11943.22482725617
1722214800000,11947.51062725617
1722218400000,11945.64672725617
1722222000000,11954.73762725617
1722225600000,11952.65592725617
1722229200000,11953.56672725617
1722232800000,11956.22352725617
1722236400000,11954.896027256169
1722240000000,11954.690753198081
1722243600000,11954.024753198082
1722247200000,11954.331653198082
1722250800000,11955.147953198082
1722254400000,11955.298253198082
1722258000000,11957.057753198082
1722261600000,11952.463253198082
1722265200000,11941.88015319808
1722268800000,11940.917990716967
1722272400000,11928.25858208095
1722276000000,11928.25858208095
1722279600000,11928.25858208095
1722283200000,11928.25858208095
1722286800000,11928.25858208095
1722290400000,11928.25858208095
1722294000000,11928.25858208095
1722297600000,11928.25858208095
1722301200000,11928.25858208095
1722304800000,11928.25858208095
1722308400000,11928.25858208095
1722312000000,11928.25858208095
1722315600000,11928.25858208095
1722319200000,11928.25858208095
1722322800000,11928.25858208095
1722326400000,11928.25858208095
1722330000000,11928.25858208095
1722333600000,11928.25858208095
1722337200000,11928.25858208095
1722340800000,11928.25858208095
1722344400000,11928.25858208095
1722348000000,11928.25858208095
1722351600000,11928.25858208095
1722355200000,11928.25858208095
1722358800000,11928.25858208095
1722362400000,11928.25858208095
1722366000000,11928.25858208095
1722369600000,11928.25858208095
1722373200000,11928.25858208095
1722376800000,11928.25858208095
1722380400000,11928.25858208095
1722384000000,11928.25858208095
1722387600000,11928.25858208095
1722391200000,11928.25858208095
1722394800000,11928.25858208095
1722398400000,11928.25858208095
1722402000000,11928.25858208095
1722405600000,11928.25858208095
1722409200000,11928.25858208095
1722412800000,11928.25858208095
1722416400000,11928.25858208095
1722420000000,11928.25858208095
1722423600000,11928.25858208095
1722427200000,11928.25858208095
1722430800000,11928.25858208095
1722434400000,11928.25858208095
1722438000000,11928.25858208095
1722441600000,11928.25858208095
1722445200000,11928.25858208095
1722448800000,11928.25858208095
1722452400000,11928.25858208095
1722456000000,11928.25858208095
1722459600000,11928.25858208095
1722463200000,11928.25858208095
1722466800000,11928.25858208095
1722470400000,11927.640690884193
1722474000000,11927.572690884193
1722477600000,11930.885490884193
1722481200000,11931.918290884194
1722484800000,11933.028690884194
1722488400000,11935.660690884193
1722492000000,11930.661490884193
1722495600000,11930.685490884194
1722499200000,11930.009736591099
1722502800000,11928.7433365911
1722506400000,11929.1217365911
1722510000000,11928.1345365911
1722513600000,11927.516136591099
1722517200000,11925.175336591099
1722520800000,11927.176936591099
1722524400000,11933.762536591099
1722528000000,11941.532550089425
1722531600000,11943.114750089426
1722535200000,11939.540330089425
1722538800000,11943.240290089425
1722542400000,11934.307160089425
1722546000000,11918.384600089426
1722549600000,11916.685210089427
1722553200000,11909.220220089424
1722556800000,11908.64421032004
1722560400000,11906.642830320041
1722564000000,11907.724840320041
1722567600000,11907.69811032004
1722571200000,11907.231348002726
1722574800000,11908.377348002727
1722578400000,11913.423438002726
1722582000000,11909.586168002726
1722585600000,11912.784361482334
1722589200000,11909.470171482335
1722592800000,11910.142441482334
1722596400000,11908.197571482335
1722600000000,11909.213341482335
1722603600000,11908.417171482335
1722607200000,11905.235581482333
1722610800000,11935.376011482334
1722614400000,11933.962969881613
1722618000000,11934.977479881614
1722621600000,11937.564319881614
1722625200000,11939.439619881612
1722628800000,11940.095479881613
1722632400000,11941.116979881614
1722636000000,11946.082459881614
1722639600000,11951.554459881612
1722643200000,11951.34546803055
1722646800000,11956.736858030548
1722650400000,11956.79598803055
1722654000000,11955.45564803055
1722657600000,11949.986408030549
1722661200000,11954.14035803055
1722664800000,11952.612908030549
1722668400000,11949.450908030549
1722672000000,11951.248147210674
1722675600000,11952.005287210673
1722679200000,11950.042987210674
1722682800000,11948.929057210675
1722686400000,11948.346127210674
1722690000000,11945.509237210674
1722693600000,11945.181097210674
1722697200000,11946.695437210674
1722700800000,11961.630857605727
1722704400000,11962.095137605727
1722708000000,11968.747247605728
1722711600000,11971.300607605728
1722715200000,11971.934687605728
1722718800000,11972.226347605727
1722722400000,11968.041947605727
1722726000000,11968.377887605726
1722729600000,11969.12023674324
1722733200000,11966.64298674324
1722736800000,11968.03993674324
1722740400000,11965.51471674324
1722744000000,11966.65036674324
1722747600000,11969.90098674324
1722751200000,11966.698306743241
1722754800000,11966.08174674324
1722758400000,11972.199259206891
1722762000000,11969.343319206891
1722765600000,11967.635689206892
1722769200000,11966.007199206892
1722772800000,11965.652689206892
1722776400000,11963.39413920689
1722780000000,11966.763469206893
1722783600000,11981.753029206891
1722787200000,11987.940139786204
1722790800000,11993.164159786204
1722794400000,12015.050479786203
1722798000000,12004.871629786203
1722801600000,11998.188229786203
1722805200000,11999.843059786204
1722808800000,12005.325499786202
1722812400000,12006.778759786202
1722816000000,12013.338713289002
1722819600000,12048.385973289001
1722823200000,12087.207023289002
1722826800000,12086.662043289003
1722830400000,12093.480803289001
1722834000000,12091.755833289002
1722837600000,12098.763713289003
1722841200000,12114.712493289002
1722844800000,12094.406505046833
1722848400000,12096.422505046832
1722852000000,12101.127495046832
1722855600000,12114.796515046834
1722859200000,12113.674665046832
1722862800000,12131.539425046833
1722866400000,12084.915135046833
1722870000000,12082.645665046834
1722873600000,12071.074851827276
1722877200000,12069.735141827276
1722880800000,12066.577401827275
1722884400000,12089.246811827275
1722888000000,12081.094851827276
1722891600000,12072.053961827276
1722895200000,12073.202001827276
1722898800000,12069.226281827276
1722902400000,12077.036699916813
1722906000000,12048.240479916813
1722909600000,12052.736939916813
1722913200000,12053.746979916814
1722916800000,12056.773769916814
1722920400000,12056.107439916812
1722924000000,12051.648119916812
1722927600000,12053.601539916814
1722931200000,12051.770276791201
1722934800000,12065.595326791201
1722938400000,12063.881126791202
1722942000000,12064.484336791202
1722945600000,12064.905776791202
1722949200000,12068.481686791201
1722952800000,12063.7735467912
1722956400000,12048.942146791202
1722960000000,12047.802954685734
1722963600000,12046.057194685734
1722967200000,12053.318244685735
1722970800000,12049.943274685735
1722974400000,12050.027424685733
1722978000000,12052.625424685733
1722981600000,12052.412274685734
1722985200000,12056.115414685733
1722988800000,12058.683467959463
1722992400000,12057.434927959463
1722996000000,12048.474377959465
1722999600000,12049.047377959463
1723003200000,12047.946557959463
1723006800000,12045.291137959463
1723010400000,12048.368687959462
1723014000000,12049.384337959464
1723017600000,12046.649592436945
1723021200000,12042.266807522943
1723024800000,12043.004237522942
1723028400000,12043.814987522943
1723032000000,12048.778187522943
1723035600000,12049.481777522942
1723039200000,12052.726187522943
1723042800000,12061.583807522942
1723046400000,12058.17612205471
1723050000000,12060.207932054709
1723053600000,12064.27437205471
1723057200000,12066.99285205471
1723060800000,12066.90684205471
1723064400000,12067.29882205471
1723068000000,12065.26701205471
1723071600000,12066.12006205471
1723075200000,12068.258681570418
1723078800000,12066.119711570418
1723082400000,12053.875271570418
1723086000000,12051.999971570418
1723089600000,12054.667691570417
1723093200000,12055.955021570418
1723096800000,12056.148191570417
1723100400000,12055.252841570418
1723104000000,12057.935207167704
1723107600000,12055.992227167704
1723111200000,12054.737327167704
1723114800000,12053.200427167703
1723118400000,12052.740767167703
1723122000000,12047.723987167703
1723125600000,12054.779627167703
1723129200000,12046.163117167704
1723132800000,12045.00887571877
1723136400000,12039.292666345016
1723140000000,12039.292666345016
1723143600000,12039.292666345016
1723147200000,12039.292666345016
1723150800000,12039.292666345016
1723154400000,12039.292666345016
1723158000000,12039.292666345016
1723161600000,12039.292666345016
1723165200000,12039.292666345016
1723168800000,12039.292666345016
1723172400000,12039.292666345016
1723176000000,12039.292666345016
1723179600000,12039.292666345016
1723183200000,12039.292666345016
1723186800000,12039.292666345016
1723190400000,12039.292666345016
1723194000000,12039.292666345016
1723197600000,12039.292666345016
1723201200000,12039.292666345016
1723204800000,12039.292666345016
1723208400000,12039.292666345016
1723212000000,12039.292666345016
1723215600000,12039.292666345016
1723219200000,12039.292666345016
1723222800000,12039.292666345016
1723226400000,12039.292666345016
1723230000000,12039.292666345016
1723233600000,12039.292666345016
1723237200000,12039.292666345016
1723240800000,12039.292666345016
1723244400000,12039.292666345016
1723248000000,12039.292666345016
1723251600000,12039.292666345016
1723255200000,12039.292666345016
1723258800000,12039.292666345016
1723262400000,12039.292666345016
1723266000000,12039.292666345016
1723269600000,12039.292666345016
1723273200000,12039.292666345016
1723276800000,12039.292666345016
1723280400000,12039.292666345016
1723284000000,12039.292666345016
1723287600000,12039.292666345016
1723291200000,12039.292666345016
1723294800000,12039.292666345016
1723298400000,12039.292666345016
1723302000000,12039.292666345016
1723305600000,12039.292666345016
1723309200000,12039.292666345016
1723312800000,12039.292666345016
1723316400000,12039.292666345016
1723320000000,12039.292666345016
1723323600000,12039.292666345016
1723327200000,12039.292666345016
1723330800000,12039.292666345016
1723334400000,12039.292666345016
1723338000000,12039.292666345016
1723341600000,12039.292666345016
1723345200000,12039.292666345016
1723348800000,12039.292666345016
1723352400000,12039.292666345016
1723356000000,12039.292666345016
1723359600000,12039.292666345016
1723363200000,12039.292666345016
1723366800000,12039.292666345016
1723370400000,12039.292666345016
1723374000000,12039.292666345016
1723377600000,12039.292666345016
1723381200000,12039.292666345016
1723384800000,12039.292666345016
1723388400000,12039.292666345016
1723392000000,12039.292666345016
1723395600000,12039.292666345016
1723399200000,12039.292666345016
1723402800000,12039.292666345016
1723406400000,12039.292666345016
1723410000000,12039.292666345016
1723413600000,12039.292666345016
1723417200000,12039.292666345016
1723420800000,12039.292666345016
1723424400000,12039.292666345016
1723428000000,12039.292666345016
1723431600000,12039.292666345016
1723435200000,12039.292666345016
1723438800000,12039.292666345016
1723442400000,12039.292666345016
1723446000000,12039.292666345016
1723449600000,12039.292666345016
1723453200000,12039.292666345016
1723456800000,12039.292666345016
1723460400000,12039.292666345016
1723464000000,12039.292666345016
1723467600000,12039.292666345016
1723471200000,12039.292666345016
1723474800000,12039.292666345016
1723478400000,12039.292666345016
1723482000000,12039.292666345016
1723485600000,12039.292666345016
1723489200000,12039.292666345016
1723492800000,12039.292666345016
1723496400000,12039.292666345016
1723500000000,12039.292666345016
1723503600000,12039.292666345016
1723507200000,12039.292666345016
1723510800000,12039.292666345016
1723514400000,12039.292666345016
1723518000000,12039.292666345016
1723521600000,12039.292666345016
1723525200000,12039.292666345016
1723528800000,12039.292666345016
1723532400000,12039.292666345016
1723536000000,12039.292666345016
1723539600000,12039.292666345016
1723543200000,12039.292666345016
1723546800000,12039.292666345016
1723550400000,12039.292666345016
1723554000000,12039.292666345016
1723557600000,12039.292666345016
1723561200000,12039.292666345016
1723564800000,12039.292666345016
1723568400000,12039.292666345016
1723572000000,12039.292666345016
1723575600000,12039.292666345016
1723579200000,12039.292666345016
1723582800000,12039.292666345016
1723586400000,12039.292666345016
1723590000000,12039.292666345016
1723593600000,12039.292666345016
1723597200000,12039.292666345016
1723600800000,12039.292666345016
1723604400000,12039.292666345016
1723608000000,12039.292666345016
1723611600000,12039.292666345016
1723615200000,12039.292666345016
1723618800000,12039.292666345016
1723622400000,12039.292666345016
1723626000000,12039.292666345016
1723629600000,12039.292666345016
1723633200000,12039.292666345016
1723636800000,12039.292666345016
1723640400000,12039.292666345016
1723644000000,12039.292666345016
1723647600000,12039.292666345016
1723651200000,12039.292666345016
1723654800000,12039.292666345016
1723658400000,12039.292666345016
1723662000000,12039.292666345016
1723665600000,12039.292666345016
1723669200000,12039.292666345016
1723672800000,12039.292666345016
1723676400000,12039.292666345016
1723680000000,12039.292666345016
1723683600000,12039.292666345016
1723687200000,12039.292666345016
1723690800000,12039.292666345016
1723694400000,12039.292666345016
1723698000000,12039.292666345016
1723701600000,12039.292666345016
1723705200000,12039.292666345016
1723708800000,12039.292666345016
1723712400000,12039.292666345016
1723716000000,12039.292666345016
1723719600000,12039.292666345016
1723723200000,12039.292666345016
1723726800000,12039.292666345016
1723730400000,12039.292666345016
1723734000000,12039.292666345016
1723737600000,12039.292666345016
1723741200000,12039.292666345016
1723744800000,12039.292666345016
1723748400000,12039.292666345016
1723752000000,12039.292666345016
1723755600000,12039.292666345016
1723759200000,12039.292666345016
1723762800000,12039.292666345016
1723766400000,12039.292666345016
1723770000000,12039.292666345016
1723773600000,12039.292666345016
1723777200000,12039.292666345016
1723780800000,12039.292666345016
1723784400000,12039.292666345016
1723788000000,12039.292666345016
1723791600000,12039.292666345016
1723795200000,12039.292666345016
1723798800000,12039.292666345016
1723802400000,12039.292666345016
1723806000000,12039.292666345016
1723809600000,12039.292666345016
1723813200000,12039.292666345016
1723816800000,12039.292666345016
1723820400000,12039.292666345016
1723824000000,12039.292666345016
1723827600000,12039.292666345016
1723831200000,12039.292666345016
1723834800000,12039.292666345016
1723838400000,12039.292666345016
1723842000000,12039.292666345016
1723845600000,12039.292666345016
1723849200000,12039.292666345016
1723852800000,12039.292666345016
1723856400000,12039.292666345016
1723860000000,12039.292666345016
1723863600000,12039.292666345016
1723867200000,12039.292666345016
1723870800000,12039.292666345016
1723874400000,12039.292666345016
1723878000000,12039.292666345016
1723881600000,12039.292666345016
1723885200000,12039.292666345016
1723888800000,12039.292666345016
1723892400000,12039.292666345016
1723896000000,12039.292666345016
1723899600000,12039.292666345016
1723903200000,12039.292666345016
1723906800000,12039.292666345016
1723910400000,12039.292666345016
1723914000000,12039.292666345016
1723917600000,12039.292666345016
1723921200000,12039.292666345016
1723924800000,12039.292666345016
1723928400000,12039.292666345016
1723932000000,12039.292666345016
1723935600000,12039.292666345016
1723939200000,12039.292666345016
1723942800000,12039.292666345016
1723946400000,12039.292666345016
1723950000000,12039.292666345016
1723953600000,12039.292666345016
1723957200000,12039.292666345016
1723960800000,12039.292666345016
1723964400000,12039.292666345016
1723968000000,12039.292666345016
1723971600000,12039.292666345016
1723975200000,12039.292666345016
1723978800000,12039.292666345016
1723982400000,12039.292666345016
1723986000000,12039.292666345016
1723989600000,12039.292666345016
1723993200000,12039.292666345016
1723996800000,12039.292666345016
1724000400000,12039.292666345016
1724004000000,12039.292666345016
1724007600000,12039.292666345016
1724011200000,12039.292666345016
1724014800000,12039.292666345016
1724018400000,12039.292666345016
1724022000000,12039.292666345016
1724025600000,12039.292666345016
1724029200000,12039.292666345016
1724032800000,12039.292666345016
1724036400000,12039.292666345016
1724040000000,12039.292666345016
1724043600000,12039.292666345016
1724047200000,12039.292666345016
1724050800000,12039.292666345016
1724054400000,12039.292666345016
1724058000000,12039.292666345016
1724061600000,12039.292666345016
1724065200000,12039.292666345016
1724068800000,12039.292666345016
1724072400000,12039.292666345016
1724076000000,12039.292666345016
1724079600000,12039.292666345016
1724083200000,12039.292666345016
1724086800000,12039.292666345016
1724090400000,12039.292666345016
1724094000000,12039.292666345016
1724097600000,12039.292666345016
1724101200000,12039.292666345016
1724104800000,12039.292666345016
1724108400000,12039.292666345016
1724112000000,12039.292666345016
1724115600000,12039.292666345016
1724119200000,12039.292666345016
1724122800000,12039.292666345016
1724126400000,12039.292666345016
1724130000000,12039.292666345016
1724133600000,12039.292666345016
1724137200000,12039.292666345016
1724140800000,12039.292666345016
1724144400000,12039.292666345016
1724148000000,12039.292666345016
1724151600000,12039.292666345016
1724155200000,12039.292666345016
1724158800000,12039.292666345016
1724162400000,12039.292666345016
1724166000000,12039.292666345016
1724169600000,12039.292666345016
1724173200000,12039.292666345016
1724176800000,12039.292666345016
1724180400000,12039.292666345016
1724184000000,12039.292666345016
1724187600000,12039.292666345016
1724191200000,12039.292666345016
1724194800000,12039.292666345016
1724198400000,12039.292666345016
1724202000000,12039.292666345016
1724205600000,12039.292666345016
1724209200000,12039.292666345016
1724212800000,12039.292666345016
1724216400000,12039.292666345016
1724220000000,12039.292666345016
1724223600000,12039.292666345016
1724227200000,12039.292666345016
1724230800000,12039.292666345016
1724234400000,12039.292666345016
1724238000000,12039.292666345016
1724241600000,12039.292666345016
1724245200000,12039.292666345016
1724248800000,12039.292666345016
1724252400000,12039.292666345016
1724256000000,12039.292666345016
1724259600000,12039.292666345016
1724263200000,12039.292666345016
1724266800000,12039.292666345016
1724270400000,12039.292666345016
1724274000000,12039.292666345016
1724277600000,12039.292666345016
1724281200000,12039.292666345016
1724284800000,12039.292666345016
1724288400000,12039.292666345016
1724292000000,12039.292666345016
1724295600000,12039.292666345016
1724299200000,12039.292666345016
1724302800000,12039.292666345016
1724306400000,12039.292666345016
1724310000000,12039.292666345016
1724313600000,12039.292666345016
1724317200000,12039.292666345016
1724320800000,12039.292666345016
1724324400000,12039.292666345016
1724328000000,12039.292666345016
1724331600000,12039.292666345016
1724335200000,12039.292666345016
1724338800000,12039.292666345016
1724342400000,12039.292666345016
1724346000000,12039.292666345016
1724349600000,12039.292666345016
1724353200000,12039.292666345016
1724356800000,12039.292666345016
1724360400000,12039.292666345016
1724364000000,12039.292666345016
1724367600000,12039.292666345016
1724371200000,12039.292666345016
1724374800000,12039.292666345016
1724378400000,12039.292666345016
1724382000000,12039.292666345016
1724385600000,12039.292666345016
1724389200000,12039.292666345016
1724392800000,12039.292666345016
1724396400000,12039.292666345016
1724400000000,12039.292666345016
1724403600000,12039.292666345016
1724407200000,12039.292666345016
1724410800000,12039.292666345016
1724414400000,12039.292666345016
1724418000000,12039.292666345016
1724421600000,12039.292666345016
1724425200000,12039.292666345016
1724428800000,12038.20375529559
1724432400000,12040.35175529559
1724436000000,12051.779755295589
1724439600000,12051.113355295589
1724443200000,12055.29735529559
1724446800000,12055.71975529559
1724450400000,12061.95495529559
1724454000000,12059.85655529559
1724457600000,12059.268509164613
1724461200000,12058.487709164614
1724464800000,12056.962109164613
1724468400000,12058.078109164613
1724472000000,12057.386109164614
1724475600000,12057.579709164613
1724479200000,12058.198909164614
1724482800000,12059.026909164613
1724486400000,12060.399426918455
1724490000000,12062.000226918455
1724493600000,12061.031426918455
1724497200000,12059.591426918454
1724500800000,12058.080226918455
1724504400000,12059.437826918454
1724508000000,12060.143426918456
1724511600000,12059.735426918454
1724515200000,12058.414713526174
1724518800000,12060.877913526174
1724522400000,12058.621113526175
1724526000000,12060.391513526174
1724529600000,12060.039513526175
1724533200000,12058.782713526174
1724536800000,12056.295513526175
1724540400000,12057.085113526175
1724544000000,12059.53056707695
1724547600000,12060.382567076951
1724551200000,12059.63696707695
1724554800000,12059.62016707695
1724558400000,12059.28416707695
1724562000000,12059.700967076951
1724565600000,12059.614567076951
1724569200000,12058.43856707695
1724572800000,12057.427185971226
1724576400000,12058.264785971225
1724580000000,12057.509585971226
1724583600000,12057.840785971226
1724587200000,12057.636785971226
1724590800000,12058.034385971227
1724594400000,12059.229585971225
1724598000000,12059.591185971225
1724601600000,12059.42724817209
1724605200000,12058.836048172088
1724608800000,12059.62964817209
1724612400000,12059.90404817209
1724616000000,12060.065648172089
1724619600000,12060.33204817209
1724623200000,12062.206448172088
1724626800000,12062.588848172089
1724630400000,12060.563521509039
1724634000000,12059.53072150904
1724637600000,12058.295521509039
1724641200000,12059.05152150904
1724644800000,12059.46992150904
1724648400000,12058.55872150904
1724652000000,12058.13952150904
1724655600000,12056.19872150904
1724659200000,12055.303577202352
1724662800000,12056.497177202353
1724666400000,12057.284377202352
1724670000000,12056.338777202353
1724673600000,12057.192377202353
1724677200000,12055.485177202352
1724680800000,12056.580377202352
1724684400000,12054.063577202352
1724688000000,12054.365929620071
1724691600000,12055.818729620072
1724695200000,12053.753929620072
1724698800000,12055.557929620072
1724702400000,12052.941929620072
1724706000000,12053.852329620071
1724709600000,12052.325129620072
1724713200000,12049.903529620071
1724716800000,12049.175884330165
1724720400000,12048.628684330164
1724724000000,12050.262284330165
1724727600000,12049.079084330166
1724731200000,12050.367084330164
1724734800000,12050.935884330165
1724738400000,12051.215884330164
1724742000000,12048.695884330165
1724745600000,12049.743076169803
1724749200000,12048.813476169804
1724752800000,12046.805322715005
1724756400000,12046.805322715005
1724760000000,12046.805322715005
1724763600000,12046.805322715005
1724767200000,12046.805322715005
1724770800000,12046.805322715005
1724774400000,12046.805322715005
1724778000000,12046.805322715005
1724781600000,12046.805322715005
1724785200000,12046.805322715005
1724788800000,12046.805322715005
1724792400000,12046.805322715005
1724796000000,12046.805322715005
1724799600000,12046.805322715005
1724803200000,12046.57926354565
1724806800000,12049.02326354565
1724810400000,12046.51686354565
1724814000000,12047.08406354565
1724817600000,12044.739263545649
1724821200000,12047.19846354565
1724824800000,12047.08486354565
1724828400000,12048.16086354565
1724832000000,12052.339465381674
1724835600000,12047.501865381673
1724839200000,12040.935465381674
1724842800000,12043.874665381674
1724846400000,12042.543465381674
1724850000000,12042.141065381673
1724853600000,12047.429865381673
1724857200000,12048.881865381674
1724860800000,12050.43365779779
1724864400000,12047.908857797791
1724868000000,12052.61765779779
1724871600000,12044.13605779779
1724875200000,12050.23045779779
1724878800000,12046.98565779779
1724882400000,12048.42165779779
1724886000000,12048.01285779779
1724889600000,12049.477851288606
1724893200000,12048.081051288606
1724896800000,12049.702651288606
1724900400000,12048.424251288605
1724904000000,12048.500251288606
1724907600000,12048.239451288606
1724911200000,12046.112251288605
1724914800000,12044.615451288606
1724918400000,12045.094819390973
1724922000000,12045.032419390973
1724925600000,12044.848419390974
1724929200000,12044.640419390973
1724932800000,12041.499619390974
1724936400000,12038.889219390974
1724940000000,12036.172419390974
1724943600000,12034.985219390974
1724947200000,12035.083136113153
1724950800000,12039.618336113153
1724954400000,12038.011936113153
1724958000000,12048.783136113154
1724961600000,12047.337536113153
1724965200000,12045.664736113153
1724968800000,12046.530336113154
1724972400000,12048.193536113153
1724976000000,12046.67237855837
1724979600000,12048.16117855837
1724983200000,12048.17397855837
1724986800000,12048.18757855837
1724990400000,12049.12517855837
1724994000000,12049.55077855837
1724997600000,12051.50197855837
1725001200000,12046.84357855837
1725004800000,12047.195738446724
1725008400000,12046.207738446723
1725012000000,12045.304538446724
1725015600000,12044.990138446723
1725019200000,12046.209338446723
1725022800000,12045.636538446723
1725026400000,12044.590138446723
1725030000000,12053.949338446724
1725033600000,12057.154134385139
1725037200000,12053.63013438514
1725040800000,12052.313334385139
1725044400000,12047.352534385138
1725048000000,12051.212534385138
1725051600000,12049.465334385139
1725055200000,12048.942134385139
1725058800000,12047.630934385139
1725062400000,12048.695465840723
1725066000000,12047.559465840723
1725069600000,12047.365065840722
1725073200000,12047.910665840722
1725076800000,12047.797065840723
1725080400000,12047.009865840722
1725084000000,12047.903465840722
1725087600000,12048.418665840723
1725091200000,12048.805172500037
1725094800000,12049.755572500037
1725098400000,12050.486772500037
1725102000000,12048.601172500035
1725105600000,12048.851572500036
1725109200000,12048.164372500036
1725112800000,12050.251572500036
1725116400000,12048.454772500036
1725120000000,12049.639103736667
1725123600000,12050.321503736666
1725127200000,12049.819103736667
1725130800000,12050.488703736666
1725134400000,12050.648703736666
1725138000000,12050.178303736668
1725141600000,12049.235903736668
1725145200000,12049.448703736667
1725148800000,12049.997699394315
1725152400000,12050.206499394315
1725156000000,12050.935299394314
1725159600000,12053.628899394314
1725163200000,12053.504099394315
1725166800000,12054.088099394314
1725170400000,12057.547299394315
1725174000000,12055.911299394314
1725177600000,12053.743253229322
1725181200000,12056.096053229323
1725184800000,12056.115253229322
1725188400000,12058.588853229323
1725192000000,12055.238453229322
1725195600000,12057.632853229323
1725199200000,12056.739253229323
1725202800000,12059.190453229323
1725206400000,12056.23827494598
1725210000000,12056.625474945979
1725213600000,12056.49267494598
1725217200000,12053.18067494598
1725220800000,12053.654274945979
1725224400000,12054.315874945978
1725228000000,12054.316674945978
1725231600000,12063.011874945978
1725235200000,12062.853158023392
1725238800000,12061.826758023391
1725242400000,12062.579558023392
1725246000000,12061.425958023392
1725249600000,12059.674758023391
1725253200000,12061.867558023392
1725256800000,12059.38035802339
1725260400000,12060.297158023392
1725264000000,12061.09349928368
1725267600000,12057.068699283678
1725271200000,12054.675899283679
1725274800000,12053.987899283678
1725278400000,12054.503099283678
1725282000000,12054.312699283679
1725285600000,12055.95589928368
1725289200000,12053.108699283679
1725292800000,12053.43340021136
1725296400000,12054.691800211358
1725300000000,12053.320600211358
1725303600000,12053.93900021136
1725307200000,12053.937400211358
1725310800000,12048.771000211358
1725314400000,12049.420600211359
1725318000000,12046.72724756399
1725321600000,12046.15387602578
1725325200000,12046.88987602578
1725328800000,12048.20287602578
1725332400000,12047.83587602578
1725336000000,12045.85487602578
1725339600000,12045.39387602578
1725343200000,12045.96987602578
1725346800000,12044.07787602578
1725350400000,12045.574608745419
1725354000000,12042.70460874542
1725357600000,12043.18560874542
1725361200000,12045.413608745419
1725364800000,12045.22260874542
1725368400000,12046.22160874542
1725372000000,12037.80160874542
1725375600000,12031.41060874542
1725379200000,12030.529050062636
1725382800000,12030.638850062636
1725386400000,12030.857550062636
1725390000000,12028.614750062636
1725393600000,12027.302550062635
1725397200000,12026.462850062637
1725400800000,12026.857050062636
1725404400000,12029.123250062636
1725408000000,12032.838173538861
1725411600000,12039.868973538862
1725415200000,12039.351473538862
1725418800000,12040.673573538861
1725422400000,12039.234977512482
1725426000000,12039.280577512482
1725429600000,12036.232577512483
1725433200000,12036.375777512483
1725436800000,12040.209413259281
1725440400000,12040.012613259281
1725444000000,12039.00781325928
1725447600000,12037.922213259282
1725451200000,12037.48833582863
1725454800000,12037.15083582863
1725458400000,12040.58793582863
1725462000000,12028.86903582863
1725465600000,12022.69564650471
1725469200000,12025.00444650471
1725472800000,12020.43964650471
1725476400000,12018.88284650471
1725480000000,12021.74684650471
1725483600000,12022.082046504709
1725487200000,12023.07244650471
1725490800000,12022.712446504709
1725494400000,12020.018288405792
1725498000000,12019.875088405792
1725501600000,12019.583888405792
1725505200000,12022.794288405792
1725508800000,12027.084688405792
1725512400000,12026.275088405791
1725516000000,12026.710288405791
1725519600000,12029.347088405792
1725523200000,12026.769943981802
1725526800000,12028.028343981803
1725530400000,12029.920343981803
1725534000000,12029.556343981803
1725537600000,12030.337943981804
1725541200000,12030.339543981803
1725544800000,12026.469943981803
1725548400000,12032.390743981803
1725552000000,12035.912290576362
1725555600000,12033.411490576362
1725559200000,12030.972290576363
1725562800000,12031.957090576363
1725566400000,12035.559490576363
1725570000000,12035.317090576362
1725573600000,12034.558690576363
1725577200000,12035.250690576362
1725580800000,12033.723748119695
1725584400000,12033.513348119695
1725588000000,12036.499748119695
1725591600000,12038.394148119694
1725595200000,12035.747099486625
1725598800000,12035.907399486625
1725602400000,12036.828599486626
1725606000000,12037.362699486624
1725609600000,12041.563395582823
1725613200000,12041.771995582823
1725616800000,12040.852195582824
1725620400000,12039.115495582822
1725624000000,12040.119295582823
1725627600000,12034.531895582822
1725631200000,12041.731395582823
1725634800000,12047.381095582823
1725638400000,12053.667332709323
1725642000000,12057.357832709322
1725645600000,12060.622112709321
1725649200000,12068.987442709322
1725652800000,12066.453852709323
1725656400000,12082.668152709322
1725660000000,12067.320682709322
1725663600000,12068.467212709322
1725667200000,12063.973640005044
1725670800000,12062.993220005044
1725674400000,12064.875300005044
1725678000000,12063.473180005045
1725681600000,12062.541660005045
1725685200000,12059.756890005045
1725688800000,12056.343750005046
1725692400000,12053.118120005045
1725696000000,12052.281662925132
1725699600000,12050.252572925132
1725703200000,12052.972352925131
1725706800000,12051.932832925131
1725710400000,12051.614062925131
1725714000000,12050.17097292513
1725717600000,12049.673112925131
1725721200000,12048.214482925132
1725724800000,12046.394950645617
1725728400000,12050.054940645616
1725732000000,12055.173070645616
1725735600000,12052.770810645618
1725739200000,12050.584530645618
1725742800000,12055.673210645617
1725746400000,12057.757100645616
1725750000000,12057.691620645617
1725753600000,12054.877829931547
1725757200000,12055.902489931546
1725760800000,12053.166839931548
1725764400000,12052.038959931548
1725768000000,12051.809249931548
1725771600000,12049.030429931547
1725775200000,12051.965569931548
1725778800000,12051.867519931548
1725782400000,12050.111461304388
1725786000000,12049.41146130439
1725789600000,12049.32906130439
1725793200000,12046.93707130439
1725796800000,12049.39821130439
1725800400000,12054.922361304389
1725804000000,12051.64980130439
1725807600000,12056.07434130439
1725811200000,12062.244814421618
1725814800000,12059.809514421617
1725818400000,12052.387004421616
1725822000000,12053.069724421617
1725825600000,12054.174834421618
1725829200000,12053.160494421618
1725832800000,12051.410274421618
1725836400000,12049.825674421616
1725840000000,12047.07976990496
1725843600000,12043.113939904959
1725847200000,12043.47329990496
1725850800000,12043.27938990496
1725854400000,12043.340829904959
1725858000000,12046.36886990496
1725861600000,12049.13156990496
1725865200000,12044.67672990496
1725868800000,12042.678358806545
1725872400000,12039.671918806545
1725876000000,12036.447572323865
1725879600000,12036.447572323865
1725883200000,12036.447572323865
1725886800000,12036.447572323865
1725890400000,12036.447572323865
1725894000000,12036.447572323865
1725897600000,12036.447572323865
1725901200000,12036.447572323865
1725904800000,12036.447572323865
1725908400000,12036.447572323865
1725912000000,12036.447572323865
1725915600000,12036.447572323865
1725919200000,12036.447572323865
1725922800000,12036.447572323865
1725926400000,12036.447572323865
1725930000000,12036.447572323865
1725933600000,12036.447572323865
1725937200000,12036.447572323865
1725940800000,12036.447572323865
1725944400000,12036.447572323865
1725948000000,12036.447572323865
1725951600000,12036.447572323865
1725955200000,12036.447572323865
1725958800000,12036.447572323865
1725962400000,12036.447572323865
1725966000000,12036.447572323865
1725969600000,12036.447572323865
1725973200000,12036.447572323865
1725976800000,12036.447572323865
1725980400000,12036.447572323865
1725984000000,12036.447572323865
1725987600000,12036.447572323865
1725991200000,12036.447572323865
1725994800000,12036.447572323865
1725998400000,12036.447572323865
1726002000000,12036.447572323865
1726005600000,12036.447572323865
1726009200000,12036.447572323865
1726012800000,12036.447572323865
1726016400000,12036.447572323865
1726020000000,12036.447572323865
1726023600000,12036.447572323865
1726027200000,12036.447572323865
1726030800000,12036.447572323865
1726034400000,12036.447572323865
1726038000000,12036.447572323865
1726041600000,12036.447572323865
1726045200000,12036.447572323865
1726048800000,12036.447572323865
1726052400000,12036.447572323865
1726056000000,12036.447572323865
1726059600000,12036.447572323865
1726063200000,12036.447572323865
1726066800000,12036.447572323865
1726070400000,12036.447572323865
1726074000000,12036.447572323865
1726077600000,12036.447572323865
1726081200000,12036.447572323865
1726084800000,12036.447572323865
1726088400000,12036.447572323865
1726092000000,12036.447572323865
1726095600000,12036.447572323865
1726099200000,12036.447572323865
1726102800000,12036.447572323865
1726106400000,12036.447572323865
1726110000000,12036.447572323865
1726113600000,12036.447572323865
1726117200000,12036.447572323865
1726120800000,12036.447572323865
1726124400000,12036.447572323865
1726128000000,12036.447572323865
1726131600000,12036.447572323865
1726135200000,12036.447572323865
1726138800000,12036.447572323865
1726142400000,12036.447572323865
1726146000000,12036.447572323865
1726149600000,12036.447572323865
1726153200000,12036.447572323865
1726156800000,12036.447572323865
1726160400000,12036.447572323865
1726164000000,12036.447572323865
1726167600000,12036.447572323865
1726171200000,12036.447572323865
1726174800000,12036.447572323865
1726178400000,12036.447572323865
1726182000000,12036.447572323865
1726185600000,12036.447572323865
1726189200000,12036.447572323865
1726192800000,12036.447572323865
1726196400000,12036.447572323865
1726200000000,12036.447572323865
1726203600000,12036.447572323865
1726207200000,12036.447572323865
1726210800000,12036.447572323865
1726214400000,12036.447572323865
1726218000000,12036.447572323865
1726221600000,12036.447572323865
1726225200000,12036.447572323865
1726228800000,12036.447572323865
1726232400000,12036.447572323865
1726236000000,12036.447572323865
1726239600000,12036.447572323865
1726243200000,12036.447572323865
1726246800000,12036.447572323865
1726250400000,12036.447572323865
1726254000000,12036.447572323865
1726257600000,12035.186422414454
1726261200000,12037.122322414454
1726264800000,12040.766422414454
1726268400000,12043.411522414453
1726272000000,12042.910754177996
1726275600000,12042.248354177997
1726279200000,12042.067454177997
1726282800000,12041.203454177996
1726286400000,12041.317754177997
1726290000000,12040.131554177997
1726293600000,12037.539554177996
1726297200000,12038.634854177997
1726300800000,12039.700307050703
1726304400000,12038.317007050704
1726308000000,12038.656307050704
1726311600000,12036.643007050705
1726315200000,12035.719607050703
1726318800000,12036.310007050704
1726322400000,12036.267707050703
1726326000000,12037.503407050704
1726329600000,12037.234379007768
1726333200000,12037.890479007769
1726336800000,12037.06337900777
1726340400000,12036.20207900777
1726344000000,12036.72857900777
1726347600000,12038.600579007769
1726351200000,12038.85437900777
1726354800000,12038.454779007769
1726358400000,12038.26482881693
1726362000000,12038.66352881693
1726365600000,12040.42662881693
1726369200000,12040.322228816929
1726372800000,12039.84612881693
1726376400000,12039.489728816929
1726380000000,12039.893828816928
1726383600000,12039.81372881693
1726387200000,12040.19082340187
1726390800000,12038.973123401869
1726394400000,12038.50152340187
1726398000000,12038.24502340187
1726401600000,12038.17212340187
1726405200000,12039.36012340187
1726408800000,12040.02702340187
1726412400000,12040.51302340187
1726416000000,12041.428841577825
1726419600000,12038.035841577825
1726423200000,12036.675941577823
1726426800000,12038.143841577825
1726430400000,12036.990941577824
1726434000000,12036.348341577825
1726437600000,12034.639241577825
1726441200000,12033.137141577825
1726444800000,12026.300389367496
1726448400000,12026.300389367496
1726452000000,12026.300389367496
1726455600000,12026.300389367496
1726459200000,12025.80895378214
1726462800000,12028.19315378214
1726466400000,12024.518153782139
1726470000000,12024.09395378214
1726473600000,12020.907530047862
1726477200000,12021.018130047862
1726480800000,12025.013730047862
1726484400000,12023.057930047862
1726488000000,12024.002930047862
1726491600000,12026.189730047861
1726495200000,12027.014330047861
1726498800000,12038.499930047861
1726502400000,12034.42610604474
1726506000000,12036.64650604474
1726509600000,12031.578506044742
1726513200000,12034.897906044742
1726516800000,12035.24790604474
1726520400000,12038.050706044742
1726524000000,12032.926706044742
1726527600000,12033.034506044742
1726531200000,12030.73938481396
1726534800000,12037.88218481396
1726538400000,12034.60478481396
1726542000000,12031.92378481396
1726545600000,12032.75398481396
1726549200000,12030.30258481396
1726552800000,12025.09878481396
1726556400000,12026.081584813961
1726560000000,12023.270680508316
1726563600000,12022.770880508315
1726567200000,12019.808480508316
1726570800000,12016.241280508315
1726574400000,12018.496680508315
1726578000000,12015.073680508316
1726581600000,12020.199080508315
1726585200000,12007.863183147741
1726588800000,12007.296635617171
1726592400000,12005.44983561717
1726596000000,12005.70813561717
1726599600000,12001.88583561717
1726603200000,11995.78833561717
1726606800000,11998.10763561717
1726610400000,11999.78703561717
1726614000000,11998.64223561717
1726617600000,11999.96514402741
1726621200000,11999.12634402741
1726624800000,11997.636844027411
1726628400000,12000.21714402741
1726632000000,12001.64904402741
1726635600000,12000.479944027411
1726639200000,11998.99944402741
1726642800000,12001.09914402741
1726646400000,11999.919122012114
1726650000000,11998.569122012113
1726653600000,11994.291422012113
1726657200000,11995.947422012114
1726660800000,11995.606322012112
1726664400000,11997.052622012114
1726668000000,11992.077422012113
1726671600000,11992.830722012113
1726675200000,11991.998570847883
1726678800000,11996.245670847884
1726682400000,12002.344070847883
1726686000000,12002.215370847884
1726689600000,11996.447270847884
1726693200000,11999.574770847883
1726696800000,11999.045570847884
1726700400000,12003.190070847884
1726704000000,12012.427059674934
1726707600000,12017.530059674933
1726711200000,12014.795859674934
1726714800000,12016.955859674934
1726718400000,12016.065759674933
1726722000000,12015.710259674934
1726725600000,12014.696859674934
1726729200000,12015.298959674934
1726732800000,12015.353589710465
1726736400000,12014.298789710465
1726740000000,12017.653989710465
1726743600000,12017.768289710466
1726747200000,12021.073089710466
1726750800000,12022.990989710466
1726754400000,12025.028589710466
1726758000000,12022.800189710466
1726761600000,12025.232253866627
1726765200000,12029.658453866627
1726768800000,12030.149853866626
1726772400000,12029.298453866626
1726776000000,12026.080053866626
1726779600000,12024.258453866625
1726783200000,12022.443153866627
1726786800000,12023.565453866626
1726790400000,12023.807776706806
1726794000000,12021.822376706807
1726797600000,12024.141676706806
1726801200000,12024.733876706805
1726804800000,12030.088876706806
1726808400000,12031.141876706806
1726812000000,12031.538776706806
1726815600000,12030.653176706806
1726819200000,12028.472651102822
1726822800000,12026.599751102822
1726826400000,12028.445651102822
1726830000000,12030.038651102821
1726833600000,12027.774251102821
1726837200000,12027.795851102821
1726840800000,12022.243751102822
1726844400000,12024.315551102822
1726848000000,12025.310964623448
1726851600000,12022.907064623449
1726855200000,12021.514764623449
1726858800000,12022.454364623449
1726862400000,12022.716264623448
1726866000000,12022.340964623449
1726869600000,12025.04816462345
1726873200000,12025.229064623449
1726876800000,12025.554591514425
1726880400000,12025.505991514425
1726884000000,12022.868091514425
1726887600000,12023.049891514425
1726891200000,12022.858191514426
1726894800000,12022.658391514426
1726898400000,12023.107491514425
1726902000000,12023.986791514426
1726905600000,12024.860635144125
1726909200000,12024.191035144124
1726912800000,12024.763435144125
1726916400000,12023.606035144125
1726920000000,12024.726535144124
1726923600000,12024.947035144125
1726927200000,12025.775035144125
1726930800000,12026.436535144125
1726934400000,12025.357439650623
1726938000000,12025.694939650622
1726941600000,12026.359139650624
1726945200000,12026.143139650623
1726948800000,12025.433939650624
1726952400000,12025.086539650623
1726956000000,12024.487139650624
1726959600000,12025.672439650623
1726963200000,12027.223322296668
1726966800000,12025.736522296667
1726970400000,12024.144422296667
1726974000000,12023.242622296668
1726977600000,12024.728522296668
1726981200000,12024.379322296669
1726984800000,12022.949222296667
1726988400000,12022.726922296668
1726992000000,12022.969727740356
1726995600000,12023.651027740356
1726999200000,12020.978027740355
1727002800000,12020.395727740355
1727006400000,12021.709727740355
1727010000000,12021.310127740355
1727013600000,12020.096927740355
1727017200000,12020.609027740355
1727020800000,12020.55801818925
1727024400000,12021.72261818925
1727028000000,12023.80701818925
1727031600000,12023.41371818925
1727035200000,12023.271935082828
1727038800000,12023.034935082827
1727042400000,12028.959935082828
1727046000000,12012.716435082828
1727049600000,12017.745337675338
1727053200000,12018.300337675339
1727056800000,12014.604337675339
1727060400000,12012.258337675337
1727064000000,12004.344020093251
1727067600000,11998.731620093251
1727071200000,11995.969220093251
1727074800000,11995.18442009325
1727078400000,11992.679839156177
1727082000000,11993.090139156177
1727085600000,11991.671139156177
1727089200000,11993.564239156176
1727092800000,11994.026239156177
1727096400000,11995.236239156176
1727100000000,11996.379139156177
1727103600000,11995.130639156177
1727107200000,11991.860039989087
1727110800000,11996.823239989088
1727114400000,11995.065439989088
1727118000000,11994.384539989089
1727121600000,11995.843139989089
1727125200000,11995.526339989088
1727128800000,11995.284339989088
1727132400000,11996.302939989087
1727136000000,11994.912223253723
1727139600000,12000.243923253724
1727143200000,11999.136223253723
1727146800000,11997.856923253723
1727150400000,11997.273923253724
1727154000000,11997.709523253723
1727157600000,11996.385123253724
1727161200000,11995.205923253723
1727164800000,11992.86555501112
1727168400000,11989.23995501112
1727172000000,11993.13835501112
1727175600000,11993.02175501112
1727179200000,11993.24725501112
1727182800000,11994.16575501112
1727186400000,11994.59585501112
1727190000000,11996.47685501112
1727193600000,11996.770391172544
1727197200000,11995.821091172544
1727200800000,11991.144991172543
1727204400000,11991.262691172544
1727208000000,11983.783098736803
1727211600000,11982.834498736804
1727215200000,11981.696898736804
1727218800000,11985.367098736804
1727222400000,11983.111827498788
1727226000000,11981.434227498787
1727229600000,11984.465427498786
1727233200000,11984.005527498786
1727236800000,11984.280927498787
1727240400000,11982.111927498787
1727244000000,11981.841927498786
1727247600000,11978.946627498786
1727251200000,11979.119174291849
1727254800000,11978.906774291849
1727258400000,11977.391174291848
1727262000000,11977.264274291849
1727265600000,11977.994072903697
1727269200000,11980.543872903696
1727272800000,11978.662872903697
1727276400000,11976.810472903697
1727280000000,11981.252800131584
1727283600000,11982.039300131584
1727287200000,11985.087400131584
1727290800000,11982.757600131585
1727294400000,11984.459300131584
1727298000000,11981.824800131584
1727301600000,11982.062400131585
1727305200000,11984.308600131584
1727308800000,11983.651814038361
1727312400000,11981.412214038362
1727316000000,11984.015914038362
1727319600000,11986.080614038361
1727323200000,11987.977014038363
1727326800000,11987.033214038362
1727330400000,11989.257414038362
1727334000000,11990.356314038361
1727337600000,11991.780963464453
1727341200000,11990.264063464452
1727344800000,11991.037363464453
1727348400000,11998.144463464452
1727352000000,11997.524325484468
1727355600000,11997.561545484468
1727359200000,11995.681535484468
1727362800000,11994.766615484466
1727366400000,12009.768878378378
1727370000000,12012.197478378377
1727373600000,12006.181698378377
1727377200000,12011.691078378377
1727380800000,12007.139648378377
1727384400000,12000.466698378377
1727388000000,12006.186768378378
1727391600000,12005.932638378377
1727395200000,12005.833721529276
1727398800000,12008.920401529274
1727402400000,12003.702381529276
1727406000000,11999.765551529275
1727409600000,12009.404861529276
1727413200000,12009.750711529276
1727416800000,12013.550111529274
1727420400000,12014.002381529275
1727424000000,12014.477118541176
1727427600000,12019.771648541177
1727431200000,12019.132008541175
1727434800000,12011.881988541176
1727438400000,12012.979248541176
1727442000000,12017.748458541177
1727445600000,12017.556958541176
1727449200000,12027.871498541177
1727452800000,12026.864494113404
1727456400000,12036.979104113405
1727460000000,12029.941824113404
1727463600000,12029.407234113403
1727467200000,12027.656284113405
1727470800000,12027.128434113405
1727474400000,12026.881894113405
1727478000000,12030.307044113404
1727481600000,12026.57252411293
1727485200000,12028.00405411293
1727488800000,12028.61623411293
1727492400000,12031.041094112928
1727496000000,12028.49740411293
1727499600000,12028.75534411293
1727503200000,12025.665384112928
1727506800000,12023.660114112929
1727510400000,12022.453380419389
1727514000000,12018.161030419387
1727517600000,12018.492620419387
1727521200000,12021.446900419387
1727524800000,12021.423530419388
1727528400000,12016.07756041939
1727532000000,12016.653730419388
1727535600000,12020.641140419388
1727539200000,12018.609195730898
1727542800000,12016.662385730899
1727546400000,12020.728645730898
1727550000000,12020.858775730898
1727553600000,12021.657745730898
1727557200000,12020.487675730898
1727560800000,12019.754115730897
1727564400000,12020.764675730898
1727568000000,12022.946037860373
1727571600000,12019.338537860373
1727575200000,12022.361877860374
1727578800000,12022.157497860373
1727582400000,12021.484777860373
1727586000000,12020.256407860372
1727589600000,12017.607197860372
1727593200000,12013.592987860371
1727596800000,12010.718809197886
1727600400000,12013.304809197885
1727604000000,12013.313739197883
1727607600000,12013.208759197885
1727611200000,12016.505209197885
1727614800000,12013.278439197884
1727618400000,12017.433719197885
1727622000000,12015.851009197886
1727625600000,12018.818169827553
1727629200000,12019.190909827554
1727632800000,12019.046219827553
1727636400000,12019.160339827553
1727640000000,12021.739919827553
1727643600000,12018.903569827553
1727647200000,12021.118369827553
1727650800000,12016.284459827551
1727654400000,12015.57906495841
1727658000000,12011.71204495841
1727661600000,11996.818112818144
1727665200000,11996.818112818144
1727668800000,11996.818112818144
1727672400000,11996.818112818144
1727676000000,11996.818112818144
1727679600000,11996.818112818144
1727683200000,11996.818112818144
1727686800000,11996.818112818144
1727690400000,11996.818112818144
1727694000000,11996.818112818144
1727697600000,11996.818112818144
1727701200000,11996.818112818144
1727704800000,11996.818112818144
1727708400000,11996.818112818144
1727712000000,11996.818112818144
1727715600000,11996.818112818144
1727719200000,11996.818112818144
1727722800000,11996.818112818144
1727726400000,11996.818112818144
1727730000000,11996.818112818144
1727733600000,11996.818112818144
1727737200000,11996.818112818144
1727740800000,11996.818112818144
