symbol,entry_ts,dir,qty,gross_pnl,fees,exit_ts,exit_tag,entry_px,exit_px,funding,net_pnl
BTCUSDT,1633752000000,1,0.004,-2.488081221395056,0.21711673508903034,1634069280000,stop,54590.19392493197,53968.173619583205,-0.28335878919487995,-2.988556745678966
BTCUSDT,1634342400000,1,0.002,3.010588217138604,0.12491698324132418,1634826300000,stop,61705.84456637743,63211.138674946735,-0.6342577814387005,2.2514134524585794
BTCUSDT,1636416000000,1,0.003,-7.394386954555281,0.1991435278193051,1636577400000,stop,67613.57376552757,65148.778114009154,-0.5458640011843955,-8.13939448355898
BTCUSDT,1637107200000,-1,0.002,1.1423110377095145,0.11963567161090212,1637432760000,stop,60103.413564878436,59532.25804602368,0.1337172323521282,1.1563925984507406
BTCUSDT,1637971200000,-1,0.002,-5.589004221420721,0.11029650005329894,1638136980000,stop,53750.998971294284,56545.501082004645,0.054584296907492,-5.6447164245665284
BTCUSDT,1638576000000,-1,0.002,5.997486742438225,0.10421763692082522,1638828720000,stop,53608.19014602216,50609.44677480305,0.06465392554004275,5.957923031057442
BTCUSDT,1639785600000,-1,0.003,-7.9535454961865035,0.14234328391013934,1640061120000,stop,46122.17038734869,48773.35221941086,0.11762528009151,-7.978263500005133
BTCUSDT,1641340800000,-1,0.004,10.85808212458741,0.17789562811673187,1641921120000,stop,45831.16729475639,43116.64676360954,0.3261457726335463,11.006332269104226
BTCUSDT,1642723200000,-1,0.003,9.539809565667769,0.11720572245929883,1643057820000,stop,40658.54241404424,37478.605892154985,0.05086647569537974,9.47347031890385
BTCUSDT,1644192000000,1,0.004,-0.07245328556132154,0.16942781713399924,1644606180000,stop,42366.010944194975,42347.897622804645,-0.0955378534437283,-0.33741895613904904
BTCUSDT,1644624000000,-1,0.003,-4.306354628818619,0.12924371223785208,1644912480000,stop,42363.51164114759,43798.96318408713,0.08095505834747282,-4.354643282708999
BTCUSDT,1644969600000,1,0.004,-8.126344383048359,0.17406501630059967,1645104120000,stop,44532.04712303096,42500.46102726887,-0.070209027425672,-8.37061842677463
BTCUSDT,1645142400000,-1,0.003,7.174564325070518,0.11788179614138815,1645733040000,stop,40489.69276797447,38098.1713262843,-0.029147666190065945,7.027534862739064
BTCUSDT,1646092800000,1,0.002,1.4510959882631287,0.08704204815233674,1646265600000,exit,43158.25007910258,43883.798073234146,-0.03844908180616,1.325604858304632
BTCUSDT,1646265600000,-1,0.002,7.915597138587749,0.08380979757717442,1646796060000,stop,43883.798073234146,39925.99950394027,0.07724713297662474,7.9090344739872
BTCUSDT,1646870400000,1,0.002,-6.45933851386176,0.08065295033702238,1646891640000,stop,41941.30979697663,38711.64054004575,0.0,-6.539991464198782
BTCUSDT,1646956800000,-1,0.002,-0.2665757356720278,0.0789439662132122,1647298080000,stop,39405.33917268809,39538.6270405241,-0.020960733146990172,-0.36648043503223016
BTCUSDT,1647734400000,1,0.005,-8.012878190194934,0.2069449066197402,1647829980000,stop,42190.269142967525,40587.69350492854,-0.06222170565210001,-8.282044802466775
BTCUSDT,1647993600000,1,0.004,15.284043566309817,0.17704832302241058,1648742820000,stop,42351.57530981391,46172.586201391365,-0.3119922238842835,14.795003019403124
BTCUSDT,1649462400000,-1,0.004,6.891513856679812,0.16546011815673783,1650201720000,stop,42226.46877126943,40503.590307099475,0.0969683360158359,6.82302207453891
BTCUSDT,1650412800000,1,0.004,-3.6153513376565827,0.16408857994331683,1650574560000,stop,41474.06390303627,40570.22606862213,-0.022455369584489984,-3.8018952871843896
BTCUSDT,1650585600000,-1,0.004,1.9523510898198875,0.16081623612707646,1650912480000,stop,40448.1029179966,39960.01514554163,-0.1472166325128622,1.6443182211799487
BTCUSDT,1651017600000,-1,0.003,-6.8416296921373725,0.1176930134880983,1651169100000,stop,38090.732880676536,40371.276111388994,-0.012036816780414922,-6.971359522405886
BTCUSDT,1651363200000,-1,0.005,-7.6562554070877376,0.19188371852238176,1651471620000,stop,37611.118163767576,39142.369245185124,0.03864416000139953,-7.80949496560872
BTCUSDT,1651795200000,-1,0.003,17.923557530883663,0.10063383175925024,1652645520000,stop,36531.870174897354,30557.350997936133,0.07067856085773437,17.893602259982146
BTCUSDT,1654732800000,1,0.004,-0.4069025920890708,0.12057192178411195,1654819200000,exit,30193.84327003912,30092.117622016853,-0.035255080527032,-0.5627295944002147
BTCUSDT,1654819200000,-1,0.004,39.30556562716482,0.10071568767448501,1655665140000,stop,30092.117622016853,20265.726215225648,0.030675717079619587,39.23552565656995
BTCUSDT,1658016000000,1,0.008,11.46612448098266,0.17520915537663695,1658566680000,stop,21184.511642018202,22617.777202141035,-0.3113873852196506,10.979527940386374
BTCUSDT,1658793600000,-1,0.007,0.3913471985610049,0.14889041673267944,1658880000000,exit,21298.01290456571,21242.106161914136,0.024780489475276918,0.2672372713036024
BTCUSDT,1658880000000,1,0.007,13.527540190334735,0.15545851322856633,1659335160000,stop,21242.106161914136,23174.61190339053,-0.22017164452247256,13.151910032583695
BTCUSDT,1659571200000,-1,0.007,-3.4944967685878945,0.16134764774809823,1659744000000,exit,22800.05705197204,23299.270876056024,0.03346422584342734,-3.6223801904925654
BTCUSDT,1659744000000,1,0.007,0.7931922573047269,0.16349149226104454,1660040100000,stop,23299.270876056024,23412.584055670985,-0.11647906814776089,0.5132216968959215
BTCUSDT,1660348800000,1,0.007,-3.9201197515916064,0.1687620037941983,1660604520000,stop,24388.866238570587,23828.849131200357,-0.01701349560341328,-4.105895250989217
BTCUSDT,1660953600000,-1,0.007,-6.599232925801247,0.14906386290312623,1661357100000,stop,20823.463777175082,21766.21133800383,-0.05862149217159847,-6.806918280875971
BTCUSDT,1661472000000,1,0.012,-9.988261348507994,0.2535940273268438,1661526900000,stop,21549.013166758148,20716.658054382482,-0.008250512743701647,-10.25010588857854
BTCUSDT,1661558400000,-1,0.008,-1.0877265443670914,0.16235414045920815,1661782860000,stop,20226.284648378074,20362.25046642396,-0.07470400731967716,-1.3247846921459767
BTCUSDT,1662508800000,-1,0.01,-9.453115708690094,0.1925331967732396,1662693900000,stop,18780.663891889453,19725.975462758463,0.01957269816,-9.626076207303335
BTCUSDT,1662854400000,1,0.008,-3.358434158860677,0.17144326026416523,1663077360000,stop,21640.30966794945,21220.505398091864,-0.11434112641267052,-3.644218545537513
BTCUSDT,1663113600000,-1,0.005,3.606097654704427,0.09900552331203569,1663616220000,stop,20161.714427877578,19440.494896936692,0.05012042687340233,3.5572125582657934
BTCUSDT,1663804800000,-1,0.006,-4.336220884934803,0.11284563419196528,1664181300000,stop,18446.253958249643,19168.95743907211,0.03037499732620451,-4.418691521800564
BTCUSDT,1664928000000,1,0.01,-7.84394954427542,0.19941485414783588,1665147000000,stop,20333.68289199736,19549.287937569818,-0.14045572425185002,-8.183820122675106
BTCUSDT,1665360000000,-1,0.021,2.3169131373097738,0.40686046789388647,1665686880000,stop,19429.47259345435,19319.1433964396,0.3914877046837829,2.30154037409967
BTCUSDT,1666569600000,1,0.028,-10.120651770771044,0.5426522329564507,1666621020000,stop,19561.162815779862,19199.710966823754,-0.054091520000000004,-10.717395523727495
BTCUSDT,1666656000000,-1,0.02,-9.70236794855955,0.39120736561925307,1666713720000,stop,19317.809082248663,19802.92747967664,0.0341525108,-10.059422803378803
BTCUSDT,1666742400000,1,0.012,2.0807731258825664,0.2418694001326001,1667226900000,stop,20069.084464138235,20242.48222462845,-0.08220292870759459,1.7567007970423718
BTCUSDT,1667606400000,1,0.011,-3.211945946967538,0.23091313091747173,1667782260000,stop,21138.10035372323,20846.10526763527,-0.10597714874554434,-3.5488362266305544
BTCUSDT,1667952000000,-1,0.005,8.635354153499485,0.088344024157862,1668411060000,stop,18532.340246922344,16805.269416222447,-0.2578370154234168,8.289173113918205
BTCUSDT,1669075200000,-1,0.013000000000000001,-9.964531738047265,0.2100200902719951,1669170780000,stop,15772.140338690113,16538.642780078364,0.040624121070000005,-10.13392770724926
BTCUSDT,1670630400000,1,0.025,-0.06107663236043664,0.42802643553153974,1670716800000,exit,17122.278953908797,17119.83588861438,-0.008389206705629267,-0.49749227459760564
BTCUSDT,1670716800000,-1,0.028,1.1813941261908185,0.4787646901335716,1670803200000,exit,17119.83525702382,17077.642609659863,0.019029565566380365,0.7216590016236273
BTCUSDT,1670803200000,1,0.047,18.483686589012482,0.8118912046347844,1671109980000,stop,17077.645985963365,17470.915913389163,-0.5501248243871709,17.121670559990527
BTCUSDT,1671235200000,-1,0.012,-2.4558894831424842,0.20070240278414256,1671504180000,stop,16622.87150354761,16827.52896047615,0.10022415484301837,-2.5563677310836086
BTCUSDT,1673049600000,1,0.032,-0.2513846814528806,0.5420894763987146,1673136000000,exit,16944.224023107534,16936.36825181213,-0.08848843664098896,-0.8819625944925842
BTCUSDT,1673136000000,-1,0.044,-8.528307076267156,0.7494642650279664,1673222220000,stop,16936.366170223475,17130.19133104773,0.13027462040030904,-9.147496720894813
BTCUSDT,1673222400000,1,0.043000000000000003,258.373558750731,0.8655748894368486,1675071540000,stop,17125.304885150766,23133.992297958463,-5.7935206118954845,251.71446324939865
BTCUSDT,1676505600000,1,0.008,-4.9322856243831925,0.1922049154078279,1676590920000,stop,24333.882277502435,23717.346574454536,-0.06621531656054107,-5.190705856351562
BTCUSDT,1677888000000,-1,0.009000000000000001,13.348263775528613,0.19440614106818246,1678643220000,stop,22342.25255066075,20859.11213115757,0.15018947917061837,13.30404711363105
BTCUSDT,1678665600000,1,0.007,35.39414058241271,0.17161584861967505,1679513880000,stop,21988.396904066958,27044.702701554488,-0.5152434523536582,34.70728128143938
BTCUSDT,1681171200000,1,0.01,5.35265752038089,0.29891899801374866,1681691340000,stop,29624.266925355816,30159.532677393905,-0.37685482743511184,4.676883694932029
BTCUSDT,1682208000000,-1,0.009000000000000001,2.069594479373751,0.24922396686710763,1682294400000,exit,27806.529345199386,27576.574403046747,0.020898389966181194,1.8412689024728244
BTCUSDT,1682294400000,1,0.01,8.241836293491325,0.2798866693648645,1682537940000,stop,27576.575121811886,28400.75875116102,-0.11946801716448281,7.842481606961978
BTCUSDT,1682985600000,-1,0.007,-4.224189511457153,0.1984873400517162,1683072000000,exit,28053.60647085537,28657.06211534925,0.03163705280665981,-4.39103979870221
BTCUSDT,1683072000000,1,0.007,-1.569531741017807,0.19981466893693586,1683385260000,stop,28657.06211534925,28432.84329520385,-0.15796779805740538,-1.9273142080121481
BTCUSDT,1683763200000,-1,0.007,2.676457689017392,0.1917361834182005,1684076760000,stop,27582.058894672744,27199.707796241684,0.06986774989697807,2.55458925549617
BTCUSDT,1686009600000,-1,0.011,-9.035190022040464,0.2873691567698751,1686072360000,stop,25713.77834171408,26535.15925280867,0.003672649473678664,-9.31888652933666
BTCUSDT,1686787200000,-1,0.01,-7.508265711306158,0.25490620218550886,1686931080000,stop,25115.206932985577,25866.033504116192,0.044304539051825964,-7.71886737443984
BTCUSDT,1687305600000,1,0.008,14.534824569337042,0.2336043140992367,1687741980000,stop,28292.112726821022,30108.965797988152,-0.34325009586001193,13.957970159377792
BTCUSDT,1689292800000,1,0.008,-9.305418625625258,0.2468881558031042,1689359400000,stop,31442.608139489603,30279.430811286446,-0.049866420029056,-9.602173201457418
BTCUSDT,1690070400000,-1,0.018000000000000002,-7.686854428111402,0.539924845385694,1690138140000,stop,29782.301009535455,30209.34847776387,0.10424171016000001,-8.122537563337096
BTCUSDT,1690243200000,-1,0.012,-3.434856972023175,0.35167933461087886,1690764240000,stop,29163.492177072272,29449.7302580742,0.4039028608840882,-3.382633445749966
BTCUSDT,1691280000000,-1,0.021,-3.60107794053758,0.612008987738524,1691443380000,stop,29057.545179440724,29229.02508137108,0.29048297423220604,-3.9226039540438977
BTCUSDT,1691539200000,1,0.012,-5.7460611441812945,0.3542403513196534,1691772240000,stop,29759.44849097867,29280.610062296895,-0.26165344146412906,-6.361954936965077
BTCUSDT,1691971200000,-1,0.042,-10.044785576882889,1.2353236958929366,1692024060000,stop,29292.888169154645,29532.049730509,0.1235241,-11.156585172775827
BTCUSDT,1692057600000,1,0.022,-5.085355284654702,0.6446909843133728,1692144000000,exit,29419.711907077282,29188.559394138432,-0.193383965596712,-5.923430234564787
BTCUSDT,1692144000000,-1,0.017,47.76935404566545,0.4723208791964569,1692807540000,stop,29188.562130546445,26378.60012786024,0.2526159883239918,47.54964915479298
BTCUSDT,1694044800000,-1,0.016,-7.663571878017276,0.4157836276763527,1694120940000,stop,25746.990108584003,26225.963350960083,0.044546042280343603,-8.034809463413286
BTCUSDT,1694476800000,-1,0.014,-9.96034577188085,0.3570771696959845,1694489040000,stop,25149.78548643172,25861.23875585178,0.0,-10.317422941576833
BTCUSDT,1694995200000,1,0.022,4.018511635323171,0.5853319480363157,1695058440000,stop,26514.667828120648,26697.327447908065,0.037221969179999995,3.4704016564668554
BTCUSDT,1695945600000,-1,0.01,0.5963706216925493,0.26981327953050216,1696118400000,exit,27011.146484134842,26951.50942196559,0.005962058788559367,0.3325194009506065
BTCUSDT,1696118400000,1,0.015,8.448458314321288,0.4084969161089358,1696282860000,stop,26951.512463451676,27514.743017739762,-0.009626000050958023,8.030335398161395
BTCUSDT,1697241600000,-1,0.016,-6.484996991447813,0.43282642815838335,1697402460000,stop,26848.995603916213,27254.3079158817,0.041625210067036525,-6.876198209539161
BTCUSDT,1697414400000,1,0.022,154.0525552821487,0.674116668046765,1699006560000,stop,27140.472291167756,34142.86116762906,-2.578730918758796,150.79970769534313
BTCUSDT,1699488000000,1,0.008,6.19570599377004,0.2881356557427947,1699910040000,stop,35629.72534323871,36404.18859245996,-0.6900137825106692,5.217556555516576
BTCUSDT,1700092800000,1,0.004,-8.18642397255922,0.14745688845913862,1700162460000,stop,37887.52511135455,35840.91911821475,-0.040276602372,-8.37415746339036
BTCUSDT,1701475200000,1,0.008,35.41073197677184,0.32699029445925587,1702260240000,stop,38660.616058858745,43086.957555955225,-1.2261333636838971,33.857608318628685
BTCUSDT,1704153600000,1,0.007,-3.2002960749983833,0.3080266005996658,1704282900000,stop,44232.39266245214,43775.20750888094,-0.4026636084114389,-3.9109862840094882
BTCUSDT,1704758400000,1,0.004,-9.208393078036577,0.1832932420313455,1704835500000,stop,46974.35964259095,44672.261373081805,-0.037484500049644,-9.429170820117566
BTCUSDT,1705276800000,-1,0.004,-6.349544730995636,0.1701011587945587,1705343640000,stop,41731.596607265215,43318.982790014124,0.033998689675740004,-6.485647200114455
BTCUSDT,1705363200000,1,0.006,-4.423956025102671,0.2528871399620943,1705596600000,stop,42516.51966244094,41779.19365825716,-0.205580170745352,-4.882423335810118
BTCUSDT,1705622400000,-1,0.006,5.641801363406412,0.245111167143385,1706262300000,stop,41322.01130418136,40381.71107694696,0.536291007874986,5.932981204138013
BTCUSDT,1706572800000,1,0.006,-4.3763438428993835,0.2575447287286101,1706745600000,exit,43288.81677500996,42559.42613452673,-0.12100024635820812,-4.754888817986202
BTCUSDT,1706745600000,-1,0.005,-2.5716485432891205,0.214082964006872,1706832000000,exit,42559.427947045486,43073.75765570331,0.063876499883665,-2.7218550074123273
BTCUSDT,1706832000000,1,0.004,-0.32865780003587136,0.17213069355824212,1707004800000,exit,43073.755614565016,42991.59116455605,-0.091390580930519,-0.5921790745246325
BTCUSDT,1707004800000,-1,0.008,-4.4701384143698375,0.34616774138030254,1707140160000,stop,42991.584021639705,43550.351323435934,0.13314977319203827,-4.683156382558102
BTCUSDT,1707350400000,1,0.007,46.05173282171798,0.3333173876163784,1708449780000,stop,44327.36017221706,50906.179146748196,-1.5007528645704986,44.2176625695311
BTCUSDT,1708992000000,1,0.005,52.16068229750316,0.2986467208597863,1709655120000,stop,54513.275942206936,64945.41240170756,-3.8611183773850204,48.00091719925835
BTCUSDT,1710028800000,1,0.003,1.4428271684722567,0.20580595772205973,1710264120000,stop,68361.51471260787,68842.45710209862,-0.9274192979356588,0.3096019128145382
BTCUSDT,1710374400000,1,0.002,-7.406981801376794,0.14255543907316717,1710442440000,stop,73129.46498692778,69425.97408623938,-0.11104971724504534,-7.660586957695006
BTCUSDT,1712966400000,-1,0.002,7.3743258777370215,0.13058113577358513,1713484800000,exit,67134.14935622682,63446.986417358305,0.14603967268418583,7.389784414647622
BTCUSDT,1713484800000,1,0.002,0.6671807561451424,0.1272275632127892,1713571200000,exit,63446.986417358305,63780.576795430876,-0.02890533825008505,0.5110478546822682
BTCUSDT,1713571200000,-1,0.001,-1.1337492950542,0.06434745789742496,1713744000000,exit,63780.58324989786,64914.332544952056,0.011178275978599144,-1.1869184769730259
BTCUSDT,1713744000000,1,0.003,4.410098177772132,0.1969480818547581,1713916800000,exit,64914.34425529068,66384.37698121472,-0.01528576086739355,4.19786433504998
BTCUSDT,1713916800000,-1,0.003,6.55743563857353,0.1958744131243574,1714432080000,stop,66384.37698121472,64198.56510169021,0.13276855368610982,6.494329779135282
BTCUSDT,1714521600000,-1,0.002,-1.07177225322093,0.12183274165526067,1714741440000,stop,60648.4277643251,61184.31389093556,0.029966045306479026,-1.1636389495697117
BTCUSDT,1714867200000,1,0.003,0.3592672041370752,0.19177697241739994,1714953600000,exit,63865.77960511047,63985.53533982282,-0.009913522619503245,0.15757670910017202
BTCUSDT,1714953600000,-1,0.003,4.777117112454689,0.18956804746324113,1715586840000,stop,63985.53533982282,62393.16296900459,0.21767994275666133,4.8052290077481095
BTCUSDT,1715817600000,1,0.003,7.653372413991005,0.20236168682467995,1716471480000,stop,66178.33353922814,68729.45767722515,-0.2727822077962299,7.178228519370095
BTCUSDT,1718409600000,-1,0.003,-0.527637189846093,0.19837937189639282,1718496000000,exit,66038.51776715659,66214.39683043862,0.059580509649681,-0.6664360520928049
BTCUSDT,1718496000000,1,0.005,2.188809957722042,0.332166430661906,1718582400000,exit,66214.405136609,66652.1671281534,-0.09980095109220001,1.756842575967936
BTCUSDT,1718582400000,-1,0.006,-0.6074085077170457,0.400216685709115,1718647680000,stop,66652.16357587608,66753.39832716226,0.0788934,-0.9287317934261606
BTCUSDT,1718755200000,-1,0.003,11.355820658571385,0.18976626524052742,1719285660000,stop,65148.058523271044,61362.78497041391,0.22957700912133067,11.395631402452189
BTCUSDT,1720137600000,-1,0.002,-2.657702739669883,0.11540616235347208,1720307940000,stop,57038.655491818565,58367.506861653506,0.03158586998484273,-2.7415230320385127
BTCUSDT,1721433600000,1,0.003,-2.2373207437996463,0.19876990995623373,1721753640000,stop,66629.52344271119,65883.74986144464,-0.0657838965175331,-2.5018745502734134
BTCUSDT,1722211200000,1,0.003,-4.6701731152352295,0.20231532718596285,1722272400000,stop,68216.80458119349,66660.08020944841,-0.03214551306777833,-4.904633955488971
BTCUSDT,1722470400000,-1,0.003,-2.194299934774106,0.19489709289669443,1722556800000,exit,64599.98097643579,65331.41428802716,0.057757384812768,-2.3314396428580326
BTCUSDT,1722556800000,1,0.002,-6.931387609923578,0.12719712450447182,1722633240000,stop,65331.40915471679,61865.715349755,-0.025513338224502004,-7.0840980726525515
BTCUSDT,1722643200000,-1,0.002,8.407217048662803,0.11875554741236492,1723020600000,stop,61479.57796834816,57275.96944401676,0.0675038080013446,8.355965309251783
BTCUSDT,1724457600000,1,0.002,-2.8947093170070293,0.12659810983264672,1724751780000,stop,64022.73224557511,62575.3775870716,-0.02115824870224386,-3.0424656755419197
BTCUSDT,1724803200000,-1,0.003,0.30649346297940067,0.17799047079019836,1725317940000,stop,59381.239173896014,59279.074686236214,0.020301249641173472,0.14880424183037577
BTCUSDT,1725321600000,1,0.004,-6.65775400086178,0.23312795009534226,1725408000000,exit,59114.20677394329,57449.768273727845,-0.0277975849632416,-6.918679535920364
BTCUSDT,1725408000000,-1,0.003,3.9064785687817496,0.17039607624372738,1725580800000,exit,57449.771842706075,56147.612319778826,0.02638870509518638,3.7624711976332086
BTCUSDT,1725580800000,1,0.003,-7.5146931069652565,0.16468549040585384,1725641340000,stop,56147.612319778826,53642.71461745707,-0.00231289503,-7.681691492401111
BTCUSDT,1725667200000,-1,0.002,-3.235301666087049,0.10946971260459426,1725872940000,stop,53926.03088577537,55543.681718818894,-0.0404423505015959,-3.385213729193239
BTCUSDT,1726272000000,1,0.003,-5.2954169813288825,0.1787263219684488,1726441860000,stop,60458.010153037736,58692.87115926144,-0.005570866723819737,-5.4797141700211505
BTCUSDT,1726531200000,-1,0.005,-9.617735788032551,0.2957357467466825,1726582980000,stop,58185.37577053325,60108.92292813976,0.005605605127172232,-9.907865929652061
BTCUSDT,1726617600000,1,0.003,9.82045372334731,0.18575811659481636,1727049600000,exit,60282.62991104757,63556.11448549667,-0.15138913122134626,9.483306475531146
BTCUSDT,1727049600000,-1,0.005,-3.4443036608232798,0.3195026851999389,1727222400000,exit,63556.10667390546,64244.96740607011,0.04110234836674494,-3.722703997656474
BTCUSDT,1727222400000,1,0.003,1.420661679554767,0.1934452092435105,1727661000000,stop,64244.95946791103,64718.51336109595,-0.1344654734871529,1.0927509968241036
ETHUSDT,1633752000000,1,0.05,-7.207878782936769,0.17544141729598306,1633900620000,stop,3580.9071337490286,3436.7495580902937,-0.08965093696465001,-7.472971137197401
ETHUSDT,1634256000000,1,0.042,-2.5385996453121815,0.1580954900876007,1634500860000,stop,3794.399759768019,3733.9569110701104,-0.47598816829717355,-3.1726833036969557
ETHUSDT,1634774400000,1,0.039,-9.177913426508757,0.15782245653669433,1634919060000,stop,4164.395211537147,3929.064098036922,-0.37335181834355086,-9.709087701389002
ETHUSDT,1635206400000,1,0.044,-9.084196449350213,0.1813281241144106,1635322080000,stop,4224.323234979221,4017.8642247667162,-0.3138930468833334,-9.579417620347956
ETHUSDT,1635465600000,1,0.026000000000000002,-2.9222364841975814,0.11005995664209049,1635739140000,stop,4289.272110930357,4176.87839999968,-0.2606131850607246,-3.2929096259003967
ETHUSDT,1635897600000,1,0.033,-5.935893766672139,0.14861597628862844,1636195320000,stop,4593.4522173322575,4413.576648645223,-0.49483279123731316,-6.57934253419808
ETHUSDT,1636416000000,1,0.049,-9.103541431745471,0.231356037470863,1636577400000,stop,4814.445065035423,4628.658505203883,-0.20938439895061273,-9.544281868166948
ETHUSDT,1637625600000,-1,0.03,-7.664763624029728,0.12641695310013917,1637712000000,exit,4086.1523762708102,4341.644497071801,0.0381580911738,-7.753022485956067
ETHUSDT,1637712000000,1,0.026000000000000002,-2.474172911531034,0.11164566449188322,1637914620000,stop,4341.644267217259,4246.483770619911,-0.14672892815221555,-2.7325475041751326
ETHUSDT,1638057600000,-1,0.028,-6.437324524832929,0.11788126999072612,1638145680000,stop,4095.093133153916,4324.997580469378,0.034849541187916,-6.52035625363574
ETHUSDT,1638230400000,1,0.034,-0.8236643203418718,0.15072795288365307,1638547380000,stop,4445.287795406588,4421.062374220062,-0.19960811135719822,-1.174000384582723
ETHUSDT,1638662400000,-1,0.017,-3.916395680024729,0.07191963528684456,1638835200000,exit,4115.37867334307,4345.754889815113,0.04251264799532501,-3.945802667316249
ETHUSDT,1638835200000,1,0.024,-4.968704035737414,0.10181377667053779,1639063860000,stop,4345.755362016937,4138.726027194545,-0.07042628760784801,-5.140944100015799
ETHUSDT,1639094400000,-1,0.029,0.4134103191552795,0.1187947561358087,1639267200000,exit,4103.498665358149,4089.2431371114153,0.05542397715234701,0.3500395401718178
ETHUSDT,1639267200000,1,0.024,-5.820839648017318,0.09523140898476495,1639409100000,stop,4089.242867032234,3846.707881698179,-0.023583811415190212,-5.939654868417274
ETHUSDT,1639440000000,-1,0.029,-6.808741593784383,0.11302585590969198,1639598700000,stop,3780.0512107861996,4014.8354036753162,0.054928342028168,-6.866839107665907
ETHUSDT,1640563200000,1,0.061,-1.5516926520485113,0.2470407595454806,1640649600000,exit,4062.5673093689325,4037.129724909121,-0.074301407382042,-1.873034818976034
ETHUSDT,1640649600000,-1,0.064,13.788089152437635,0.2514822511989554,1641142440000,stop,4037.1296214870968,3821.6907284802587,0.2649408332370442,13.801547734475724
ETHUSDT,1641427200000,-1,0.038,11.684251354149993,0.12858234439955962,1641919200000,stop,3537.48605464828,3230.005755854859,0.09023375998353542,11.645902769733969
ETHUSDT,1642723200000,-1,0.041,18.171168245605102,0.11389705678308126,1643202540000,stop,2999.576607460581,2556.3773819580174,0.016582218824061586,18.073853407646084
ETHUSDT,1644278400000,1,0.056,-1.324812614896262,0.1751069029111093,1644364800000,exit,3138.737664617097,3115.0802964939494,-0.03361179984183922,-1.5335313176492107
ETHUSDT,1644364800000,-1,0.047,-5.961426953113858,0.14938949830968992,1644451200000,exit,3115.0805283645313,3241.9193997073794,0.006160327548546975,-6.104656123875001
ETHUSDT,1644451200000,1,0.045,-7.709467355996223,0.14203163670674296,1644537600000,exit,3241.919341883135,3070.597845083219,0.0175725540818563,-7.833926438621109
ETHUSDT,1644537600000,-1,0.038,0.6266044094128228,0.11636942337977099,1644911400000,stop,3070.5980416967736,3054.1084519753836,0.08118084340017584,0.5914158294332277
ETHUSDT,1645228800000,-1,0.039,5.618904912363905,0.10554457231982847,1645732920000,stop,2778.3083275900112,2634.2338426576034,0.012546699961312382,5.525907040005389
ETHUSDT,1646092800000,1,0.03,0.8135446426597127,0.0880134727210274,1646265600000,exit,2920.223346656585,2947.3415014119087,-0.053142082882350006,0.6723890870563353
ETHUSDT,1646265600000,-1,0.039,11.11612740947229,0.1093882446700577,1646796300000,stop,2947.3412403793295,2662.3123324441426,0.09693911383499242,11.103678278637224
ETHUSDT,1647734400000,1,0.062,20.56506734344183,0.19318688056469158,1648744380000,stop,2950.0701111769463,3281.7647457485887,-0.572838187041603,19.799042275835532
ETHUSDT,1649030400000,1,0.058,-9.175031046395565,0.1996218706765853,1649203560000,stop,3520.851486203156,3362.66129574806,-0.1012527793232985,-9.475905696395449
ETHUSDT,1649721600000,-1,0.058,-2.7825552058736758,0.17414471984089058,1649808000000,exit,2978.5076247923057,3026.4827145487484,-0.039399155437200004,-2.9960990811517663
ETHUSDT,1649808000000,1,0.048,1.5082519099347702,0.14602528457945751,1650153600000,exit,3026.482471343544,3057.904386133852,0.06615276411153696,1.4283793894668495
ETHUSDT,1650153600000,-1,0.094,3.531901055540986,0.2856769683135626,1650305760000,stop,3057.903391929075,3020.3299764445965,-0.07275611706028204,3.1734679701671413
ETHUSDT,1650326400000,1,0.06,-3.5221289968266407,0.181487108413224,1650573720000,stop,3054.136215193955,2995.4340652468445,0.001524210073213933,-3.702091895166651
ETHUSDT,1650672000000,-1,0.058,1.1862179206558467,0.17110182067834379,1650906960000,stop,2960.257407563305,2939.805374448549,-0.11165597929746132,0.9034601206800418
ETHUSDT,1651017600000,-1,0.045,-3.1425896424994946,0.1279124333592997,1651529640000,stop,2807.5808564011104,2877.416181789988,-0.05803839787129832,-3.3285404737300928
ETHUSDT,1651881600000,-1,0.05,28.80472357853398,0.12017171315258955,1652645520000,stop,2691.4814988371304,2115.387027266451,0.050406248196282116,28.734958113577672
ETHUSDT,1653609600000,-1,0.056,-3.1268544658761623,0.1018455342694651,1653875940000,stop,1790.751911366554,1846.5885982571997,0.04447511892325562,-3.184224881222372
ETHUSDT,1654905600000,-1,0.088,52.772928856230095,0.1198519346284132,1655634000000,stop,1661.79998927873,1062.1076159124789,-0.21618245336613007,52.43689446823555
ETHUSDT,1658016000000,1,0.064,8.539370461974249,0.0910214079504138,1658776020000,stop,1355.4956674910418,1488.9233309593894,-0.1593906298792175,8.288958424144617
ETHUSDT,1659052800000,1,0.05,-5.462980784763079,0.08346696900252515,1659384720000,stop,1723.9691878981334,1614.7095722028719,-0.07768053048732051,-5.624128284252925
ETHUSDT,1659744000000,1,0.073,-2.8913557717196494,0.1253798775158706,1660045500000,stop,1737.33637536617,1697.7287620549419,-0.06029857847138595,-3.077034227706906
ETHUSDT,1660176000000,1,0.068,3.2872979841581977,0.12767084914342616,1660546260000,stop,1853.3411786962802,1901.6837961103713,-0.05504358056477505,3.104583554449997
ETHUSDT,1661040000000,-1,0.064,-2.7187189867751296,0.1021475814212883,1661126400000,exit,1574.8159676234488,1617.2959517918102,-0.009937741395200001,-2.830804309591618
ETHUSDT,1661126400000,1,0.07,-0.9314969479513798,0.11274497169721837,1661526240000,stop,1617.2960024456293,1603.988903189181,0.003191406337721922,-1.0410505133108763
ETHUSDT,1661558400000,-1,0.074,-1.6962978729449731,0.11236497954230121,1661782860000,stop,1506.9841973760638,1529.90714160505,-0.13838680962546845,-1.9470496621127427
ETHUSDT,1662336000000,1,0.112,4.319739176510699,0.17892117351895157,1662422400000,exit,1578.2259279526447,1616.7950277429188,0.056969946273055655,4.197787949264803
ETHUSDT,1662422400000,-1,0.128,-3.4389939258076194,0.20866924759366334,1662582060000,stop,1616.7949268028087,1643.6620668481808,-0.15634810417766332,-3.804011277578946
ETHUSDT,1662768000000,1,0.075,-3.179409998742966,0.12723315677077923,1663028820000,stop,1717.638156935343,1675.24602361877,0.2919402390242403,-3.014702916489505
ETHUSDT,1663286400000,-1,0.056,4.019991105915931,0.08041014562715425,1663783140000,stop,1471.7882353591465,1400.002679896362,-0.006975509052513535,3.932605451236263
ETHUSDT,1663804800000,-1,0.069,-5.207225365966881,0.08844609874565132,1664182680000,stop,1244.0940009082299,1319.561035197605,-0.038484320562524627,-5.3341557852750565
ETHUSDT,1666569600000,1,0.23800000000000002,40.65754182224292,0.3448395112254065,1667383380000,stop,1363.490505522206,1534.3205131786888,-0.4359510487766764,39.87675126224083
ETHUSDT,1667606400000,1,0.083,-6.831121348376579,0.1330487019677863,1667777940000,stop,1644.1477426743922,1561.8450758264817,-0.03963094945721167,-7.003800999801577
ETHUSDT,1667952000000,-1,0.046,3.1921248277758054,0.05973297134358754,1668299460000,stop,1333.2398642929445,1263.8458462978183,-0.10824955327527663,3.024142303156941
ETHUSDT,1670630400000,1,0.182,0.6330233439714725,0.23006370867891474,1670716800000,exit,1262.3472363018077,1265.8253865434092,-0.025375648539967675,0.37758398675259014
ETHUSDT,1670716800000,-1,0.202,-2.42036601612423,0.25690689713521986,1670880600000,stop,1265.8253174611768,1277.8073274419899,0.005588886697046245,-2.6716840265624033
ETHUSDT,1670889600000,1,0.254,1.2244551795916037,0.3244456263318004,1671109980000,stop,1274.9346407165535,1279.755330399985,-0.23284021730085402,0.6671693359589492
ETHUSDT,1671148800000,-1,0.178,10.751528789436676,0.22001106449307475,1671511200000,stop,1266.2181398190623,1205.8162926873956,0.07455707329626923,10.60607479823987
ETHUSDT,1673049600000,1,0.247,-1.226469467313449,0.3127260360075311,1673136000000,exit,1268.5800434865903,1263.6145800561715,-0.042238515748854635,-1.581434019069835
ETHUSDT,1673136000000,-1,0.328,-8.494412419254724,0.41871271351034667,1673219340000,stop,1263.6143515265833,1289.5119503657745,0.07273696587133784,-8.840388166893733
ETHUSDT,1673222400000,1,0.33,100.00583149221441,0.47561953878515906,1674597240000,stop,1289.7473425425812,1592.7953167614128,-2.9364954268912498,96.593716526538
ETHUSDT,1675468800000,1,0.091,-4.618626357241495,0.1490926949234823,1675620000000,stop,1663.758330792341,1613.0041949984786,-0.075690689288851,-4.8434097414538275
ETHUSDT,1676332800000,-1,0.14100000000000001,-8.56132676505452,0.2164529817581347,1676387460000,stop,1504.76821542984,1565.4868449692337,0.009350481327163093,-8.768429265485493
ETHUSDT,1676419200000,1,0.108,10.800771948759236,0.17333980608507102,1676855640000,stop,1554.99463065455,1655.0017783282467,-0.25867640260338826,10.368755740070776
ETHUSDT,1677888000000,-1,0.114,10.801820167125179,0.17344151087151954,1678499760000,stop,1568.79316627265,1474.0403577890959,0.14821880510455712,10.776597461358216
ETHUSDT,1678665600000,1,0.088,3.1643664478725455,0.14056907125976942,1678898580000,stop,1579.3964549526493,1615.3551645875648,-0.16319554693965602,2.86060182967312
ETHUSDT,1679097600000,1,0.082,-6.32700097207038,0.1435678151929184,1679514480000,stop,1789.4062887677262,1712.2477403278435,-0.1619737287294076,-6.632542515992705
ETHUSDT,1680652800000,1,0.10200000000000001,-1.43322485342638,0.1899385556695682,1680976320000,stop,1869.168314669425,1855.1170906162254,-0.09851801852950556,-1.7216814276254537
ETHUSDT,1681344000000,1,0.115,13.405790934778661,0.22715311586081594,1681891800000,stop,1916.9584382037094,2033.5305332887413,-0.45311221426753,12.725525604650315
ETHUSDT,1683590400000,-1,0.105,0.06763183753790258,0.19384725914268353,1683676800000,exit,1846.4864291566903,1845.842316418234,0.033742511009655,-0.09247291059512594
ETHUSDT,1683676800000,1,0.112,-5.716009619541514,0.20387634097055077,1683739200000,stop,1845.842373038585,1794.8065728641072,-0.023320654878204006,-5.9432066153902685
ETHUSDT,1683763200000,-1,0.111,1.946521266778921,0.2032437424267824,1684079100000,stop,1839.7928203619088,1822.2565927332698,0.040288574776654415,1.783566099128793
ETHUSDT,1684886400000,1,0.19,-10.181588862239195,0.34705694833747835,1684936260000,stop,1853.4091724663049,1799.821862665046,-0.0034659989619999997,-10.532111809538673
ETHUSDT,1684972800000,-1,0.153,-4.289620705210263,0.27736144627098036,1685145600000,exit,1798.8015419501648,1826.8382785855263,0.09295713596971109,-4.474025015511532
ETHUSDT,1685145600000,1,0.171,4.067644455227827,0.3144231879323869,1685542740000,stop,1826.838395934345,1850.6257904093616,-0.21223547023582062,3.5409857970596192
ETHUSDT,1685923200000,-1,0.232,5.2351102014520645,0.4355003098392649,1686070620000,stop,1888.4390730172022,1865.8739428385295,0.058720001152959694,4.858329892765759
ETHUSDT,1686096000000,1,0.126,-6.558673183008529,0.23401898200402033,1686182400000,exit,1883.3199888533698,1831.2670270834608,-0.0437455076562,-6.836437672668749
ETHUSDT,1686182400000,-1,0.11900000000000001,14.385428491941154,0.21072806824343976,1686938760000,stop,1831.267079742944,1710.381126029153,0.16371913590728596,14.338419559605
ETHUSDT,1687392000000,1,0.105,-5.127602608035947,0.1957159910891939,1687799760000,stop,1888.3789751734466,1839.5446646207233,-0.2417664483619973,-5.5650850474871385
ETHUSDT,1687910400000,-1,0.11900000000000001,-1.499861760085192,0.22554123378014113,1688100420000,stop,1889.002545378979,1901.6064257158293,0.05004447132943473,-1.6753585225358982
ETHUSDT,1688169600000,1,0.094,-2.3224536990913105,0.18058827127245214,1688545080000,stop,1933.5052991701893,1908.7983449245369,-0.23689170052122002,-2.739933670884983
ETHUSDT,1688688000000,-1,0.135,-3.422188095737423,0.25074327937857793,1688774400000,exit,1844.6828543015497,1870.0323957514565,0.024535422934966713,-3.6483959521810343
ETHUSDT,1688774400000,1,0.137,8.167408024070113,0.26027814424836193,1689359160000,stop,1870.0324104841377,1929.6485274481531,-0.26212705696556887,7.645002822856182
ETHUSDT,1690070400000,-1,0.23600000000000002,-8.927346191518446,0.4446978686707496,1690138260000,stop,1865.3991337923321,1903.2268718919865,0.03897689378345172,-9.333067166405742
ETHUSDT,1690156800000,1,0.232,-10.198653654508451,0.43289276032432,1690192200000,stop,1887.8969273774749,1843.9372133494212,0.000347847808,-10.631198567024772
ETHUSDT,1690243200000,-1,0.17300000000000001,-3.8070198861323687,0.321782780771498,1690416000000,exit,1849.013126175906,1871.019021471469,0.17098832329262692,-3.95781434361124
ETHUSDT,1690416000000,1,0.249,-2.680040902333097,0.4645438283584228,1690502400000,exit,1871.019473130881,1860.2562566556476,-0.07933012438006928,-3.2239148550715893
ETHUSDT,1690502400000,-1,0.233,-6.036466036459044,0.436457961290705,1690662180000,stop,1860.256344517062,1886.1639240726802,0.15804766606306525,-6.314876331686683
ETHUSDT,1690848000000,-1,0.305,-4.223235377100672,0.5680004056431471,1690932540000,stop,1855.3730752609729,1869.219748628516,0.07288637707793652,-4.718349405665883
ETHUSDT,1691539200000,1,0.221,-0.1612571830697882,0.4099608961863277,1691625600000,exit,1855.3915148319572,1854.6618443203292,-0.06996483098015738,-0.6411829102362733
ETHUSDT,1691625600000,-1,0.232,-1.691710429683968,0.4311273887077981,1691956140000,stop,1854.6617822972246,1861.9536375975865,0.27082477034946606,-1.8520130480422998
ETHUSDT,1691971200000,-1,0.45,73.75128251769229,0.7911503201484573,1692807600000,stop,1840.0576920162298,1676.1659530880247,0.3118533067110151,73.27198550425484
ETHUSDT,1694390400000,-1,0.342,7.418105023077852,0.5491103426987556,1694514060000,stop,1616.4309801470597,1594.7406145825048,-0.012567562618369069,6.856427117760727
ETHUSDT,1696118400000,1,0.197,0.9524396654083912,0.3295079310602734,1696271940000,stop,1670.2117321196404,1675.0464512333886,-0.09152353665860602,0.5314081976895118
ETHUSDT,1696550400000,-1,0.186,-9.03526153307579,0.30420085112965156,1696628280000,stop,1611.2001094791058,1659.7767843881154,0.0437302454862,-9.295732138719242
ETHUSDT,1696636800000,1,0.177,-1.9842424207854106,0.29005830424796897,1696723200000,exit,1644.3526862054332,1633.1422770484535,-0.04745376378771836,-2.3217544888210977
ETHUSDT,1696723200000,-1,0.242,16.93862211395884,0.38675104355975826,1697395440000,stop,1633.1419612261886,1563.1476549701604,0.4646133547985203,17.0164844251976
ETHUSDT,1698019200000,1,0.196,14.579654548953183,0.33321786010080234,1698426420000,stop,1662.898126664927,1737.284119261627,-0.432650936470032,13.813785752382348
ETHUSDT,1699142400000,1,0.158,27.66754254800164,0.30710997416541075,1699831320000,stop,1856.178499312721,2031.2895280975415,-1.2312534850472083,26.129179088789023
ETHUSDT,1701561600000,1,0.123,16.73634130587444,0.2747023660586172,1702260420000,stop,2165.3186618347963,2301.3864773297105,-1.0012444309771362,15.460394508838688
ETHUSDT,1704585600000,-1,0.105,-3.738023363918246,0.2370997010455131,1704728460000,stop,2240.292279652895,2275.892502166402,0.09369560317025999,-3.881427461793499
ETHUSDT,1704758400000,1,0.09,15.355784300153063,0.21748870081823402,1705262400000,exit,2331.231207423972,2501.8510329812284,-0.38416880632167,14.754126793013159
ETHUSDT,1706054400000,-1,0.064,-1.9790151387487422,0.14444906268520186,1706404260000,stop,2241.5555486848043,2272.4776602277534,0.16230950596819202,-1.961154695465752
ETHUSDT,1706572800000,1,0.122,-4.332226319017959,0.28045845446266193,1706698560000,stop,2316.5948165751715,2281.0847647799424,-0.103125532475966,-4.715810305956587
ETHUSDT,1706745600000,-1,0.08700000000000001,-2.271812394397045,0.19966381158763713,1706918400000,exit,2281.9299470165356,2308.0427331590304,0.09939036711188576,-2.3720858388727963
ETHUSDT,1706918400000,1,0.101,-0.73374212359168,0.23274546217809342,1707177600000,exit,2308.04290336524,2300.778129864332,-0.16829775180562936,-1.134785337575403
ETHUSDT,1707177600000,-1,0.134,-10.197851260719254,0.313403147085227,1707248460000,stop,2300.777772051249,2376.881139668557,0.06256747115301001,-10.448686936651471
ETHUSDT,1707264000000,1,0.109,108.087946110011,0.31257316237342747,1709450820000,stop,2371.8274249396513,3363.4599580590184,-5.124409691593255,102.65096325604432
ETHUSDT,1709596800000,1,0.054,-4.082202489582475,0.19398223710059348,1709666280000,stop,3630.061821210828,3554.4654788111525,-0.3706281874760995,-4.646812914159168
ETHUSDT,1709769600000,1,0.02,-0.9283913763993406,0.07598726421701443,1710118320000,stop,3822.572995260705,3776.153426440738,-0.3748341104957899,-1.379212751112145
ETHUSDT,1710201600000,1,0.043000000000000003,-10.093586373910021,0.16999285085555127,1710264120000,stop,4070.6893963373545,3835.9548295022378,-0.147973872603884,-10.411553097369458
ETHUSDT,1712102400000,-1,0.042,-1.3804897781166101,0.13847179465238407,1712188800000,exit,3280.513089602994,3313.381893843866,0.041792105089812,-1.4771694676791822
ETHUSDT,1712188800000,1,0.041,0.6602717130780461,0.1361787922146688,1712275200000,exit,3313.381862393409,3329.4860505172633,-0.041081426590154006,0.4830114942732233
ETHUSDT,1712275200000,-1,0.047,-1.1214466140176091,0.15704655899912867,1712448000000,exit,3329.485865789784,3353.3464320454777,0.104310449111759,-1.174182723904979
ETHUSDT,1712448000000,1,0.055,8.95679160430498,0.1889124622832632,1712673720000,stop,3353.346663292921,3516.19741973483,-0.20999210612726385,8.557887035894455
ETHUSDT,1712707200000,-1,0.042,14.489059552162502,0.14010446376122826,1713666240000,stop,3508.30936993594,3163.3317615511187,0.36210899298165294,14.711064081382927
ETHUSDT,1714262400000,1,0.07,0.555733969477742,0.22806433870878104,1714348800000,exit,3254.092453200602,3262.031509907427,-0.058620052526492016,0.26904957824246895
ETHUSDT,1714348800000,-1,0.06,10.52523907582643,0.1904592857985276,1714753380000,stop,3262.0317556073473,3086.6111043435735,0.1385084852212032,10.473288275249107
ETHUSDT,1715990400000,1,0.07100000000000001,-1.4655113541156863,0.2186962366682657,1716163200000,exit,3090.549187962303,3069.9081829747583,-0.08916865910963777,-1.7733762498935897
ETHUSDT,1716163200000,-1,0.10300000000000001,-10.192489664348317,0.32129672355073047,1716232860000,stop,3069.907560374333,3168.863770707812,0.02100643568979467,-10.492779952209252
ETHUSDT,1716249600000,1,0.044,-1.8055987372280395,0.16034566554864793,1716494400000,stop,3664.737839028681,3623.7015040916804,-0.16032378950612003,-2.1262681922828075
ETHUSDT,1717804800000,-1,0.058,-0.14254593098195073,0.21349539304599108,1717891200000,exit,3679.7262082844845,3682.1838967496906,0.06427386,-0.2917674640279418
ETHUSDT,1717891200000,1,0.065,-3.324153470970189,0.23767989033018247,1718070720000,stop,3682.1841087025778,3631.043286072267,-0.143717223347295,-3.7055505846476664
ETHUSDT,1718841600000,-1,0.047,6.457695676287465,0.16403187560697868,1719328860000,stop,3558.738796704732,3421.3410163581902,0.15627896554576107,6.449942766226248
ETHUSDT,1720137600000,-1,0.049,1.7513521679036912,0.14901429188973908,1720428240000,stop,3058.9789382385907,3023.2370572609643,0.09838594388769821,1.7007238199016503
ETHUSDT,1721088000000,1,0.064,-6.139007868544374,0.21976507299718365,1721260800000,exit,3481.7902645539975,3385.8682666079917,-0.1013300257717635,-6.460102967313321
ETHUSDT,1721260800000,-1,0.049,-1.921540266978795,0.16686833570958004,1721347200000,exit,3385.8686852263395,3425.0837927157027,0.024047746265677784,-2.0643608564226974
ETHUSDT,1721347200000,1,0.06,4.619290677784665,0.2078146919628288,1721433600000,exit,3425.084110398941,3502.0722883620188,-0.048444674256,4.363031311565836
ETHUSDT,1721433600000,-1,0.06,-0.8418825417683183,0.21054527857260527,1721520000000,exit,3502.0722883620188,3516.1036640581574,0.04421247758328,-1.0082153427576437
ETHUSDT,1721520000000,1,0.078,-6.099566077637916,0.27120634027288326,1721692800000,exit,3516.1041450218236,3437.9045799239016,-0.09919545062680192,-6.4699678685376005
ETHUSDT,1721692800000,-1,0.064,-2.7730856033978344,0.2214124587171109,1721779200000,exit,3437.9049361783123,3481.2343987314034,0.05954546846660793,-2.934952593648337
ETHUSDT,1721779200000,1,0.048,-8.97008341202553,0.16261418698406915,1721855520000,stop,3481.2339310433726,3294.357193292841,-0.0248743010784,-9.157571900088
ETHUSDT,1721865600000,-1,0.051000000000000004,2.6132393465529677,0.1687283311195355,1722081720000,stop,3334.018642996313,3282.7786558089997,0.043669590938040695,2.488180606371473
ETHUSDT,1722643200000,-1,0.044,19.68100110664784,0.12162595395272391,1723132980000,stop,2987.8739660465417,2540.57848635,-0.017711972753550572,19.54166317994157
ETHUSDT,1725667200000,-1,0.057,-6.284404970569807,0.12988807009234934,1725872940000,stop,2223.611712404639,2333.8644311865655,0.021170853663958954,-6.393122186998197
ETHUSDT,1727395200000,1,0.08700000000000001,-1.0394383399170735,0.22839978676863226,1727660820000,stop,2631.258688949319,2619.3111218238355,-0.1450596884712629,-1.4128978151569687
XRPUSDT,1633752000000,1,236.10000000000002,11.257449006225752,0.2584670253000277,1633983000000,stop,1.0708949631381397,1.1185758144986893,-0.7938790313444717,10.205102949581251
XRPUSDT,1635120000000,-1,199.4,-2.5836154394529056,0.21722439421488987,1635206400000,exit,1.0829116674782517,1.0958686155196404,0.3314692177304504,-2.469370615937345
XRPUSDT,1635206400000,1,207.4,2.57155365112251,0.2285689495227453,1635292800000,exit,1.0958687208157378,1.108267725883831,-0.514245739034216,1.8287389625655486
XRPUSDT,1635292800000,-1,138.5,3.119473341876023,0.15193548262192696,1635539760000,stop,1.1082687313564257,1.085745458129884,0.2303291446208797,3.197867003874976
XRPUSDT,1635897600000,1,135.70000000000002,-1.200660196186069,0.1535823028078198,1636196640000,stop,1.136202158481303,1.127354257256645,-0.7496996612211092,-2.103942160214998
XRPUSDT,1636416000000,1,113.2,-8.394118091023431,0.14107820989706035,1636577400000,stop,1.283350432354877,1.2091974456850587,-0.44956130127484356,-8.984757602195335
XRPUSDT,1637107200000,-1,104.2,-0.8335987713667229,0.11378635875887594,1637193600000,exit,1.0879996101074143,1.095999598316308,0.034058001845000005,-0.9133271282805989
XRPUSDT,1637193600000,1,88.9,-4.897336978233455,0.09498566979392636,1637280000000,exit,1.0959993057710133,1.0409111507852602,-0.028481330210200002,-5.0208039782375815
XRPUSDT,1637280000000,-1,86.5,-4.901652165302283,0.09248964447908363,1637452800000,exit,1.0409111953344796,1.0975776943553153,0.0625090620883912,-4.931632747692976
XRPUSDT,1637452800000,1,119.5,-4.71986711356,0.12880067426132455,1637539200000,exit,1.0975783081012933,1.058081512171921,-0.0562291362475,-4.904896924068824
XRPUSDT,1637539200000,-1,159.10000000000002,10.987630806598712,0.16284685785394215,1638164820000,stop,1.0580809129933468,0.9890197514182449,0.5826519191863471,11.407435867931117
XRPUSDT,1638662400000,-1,64.8,-0.6935689144367776,0.05508410177090227,1638974940000,stop,0.8447116869395661,0.855414910927788,0.052811672695200006,-0.6958413435124798
XRPUSDT,1641427200000,-1,163.9,-0.8880764425652642,0.12693713597814013,1641943020000,stop,0.7717699680101128,0.7771883721746354,0.18142545675391558,-0.8335881217894887
XRPUSDT,1642723200000,-1,229.0,19.249205757571662,0.15507284187075138,1643194680000,stop,0.7192028155001625,0.6351451484365308,0.0227766081210547,19.116909523821967
XRPUSDT,1644278400000,1,137.4,-3.6644876142034133,0.11235030105738222,1644341640000,stop,0.8310228883878015,0.8043526728550255,-0.0237639807264,-3.8006018959871954
XRPUSDT,1644624000000,-1,99.80000000000001,-6.381568068212671,0.07887635683646538,1644710400000,exit,0.7583724729695295,0.8223160407872917,0.021369882521325604,-6.439074542527811
XRPUSDT,1644710400000,1,100.5,-3.065492630589081,0.08111001664142933,1645121460000,stop,0.8223160493206356,0.7918136350859184,-0.053660852535047245,-3.2002634997655575
XRPUSDT,1645574400000,-1,106.4,-0.33900085424444876,0.07680941407326063,1645733160000,stop,0.7202999402832556,0.7234860385374329,-0.0490203124082448,-0.4648305807259542
XRPUSDT,1646784000000,1,171.8,2.6403133615945578,0.12509571752981377,1646956800000,exit,0.7204631015658701,0.7358316310280038,-0.0625181730738,2.452699470990944
XRPUSDT,1646956800000,-1,191.9,-9.416785355370207,0.14591445311305007,1647033540000,stop,0.7358314769951274,0.7849027920309284,0.026046470077556044,-9.536653338405701
XRPUSDT,1647043200000,1,154.60000000000002,-6.658198460403002,0.12077457969499918,1647264120000,stop,0.8027404846390728,0.7596732242224945,-0.02395699639063483,-6.802930036488636
XRPUSDT,1647388800000,-1,207.3,-5.441908724816087,0.161373180172604,1647475200000,exit,0.7653267043424793,0.7915780730101883,0.038091219525000004,-5.5651906854636914
XRPUSDT,1647475200000,1,201.70000000000002,-0.8220278059114079,0.15925027432168515,1647830340000,stop,0.7915780278861717,0.7875025305836859,-0.19388201925200002,-1.175160099485093
XRPUSDT,1647907200000,1,218.0,3.481166579035923,0.18426896456236808,1648511640000,stop,0.8372861526277529,0.8532548066600277,-0.3665047666680001,2.930392847805555
XRPUSDT,1649462400000,-1,189.5,3.1851493929240373,0.14136541695263943,1649902500000,stop,0.7543957342960499,0.7375875580800919,0.1360457600037499,3.1798297359751477
XRPUSDT,1650931200000,-1,232.5,15.838535527871962,0.15311821294890243,1651689840000,stop,0.6926343256466169,0.6245115921934041,0.2304549101015805,15.91587222502464
XRPUSDT,1651968000000,-1,240.10000000000002,35.723813240427674,0.12149982899089902,1652644800000,stop,0.5804320516914321,0.4316448245342989,-0.13948075974135743,35.462832651695415
XRPUSDT,1654992000000,-1,336.6,9.941156434550315,0.11605633816649896,1655670780000,stop,0.3595570896725315,0.3300230539192626,-0.16860752475697155,9.656492571626844
XRPUSDT,1657843200000,1,389.5,0.08503124534426262,0.1299947908959865,1657929600000,exit,0.3336387041676877,0.3338570128848745,-0.012861053184000003,-0.05782459873572389
XRPUSDT,1657929600000,-1,373.3,-6.112716664157916,0.1276851910191373,1658016000000,exit,0.33385703907596664,0.35023184932016144,-0.004802305579218369,-6.245204160756272
XRPUSDT,1658016000000,1,373.3,0.31107711236344415,0.13089708790739799,1658577120000,stop,0.35023184932016144,0.35106516598869464,0.041609978466628034,0.2217900029226742
XRPUSDT,1658707200000,-1,476.40000000000003,4.466948201682065,0.16849231871392073,1658946960000,stop,0.35836648365819,0.3489900180795123,-0.16272699110280492,4.135728891865339
XRPUSDT,1658966400000,1,377.40000000000003,4.039961795292696,0.13759310753616255,1659408960000,stop,0.359229270372327,0.36993399161051643,-0.13628564843992513,3.766083039316608
XRPUSDT,1659571200000,-1,410.3,-0.7246498273054356,0.15183014368001305,1659657600000,exit,0.3691635846121382,0.37092973091315073,-0.03172931370776376,-0.9082092846932124
XRPUSDT,1659657600000,1,535.4,-0.2218284170018533,0.19848497782493618,1660040160000,stop,0.37092994402957996,0.37051562124847826,-0.11702878362566624,-0.5373421784524557
XRPUSDT,1660953600000,-1,331.70000000000005,-5.753873267440335,0.1137117319875759,1661372400000,stop,0.33414168029501273,0.35148829852666885,-0.13436956918693957,-6.001954568614851
XRPUSDT,1661731200000,-1,520.2,-5.321997103786681,0.17023975126911395,1662417540000,stop,0.3221429310211853,0.33237360596118276,-0.22495000775661397,-5.717186862812409
XRPUSDT,1662508800000,-1,574.8000000000001,-9.591370863664714,0.18923228915199816,1662591420000,stop,0.32087091809353824,0.33755736705607253,-0.044862846861196806,-9.82546599967791
XRPUSDT,1662768000000,1,433.1,-6.185503136238423,0.15137810422936504,1663073640000,stop,0.35666325513157293,0.34238132685579725,-0.060659145673177456,-6.397540386140966
XRPUSDT,1663113600000,-1,436.20000000000005,-5.736965735730354,0.14776040238040938,1663360560000,stop,0.33216854542077984,0.34532069061961146,-0.1983040572966571,-6.083030195407421
XRPUSDT,1663459200000,1,350.20000000000005,-7.577354821380563,0.12793772001926282,1663553760000,stop,0.37614619483139083,0.35450897375377644,-0.00413075489556128,-7.7094232962953875
XRPUSDT,1663718400000,1,153.8,7.437609789354039,0.06731190044807933,1664173140000,stop,0.41347916484656894,0.46183813616876684,0.13814895573706482,7.508446844643024
XRPUSDT,1666483200000,-1,287.7,-1.0288302055256575,0.13431394232469396,1666828800000,exit,0.465066135634102,0.4686421877909516,0.04204928712884152,-1.1210948607215099
XRPUSDT,1666828800000,1,378.90000000000003,0.4249615199452052,0.17778110530227828,1667088000000,exit,0.46864245062630155,0.4697640170552939,-0.05088748581594927,0.19629292882697766
XRPUSDT,1667088000000,-1,384.1,2.4298395318512718,0.1792214337967069,1667347200000,exit,0.46976400302690063,0.4634379433240855,0.04319242078796077,2.2938105188425255
XRPUSDT,1667347200000,1,396.6,-5.546562240138626,0.1810262201550557,1667433600000,exit,0.4634379759836737,0.4494526954992092,0.0315388961958144,-5.6960495640978674
XRPUSDT,1667433600000,-1,401.0,-2.040591004765875,0.18125082204048626,1667520000000,exit,0.44945268463367416,0.4545414402565317,0.008076817116650203,-2.213765009689711
XRPUSDT,1667520000000,1,446.1,9.064948104301353,0.20730345958388868,1667775960000,stop,0.4545415501720197,0.47486198976919824,-0.16530073801847495,8.692343906698989
XRPUSDT,1667865600000,-1,321.40000000000003,31.892086992152258,0.1333287008271099,1668457740000,stop,0.464451600258824,0.3652229537368817,-0.5345096268122075,31.22424866451294
XRPUSDT,1670976000000,1,471.20000000000005,-4.789594893571283,0.18374542567070973,1671062400000,exit,0.3950344293665011,0.3848697542952548,-0.018467673038797927,-4.9918079922807905
XRPUSDT,1671062400000,-1,459.0,15.580171152555051,0.16886514179160683,1671796800000,exit,0.38486977640061953,0.3509260483994103,-0.2367570553318809,15.174548955431565
XRPUSDT,1673481600000,1,433.90000000000003,1.2750506673771418,0.16237376992155778,1673688060000,stop,0.37275004514374094,0.3756886269998763,-0.11521646568290003,0.9974604317726841
XRPUSDT,1674259200000,1,361.1,-5.718471653208636,0.14610857756059858,1674609960000,stop,0.41253894596289914,0.3967026910384775,-0.1785042052828,-6.043084436052034
XRPUSDT,1675728000000,-1,499.40000000000003,-5.828260732134539,0.19860773454462766,1675814400000,exit,0.39185743728185896,0.40352796337744273,0.0596025175482,-5.967265949130967
XRPUSDT,1675814400000,1,539.0,-9.037644243228543,0.21298278943413845,1675911900000,stop,0.40352803628154493,0.38676060725885747,-0.06450558391200001,-9.315132616574681
XRPUSDT,1676073600000,-1,356.5,0.28505412755666204,0.13581559884511243,1676416320000,stop,0.38136921713573846,0.38056962631510266,0.004766179709646752,0.15400470842119635
XRPUSDT,1676505600000,1,515.1,-8.948921215382615,0.20214818148221925,1676592000000,exit,0.4011311242281315,0.38375795161042114,-0.05985942962525301,-9.210928826490086
XRPUSDT,1676592000000,-1,467.5,-5.269032759726453,0.18204139783102413,1676678400000,exit,0.38375803518964896,0.3950286934992242,0.05474094384,-5.396333213717477
XRPUSDT,1676678400000,1,419.70000000000005,-3.84552234540398,0.1638707427806032,1676851200000,exit,0.3950286012706819,0.3858660510076274,-0.08298940170821567,-4.092382489892799
XRPUSDT,1676851200000,-1,614.1,-10.024739370288946,0.24197250470456028,1676903820000,stop,0.3858657140847025,0.4021899924925985,0.023999028,-10.242712846993506
XRPUSDT,1676937600000,1,461.20000000000005,-3.1656684004625255,0.1822668171194537,1677024000000,exit,0.3986332422369578,0.3917692604493114,-0.0544454112948,-3.402380628876779
XRPUSDT,1677024000000,-1,396.0,5.282725244341819,0.15249931460078409,1677542400000,exit,0.39176938692665403,0.3784291716631646,0.24147559418083203,5.371701523921867
XRPUSDT,1677542400000,1,766.5,-0.9638046108525014,0.28958451240887706,1677801600000,exit,0.3784297647936117,0.37717235499471735,-0.26123363973,-1.5146227629913782
XRPUSDT,1677801600000,-1,660.1,1.4910366583376233,0.2482260529625599,1678190940000,stop,0.37717250612290365,0.3749137019139389,0.21724065004630744,1.4600512554213707
XRPUSDT,1678924800000,-1,383.5,-7.4156845293735145,0.1412563779264444,1679060340000,stop,0.35866632506325336,0.3780031817239405,0.0081613192966422,-7.548779588003317
XRPUSDT,1679270400000,1,338.5,-4.35914891138993,0.1284938455447867,1679356800000,exit,0.38603669128650425,0.3731588510756034,-0.0315641213475,-4.519206878282217
XRPUSDT,1679356800000,-1,354.6,-10.191440424809098,0.1374178373617797,1679404740000,stop,0.3731588188081646,0.4018994855447948,0.006169440726,-10.322688821444878
XRPUSDT,1679443200000,1,208.0,-10.261719689417951,0.09254341098582748,1679512320000,stop,0.46958784053142527,0.42025264971691595,-0.018520936928,-10.37278403733178
XRPUSDT,1679961600000,1,223.8,9.27209586127937,0.11175957792885044,1680330540000,stop,0.4786574173289131,0.5200876937421364,-0.08095329247067659,9.079382990879843
XRPUSDT,1682553600000,-1,285.3,-5.587930433159834,0.13436319458846158,1682866860000,stop,0.4611609862316217,0.48074714267452334,0.06967917069119298,-5.652614457057103
XRPUSDT,1683417600000,1,623.0,-5.909067287226849,0.2824005206238479,1683504000000,exit,0.458033794971848,0.4485489357628162,-0.016371230198169003,-6.207839038048866
XRPUSDT,1683504000000,-1,638.0,6.460861412077974,0.28294377157166417,1683867540000,stop,0.4485489063913843,0.4384221643661837,-0.219239978597739,5.958677661908571
XRPUSDT,1684540800000,1,324.0,0.3995709174713087,0.15155161018271643,1684627200000,exit,0.46713526149376783,0.46836850506621014,-0.04266094392,0.20535836336859226
XRPUSDT,1684627200000,-1,449.0,5.044339318357995,0.20777513886348564,1684713600000,exit,0.46836817042909723,0.457133561702242,0.046548693876000004,4.883112873370509
XRPUSDT,1684713600000,1,642.3000000000001,-6.502326812550526,0.29036599313162237,1684936320000,stop,0.45713398184321596,0.4470104775421876,-0.13489728055444106,-6.92759008623659
XRPUSDT,1685145600000,1,488.20000000000005,22.746393987526883,0.2399157886522129,1685978760000,stop,0.4681331250685159,0.5147254929249823,-0.646029745868159,21.860448453006512
XRPUSDT,1686787200000,-1,181.4,-2.234089828559309,0.08810881519851813,1687093560000,stop,0.4795577193177423,0.49187353976184,-0.09561123894544231,-2.4178098827032697
XRPUSDT,1687219200000,1,426.90000000000003,-4.002323453834025,0.20869016024733542,1687432140000,stop,0.49353788234774515,0.4841625638801087,-0.04819138888138029,-4.259205002962741
XRPUSDT,1687996800000,-1,357.6,-9.20074798048211,0.17065721998673666,1688268960000,stop,0.46436478186939484,0.4900939428886401,0.07854273769558441,-9.292862462773261
XRPUSDT,1688342400000,1,354.90000000000003,0.9666546705538892,0.17237586525223564,1688515200000,exit,0.484340766179089,0.48706450433224163,-0.10336904421480002,0.6909097610868536
XRPUSDT,1688515200000,-1,489.70000000000005,7.0977781890046865,0.23496641940489502,1688986080000,stop,0.48706413824667616,0.472570002675909,0.1325418627525388,6.99535363235233
XRPUSDT,1689292800000,1,70.9,-10.226074344906376,0.052711049239961574,1689359460000,stop,0.8155724458732688,0.6713400855783975,-0.02060676670781465,-10.299392160854152
XRPUSDT,1689811200000,1,107.2,-5.508194920400422,0.08508578587762648,1690019760000,stop,0.8194018968080848,0.7680194815058421,-0.034388935453972966,-5.627669641732021
XRPUSDT,1691884800000,-1,611.8000000000001,54.509743216486214,0.3565054590317829,1692525780000,stop,0.627264352141265,0.5381670274984304,0.3403402287435835,54.49357798619802
XRPUSDT,1694476800000,-1,398.3,-8.383509481136091,0.19293155087594183,1694743380000,stop,0.47386340983021286,0.4949116385049206,-0.000633866489339995,-8.577074898501373
XRPUSDT,1696118400000,1,392.40000000000003,-1.7467775323059673,0.20110937252148137,1696271940000,stop,0.5147369044027379,0.5102853816394709,-0.0933693932395584,-2.0412562980670073
XRPUSDT,1696377600000,1,321.40000000000003,-5.9694519889363304,0.170205332656806,1696658040000,stop,0.5388614145963726,0.5202881352281824,-0.08280868405996672,-6.222466005653104
XRPUSDT,1696896000000,-1,492.70000000000005,7.185090333727556,0.2439243160991374,1697390460000,stop,0.5023682997077352,0.48778520587025287,0.20911206472994984,7.150278082358367
XRPUSDT,1698019200000,1,457.20000000000005,2.4574093249653024,0.24013384513031028,1698426420000,stop,0.5225396773137087,0.5279145883481909,-0.35082902300400004,1.866446456830992
XRPUSDT,1698710400000,1,399.6,34.10075363249492,0.24827587725208555,1699317180000,stop,0.5786423934830782,0.6639796147856181,-0.6600843979262908,33.19239335731655
XRPUSDT,1702857600000,-1,426.5,-0.8545413496362358,0.260908640510719,1702944000000,exit,0.6107417815613151,0.6127453955112242,0.0772231660595,-1.0382268240874548
XRPUSDT,1702944000000,1,319.20000000000005,-2.551014840168193,0.194312683260981,1703030400000,exit,0.6127449582740133,0.6047530571456669,-0.058161196111200006,-2.803488719540374
XRPUSDT,1703030400000,-1,329.40000000000003,-4.1825541327234435,0.20129691972992048,1703116800000,exit,0.6047530135505729,0.6174505063639409,0.0915280375745261,-4.292323014878838
XRPUSDT,1703116800000,1,378.6,0.9499377935001855,0.23424180924486432,1703376000000,exit,0.6174507140732018,0.6199597943518605,-0.7792388539792039,-0.06354286972388268
XRPUSDT,1703376000000,-1,471.20000000000005,-8.367809547345542,0.29630879052128123,1703496720000,stop,0.6199594349482352,0.6377179441743505,0.4056020258901607,-8.258516311976663
XRPUSDT,1703548800000,1,302.6,-10.273292431549482,0.1906022564281663,1703612340000,stop,0.6468569155450794,0.6129068414157024,-0.1469120736955366,-10.610806761673185
XRPUSDT,1704326400000,-1,169.60000000000002,0.30329900389549036,0.09858026624223587,1704674040000,stop,0.582145729623724,0.5803574100252836,0.1161781891968,0.3208969268500545
XRPUSDT,1705708800000,-1,351.8,6.9637838981390034,0.1879500571126539,1706287680000,stop,0.5441499404824428,0.5243552164968288,0.3715931942894,7.14742703531575
XRPUSDT,1706745600000,-1,329.8,-3.6946996040754994,0.167724527027808,1706955660000,stop,0.502962938828897,0.514165787840648,0.11625403828,-3.746170092823307
XRPUSDT,1708300800000,1,447.3,-5.820909029383649,0.2465683311773227,1708442940000,stop,0.5577437641225453,0.5447303301198991,-0.36834251346021774,-6.435819874021189
XRPUSDT,1709078400000,1,285.3,-10.252717205522059,0.16233193709253058,1709141460000,stop,0.5869551198573137,0.5510185015414285,-0.19670712017726577,-10.611756262791854
XRPUSDT,1709337600000,1,142.6,-1.7342183886920575,0.08495710488285005,1709450820000,stop,0.6018528336409262,0.5896914143653859,-0.24703989077259997,-2.0662153843475077
XRPUSDT,1709596800000,1,155.4,-9.414972987135545,0.09607967415026891,1709667540000,stop,0.6485660273091164,0.5879806155514874,-0.1945434461712,-9.705596107457016
XRPUSDT,1710201600000,1,151.5,-10.224824582108377,0.10462102728442757,1710264120000,stop,0.7243131325114307,0.6568225412103853,-0.1016450515285374,-10.431090660921342
XRPUSDT,1712016000000,-1,345.90000000000003,1.2561604089137484,0.21087391248533532,1712235600000,stop,0.611454156374074,0.6078225853740342,0.20361242201050012,1.248898918438913
XRPUSDT,1712275200000,1,239.4,-1.5759083643293108,0.1413781429296085,1712361600000,exit,0.5938433463315503,0.5872606046259141,-0.04669500834761868,-1.7639815156065382
XRPUSDT,1712361600000,-1,242.3,-4.713048714806284,0.14464976552361508,1712564100000,stop,0.5872605908634417,0.6067118856005704,0.10750992993203291,-4.7501885503978665
XRPUSDT,1712707200000,1,231.20000000000002,0.7151272821364407,0.14244408886373108,1712793600000,exit,0.614561095253732,0.6176542063356371,-0.066547691292,0.5061355019807097
XRPUSDT,1712793600000,-1,221.70000000000002,24.063211906105646,0.1249023427107504,1713564300000,stop,0.6176542564898656,0.5091147350369759,0.20900127867836274,24.147310842073257
XRPUSDT,1715817600000,1,437.0,-1.3848096952460038,0.2259515617838988,1715904000000,exit,0.5186360792483337,0.5154671783438806,-0.067928540308,-1.6786897973379027
XRPUSDT,1715904000000,-1,531.2,-4.071241841391859,0.27585164815197855,1715990400000,exit,0.5154669187335892,0.5231311541277757,0.04442164302720001,-4.302671846516637
XRPUSDT,1715990400000,1,582.6,-1.259480183959701,0.30414654888387027,1716076800000,exit,0.5231312890076384,0.5209694623959671,-0.0597355650125955,-1.6233622978561668
XRPUSDT,1716076800000,-1,717.9000000000001,0.37704330530997837,0.3738152206825663,1716223500000,stop,0.5209691354439633,0.520443932344214,0.06794585220178825,0.07117393682920034
XRPUSDT,1716249600000,1,503.1,-0.39433708605067613,0.27044384693758033,1716336000000,exit,0.5379467610427463,0.5371629465206817,-0.08153303298660002,-0.7463139659748564
XRPUSDT,1716336000000,-1,345.6,0.2519208282572777,0.18551772489322726,1716595200000,exit,0.5371634412828584,0.5364345037010955,0.1651240968192,0.23152720018325043
XRPUSDT,1716595200000,1,243.10000000000002,-2.5576157896551024,0.12912832623010917,1716759120000,stop,0.5364341181609901,0.5259132798654117,-0.065347132422,-2.7520912483072117
XRPUSDT,1717286400000,-1,743.7,-4.564837343798937,0.3881663601616617,1717489320000,stop,0.5188704336288318,0.5250084426967341,0.3573140624386117,-4.595689641521987
XRPUSDT,1717804800000,-1,323.8,-2.1853410469207324,0.16265907272855862,1718034000000,stop,0.4989697412140155,0.5057187870661487,0.11227499063060001,-2.2357251290186912
XRPUSDT,1718150400000,-1,423.8,-3.665627215135752,0.20532936188947498,1718479380000,stop,0.4801711851861895,0.48882061231015306,0.2248034542806,-3.6461531227446273
XRPUSDT,1720051200000,-1,555.4,15.894095695684907,0.25135428681088023,1720280280000,stop,0.466873126861222,0.43825574174115556,0.031692575397939196,15.674433984271966
XRPUSDT,1720915200000,1,187.20000000000002,5.90595552686593,0.10134191625594624,1721348160000,stop,0.5255819363916306,0.5571308441206153,-0.13093269951505537,5.6736809110949284
XRPUSDT,1722384000000,1,251.3,-6.237737395389191,0.15456083916550784,1722486960000,stop,0.6274560599411159,0.6026341841138608,-0.04820882657500001,-6.440507061129699
XRPUSDT,1722816000000,-1,203.60000000000002,3.4397118499158226,0.10469092868626506,1722988800000,exit,0.5226462898390126,0.5057518308512139,-0.0014408811714623233,3.3335800400580955
XRPUSDT,1722988800000,1,115.2,8.564895238191658,0.06254501059517896,1723369980000,stop,0.5057514147229438,0.5800994636655797,-0.029127244330103042,8.473222983266377
XRPUSDT,1723766400000,-1,339.0,-1.923841649751784,0.19095759249865052,1723939200000,exit,0.5604592084772113,0.5661342575915234,0.06311491731764579,-2.0516843249327885
XRPUSDT,1723939200000,1,417.90000000000003,18.522657595923015,0.24584895333789653,1724457600000,exit,0.5661345406555037,0.6104577222681455,-0.18702177195976472,18.089786870625353
XRPUSDT,1724457600000,-1,401.3,-8.27360730336511,0.2491135132916628,1724508300000,stop,0.6104577862944935,0.6310747992607659,0.0185475378242,-8.504173278832573
XRPUSDT,1724544000000,1,352.8,-10.231018987499093,0.21084887785603557,1724694000000,stop,0.6121439550730869,0.5831444681470691,0.03641460232235616,-10.405453263032772
XRPUSDT,1724803200000,-1,291.40000000000003,-0.14368141748077767,0.16504516865906313,1725062400000,exit,0.5661404528151088,0.5666335256273284,0.024105167881244293,-0.28462141825859655
XRPUSDT,1725062400000,1,328.0,-6.77850677664061,0.1824665906461509,1725230100000,stop,0.5666336708368025,0.5459674916397275,-0.06313497473928961,-7.02410834202605
XRPUSDT,1725235200000,-1,431.90000000000003,-8.719026102855741,0.24049457379452294,1725307020000,stop,0.5467354960479163,0.5669230998980106,0.005459095068,-8.954061581582264
XRPUSDT,1725321600000,1,409.90000000000003,-9.546125946575353,0.2278594377754497,1725411720000,stop,0.5675347664033602,0.5442458521643376,-0.04885374376580001,-9.822839128116604
XRPUSDT,1725667200000,-1,339.20000000000005,-5.35317321578807,0.17928625482450344,1725900960000,stop,0.5206652954499097,0.5364470561096623,0.04001065186758529,-5.492448818744988
XRPUSDT,1726272000000,1,324.90000000000003,-0.7526425127962763,0.18554328386402394,1726441860000,stop,0.5722363961847401,0.569919860288168,-0.04360807691317701,-0.9817938735734772
XRPUSDT,1726704000000,-1,320.3,-5.218218165360365,0.18997072725589764,1726937880000,stop,0.584956659922627,0.6012483182596872,0.14287397217370001,-5.265314920442563
XRPUSDT,1726963200000,1,392.70000000000005,-4.156329517901182,0.23253682851846744,1727049600000,exit,0.5974407773807435,0.5868567959244125,-0.04859029833521788,-4.437456644754867
XRPUSDT,1727049600000,-1,388.5,-1.3167499879281093,0.2286522462849754,1727395200000,exit,0.5868568115598748,0.5902461294181196,0.22893842665769254,-1.316463807555392
XRPUSDT,1727395200000,1,498.90000000000003,11.842208259730068,0.30039509248106455,1727737320000,stop,0.5902465190442965,0.6139831561654231,-0.3328820391859782,11.208931128063025
DOGEUSDT,1633752000000,-1,411.0,3.1101891225746057,0.09956547110430024,1634324400000,stop,0.24603543957563878,0.23846806944772003,0.5059064420269045,3.51653009349721
DOGEUSDT,1634601600000,1,373.0,-1.8318894217178001,0.09141101790083575,1634860800000,exit,0.24752536893215724,0.24261413723854383,-0.40314275896669943,-2.3264431985853355
DOGEUSDT,1634860800000,-1,466.0,-1.0992276197648816,0.11360769033816151,1634947200000,exit,0.24261389812935422,0.24497275568249774,0.180234803001252,-1.0326005071017912
DOGEUSDT,1634947200000,1,394.0,1.2981337978294805,0.09716825962412524,1635321660000,stop,0.24497257036855458,0.2482673262006091,-0.9116429538455465,0.28932258435980873
DOGEUSDT,1635465600000,1,116.0,-4.859274329928859,0.03238295314529759,1635682080000,stop,0.30010853715743124,0.25821824120976866,-0.1045829094876248,-4.996240192561782
DOGEUSDT,1637107200000,-1,443.0,2.200506518647945,0.10373173101871463,1637661960000,stop,0.23664104803168984,0.2316737646938841,0.19226378573300001,2.2890385733622303
DOGEUSDT,1637798400000,-1,436.0,2.0145148889116298,0.09368926399741803,1638192240000,stop,0.21719385651805928,0.2125734095251427,0.14978926232254883,2.0706148872367605
DOGEUSDT,1638662400000,-1,273.0,-0.9742530920238087,0.04910892304261183,1639070520000,stop,0.17810181866886418,0.18167051131364004,0.0142808152406283,-1.0090811998257923
DOGEUSDT,1639180800000,-1,550.0,-2.254669991544786,0.09127883979696463,1639478040000,stop,0.16391182691125863,0.16801122689588552,0.024057186494495,-2.321891644847256
DOGEUSDT,1641686400000,-1,664.0,-1.624288777913138,0.10098844607990004,1641900600000,stop,0.1508679242333486,0.15331414227237442,-0.1038643886246664,-1.8291416126177045
DOGEUSDT,1642204800000,1,288.0,-3.3001766492307274,0.05112119864057646,1642387260000,stop,0.18323363529580494,0.17177468859708714,-0.031746203136000004,-3.383044051007304
DOGEUSDT,1642464000000,-1,630.0,15.431090625117593,0.09991512596900698,1643113800000,stop,0.1708423353675647,0.14634854072452091,-0.08215610530566599,15.24901939384292
DOGEUSDT,1644278400000,1,669.0,-9.385345560847666,0.10593094953208809,1644501720000,stop,0.16535668507101933,0.15132776793970742,-0.06003236014239691,-9.551308870522151
DOGEUSDT,1644537600000,-1,798.0,-2.303955001983165,0.12193533358961613,1644751380000,stop,0.1513575890834894,0.1542447507401099,-0.0258217249782576,-2.4517120605510385
DOGEUSDT,1645142400000,-1,1005.0,12.71766059365479,0.13263418741114014,1645733160000,stop,0.13830151015718162,0.12564712150677884,-0.14575442554434298,12.439271980699306
DOGEUSDT,1647216000000,-1,1747.0,-10.27740718406968,0.19960132821712198,1647231360000,stop,0.11131232090731949,0.11719520996517277,0.0,-10.477008512286803
DOGEUSDT,1648080000000,1,1306.0,11.784824789764356,0.17544866842796442,1648735440000,stop,0.1298286799640752,0.13885228240646752,-0.40272938637600003,11.20664673496039
DOGEUSDT,1649203200000,1,414.0,-10.226332725074679,0.06639176474992914,1649252520000,stop,0.17271722490933933,0.14801593813379663,-0.006658258500000001,-10.299382748324607
DOGEUSDT,1649721600000,-1,639.0,-7.591906683881879,0.08944035865050219,1649931360000,stop,0.13402880329978287,0.14590972142792352,0.03624930570366,-7.6450977368287205
DOGEUSDT,1649980800000,1,701.0,-2.662405635324526,0.099692709468573,1650218880000,stop,0.14411399755525714,0.14031598666321074,-0.06520460725663071,-2.8273029520497297
DOGEUSDT,1650499200000,-1,1075.0,4.704628659934075,0.14886089953345144,1650672000000,exit,0.14066345475666836,0.1362870560032413,0.07135842672746251,4.627126187128086
DOGEUSDT,1650672000000,1,1338.0,-3.3249435355882415,0.1806898336742484,1650758400000,exit,0.13628722379823804,0.13380221368195386,-0.0507710515953516,-3.5564044208578416
DOGEUSDT,1650758400000,-1,1570.0,3.277462821139148,0.2084305382100479,1650844800000,exit,0.13380208256090284,0.13171452662387154,0.030916420626985,3.0999487035560853
DOGEUSDT,1650844800000,1,1939.0,-10.258631540149398,0.25026551097682803,1650846240000,stop,0.13171471209226546,0.12642403053468454,0.0,-10.508897051126226
DOGEUSDT,1650931200000,1,486.0,-10.213738872364162,0.07175220913006966,1651015080000,stop,0.1581462521939336,0.137130328588246,-0.014953577022000002,-10.300444658516232
DOGEUSDT,1651190400000,-1,654.0,1.7689419114484912,0.08896463929276924,1651690500000,stop,0.13738396062460775,0.13467915647866205,0.07210526269121101,1.752082534846933
DOGEUSDT,1652054400000,-1,1106.0,8.109140490890113,0.1331399067254912,1652182440000,stop,0.12404563921422805,0.11671368578666015,-0.0374982360849824,7.9385023480796395
DOGEUSDT,1652313600000,-1,344.0,-2.005998252670223,0.030279121418453365,1652644740000,stop,0.08510500666313446,0.09093639693252464,-0.0866988641878416,-2.1229762382765176
DOGEUSDT,1654905600000,-1,2388.0,31.71093464602243,0.16397722353200686,1655332440000,stop,0.07530682196608797,0.06202753610091945,-0.25646384340159123,31.29049357908883
DOGEUSDT,1658188800000,1,1860.0,2.7121227044181606,0.12696257772110464,1658275200000,exit,0.06753038514456751,0.06898851563081383,-0.03779166228,2.547368464417056
DOGEUSDT,1658275200000,-1,1597.0,-10.229665723618501,0.11528957292759662,1658301240000,stop,0.06898856610255939,0.07539411758885776,0.0,-10.344955296546097
DOGEUSDT,1658361600000,1,1074.0,-2.956725055690231,0.0738442247734156,1658534400000,exit,0.07013276285033586,0.06737976000518667,-0.04094628890930161,-3.0715155693729486
DOGEUSDT,1658534400000,-1,1400.0,4.01246275086708,0.09232533255315867,1658944920000,stop,0.067379688520423,0.06451364369837509,0.03997675272653999,3.9601141710404613
DOGEUSDT,1659052800000,1,1896.0,-0.6466171710890254,0.1307258986083414,1659139200000,exit,0.06911878016555165,0.06877773735379583,-0.039416698608000005,-0.8167597683053668
DOGEUSDT,1659139200000,-1,1412.0,-1.2176349694214608,0.09772311635264871,1659225600000,exit,0.06877783205944617,0.06964017977150103,0.029907070740000003,-1.2854510150341094
DOGEUSDT,1659225600000,1,1282.0,-4.076920171220559,0.08724021366950502,1659484800000,exit,0.06964015113503533,0.06646002619648575,-0.07514092793085761,-4.239301312820921
DOGEUSDT,1659484800000,-1,1534.0,-5.599238592710369,0.10474922174295392,1659699780000,stop,0.06645997551929514,0.07011006586656396,0.0657281695741606,-5.638259644879162
DOGEUSDT,1660003200000,1,2544.0,-3.6681514628822933,0.1764715886757125,1660053960000,stop,0.07008870456256039,0.06864682112589282,-0.01862208,-3.863245131558006
DOGEUSDT,1660521600000,1,1292.0,-5.272972950638857,0.10286561741204504,1660853280000,stop,0.08165797514501894,0.07757672673121177,-0.1048397777329592,-5.480678345783861
DOGEUSDT,1661040000000,-1,1191.0,0.024001993579967087,0.0825119240031148,1661126400000,exit,0.06928960957170847,0.06926945676433655,-0.012185185483241101,-0.07069511590638881
DOGEUSDT,1661126400000,1,1755.0,-2.4722686289592,0.12033197005401897,1661385600000,exit,0.06926957513874563,0.0678608750652646,-0.0648948508595595,-2.6574954498727785
DOGEUSDT,1661385600000,-1,2526.0,-9.598145241686364,0.1762153142838167,1661424240000,stop,0.06786074491804177,0.07166048571047501,0.017482213608,-9.75687834236218
DOGEUSDT,1661558400000,-1,1574.0,-0.16661843786890868,0.09994806804692408,1662424320000,stop,0.06344647956034918,0.06355233625531037,0.035652018686821205,-0.23091448722901153
DOGEUSDT,1662508800000,-1,2324.0,-8.440164827493593,0.14094552338640476,1662694440000,stop,0.05883194534107485,0.062463685800409445,0.0623851350767484,-8.518725215803249
DOGEUSDT,1662854400000,1,2570.0,-9.127381661374821,0.16161077578013883,1663072200000,stop,0.06465932552950437,0.061107815155428576,-0.10617572398703001,-9.39516816114199
DOGEUSDT,1663113600000,-1,2176.0,-4.439950435420781,0.13188407408458397,1663421760000,stop,0.05958828072926175,0.06162869912789263,0.06504906226218242,-4.506785447243183
DOGEUSDT,1663545600000,-1,2976.0,-8.547769777942936,0.175075686168362,1663688160000,stop,0.05739307838689198,0.06026531285528678,-0.007784089584,-8.730629553695298
DOGEUSDT,1663977600000,1,1887.0,-0.5782372857849121,0.1192484896867414,1664064000000,exit,0.0633479641386507,0.06304153208471062,-0.0351102908624901,-0.7325960663341435
DOGEUSDT,1664064000000,-1,1540.0,1.8038243876727449,0.0961821372354252,1664574120000,stop,0.06304159053848153,0.061870276001031704,0.091651474841696,1.7992937252790155
DOGEUSDT,1664582400000,1,3262.0,-3.638299456931898,0.19931232400526494,1664668800000,exit,0.061658943511260236,0.0605435850020843,-0.0391304809672,-3.8767422619043628
DOGEUSDT,1664668800000,-1,2969.0,-3.272962928857134,0.18139048751047543,1664899620000,stop,0.06054361941598076,0.06164599830747861,0.1023825976323467,-3.351970818735263
DOGEUSDT,1664928000000,1,2751.0,-9.761466467417431,0.17616285559099104,1665145800000,stop,0.06581010135394394,0.06226176748719823,-0.1177604218056,-10.055389744814024
DOGEUSDT,1665273600000,-1,4099.0,4.610276462277519,0.2501280221595346,1665711000000,stop,0.06158408401821745,0.06045935201961352,0.2646393518356932,4.624787791953677
DOGEUSDT,1666742400000,1,2773.0,155.35274431862945,0.2523442463667208,1667520600000,stop,0.0629887754083686,0.11901212352183034,-0.29319316726322814,154.80720690499948
DOGEUSDT,1671148800000,-1,1569.0,13.767575024674844,0.12613541140692974,1671709020000,stop,0.08477960415504598,0.07600485907877139,0.025864093272072612,13.667303706539988
DOGEUSDT,1672272000000,-1,2245.0,-1.6418419834614524,0.15873937542846794,1672643640000,stop,0.0703422959629119,0.071073628694966,0.05334683468666151,-1.7472345242032588
DOGEUSDT,1673740800000,1,1000.0,-6.440420355817683,0.0841231862318959,1674058860000,stop,0.08734339640980474,0.08090297605398705,-0.17973397983250003,-6.704277521882079
DOGEUSDT,1674432000000,1,1111.0,-6.026237185661564,0.09507824025399805,1674599280000,stop,0.08829105206735267,0.082866896184669,-0.09751215232377082,-6.218827578239333
DOGEUSDT,1675209600000,1,859.0,-4.739680297054925,0.08025480738764308,1675601820000,stop,0.09618701692220086,0.09066934486509384,-0.16821000044479076,-4.9881451048873595
DOGEUSDT,1675987200000,-1,1284.0,-4.688980621238649,0.10688554139487438,1676193960000,stop,0.0814182640843108,0.08507011815069604,0.0300390290467968,-4.765827133586726
DOGEUSDT,1676505600000,1,1719.0,-6.132198781185296,0.1503769631885269,1676837940000,stop,0.08926297997621847,0.08569567411165459,-0.17696704767292804,-6.459542792046751
DOGEUSDT,1677024000000,-1,2024.0,-7.205694956367542,0.17653347900244443,1677058800000,stop,0.08544003533807346,0.08900016130465821,0.01707244,-7.365155995369987
DOGEUSDT,1677196800000,1,1539.0,-7.324809222306118,0.12598025230617338,1677278280000,stop,0.08423824361099834,0.07947878342756357,-0.025614748179000002,-7.476404222791291
DOGEUSDT,1677283200000,-1,2081.0,25.464317658908435,0.1555590898624941,1678653900000,stop,0.08087037419122936,0.06863379674821714,0.4146289081173543,25.723387477163296
DOGEUSDT,1680393600000,1,1819.0,-6.725642000031615,0.14548831687410418,1680447780000,stop,0.08183130174498077,0.07813386249262692,-0.015304549404,-6.8864348663097195
DOGEUSDT,1680566400000,1,658.0,-5.314223375827405,0.06050643934813679,1680814020000,stop,0.0959932386566117,0.08791691133772507,-0.049734806296,-5.424464621471541
DOGEUSDT,1681948800000,-1,1083.0,6.808624294396695,0.09168892250006377,1682504160000,stop,0.08780538748592993,0.08151856911621923,0.08717305065059999,6.804108422547231
DOGEUSDT,1682812800000,1,3823.0,-7.978832503922124,0.3077322723446725,1682899200000,exit,0.08153850081000093,0.07945144025443668,-0.07570659272861119,-8.362271368995408
DOGEUSDT,1682899200000,-1,3811.0,-2.973279116927293,0.30427608566136743,1683153120000,stop,0.07945144216817208,0.08023162561527974,0.1874667160891367,-3.090088486499524
DOGEUSDT,1683417600000,-1,2721.0,10.802541965996426,0.2032245971183037,1684115580000,stop,0.07667249838342592,0.07270243518386825,0.17981167321939562,10.779129042097518
DOGEUSDT,1686009600000,-1,2642.0,-9.964659278298678,0.18028730894452516,1686074760000,stop,0.06635313372648594,0.07012476857822654,-0.019914813563966603,-10.164861400807169
DOGEUSDT,1686441600000,-1,1338.0,-1.298189218666948,0.08318105118883964,1687097160000,stop,0.06168307666629759,0.06265332271911295,0.04988248816227361,-1.3314877816935138
DOGEUSDT,1688601600000,1,2099.0,-4.587194091722896,0.13826838674796155,1688688000000,exit,0.06696616664784324,0.06478074783330161,0.0088765301571,-4.7165859483137575
DOGEUSDT,1688688000000,-1,2055.0,-0.9564407307610262,0.1336026715558729,1689120000000,exit,0.06478075483722258,0.06524617611739826,0.0310003605202575,-1.0590430417966414
DOGEUSDT,1689120000000,1,3879.0,-1.0323091914496387,0.25257472642956214,1689206400000,exit,0.06524642460048645,0.06498029694092222,-0.01766180584347931,-1.30254572372268
DOGEUSDT,1689206400000,-1,4149.0,-7.150937508339465,0.2731785918811741,1689262980000,stop,0.06498026587780294,0.06670379865879582,0.026881371,-7.397234729220639
DOGEUSDT,1689292800000,1,2743.0,-7.720188033499992,0.18933048250711787,1689359400000,stop,0.07043039610786288,0.06761589080946696,-0.039180191843,-7.94869870785011
DOGEUSDT,1689984000000,1,1690.0,-3.385050645633511,0.12199635131787309,1690192260000,stop,0.07318868440277505,0.07118569585506292,-0.08282173636724001,-3.5898687333186245
DOGEUSDT,1690329600000,1,1008.0,-5.8442603540551445,0.07956455004615236,1690522800000,stop,0.08183202403093247,0.0760341466955603,-0.036766408903358395,-5.960591313004655
DOGEUSDT,1692230400000,-1,2111.0,6.091783807422612,0.13866935721364768,1692526500000,stop,0.06713180915080956,0.06424607546657336,-0.034674260513142506,5.918440189695822
DOGEUSDT,1694476800000,-1,2920.0,-5.4095278949938885,0.17917158066709882,1694812260000,stop,0.0604338413423294,0.06228641938856019,0.116352963246196,-5.472346512414791
DOGEUSDT,1696896000000,-1,4379.0,-4.192976748590331,0.25907521879205164,1697286600000,stop,0.05868434126918394,0.05964186050841443,-0.021094931747582188,-4.473146899129964
DOGEUSDT,1698019200000,1,4630.0,31.068381792955044,0.30105462635544533,1698523200000,stop,0.061667480660684185,0.06837771430927059,-0.5349795958699999,30.2323475707296
DOGEUSDT,1699315200000,1,1832.0,-10.252963397126559,0.13491382392455512,1699546320000,stop,0.07644121485978078,0.07084461911899118,-0.150385567278672,-10.538262788329785
DOGEUSDT,1699747200000,1,1039.0,-6.2882409040629135,0.07844164989789704,1699985580000,stop,0.07852335933583109,0.07247115442335475,-0.1143184548873819,-6.481001008848192
DOGEUSDT,1700179200000,1,1102.0,-0.25486810709762,0.08749057397029997,1700489460000,stop,0.07950817425031649,0.07927689647618072,-0.105118563539668,-0.447477244607588
DOGEUSDT,1701734400000,1,1391.0,6.313454156239374,0.13112912615947758,1702260720000,stop,0.0920002869024859,0.09653907493716556,-0.6256383370322345,5.556686693047662
DOGEUSDT,1704326400000,-1,1283.0,0.4973986354135812,0.104918913694547,1704754740000,stop,0.08197008029014326,0.08158239624071724,0.14562949383,0.5381092155490342
DOGEUSDT,1705795200000,1,1582.0,-10.260865281288245,0.13374882707801905,1705951860000,stop,0.08778714267930669,0.08130113428405496,-0.06739960077200001,-10.462013709138263
DOGEUSDT,1706054400000,-1,1465.0,-2.9032032800788157,0.11594275098545265,1706386080000,stop,0.07815095518458241,0.0801326639081857,0.12706090035,-2.892085130714268
DOGEUSDT,1707436800000,1,4456.0,7.50302845388447,0.3596437685664925,1707523200000,exit,0.07986810016596728,0.08155190367895751,-0.109129569968,7.0342551153499775
DOGEUSDT,1707523200000,-1,3444.0,-7.43819193157006,0.2845844216080493,1707637980000,stop,0.0815520690018189,0.08371182275663017,0.083947899504,-7.638828453674109
DOGEUSDT,1707696000000,1,3419.0,-0.430619895278878,0.277503351066553,1707868800000,exit,0.08122803773448153,0.0811020886571844,-0.2256531813153215,-0.9337764276607525
DOGEUSDT,1707868800000,-1,2501.0,-9.866467084184439,0.20776998738235924,1707930300000,stop,0.08110226063185406,0.08504726946199578,0.1010523478854933,-9.973184723681305
DOGEUSDT,1707955200000,1,2214.0,-6.911610713249803,0.18601614143167716,1708180380000,stop,0.08557901842290065,0.08245724303299559,-0.27069339226395234,-7.368320246945433
DOGEUSDT,1708387200000,1,2467.0,-10.279691933249579,0.21567237031281705,1708440000000,stop,0.08950637060374618,0.08533949101994011,-0.054016448228242496,-10.549380751790638
DOGEUSDT,1709078400000,1,1295.0,29.764921896175363,0.14140994452026823,1709450820000,stop,0.09770462051905833,0.12068911619178062,-1.24293909614539,28.380572855509705
DOGEUSDT,1709510400000,1,314.0,0.5086789492366726,0.04851544519241294,1709658540000,stop,0.15369778891017388,0.15531778556379386,-0.19535165711384161,0.26481184693041804
DOGEUSDT,1711670400000,1,312.0,-5.853561549074457,0.06579279600199586,1711950600000,stop,0.22025505377093937,0.20149363854954688,-0.27822714633632883,-6.197581491412782
DOGEUSDT,1713052800000,-1,285.0,-2.4687431617785283,0.044703406311688884,1713225600000,exit,0.15252292887999866,0.1611851855879935,0.020320322488975504,-2.4931262456012417
DOGEUSDT,1713225600000,1,258.0,-5.035257106978669,0.03906813729289596,1713493020000,stop,0.1611851389394779,0.14166863852483189,-0.004615564053370798,-5.078940808324935
DOGEUSDT,1713657600000,1,591.0,-0.8338501530144603,0.09564529770609392,1713830400000,exit,0.1625418321194605,0.16113091815496902,-0.0161727838369023,-0.9456682345574565
DOGEUSDT,1713830400000,-1,791.0,19.599299413598033,0.11765473484296864,1714740180000,stop,0.1611307010742954,0.13635282570944326,0.14342141201885633,19.62506609077392
DOGEUSDT,1714867200000,1,599.0,0.48415161694043973,0.09612506133323076,1714953600000,exit,0.1600717621448423,0.16088002861719697,-0.0016086620200477,0.3864178935871613
DOGEUSDT,1714953600000,-1,589.0,8.68854990509343,0.09041406876416103,1715605440000,stop,0.1608800402660573,0.14612868219289357,0.132987786447759,8.731123622777027
DOGEUSDT,1715817600000,1,686.0,-3.90008882536852,0.10457845674943826,1715904000000,exit,0.15528936029463924,0.14960409961625948,-0.026328853283600004,-4.0309961354015575
DOGEUSDT,1715904000000,-1,896.0,-5.299154715118412,0.13669467991698012,1715990400000,exit,0.14960390910649654,0.15551814427961977,0.0326904203090304,-5.403158974726361
DOGEUSDT,1715990400000,1,952.0,-7.665232619083165,0.14422070435686207,1716154440000,stop,0.15551819397731476,0.14746647904130303,-0.060608272704,-7.870061596144027
DOGEUSDT,1716163200000,-1,1206.0,-10.244507767772278,0.18478614932701065,1716233760000,stop,0.1489750376808661,0.15746965440372868,0.036569195496000004,-10.392724721603289
DOGEUSDT,1716249600000,1,937.0,-10.095839701367975,0.15027140109986528,1716494400000,stop,0.16576234893335035,0.15498770677607396,-0.1406410191470512,-10.38675212161489
DOGEUSDT,1716681600000,1,554.0,-6.159558566817449,0.09338655803707957,1716870900000,stop,0.17412696267236155,0.16300862590915316,-0.060830379244400004,-6.313775504098928
DOGEUSDT,1717459200000,-1,1269.0,-7.800986508045772,0.20490177264689854,1717676580000,stop,0.158393443177995,0.1645407926721209,0.2777591733238548,-7.728129107368815
DOGEUSDT,1717804800000,-1,882.0,2.4683136002913897,0.12947375032748973,1718197440000,stop,0.14819490604040297,0.14539636454347396,0.16500385351800004,2.5038437034818997
DOGEUSDT,1718409600000,-1,916.0,9.148284426286542,0.11896200701494072,1719127560000,stop,0.13486479173371616,0.12487758166135092,0.09986582362159041,9.129188242893191
DOGEUSDT,1719273600000,-1,1168.0,-10.237248335176433,0.14402512377203647,1719330000000,stop,0.11892679760654813,0.12769156501680193,0.014240630928000002,-10.36703282802047
DOGEUSDT,1720051200000,-1,1504.0,17.211775001427597,0.16947900662053678,1720225920000,stop,0.11840750938912936,0.10696351005307378,-0.0756574970842144,16.966638497722844
DOGEUSDT,1721433600000,1,1208.0,4.217190327253764,0.1536208504516653,1721753580000,stop,0.12542405239076027,0.128915103986169,-0.1671065576103192,3.8964629191917792
DOGEUSDT,1721952000000,-1,951.0,-8.577695471823384,0.12331108722854414,1722038400000,exit,0.1251548259649132,0.13417448471551613,0.03645032684940001,-8.664556232202528
DOGEUSDT,1722038400000,1,958.0,-5.555792394405398,0.12576126485217132,1722342540000,stop,0.13417448961312528,0.12837512385696098,-0.09220709452276381,-5.7737607537803335
DOGEUSDT,1722470400000,-1,1271.0,26.799064471964154,0.14146751358191623,1722906900000,stop,0.12184661354673351,0.10076159035872079,0.040351063737471805,26.69794802211971
DOGEUSDT,1726272000000,1,1678.0,-8.028770982690753,0.1753998419603799,1726441860000,stop,0.10692147047182675,0.10213674402207064,-0.0565446435136048,-8.260715468164738
DOGEUSDT,1726531200000,-1,1890.0,-2.7971595332339105,0.18962416681374977,1726617600000,exit,0.09959025769689567,0.10107023628590832,0.025106719656815997,-2.9616769803908443
DOGEUSDT,1726617600000,1,1697.0,7.464804625670325,0.17524848395646353,1726876800000,exit,0.10107017185835496,0.1054689960337647,-0.11281762890635999,7.1767385128075025
DOGEUSDT,1726876800000,-1,1669.0,-6.971350456196473,0.17951344677448658,1726929480000,stop,0.10546900631898642,0.10964596884516765,0.0152146967803776,-7.135649206190582
DOGEUSDT,1726963200000,1,1800.0,-9.742006665217076,0.19299113403160317,1727042460000,stop,0.10992340964678429,0.1045111837216637,-0.030311314917120004,-9.965309114165798
DOGEUSDT,1727049600000,-1,1826.0,-6.36206241304168,0.19720744598199075,1727222400000,exit,0.1062576203589649,0.10974177283051018,0.10716530414307081,-6.4521045548805995
DOGEUSDT,1727222400000,1,1450.0,13.4534925577405,0.16585210113629212,1727705760000,stop,0.1097416240396013,0.11901989476907751,-0.249323028956755,13.038317427647453
BNBUSDT,1633752000000,1,1.05,-4.473881644360222,0.4432259012029012,1633797840000,stop,424.25032573817265,419.9894860768772,-0.032429049975,-4.949536595538123
BNBUSDT,1634169600000,1,0.19,-3.4231030487612024,0.08762947580871205,1634502060000,stop,470.2159333320666,452.1996014964813,0.33820918313313286,-3.172523341436782
BNBUSDT,1634601600000,1,0.39,-2.4626220050262857,0.18777527163698668,1634826300000,stop,484.63226317820465,478.31784778070136,0.6144811302709677,-2.0359161463923043
BNBUSDT,1635552000000,1,0.26,25.298488560977365,0.15064830991298328,1636505100000,stop,530.7656370480561,628.0675161287382,0.10659169926155909,25.25443195032594
BNBUSDT,1638748800000,-1,0.13,-3.80110247220039,0.0743863154644368,1638835200000,exit,557.5828017564354,586.8220515425922,-0.04760976593394432,-3.9230985535987712
BNBUSDT,1638835200000,1,0.17,-2.991073794194978,0.09826429515457963,1639094400000,exit,586.8225414804535,569.2279897498948,0.42792800637190986,-2.661410082977648
BNBUSDT,1639094400000,-1,0.22,7.075613554447125,0.12169223806517618,1639865520000,stop,569.2274765563625,537.065596763421,-0.6636702201804331,6.290251096201517
BNBUSDT,1639872000000,1,0.3,-1.2086408373381232,0.15950926365815718,1639958400000,exit,533.7119469227541,529.683144131627,0.0,-1.3681501009962804
BNBUSDT,1639958400000,-1,0.36,-2.879238925233885,0.19212539853373947,1640162460000,stop,529.682719642007,537.6806055454344,0.0,-3.0713643237676247
BNBUSDT,1640736000000,1,0.33,-6.507431783050982,0.17301554807616265,1640822400000,exit,534.1492847505701,514.4297944989005,0.0,-6.680447331127144
BNBUSDT,1640822400000,-1,0.29,-4.4424044455348906,0.15140592363435615,1641141240000,stop,514.4300738330645,529.7487098521503,0.0,-4.593810369169247
BNBUSDT,1641340800000,-1,0.43,24.9331877008169,0.20547843608716326,1641888000000,stop,506.84890683156215,448.86474938780196,-0.13813994148136124,24.589569323248377
BNBUSDT,1642809600000,-1,0.21,-0.5064463857927478,0.08079554944304299,1643188920000,stop,383.53488690546004,385.946536361616,-0.0684548451762525,-0.6556967804120433
BNBUSDT,1644278400000,1,0.39,-7.8744580011827034,0.16499933206925257,1644345900000,stop,433.1706694098562,412.9797514581057,0.0,-8.039457333251956
BNBUSDT,1644364800000,-1,0.33,-1.9711588296983962,0.13560554914910228,1644888840000,stop,407.9393022250093,413.91251079985295,-0.04839528353246235,-2.1551596623799605
BNBUSDT,1645401600000,-1,0.42,3.8451249044465294,0.1577930977298379,1645795980000,stop,380.27538138585993,371.12032208955867,-0.16202662890798702,3.5253051778087046
BNBUSDT,1646179200000,1,0.27,0.07748902754479219,0.11037114345858512,1646265600000,exit,408.6385146104175,408.9255110087315,0.040680392651564944,0.00779827673777201
BNBUSDT,1646265600000,-1,0.3,5.683403887064787,0.11983590491513965,1646796060000,stop,408.9253561955735,389.9806765720242,-0.6112674962023675,4.95230048594728
BNBUSDT,1647216000000,-1,0.65,-10.018532851507564,0.23967716170740128,1647396420000,stop,361.0275312025346,376.4406586663924,-0.06465584605032423,-10.32286585926529
BNBUSDT,1647993600000,1,0.5700000000000001,10.757340755009757,0.23569361581708403,1648778040000,stop,404.0613077887353,422.9338354291033,-0.021856973352270336,10.499790165840404
BNBUSDT,1648857600000,1,0.34,-4.353121490070923,0.15003599422297392,1649204400000,stop,447.6839852000275,434.8806866998189,0.0,-4.503157484293897
BNBUSDT,1649721600000,-1,0.47000000000000003,-10.208961295095095,0.19038866737642385,1649768280000,stop,394.22167389122615,415.9428681361093,-0.00388347323,-10.403233435701518
BNBUSDT,1649808000000,1,0.38,1.381786310437526,0.15782000747839686,1650153600000,exit,413.4976692715213,417.1339490358306,0.08570314910154725,1.3096694520606764
BNBUSDT,1650153600000,-1,0.84,4.441223956666624,0.3481704749061816,1650301800000,stop,417.1322462910892,411.8450749141051,-0.0592483010525159,4.033805180707927
BNBUSDT,1650326400000,1,0.5700000000000001,-3.9143829600858635,0.23557304839332327,1650573240000,stop,416.719719076081,409.85238054961457,0.0,-4.149956008479187
BNBUSDT,1650672000000,-1,0.51,3.062610754334423,0.20574814695517146,1650912480000,stop,406.4302986908601,400.4251795647142,-0.0906929699011559,2.7661696374780957
BNBUSDT,1651363200000,-1,0.47000000000000003,-7.38481263949939,0.18063440832073202,1651679820000,stop,376.4723446829411,392.18471200102493,-0.3127127114985381,-7.87815975931866
BNBUSDT,1651968000000,-1,0.47000000000000003,15.659431681342857,0.16384754705241467,1652164740000,stop,365.2707721129491,331.9528323654111,-0.0780758557506187,15.417508278539824
BNBUSDT,1652313600000,-1,0.17,-6.357877119681585,0.049286267772910425,1652414160000,stop,271.2195836062919,308.61886078088946,-0.14570968799502373,-6.552873075449519
BNBUSDT,1655164800000,-1,0.27,2.7236492080174983,0.05878632304045413,1655665140000,stop,222.77091720171433,212.68332754239026,-0.12028602203206788,2.5445768629449765
BNBUSDT,1657756800000,1,0.67,13.98934498772761,0.16130712775080003,1658372520000,stop,230.31709739841224,251.19671678308035,0.025320908501785047,13.853358768478595
BNBUSDT,1658966400000,1,0.55,3.6738489847257543,0.151194287289603,1659405660000,stop,271.55884144952745,278.23856687630155,-0.00657942120128359,3.5160752762348677
BNBUSDT,1659657600000,1,0.43,0.7106409055065694,0.1344058792944952,1660054020000,stop,311.7454856784696,313.39813894708954,0.007632857481596585,0.5838678836936708
BNBUSDT,1661731200000,-1,0.63,-7.812987901386783,0.17791412554623304,1661821800000,stop,276.2025898341899,288.60415793162923,-0.044565146415258085,-8.035467173348273
BNBUSDT,1662508800000,-1,0.62,-10.143944231386824,0.16764399113183068,1662584400000,stop,262.2129338969956,278.57413427020015,-0.06354147396245131,-10.375129696481105
BNBUSDT,1662854400000,1,0.6900000000000001,-7.752920234381075,0.20070116343268787,1663072380000,stop,296.4893094925774,285.2531932108657,0.007060774615794883,-7.946560623197969
BNBUSDT,1663113600000,-1,0.5700000000000001,-0.8999641844183931,0.1584556664812032,1663459200000,exit,277.2029550684105,278.7818396024779,-0.19212033337789888,-1.2505401842774952
BNBUSDT,1663459200000,1,0.98,-9.322916993813312,0.26854545812484204,1663535340000,stop,278.78256798137625,269.2693873754443,0.061107904899999996,-9.530354547038154
BNBUSDT,1663545600000,-1,0.9,-5.84281293293011,0.24247044279037433,1663628220000,stop,266.16559591545473,272.6576102853771,-0.11155331743009686,-6.196836693150582
BNBUSDT,1663804800000,1,0.58,6.656644362757234,0.1562832405960446,1663891200000,exit,263.7153765770103,275.19234961624693,0.03546815987107133,6.535829282032261
BNBUSDT,1663891200000,-1,0.61,-6.036449004199335,0.17088552169547863,1663997760000,stop,275.1922904809491,285.08810852062015,-0.015285456332659878,-6.222619982227474
BNBUSDT,1664496000000,1,0.66,1.5500094276878338,0.18826356299869673,1665091020000,stop,284.0735731588679,286.4220722917282,0.03435341931678862,1.3960992840059259
BNBUSDT,1665273600000,-1,0.92,3.6269844896326506,0.2523166887980832,1665687360000,stop,276.2284576553256,272.2860832100727,-0.042499137984,3.332168662850567
BNBUSDT,1666742400000,1,0.92,51.94726132591532,0.28731893630462385,1667778360000,stop,284.0709843931154,340.53539887780596,0.6535396294644625,52.31348201907516
BNBUSDT,1668038400000,-1,0.13,-4.864693795945286,0.0370729193277421,1668124800000,exit,266.46594176745737,303.8866632747288,-0.08294827097279679,-4.984714986245825
BNBUSDT,1668124800000,1,0.13,-3.4147184776165056,0.03779790698690649,1668350040000,stop,303.8866632747288,277.61959806229413,0.03971150718130689,-3.412804877422105
BNBUSDT,1668384000000,-1,0.46,-1.1500828896601172,0.12770692294044111,1668470400000,exit,276.3736554252414,278.8738356201547,-0.00888831608668492,-1.286678128687243
BNBUSDT,1668470400000,1,0.43,-3.0837750852369585,0.11837383178376412,1668643200000,exit,278.8737658753084,271.70219590964103,0.0,-3.2021489170207227
BNBUSDT,1668643200000,-1,0.59,-1.292742333799282,0.16095046897886722,1668816000000,exit,271.70186069825013,273.89294939960484,-0.020202199794,-1.4738950025721493
BNBUSDT,1668816000000,1,0.8200000000000001,-7.0831917340810895,0.2210509628136905,1668980940000,stop,273.89336424479393,265.25532554469504,0.007546840326453444,-7.296695856568326
BNBUSDT,1668988800000,-1,0.99,-2.3862393243982516,0.26264136010147887,1669157280000,stop,264.08913175684825,266.4994745087657,-0.021195594288,-2.6700762787877306
BNBUSDT,1669248000000,1,0.42,-0.2417771700977221,0.12524107361263534,1669598460000,stop,298.48086237543856,297.90520244663446,1.2581342759219465,0.8911160322115891
BNBUSDT,1670112000000,-1,0.92,1.7668453495009864,0.2662237546585171,1670284800000,exit,290.3338884057256,288.41340433018104,0.0,1.5006215948424693
BNBUSDT,1670284800000,1,1.06,-8.038493338292124,0.3016992053285361,1670397180000,stop,288.4136339600775,280.83014967866984,0.0,-8.34019254362066
BNBUSDT,1670544000000,-1,0.97,4.270961674256093,0.2794779129688756,1670630400000,exit,290.3230863979419,285.92003312551293,0.0,3.991483761287218
BNBUSDT,1670630400000,1,1.07,2.2343497732875326,0.3070517809436858,1670716800000,exit,285.92019257667476,288.0083699348874,0.0,1.927297992343847
BNBUSDT,1670716800000,-1,1.23,9.960916131516873,0.3492695380537346,1670941140000,stop,288.0081269264171,279.9098211284359,0.0,9.611646593463139
BNBUSDT,1671148800000,-1,0.61,3.9803798717889465,0.15589190185591606,1671337620000,stop,258.82310129805006,252.29788839347805,-0.42967778245374905,3.394810187479281
BNBUSDT,1673222400000,1,1.12,-2.578181593306563,0.306401691725383,1673308800000,exit,274.7239129661038,272.4219651149372,0.0,-2.8845832850319457
BNBUSDT,1673308800000,-1,0.77,-8.95514036035218,0.21424290027297993,1673479980000,stop,272.42250661403097,284.05255903007276,-0.11671022617099999,-9.28609348679616
BNBUSDT,1673481600000,1,0.8200000000000001,6.527348378228014,0.236778221297284,1673773800000,stop,284.77383793679263,292.7340188858512,-0.016229298760070635,6.2743408581706595
BNBUSDT,1675036800000,1,0.7000000000000001,-10.151156207783538,0.21692730488700787,1675105800000,stop,317.14697570128516,302.6453239758801,-0.00486466904,-10.372948181710546
BNBUSDT,1675296000000,1,0.63,2.26503399063126,0.2009844370413273,1675911840000,stop,317.2252699143042,320.82056196292524,-0.22664054437553094,1.8374090092144018
BNBUSDT,1676332800000,-1,0.49,-6.440139923161381,0.14728828212859035,1676491200000,exit,294.01675952450955,307.1599022248389,-0.0694773403035431,-6.656905545593514
BNBUSDT,1676505600000,1,0.62,-6.874747992635105,0.19328084205959895,1676588700000,stop,317.28744525147823,306.19914203755064,-0.010644445303123112,-7.078673279997827
BNBUSDT,1677283200000,-1,0.72,-4.56936296321765,0.21978706997232694,1677456000000,exit,302.08665068155295,308.43298813046636,-0.12587655102076575,-4.915026584210742
BNBUSDT,1677456000000,1,0.97,-3.8188916391342986,0.29727102980959863,1677542400000,exit,308.4334800300678,304.49647834023864,0.043215369008044596,-4.072947299935852
BNBUSDT,1677542400000,-1,1.02,3.369467286098591,0.3089015837848581,1677628800000,exit,304.49638963520334,301.1929903351067,-0.107171885316,2.9533938169977327
BNBUSDT,1677628800000,1,1.08,-1.5284308307253696,0.3245243242287448,1677801600000,exit,301.19309226306245,299.77787853090933,0.17576680937763994,-1.6771883455764744
BNBUSDT,1677801600000,-1,1.06,8.793081554007218,0.31336804589220885,1678290960000,stop,299.7779119520872,291.4825519954766,-0.342558535709228,8.13715497240578
BNBUSDT,1678406400000,-1,0.66,-3.1712589286447477,0.18433014772536954,1678646460000,stop,276.8856337288593,281.6905714995332,-0.29629107578945796,-3.651880152159575
BNBUSDT,1678838400000,1,0.33,6.490642422325316,0.10510540551773707,1679382480000,stop,308.6669221411346,328.3355355421204,1.7242450317876437,8.109782048595223
BNBUSDT,1680480000000,-1,1.59,-4.628688167389876,0.5008702711154036,1680696900000,stop,313.55718681239534,316.4683114459739,-0.48156387969097514,-5.611122318196255
BNBUSDT,1681171200000,1,1.73,6.838953770575965,0.554475014482895,1681255860000,stop,318.52921248416595,322.482364952707,-0.0581943190864638,6.226284437006606
BNBUSDT,1681603200000,1,0.8,1.3224560682834636,0.26732926445001587,1681887420000,stop,333.33504551984265,334.988115605197,-0.4459296233683304,0.6091971804651174
BNBUSDT,1683676800000,-1,1.0,-0.6297160934165049,0.312212740906774,1684045200000,stop,311.89788286006575,312.52759895348225,-0.4627944953288884,-1.4047233296521673
BNBUSDT,1685318400000,1,1.74,-4.207799440659342,0.5449082720823764,1685404800000,exit,314.37481138086554,311.9565358402567,-0.20260770390156785,-4.955315416643287
BNBUSDT,1685404800000,-1,1.32,91.46904087057645,0.36604893125860627,1686657300000,stop,311.95716037416247,242.66243244190758,-0.1524558054424961,90.95053613387535
BNBUSDT,1689033600000,1,1.04,2.370135627930695,0.2570084264977963,1689357600000,stop,245.98399873445288,248.26297529977086,1.719127793336892,3.8322549947697904
BNBUSDT,1689552000000,-1,0.85,0.553667200910759,0.20532495274030588,1690070400000,exit,241.88445451854264,241.23308134100057,-0.025171906095575514,0.32317034207487766
BNBUSDT,1690070400000,1,1.8800000000000001,2.43790778049872,0.4547392538766909,1690156800000,exit,241.23420212044763,242.53096157815972,-0.06990143018320288,1.9132670964388263
BNBUSDT,1690156800000,-1,2.23,7.78682951445743,0.5369499440896199,1690243200000,exit,242.53065419141197,239.03880239120684,0.006434342096,7.256313912463811
BNBUSDT,1690243200000,1,1.47,-1.7432589098336888,0.35051439380112426,1690329600000,exit,239.03811105853134,237.85222064367852,-0.030892890105,-2.124666193739813
BNBUSDT,1690329600000,-1,1.37,-6.653404107318951,0.3291843848040316,1690434540000,stop,237.8523231754541,242.7088225238621,0.000615547136887326,-6.981972944986095
BNBUSDT,1690934400000,1,1.1300000000000001,-9.988754365306756,0.2751123701606503,1690995000000,stop,247.882077294959,239.04247166194418,0.0,-10.263866735467406
BNBUSDT,1691020800000,-1,0.92,-2.9508984882202447,0.22285660668099216,1691281320000,stop,240.6316928661761,243.83919122293725,0.0,-3.173755094901237
BNBUSDT,1691366400000,1,2.27,-2.9917306481738093,0.5507247585170494,1691452800000,exit,243.26899728684415,241.95105427002753,0.0,-3.5424554066908587
BNBUSDT,1691452800000,-1,2.07,-10.17531039594384,0.5059266898708088,1691518380000,stop,241.95122447963135,246.86683336656074,0.0,-10.681237085814647
BNBUSDT,1691539200000,1,1.72,-8.805100151033098,0.4174238190962527,1691722800000,stop,245.24788905335419,240.12864477949773,0.062412571535999994,-9.16011139859335
BNBUSDT,1691798400000,-1,2.21,54.96788566539507,0.5023360976369795,1692749700000,stop,239.73757487315703,214.86522841822713,-3.6614579393994595,50.804091628358634
BNBUSDT,1694995200000,1,2.2800000000000002,-0.7687532735475942,0.49279836756796624,1695081600000,exit,216.30822114242983,215.97104865403176,0.0,-1.2615516411155605
BNBUSDT,1695081600000,-1,1.61,-2.00572134451135,0.34871706962700777,1695168000000,exit,215.97155835698885,217.21734801196484,0.00896831360724915,-2.3454701005311085
BNBUSDT,1695168000000,1,1.45,-4.0974724842975645,0.31291621835965255,1695254400000,exit,217.2172100702078,214.3913669775888,0.0,-4.410388702657217
BNBUSDT,1695254400000,-1,1.3900000000000001,3.3955338384236966,0.29630630635021293,1695693180000,stop,214.39141961829117,211.9485895187058,0.0,3.099227532073484
BNBUSDT,1696204800000,1,1.99,-8.014579105666309,0.4304151665464371,1696271940000,stop,218.30274175842726,214.27531507216278,-0.026691023757309033,-8.471685295970055
BNBUSDT,1696291200000,-1,1.4000000000000001,3.695537150787374,0.29872103859011473,1696931520000,stop,214.69200511822027,212.0523357248007,0.09255630411999999,3.4893724163172593
BNBUSDT,1697155200000,-1,1.46,-5.40268018485759,0.30239803810773236,1697375940000,stop,205.27171096938602,208.9721768494255,0.0,-5.705078222965322
BNBUSDT,1697846400000,1,1.8800000000000001,13.059134202082634,0.405424654926951,1698331080000,stop,212.1782382052711,219.1245861851023,-0.924747870319983,11.728961676835699
BNBUSDT,1698969600000,1,1.01,11.610245393094315,0.24015531562243841,1699546320000,stop,232.02989398603094,243.52518645444115,-0.7965523572771507,10.573537720194727
BNBUSDT,1701302400000,-1,1.2,-0.29571856759481535,0.2730543196876286,1701388800000,exit,227.422050336526,227.66848247618836,0.18924499895297772,-0.37952788832946627
BNBUSDT,1701388800000,1,1.61,2.5004037418229426,0.3677970973913879,1701561600000,exit,227.66887920526486,229.22192500763933,-0.31351933918632036,1.8190873052452345
BNBUSDT,1701561600000,-1,2.0300000000000002,-6.987190092394442,0.46881337117346655,1701670920000,stop,229.22156459471393,232.6635301574698,0.3250393001070642,-7.1309641634608445
BNBUSDT,1701907200000,1,1.02,3.2484191597302914,0.23583022784351176,1701993600000,exit,229.61374339573197,232.79846806213422,-0.2314994791814855,2.7810894527052943
BNBUSDT,1701993600000,-1,0.99,-6.238520286363971,0.23358977857091223,1702080000000,exit,232.79850346235378,239.10003910514567,0.33067437795187427,-6.141435686983009
BNBUSDT,1702080000000,1,0.93,-5.496641556989552,0.21961464546848053,1702260720000,stop,239.09996370642506,233.1895964408449,-0.4442182635969316,-6.160474466054964
BNBUSDT,1702339200000,1,0.59,-1.384789861995614,0.14482801367787312,1702682400000,stop,246.6447603540186,244.29765889300907,0.46045256755194963,-1.0691653081215375
BNBUSDT,1703116800000,1,0.78,1.3192410975679616,0.2034477915155426,1703456160000,stop,259.98483457276745,261.6761693132392,0.834095152762908,1.9498884588153271
BNBUSDT,1703635200000,1,0.47000000000000003,8.409976589074518,0.14404237708945034,1704027360000,stop,297.526359138113,315.41992634890977,1.3841979164387161,9.650132128423783
BNBUSDT,1706227200000,-1,0.7000000000000001,-8.710564748612946,0.20880814722019442,1706324940000,stop,292.0755212084113,304.51918513500124,0.0,-8.91937289583314
BNBUSDT,1706400000000,1,1.01,1.8999491320228419,0.3096981887669256,1706659200000,exit,305.69130118902393,307.572438943502,0.0,1.5902509432559162
BNBUSDT,1706659200000,-1,1.21,3.346444999341817,0.37048901556748676,1707056400000,stop,307.57209757616334,304.8064405519139,0.0,2.97595598377433
BNBUSDT,1707264000000,1,1.27,18.841794749426825,0.39395510931666106,1707706020000,stop,302.7828440487777,317.6189029065941,3.1820886878243297,21.629928327934493
BNBUSDT,1707782400000,1,0.96,20.05130288455837,0.32459324240653753,1708448280000,stop,327.6745739211024,348.56134775918406,0.4159735937408649,20.1426832358927
BNBUSDT,1708560000000,1,0.44,10.449694774075697,0.1718546943821017,1709658480000,stop,378.70419771605424,402.45350402077173,-0.027138030302251204,10.250702049391345
BNBUSDT,1709769600000,1,0.21,29.546019151825632,0.10500211630803771,1710445320000,stop,429.6624130101186,570.3577423045264,-0.4728072887572466,28.968209746760348
BNBUSDT,1710547200000,1,0.11,-8.68149954226875,0.06530495872216352,1710723540000,stop,633.1428044845262,554.2200813729921,-0.03379365492141982,-8.780598155912333
BNBUSDT,1713052800000,-1,0.14,0.1801015385818846,0.07736636504959518,1713484800000,exit,553.2601129920437,551.9736734307445,-0.39213093130528603,-0.28939575777299664
BNBUSDT,1713484800000,1,0.23,0.40003122394201795,0.12715416989926243,1713571200000,exit,551.9745838577887,553.713850048841,0.022690246304000003,0.29556730034675555
BNBUSDT,1713571200000,-1,0.22,-3.669776349380511,0.12365195531366417,1713657600000,exit,553.7139415407905,570.3947431288838,-0.0009688324361321761,-3.7943971371303076
BNBUSDT,1713657600000,1,0.31,6.114694042526219,0.1798799641383308,1714180260000,stop,570.3955390873151,590.1203585793352,0.8206810730998904,6.755495151487779
BNBUSDT,1715126400000,-1,0.39,-4.847615371263912,0.2269946494191704,1715212800000,exit,575.8226711116371,588.2524541148779,0.0,-5.074610020683083
BNBUSDT,1715212800000,1,0.36,-1.0825860585212967,0.21122950664941612,1715385600000,exit,588.2522213296577,585.2450378337652,0.09977507478514187,-1.194040490385571
BNBUSDT,1715385600000,-1,0.36,1.5807096686559634,0.20989785878582748,1715817600000,exit,585.2450378337652,580.8541776430542,-1.2041051079546548,0.1667067019154811
BNBUSDT,1715817600000,1,0.39,-3.8376349585270133,0.22461440087998216,1716154380000,stop,580.8544060493479,571.0143164120991,0.1960819518675984,-3.866167407539397
BNBUSDT,1716249600000,1,0.49,-0.2835773207506713,0.29374807303293216,1716471600000,stop,599.7752279455254,599.1964987195037,-0.3090874869297074,-0.8864128807133109
BNBUSDT,1717545600000,1,0.24,-3.3129647123835273,0.16303302620370896,1717783260000,stop,686.206285666253,672.4022660313217,-0.1447154083510436,-3.62071314693828
BNBUSDT,1718841600000,-1,0.29,5.238215595203328,0.1710605004724473,1719366060000,stop,598.8952009312034,580.8323885339505,0.0,5.0671550947308805
BNBUSDT,1720051200000,-1,0.46,19.581847057249256,0.24638001597600662,1720273740000,stop,556.8933467491983,514.3241140160477,0.0,19.335467041273247
BNBUSDT,1721088000000,1,0.44,-10.21949715503244,0.25234973987725656,1721115960000,stop,585.1352010335745,561.9090711357735,0.0,-10.471846894909698
BNBUSDT,1721174400000,-1,0.32,-4.209238837070079,0.1864298645451818,1721403720000,stop,576.0163910207712,589.1702623866151,0.0,-4.395668701615261
BNBUSDT,1721520000000,1,0.42,-2.497610424061588,0.24790284977578986,1721692800000,exit,593.2182261614778,587.2715346756169,0.0,-2.745513273837378
BNBUSDT,1721692800000,-1,0.4,2.022155907366869,0.23389759513877803,1721779200000,exit,587.2716827311536,582.2162929627365,0.0,1.7882583122280908
BNBUSDT,1721779200000,1,0.34,-6.68204665404445,0.1946123592666686,1721869740000,stop,582.2158311579142,562.5627527636658,0.0,-6.8766590133111185
BNBUSDT,1721952000000,-1,0.38,-3.8579155403330243,0.218873344087221,1722038400000,exit,570.9062797817223,581.0586890983882,0.0,-4.076788884420245
BNBUSDT,1722038400000,1,0.38,-2.383554473780141,0.21961052462049746,1722272400000,stop,581.0586890983882,574.7861773252826,-0.014120400585012183,-2.6172853989856506
BNBUSDT,1722470400000,-1,0.43,35.716485253301656,0.23015155172668794,1722953940000,stop,576.7669636124158,493.70537000008636,-0.013960120805237432,35.472373580769734
BNBUSDT,1724371200000,1,0.31,-5.572407027422088,0.17789043648499947,1724650020000,stop,582.8278709635823,564.8523644235111,0.24583487343227356,-5.504462590474814
BNBUSDT,1724716800000,-1,0.37,8.035244645298437,0.1987428325149181,1725310320000,stop,548.0012292907224,526.2843518709969,-0.010331589735,7.826170223048519
BNBUSDT,1725408000000,1,0.33,-3.6898297904097794,0.16938445124865092,1725494400000,exit,518.8768671025933,507.6955647074122,0.0,-3.8592142416584303
BNBUSDT,1725494400000,-1,0.32,1.6577305753755718,0.16163373680375753,1725580800000,exit,507.6956315357666,502.51522348771795,0.0,1.4960968385718143
BNBUSDT,1725580800000,1,0.35000000000000003,-8.141119100822525,0.17180983673470923,1725648960000,stop,502.5154179574871,479.25507766942275,0.0,-8.312928937557235
BNBUSDT,1725667200000,-1,0.34,-7.285823719594523,0.16923144767260756,1725869460000,stop,487.0251053317949,508.45399862472,0.0,-7.455055167267131
BNBUSDT,1726185600000,1,0.36,0.49869316923374296,0.19630615509906596,1726451400000,stop,544.6022458734697,545.9875046768967,0.0,0.302387014134677
BNBUSDT,1726531200000,-1,0.45,-5.7132326928053265,0.24286200843486533,1726617600000,exit,533.3453157521392,546.0413884028177,-0.06174953920134585,-6.017844240441537
BNBUSDT,1726617600000,1,0.38,7.898276412126547,0.2114446902046902,1726790400000,exit,546.0409263121761,566.8258642388249,0.12941956441316946,7.816251286335026
BNBUSDT,1726790400000,-1,0.4,-9.598665461681184,0.23152962084940132,1726960560000,stop,566.8257202964018,590.8223839506047,0.0,-9.830195082530587
BNBUSDT,1726963200000,1,0.43,-1.4199362627004608,0.2525640997854012,1727286420000,stop,589.0094602715149,585.7072829163975,-0.017460402152,-1.689960764637862
SOLUSDT,1634601600000,-1,0.8,1.031156334192906,0.12528016478891926,1634688000000,exit,157.24467869501964,155.9557332772785,0.09173764319376128,0.9976138125977481
SOLUSDT,1634688000000,1,0.97,38.50860204055352,0.1705313971695533,1635319680000,stop,155.9557692260583,195.6553589585877,-1.5934018504601075,36.74466879292386
SOLUSDT,1635897600000,1,0.46,9.158925264082045,0.10627323290130482,1636470120000,stop,221.07341362883432,240.98412072466485,-0.45800341575859216,8.594648615422148
SOLUSDT,1637798400000,-1,0.42,-1.8515067972228694,0.08736832391344802,1637884800000,exit,205.81564408294426,210.22399360014157,0.06926849621509942,-1.869606624921218
SOLUSDT,1637884800000,1,0.47000000000000003,-9.816315585426462,0.09389713015838899,1637914860000,stop,210.22401691723877,189.33823907590588,-0.03581678883125816,-9.94602950441611
SOLUSDT,1638057600000,-1,0.46,-3.692625067032033,0.09049442203117646,1638144000000,exit,192.71328151665313,200.74072731454885,0.026667956094160006,-3.756451532969049
SOLUSDT,1638144000000,1,0.53,4.296176049555013,0.10854068881074588,1638562680000,stop,200.7407561999403,208.84674874627052,-0.16215362686822005,4.025481733876047
SOLUSDT,1638662400000,-1,0.23,7.065098522002465,0.04259435259783423,1639593360000,stop,200.55174721232808,169.8339275514478,0.11685538299632817,7.139359552400959
SOLUSDT,1640563200000,1,0.74,-6.86945733994558,0.14296763231620152,1640660760000,stop,197.84102835969503,188.5579779003091,-0.04409199355328,-7.056516965815062
SOLUSDT,1640736000000,-1,0.59,-0.9487355665280378,0.10501478348517468,1641068880000,stop,177.1871452574757,178.79517164142152,0.11259646378713999,-0.9411538862260727
SOLUSDT,1641340800000,-1,0.9400000000000001,20.59911415015502,0.14748083270130763,1641995100000,stop,167.85147848551608,145.9375272619469,0.29812979016090013,20.749763107614612
SOLUSDT,1642723200000,-1,0.74,19.997161602729168,0.08429581141261606,1643205120000,stop,127.42485434321709,100.40166298817768,-0.05767008622728387,19.85519570508927
SOLUSDT,1645488000000,-1,0.81,-5.651860056841242,0.06995341407582667,1645731480000,stop,82.87343709556303,89.85104210400901,-0.03581609740809299,-5.757629568325162
SOLUSDT,1646092800000,1,0.81,0.8346994118071837,0.08112275295312435,1646265600000,exit,99.63630030521081,100.66679340620735,-0.04843153803627001,0.7051451208177894
SOLUSDT,1646265600000,-1,0.76,9.133842602650448,0.07193984610902374,1646798520000,stop,100.66679922414338,88.64858527328754,0.05178637526187057,9.113689131803296
SOLUSDT,1647216000000,-1,2.25,-10.267460479329774,0.1821378604731607,1647368700000,stop,78.66850232599813,83.23181809458914,0.09075915738,-10.358839182422933
SOLUSDT,1648080000000,1,1.28,40.057993989110386,0.141426074175984,1649202420000,stop,94.84146654799125,126.13677435198373,-0.5626928854912314,39.353875029443174
SOLUSDT,1649721600000,-1,0.93,-3.3305676029669287,0.09428836802518788,1649808000000,exit,99.594714219037,103.17596970609821,-0.006579118716000001,-3.4314350897081165
SOLUSDT,1649808000000,1,0.8,-0.9403431917415332,0.08207059220536733,1650153600000,exit,103.17595475154761,102.00052576187069,-0.030614632655619204,-1.0530284166025197
SOLUSDT,1650153600000,-1,1.67,-0.5844764946149381,0.17063297656779022,1650326400000,exit,102.0004421080735,102.35042803299264,0.026491656407154576,-0.7286178147755737
SOLUSDT,1650326400000,1,1.27,-1.0172951644516122,0.12947635165380705,1650578400000,stop,102.35039309923849,101.54937328470966,-0.10789116161247,-1.2546626777178893
SOLUSDT,1650758400000,-1,1.36,1.9424029126770224,0.13582895392073258,1650844800000,exit,100.58834954196404,99.16011210617211,0.015994157359794217,1.8225681161160838
SOLUSDT,1650844800000,1,1.79,3.1836041031561932,0.17908846465188677,1650931200000,exit,99.16014670408305,100.93869648238258,0.023277033246654966,3.0277926717509613
SOLUSDT,1650931200000,-1,1.48,12.282027208807149,0.14324829436678743,1651422300000,stop,100.93872160215608,92.64005456917828,-0.04383424334587682,12.094944671094485
SOLUSDT,1651795200000,-1,1.1300000000000001,12.930475483274707,0.08897433047169029,1652186340000,stop,84.459794879051,73.01689622128578,-0.03225550667303395,12.809245646129984
SOLUSDT,1652313600000,-1,0.47000000000000003,-2.066052019778283,0.024921466514930393,1652638560000,stop,50.82646915966223,55.22232452089262,-0.12066639185610605,-2.2116398781493194
SOLUSDT,1653609600000,-1,1.67,-4.174839348215973,0.07456657773258077,1653876180000,stop,43.40069344818729,45.90059724951422,0.01137651089754843,-4.238029415051005
SOLUSDT,1654128000000,-1,1.95,-0.7250340103389284,0.07852596908249934,1654478700000,stop,40.083821578117885,40.45563389111221,-0.028128158542877833,-0.8316881379643056
SOLUSDT,1654992000000,-1,2.22,0.9149291004843763,0.07483297730726035,1655330220000,stop,33.914613449325465,33.50248322388205,-0.1342238717614248,0.7058722514156911
SOLUSDT,1657843200000,1,2.69,8.56087130698013,0.1041181020045002,1658371140000,stop,37.114374108182204,40.29685414795177,-0.17874775304104287,8.278005451934588
SOLUSDT,1658707200000,-1,2.59,5.676990461322123,0.1031024118979624,1658944980000,stop,40.90382514618667,38.71193693718199,0.01736879831747336,5.591256847741634
SOLUSDT,1658966400000,1,2.29,2.809138279936207,0.09347535205351355,1659359700000,stop,40.205582058316786,41.43227999715356,-0.11911605748871999,2.5965468703939734
SOLUSDT,1659571200000,-1,2.11,-0.633786436314175,0.0815826522267231,1659657600000,exit,38.51457772917821,38.81495044781052,-0.002164969087000001,-0.7175340576278981
SOLUSDT,1659657600000,1,2.32,4.0129489218563394,0.09205716757818336,1659744000000,exit,38.81495392985137,40.54467329272048,-0.027458544381074784,3.8934332098970814
SOLUSDT,1659744000000,-1,2.79,1.4222881351028445,0.11240847278112034,1659830400000,exit,40.54466553715834,40.03488484357309,0.03372053405796,1.3436001963796842
SOLUSDT,1659830400000,1,3.6,3.178959425295196,0.14571510739418309,1660045380000,stop,40.0348965782043,40.91794086300852,-0.09716548025760194,2.936078837643411
SOLUSDT,1660348800000,1,2.48,-4.806748182083873,0.11032834362535066,1660549140000,stop,45.456337788867984,43.51813287673739,-0.06440599537821377,-4.981482521087437
SOLUSDT,1660953600000,-1,2.47,7.612116485916052,0.08457934752650795,1661833200000,stop,35.78356508885262,32.7017365520445,-0.3606785184319425,7.166858619957601
SOLUSDT,1662854400000,1,4.19,0.40041622993930653,0.14694929123114803,1663077720000,stop,35.02364752176094,35.119212254443354,-0.0725867358167475,0.180880202891411
SOLUSDT,1663113600000,-1,2.07,-0.5649469681116998,0.06850060075147879,1663785900000,stop,32.955617037402384,33.228538278036055,0.010821624215785867,-0.6226259446473926
SOLUSDT,1663804800000,-1,3.15,-9.753377621452666,0.10131745010721421,1663970400000,stop,30.616114697297743,33.71242505331446,0.006984732127873502,-9.847710339432005
SOLUSDT,1664409600000,1,3.37,2.335572351155545,0.11313024320621716,1664496000000,exit,33.223281017993884,33.91632919341096,-0.03416295113488,2.1882791568144477
SOLUSDT,1664496000000,-1,3.34,2.314309446135286,0.11212338588565748,1664582400000,exit,33.9163295235704,33.22342250376941,0.016649744564566967,2.2188358048141956
SOLUSDT,1664582400000,1,3.45,-4.098309891582542,0.11257165671631963,1664755200000,exit,33.22342367017707,32.035507759573434,0.020027191500322023,-4.19085435679854
SOLUSDT,1664755200000,-1,5.65,-4.7899452129370905,0.18339548280227858,1664841600000,exit,32.03548853023186,32.883266444026034,0.019619940835000002,-4.953720754904369
SOLUSDT,1664841600000,1,6.01,-0.9802857948390994,0.1971383056719228,1665145800000,stop,32.88326931270256,32.72016019542484,-0.07289124259029245,-1.2503153431013145
SOLUSDT,1665273600000,-1,7.8100000000000005,13.487904764800925,0.24753089630973793,1665688080000,stop,32.55759906429429,30.830594612975347,0.09736489428641625,13.337738762777603
SOLUSDT,1666310400000,-1,5.89,-6.163851717481322,0.16798448710171926,1666562400000,stop,27.997039260268018,29.04353360958573,-0.015479462427792964,-6.347315667010834
SOLUSDT,1667088000000,1,4.17,-4.867574862891406,0.13456301971484871,1667373360000,stop,32.85295135402744,31.685667214245328,-0.03869959864555918,-5.040837481251813
SOLUSDT,1667433600000,-1,4.6000000000000005,-10.288807476653732,0.14671721472360272,1667566920000,stop,30.77669804027735,33.01339531781077,0.016683775048471804,-10.418840916328863
SOLUSDT,1667606400000,1,3.3200000000000003,-0.24105942445719167,0.11187902902026947,1667771640000,stop,33.73480684713797,33.662198586759295,-0.05995502815772001,-0.41289348163518114
SOLUSDT,1667779200000,-1,2.34,2.1314075179753136,0.07522529738372716,1667923740000,stop,32.60299194133112,31.692134027666455,-0.12976523904948223,1.9264169815421042
SOLUSDT,1667952000000,-1,1.09,10.307024435402171,0.020799879074223846,1668408120000,stop,23.810450726536633,14.354465005984183,-4.6146756830931235,5.6715488732348245
SOLUSDT,1670976000000,1,9.99,1.4601711254346417,0.13954477413673144,1671148800000,exit,13.895364221623035,14.041527497442319,-0.08458695619218001,1.2360393951057302
SOLUSDT,1671148800000,-1,10.09,39.267488453938725,0.12204526651228953,1672353480000,stop,14.041527327974123,10.14980399259863,-1.4470484220849251,37.69839476534151
SOLUSDT,1673222400000,1,7.87,7.953193320893688,0.11784372733980832,1673530200000,stop,14.468504533591037,15.479075476525432,-0.03593629037363531,7.799413303180245
SOLUSDT,1673654400000,1,4.61,13.899859994556081,0.09127523468733142,1674057240000,stop,18.291823143178608,21.3069771550129,-0.2531501170622451,13.555434642806503
SOLUSDT,1674259200000,1,3.42,-7.432177682455802,0.0835545784324598,1674599160000,stop,25.517738968914532,23.34458759977541,-0.11328506019935998,-7.6290173210876215
SOLUSDT,1675036800000,1,4.55,-9.950771932520901,0.11375060926045046,1675072320000,stop,26.093625324551848,23.906642482239562,-0.011555635,-10.076078176781351
SOLUSDT,1676332800000,-1,5.09,-9.806484001463128,0.11049544648125828,1676464560000,stop,20.745030349808786,22.671648031825118,-0.0023215097435256658,-9.919300957687911
SOLUSDT,1676505600000,1,5.01,-8.074537896017937,0.11552695980598736,1676592000000,exit,23.865115519759748,22.253431308977724,-0.03499485,-8.225059705823924
SOLUSDT,1676592000000,-1,5.05,-4.522981010375204,0.11464131765051461,1676678400000,exit,22.253431117886535,23.14907092192123,0.034587716983400005,-4.603034611042319
SOLUSDT,1676678400000,1,4.76,3.330757279991151,0.11185494914498828,1677033120000,stop,23.149069433822,23.84880835818989,-0.1789720030492691,3.0399303277968936
SOLUSDT,1677801600000,-1,7.48,24.143318162481403,0.15240538256736136,1678499700000,stop,21.988909311310437,18.761192979427896,-0.08347588237698098,23.90743689753706
SOLUSDT,1678665600000,1,4.21,0.8540450558726597,0.0854573764167343,1678752000000,exit,20.197233702802368,20.400094761204425,-0.02561632866598,0.7429713507899454
SOLUSDT,1678752000000,-1,3.83,-3.619948050656212,0.07994234378877442,1679093280000,stop,20.40009654398076,21.34525269297716,0.0258995792792,-3.6739908151657863
SOLUSDT,1679270400000,1,3.86,2.5231913819652756,0.08566685180562134,1679443200000,exit,21.866646661823495,22.520323185648696,-0.05240554280684,2.385118987352814
SOLUSDT,1679443200000,-1,3.48,5.32380231025819,0.07570883106237994,1680067320000,stop,22.52032534985892,20.990497099784726,0.005341385591406728,5.253434864787216
SOLUSDT,1681171200000,1,10.8,34.294252278997334,0.2428020539543247,1681780500000,stop,20.893974797669074,24.069368527205867,-0.6950510985500814,33.35639912649293
SOLUSDT,1682035200000,-1,4.08,2.9364113796228155,0.08903700446261872,1682294400000,exit,22.182649547164246,21.462940875688066,0.026320122298704767,2.8736944974589016
SOLUSDT,1682294400000,1,7.21,-2.405362339215798,0.15354521986018063,1682538420000,stop,21.462954373063596,21.129339624212584,-0.053056068736021866,-2.6119636278120004
SOLUSDT,1682553600000,-1,5.16,-10.229385223115068,0.11478427209262065,1682703660000,stop,21.253794473074247,23.236233469801974,0.04298896476136105,-10.301180530446327
SOLUSDT,1682726400000,1,4.49,-4.906009704735251,0.10231130162753672,1682905140000,stop,23.332807679266,22.240155183779308,-0.05488165149285,-5.063202657855637
SOLUSDT,1682985600000,-1,6.57,-2.0217430209850455,0.14513758023441925,1683072000000,exit,21.937094174113657,22.244817617185962,0.001722551528365686,-2.165158049691099
SOLUSDT,1683072000000,1,7.390000000000001,-4.603544701296988,0.1620874544028263,1683381960000,stop,22.244820940930282,21.621878491499025,-0.11449656007973,-4.880128715779544
SOLUSDT,1683849600000,-1,6.75,-6.370798801964779,0.13927857706241323,1684069200000,stop,20.161952246137904,21.105774290873427,0.05821569249623662,-6.451861686530955
SOLUSDT,1684713600000,-1,15.81,-2.80042566972096,0.31131490661868944,1685220480000,stop,19.602447424657115,19.779577448042374,0.48006399338067,-2.6316765829589794
SOLUSDT,1685491200000,1,8.36,-3.6648049618958325,0.17579007814433975,1685577600000,exit,21.246708208766467,20.80833440949663,-0.0518286949994,-3.892423735039572
SOLUSDT,1685577600000,-1,8.27,-3.630960718952118,0.17390040842630375,1685750400000,exit,20.808334711829225,21.247386793927426,0.10353992966028999,-3.7013211977181313
SOLUSDT,1685750400000,1,10.74,0.5560028123310766,0.22847502173720455,1685977380000,stop,21.247394816670298,21.299164166049355,-0.16187544923298003,0.16565234136089202
SOLUSDT,1686009600000,-1,6.08,25.86288597312109,0.1086382982454637,1686980460000,stop,19.995023228951357,15.741259088635388,-0.12067705632500701,25.63357061855062
SOLUSDT,1688774400000,1,3.62,15.833135884183594,0.08570133064977359,1689614460000,stop,21.487503510409333,25.861297953553972,-0.1479946875102822,15.59943986602354
SOLUSDT,1691971200000,-1,11.64,-9.594388372974175,0.28665913336672333,1692030300000,stop,24.214943228542634,25.039203398042133,0.0291924389436,-9.851855067397299
SOLUSDT,1692057600000,1,9.200000000000001,-10.258719227048225,0.22651075750740213,1692126480000,stop,25.178273600100674,24.063195423247606,-0.04561036561120001,-10.530840350166827
SOLUSDT,1692230400000,-1,5.68,7.850977989911651,0.12563385051374218,1692810660000,stop,22.80974287124965,21.42752843640605,-0.0738483478641301,7.651495791533779
SOLUSDT,1693526400000,-1,7.21,-2.846767099684756,0.1436000841418733,1693923060000,stop,19.719375948964068,20.114211885120067,-0.045966380168817975,-3.036333563995447
SOLUSDT,1694390400000,-1,9.82,-7.031720908535875,0.18241964035696173,1694651760000,stop,18.218307525732566,18.93436871804783,-0.1785356299565265,-7.392676178849363
SOLUSDT,1696118400000,1,8.620000000000001,14.955973133008943,0.1915041729203529,1696810800000,stop,21.34874551668775,23.083777202651664,0.2994976356024076,15.063966595690996
SOLUSDT,1697760000000,1,6.390000000000001,83.51947629445816,0.2009439292955122,1698977760000,stop,24.91145401381582,37.981794591978286,-0.3426520286161928,82.97588033654645
SOLUSDT,1699574400000,1,1.59,15.941911470317624,0.08001686843610681,1700233380000,stop,45.31189478047043,55.338254195764534,-0.44740633881984465,15.414488263061672
SOLUSDT,1701993600000,1,1.26,1.889219612551887,0.08639404460168015,1702260720000,stop,67.81701174238428,69.31639238726673,-0.22073562945382372,1.5820899384963831
SOLUSDT,1703116800000,1,1.18,26.12795272468567,0.11012623006520852,1703612340000,stop,82.25614720581838,104.39848002334861,-0.4711229340714755,25.546703560548988
SOLUSDT,1705795200000,-1,1.12,4.502564877831456,0.10178793934077837,1706139900000,stop,92.89216230329829,88.87201509094878,0.10743538970080002,4.508212328191478
SOLUSDT,1706400000000,1,1.57,5.136463460328268,0.15053776799629087,1706698800000,stop,94.24811227141831,97.51974504869746,-0.12022389711220381,4.865701795219774
SOLUSDT,1706745600000,-1,1.03,-3.7697108808070117,0.10168987131342117,1706918400000,exit,96.89807366312394,100.5579871396356,0.05842144493355964,-3.812979307186873
SOLUSDT,1706918400000,1,1.09,-6.239884866176405,0.10648827008481812,1707095400000,stop,100.55799313569386,94.83332812085312,-0.06341300723849,-6.409786143499714
SOLUSDT,1707350400000,1,1.6600000000000001,4.81012563610204,0.170306767481806,1707736440000,stop,101.1456052191295,104.0432712649741,-0.21263695158236007,4.427181917037873
SOLUSDT,1707782400000,1,1.34,-2.9314593067076102,0.14827951889820018,1708095120000,stop,111.7501854862343,109.56252928719877,-0.2587199447188038,-3.338458770324614
SOLUSDT,1708732800000,-1,1.2,-6.054306897989783,0.1229815073166142,1708963080000,stop,99.96196155634942,105.00721730467424,0.3483231213796193,-5.828965283926778
SOLUSDT,1708992000000,1,1.41,21.3197572880725,0.1658221228412641,1709667540000,stop,110.04414482072897,125.1645400604967,-2.950360063199925,18.20357510203131
SOLUSDT,1709856000000,1,0.37,-2.5888524751487028,0.05199149711665485,1710118320000,stop,144.01600906548433,137.01911048400135,-0.2227491997762242,-2.8635931720415817
SOLUSDT,1710288000000,1,0.62,17.34423933552189,0.10242868897902185,1710832620000,stop,151.2202730826789,179.1948526561013,-0.6804692487308117,16.561341397812058
SOLUSDT,1712966400000,-1,0.56,3.3380618889201834,0.08408599818617496,1713628500000,stop,153.13398059041972,147.17315578877654,0.09006268464499705,3.3440385753790056
SOLUSDT,1714521600000,-1,0.78,-6.073906674565623,0.10183743218730218,1714589340000,stop,126.66728057694789,134.45434041613458,0.018161298441,-6.1575828083119255
SOLUSDT,1714694400000,1,0.55,4.459682996037097,0.07788313650875031,1714953600000,exit,137.55144547405774,145.659960012307,-0.015342544018871465,4.366457315509476
SOLUSDT,1714953600000,-1,1.29,-10.172379452125348,0.19298735569913703,1714983960000,stop,145.65981858377856,153.5453840505424,0.010011302542566,-10.355355505281919
SOLUSDT,1715040000000,1,1.02,-4.898261616235583,0.15340208573035075,1715126400000,exit,152.79531033183187,147.99309306101267,-0.01635929052374987,-5.068022992489683
SOLUSDT,1715126400000,-1,0.79,-3.5433449956795857,0.11868625118194837,1715299200000,exit,147.99313757482096,152.47838440479512,0.04976513249623065,-3.6122661143653034
SOLUSDT,1715299200000,1,0.8,-5.220630013810819,0.11937239424041098,1715385600000,exit,152.47838655914546,145.95259904188194,-0.02364846281195872,-5.363650870863189
SOLUSDT,1715385600000,-1,0.76,-2.6404795538438237,0.1122442212432117,1715617560000,stop,145.95260719248657,149.42692239491265,0.05212323243028396,-2.7006005426567516
SOLUSDT,1715644800000,1,0.99,-5.5021663136764145,0.1432827171402034,1715731200000,exit,147.5088891889309,141.9511454377426,-0.021902491647942838,-5.6673515224645605
SOLUSDT,1715731200000,-1,0.84,-9.220326470716758,0.12384914815701586,1715780160000,stop,141.95117252578274,152.9277516575884,0.0022956526042401003,-9.341879966269534
SOLUSDT,1715817600000,1,0.84,12.94222540950127,0.13956242178936248,1716460440000,stop,158.4420346245379,173.84944582632514,-0.24877966609327748,12.553883321618631
SOLUSDT,1717286400000,-1,1.3800000000000001,-3.688290546719972,0.23129320458437547,1717517880000,stop,166.26743428334453,168.9401085925619,0.22695139868331227,-3.692632352621035
SOLUSDT,1717804800000,-1,0.99,4.816558116294019,0.15847914647703965,1718195460000,stop,162.51255104564308,157.64734082716427,0.20250187869384,4.86058084851082
SOLUSDT,1718236800000,1,0.75,-5.988696510905939,0.11339527488980754,1718323200000,exit,155.18616419368067,147.20123551247275,-0.033458786117250006,-6.135550571912996
SOLUSDT,1718323200000,-1,0.78,-1.6985068232957923,0.11566621223494197,1718573820000,stop,147.20122926063343,149.37880211101265,0.08061363122595994,-1.7335594043047742
SOLUSDT,1718755200000,-1,0.65,3.904704207256735,0.08732158536722927,1719266880000,stop,137.34451918593481,131.33728194400138,0.06332640358147805,3.880709025470984
SOLUSDT,1719792000000,1,1.25,0.0218246263513322,0.18325677241794197,1719878400000,exit,146.59668808381304,146.6141477848941,-0.04766377737250001,-0.20909592343910977
SOLUSDT,1719878400000,-1,1.22,-8.989519103125295,0.18336402581591876,1719964800000,exit,146.61415267570175,153.982610956952,0.03739755807194453,-9.13548557086927
SOLUSDT,1719964800000,1,1.02,-10.173578993644407,0.15197543606321204,1720001760000,stop,153.98257407846495,144.0084770258724,-0.0149345577048,-10.340488987412419
SOLUSDT,1720051200000,-1,0.89,1.5650693406295688,0.12446222116027106,1720259460000,stop,140.72444475346722,138.96593987635535,0.0217056024656417,1.4623127219349394
SOLUSDT,1721001600000,1,1.37,34.37211350238264,0.21938187453712435,1721741520000,stop,147.5881881649146,172.6773221082596,-0.4069547191437203,33.74577690870179
SOLUSDT,1722211200000,1,0.89,-4.737741604724048,0.16212447469442776,1722306240000,stop,184.82398370425815,179.5006785304109,-0.04638289836371,-4.9462489777821865
SOLUSDT,1722643200000,-1,0.51,5.333318518069398,0.07520291232200911,1722922860000,stop,152.6854344726349,142.22794718230276,0.03127884434268549,5.289394450090075
SOLUSDT,1723161600000,1,0.49,-3.3992935350077276,0.07821867110543176,1723248000000,exit,163.09860790395027,156.16127415903654,0.0018921040344051158,-3.475620102078754
SOLUSDT,1723248000000,-1,0.53,1.1737832196964673,0.08217857778059967,1723334400000,exit,156.16126300084508,153.94657768066307,0.004553053388845445,1.096157695304713
SOLUSDT,1723334400000,1,0.76,-6.339508723088843,0.11382968726204008,1723404360000,stop,153.94663371524277,145.60517486907324,-0.0013420796680000003,-6.454680490018884
SOLUSDT,1723420800000,-1,0.91,-4.583529234493345,0.13103689149642525,1723976340000,stop,141.47816140569074,146.5150067183208,0.013191995287894422,-4.7013741307018755
SOLUSDT,1724112000000,1,1.24,-6.5817432994490614,0.17553564501059238,1724247720000,stop,144.21493279057816,138.90707529102247,0.005820897250862356,-6.751458047208792
SOLUSDT,1724284800000,-1,1.11,-6.564374126363022,0.1616945875660018,1724436000000,stop,142.7138743268651,148.6277248911561,0.021846351501860196,-6.7042223624271635
SOLUSDT,1724544000000,1,1.1,-10.112888138031606,0.1715728052413258,1724793240000,stop,160.57204482758323,151.3785101566454,-0.07261603747530002,-10.35707698074823
SOLUSDT,1724889600000,-1,0.79,5.579343489819867,0.11087319051918192,1725329580000,stop,143.87704084062258,136.81458072692655,-0.052861814822014255,5.415608484478671
SOLUSDT,1725408000000,-1,0.88,-4.235671240571927,0.11430934001290127,1725900540000,stop,127.49034590069921,132.3036086740764,0.039678995831317745,-4.3103015847535096
SOLUSDT,1726790400000,1,1.11,-0.08378650122787293,0.15850003483211045,1727021100000,stop,142.83056584029222,142.7550825058527,-0.10458761015037651,-0.3468741462103599
SOLUSDT,1727049600000,-1,1.21,-9.876458248077327,0.17987187977046656,1727218500000,stop,144.57326499704786,152.73562718554152,0.02695347663410135,-10.029376651213692
SOLUSDT,1727395200000,1,0.97,-2.9281915345404244,0.1493685247057654,1727739180000,stop,155.49754687941817,152.47879272009814,-0.15228570154394,-3.2298457607901296
