ts,equity
1633737600000,10000.0
1633741200000,10000.0
1633744800000,10000.0
1633748400000,10000.0
1633752000000,10000.0
1633755600000,10000.0
1633759200000,10000.0
1633762800000,10000.0
1633766400000,10000.0
1633770000000,10000.0
1633773600000,10000.0
1633777200000,10000.0
1633780800000,10000.0
1633784400000,10000.0
1633788000000,10000.0
1633791600000,10000.0
1633795200000,10000.0
1633798800000,10000.0
1633802400000,10000.0
1633806000000,10000.0
1633809600000,10000.0
1633813200000,10000.0
1633816800000,10000.0
1633820400000,10000.0
1633824000000,10000.0
1633827600000,10000.0
1633831200000,10000.0
1633834800000,10000.0
1633838400000,10000.0
1633842000000,10000.0
1633845600000,10000.0
1633849200000,10000.0
1633852800000,10000.0
1633856400000,10000.0
1633860000000,10000.0
1633863600000,10000.0
1633867200000,10000.0
1633870800000,10000.0
1633874400000,10000.0
1633878000000,10000.0
1633881600000,10000.0
1633885200000,10000.0
1633888800000,10000.0
1633892400000,10000.0
1633896000000,10000.0
1633899600000,10000.0
1633903200000,10000.0
1633906800000,10000.0
1633910400000,10000.0
1633914000000,10000.0
1633917600000,10000.0
1633921200000,10000.0
1633924800000,10000.0
1633928400000,10000.0
1633932000000,10000.0
1633935600000,10000.0
1633939200000,10000.0
1633942800000,10000.0
1633946400000,10000.0
1633950000000,10000.0
1633953600000,10000.0
1633957200000,10000.0
1633960800000,10000.0
1633964400000,10000.0
1633968000000,10000.0
1633971600000,10000.0
1633975200000,10000.0
1633978800000,10000.0
1633982400000,10000.0
1633986000000,10000.0
1633989600000,10000.0
1633993200000,10000.0
1633996800000,10000.0
1634000400000,10000.0
1634004000000,10000.0
1634007600000,10000.0
1634011200000,10000.0
1634014800000,10000.0
1634018400000,10000.0
1634022000000,10000.0
1634025600000,10000.0
1634029200000,10000.0
1634032800000,10000.0
1634036400000,10000.0
1634040000000,10000.0
1634043600000,10000.0
1634047200000,10000.0
1634050800000,10000.0
1634054400000,10000.0
1634058000000,10000.0
1634061600000,10000.0
1634065200000,10000.0
1634068800000,10000.0
1634072400000,10000.0
1634076000000,10000.0
1634079600000,10000.0
1634083200000,10000.0
1634086800000,10000.0
1634090400000,10000.0
1634094000000,10000.0
1634097600000,10000.0
1634101200000,10000.0
1634104800000,10000.0
1634108400000,10000.0
1634112000000,10000.0
1634115600000,10000.0
1634119200000,10000.0
1634122800000,10000.0
1634126400000,10000.0
1634130000000,10000.0
1634133600000,10000.0
1634137200000,10000.0
1634140800000,10000.0
1634144400000,10000.0
1634148000000,10000.0
1634151600000,10000.0
1634155200000,10000.0
1634158800000,10000.0
1634162400000,10000.0
1634166000000,10000.0
1634169600000,10000.0
1634173200000,10000.0
1634176800000,10000.0
1634180400000,10000.0
1634184000000,10000.0
1634187600000,10000.0
1634191200000,10000.0
1634194800000,10000.0
1634198400000,10000.0
1634202000000,10000.0
1634205600000,10000.0
1634209200000,10000.0
1634212800000,10000.0
1634216400000,10000.0
1634220000000,10000.0
1634223600000,10000.0
1634227200000,10000.0
1634230800000,10000.0
1634234400000,10000.0
1634238000000,10000.0
1634241600000,10000.0
1634245200000,10000.0
1634248800000,10000.0
1634252400000,10000.0
1634256000000,10000.0
1634259600000,10000.0
1634263200000,10000.0
1634266800000,10000.0
1634270400000,10000.0
1634274000000,10000.0
1634277600000,10000.0
1634281200000,10000.0
1634284800000,10000.0
1634288400000,10000.0
1634292000000,10000.0
1634295600000,10000.0
1634299200000,10000.0
1634302800000,10000.0
1634306400000,10000.0
1634310000000,10000.0
1634313600000,10000.0
1634317200000,10000.0
1634320800000,10000.0
1634324400000,10000.0
1634328000000,10000.0
1634331600000,10000.0
1634335200000,10000.0
1634338800000,10000.0
1634342400000,10000.0
1634346000000,10000.0
1634349600000,10000.0
1634353200000,10000.0
1634356800000,10000.0
1634360400000,10000.0
1634364000000,10000.0
1634367600000,10000.0
1634371200000,10000.0
1634374800000,10000.0
1634378400000,10000.0
1634382000000,10000.0
1634385600000,10000.0
1634389200000,10000.0
1634392800000,10000.0
1634396400000,10000.0
1634400000000,10000.0
1634403600000,10000.0
1634407200000,10000.0
1634410800000,10000.0
1634414400000,10000.0
1634418000000,10000.0
1634421600000,10000.0
1634425200000,10000.0
1634428800000,10000.0
1634432400000,10000.0
1634436000000,10000.0
1634439600000,10000.0
1634443200000,10000.0
1634446800000,10000.0
1634450400000,10000.0
1634454000000,10000.0
1634457600000,10000.0
1634461200000,10000.0
1634464800000,10000.0
1634468400000,10000.0
1634472000000,10000.0
1634475600000,10000.0
1634479200000,10000.0
1634482800000,10000.0
1634486400000,10000.0
1634490000000,10000.0
1634493600000,10000.0
1634497200000,10000.0
1634500800000,10000.0
1634504400000,10000.0
1634508000000,10000.0
1634511600000,10000.0
1634515200000,10000.0
1634518800000,10000.0
1634522400000,10000.0
1634526000000,10000.0
1634529600000,10000.0
1634533200000,10000.0
1634536800000,10000.0
1634540400000,10000.0
1634544000000,10000.0
1634547600000,10000.0
1634551200000,10000.0
1634554800000,10000.0
1634558400000,10000.0
1634562000000,10000.0
1634565600000,10000.0
1634569200000,10000.0
1634572800000,10000.0
1634576400000,10000.0
1634580000000,10000.0
1634583600000,10000.0
1634587200000,10000.0
1634590800000,10000.0
1634594400000,10000.0
1634598000000,10000.0
1634601600000,10000.0
1634605200000,10000.0
1634608800000,10000.0
1634612400000,10000.0
1634616000000,10000.0
1634619600000,10000.0
1634623200000,10000.0
1634626800000,10000.0
1634630400000,10000.0
1634634000000,10000.0
1634637600000,10000.0
1634641200000,10000.0
1634644800000,10000.0
1634648400000,10000.0
1634652000000,10000.0
1634655600000,10000.0
1634659200000,10000.0
1634662800000,10000.0
1634666400000,10000.0
1634670000000,10000.0
1634673600000,10000.0
1634677200000,10000.0
1634680800000,10000.0
1634684400000,10000.0
1634688000000,10000.0
1634691600000,10000.0
1634695200000,10000.0
1634698800000,10000.0
1634702400000,10000.0
1634706000000,10000.0
1634709600000,10000.0
1634713200000,10000.0
1634716800000,10000.0
1634720400000,10000.0
1634724000000,10000.0
1634727600000,10000.0
1634731200000,10000.0
1634734800000,10000.0
1634738400000,10000.0
1634742000000,10000.0
1634745600000,10000.0
1634749200000,10000.0
1634752800000,10000.0
1634756400000,10000.0
1634760000000,10000.0
1634763600000,10000.0
1634767200000,10000.0
1634770800000,10000.0
1634774400000,10000.0
1634778000000,10000.0
1634781600000,10000.0
1634785200000,10000.0
1634788800000,10000.0
1634792400000,10000.0
1634796000000,10000.0
1634799600000,10000.0
1634803200000,10000.0
1634806800000,10000.0
1634810400000,10000.0
1634814000000,10000.0
1634817600000,10000.0
1634821200000,10000.0
1634824800000,10000.0
1634828400000,10000.0
1634832000000,10000.0
1634835600000,10000.0
1634839200000,10000.0
1634842800000,10000.0
1634846400000,10000.0
1634850000000,10000.0
1634853600000,10000.0
1634857200000,10000.0
1634860800000,10000.0
1634864400000,10000.0
1634868000000,10000.0
1634871600000,10000.0
1634875200000,10000.0
1634878800000,10000.0
1634882400000,10000.0
1634886000000,10000.0
1634889600000,10000.0
1634893200000,10000.0
1634896800000,10000.0
1634900400000,10000.0
1634904000000,10000.0
1634907600000,10000.0
1634911200000,10000.0
1634914800000,10000.0
1634918400000,10000.0
1634922000000,10000.0
1634925600000,10000.0
1634929200000,10000.0
1634932800000,10000.0
1634936400000,10000.0
1634940000000,10000.0
1634943600000,10000.0
1634947200000,10000.0
1634950800000,10000.0
1634954400000,10000.0
1634958000000,10000.0
1634961600000,10000.0
1634965200000,10000.0
1634968800000,10000.0
1634972400000,10000.0
1634976000000,10000.0
1634979600000,10000.0
1634983200000,10000.0
1634986800000,10000.0
1634990400000,10000.0
1634994000000,10000.0
1634997600000,10000.0
1635001200000,10000.0
1635004800000,10000.0
1635008400000,10000.0
1635012000000,10000.0
1635015600000,10000.0
1635019200000,10000.0
1635022800000,10000.0
1635026400000,10000.0
1635030000000,10000.0
1635033600000,10000.0
1635037200000,10000.0
1635040800000,10000.0
1635044400000,10000.0
1635048000000,10000.0
1635051600000,10000.0
1635055200000,10000.0
1635058800000,10000.0
1635062400000,10000.0
1635066000000,10000.0
1635069600000,10000.0
1635073200000,10000.0
1635076800000,10000.0
1635080400000,10000.0
1635084000000,10000.0
1635087600000,10000.0
1635091200000,10000.0
1635094800000,10000.0
1635098400000,10000.0
1635102000000,10000.0
1635105600000,10000.0
1635109200000,10000.0
1635112800000,10000.0
1635116400000,10000.0
1635120000000,10000.0
1635123600000,10000.0
1635127200000,10000.0
1635130800000,10000.0
1635134400000,10000.0
1635138000000,10000.0
1635141600000,10000.0
1635145200000,10000.0
1635148800000,10000.0
1635152400000,10000.0
1635156000000,10000.0
1635159600000,10000.0
1635163200000,10000.0
1635166800000,10000.0
1635170400000,10000.0
1635174000000,10000.0
1635177600000,10000.0
1635181200000,10000.0
1635184800000,10000.0
1635188400000,10000.0
1635192000000,10000.0
1635195600000,10000.0
1635199200000,10000.0
1635202800000,10000.0
1635206400000,10000.0
1635210000000,10000.0
1635213600000,10000.0
1635217200000,10000.0
1635220800000,10000.0
1635224400000,10000.0
1635228000000,10000.0
1635231600000,10000.0
1635235200000,10000.0
1635238800000,10000.0
1635242400000,10000.0
1635246000000,10000.0
1635249600000,10000.0
1635253200000,10000.0
1635256800000,10000.0
1635260400000,10000.0
1635264000000,10000.0
1635267600000,10000.0
1635271200000,10000.0
1635274800000,10000.0
1635278400000,10000.0
1635282000000,10000.0
1635285600000,10000.0
1635289200000,10000.0
1635292800000,10000.0
1635296400000,10000.0
1635300000000,10000.0
1635303600000,10000.0
1635307200000,10000.0
1635310800000,10000.0
1635314400000,10000.0
1635318000000,10000.0
1635321600000,10000.0
1635325200000,10000.0
1635328800000,10000.0
1635332400000,10000.0
1635336000000,10000.0
1635339600000,10000.0
1635343200000,10000.0
1635346800000,10000.0
1635350400000,10000.0
1635354000000,10000.0
1635357600000,10000.0
1635361200000,10000.0
1635364800000,10000.0
1635368400000,10000.0
1635372000000,10000.0
1635375600000,10000.0
1635379200000,10000.0
1635382800000,10000.0
1635386400000,10000.0
1635390000000,10000.0
1635393600000,10000.0
1635397200000,10000.0
1635400800000,10000.0
1635404400000,10000.0
1635408000000,10000.0
1635411600000,10000.0
1635415200000,10000.0
1635418800000,10000.0
1635422400000,10000.0
1635426000000,10000.0
1635429600000,10000.0
1635433200000,10000.0
1635436800000,10000.0
1635440400000,10000.0
1635444000000,10000.0
1635447600000,10000.0
1635451200000,10000.0
1635454800000,10000.0
1635458400000,10000.0
1635462000000,10000.0
1635465600000,10000.0
1635469200000,10000.0
1635472800000,10000.0
1635476400000,10000.0
1635480000000,10000.0
1635483600000,10000.0
1635487200000,10000.0
1635490800000,10000.0
1635494400000,10000.0
1635498000000,10000.0
1635501600000,10000.0
1635505200000,10000.0
1635508800000,10000.0
1635512400000,10000.0
1635516000000,10000.0
1635519600000,10000.0
1635523200000,10000.0
1635526800000,10000.0
1635530400000,10000.0
1635534000000,10000.0
1635537600000,10000.0
1635541200000,10000.0
1635544800000,10000.0
1635548400000,10000.0
1635552000000,10000.0
1635555600000,10000.0
1635559200000,10000.0
1635562800000,10000.0
1635566400000,10000.0
1635570000000,10000.0
1635573600000,10000.0
1635577200000,10000.0
1635580800000,10000.0
1635584400000,10000.0
1635588000000,10000.0
1635591600000,10000.0
1635595200000,10000.0
1635598800000,10000.0
1635602400000,10000.0
1635606000000,10000.0
1635609600000,10000.0
1635613200000,10000.0
1635616800000,10000.0
1635620400000,10000.0
1635624000000,10000.0
1635627600000,10000.0
1635631200000,10000.0
1635634800000,10000.0
1635638400000,10000.0
1635642000000,10000.0
1635645600000,10000.0
1635649200000,10000.0
1635652800000,10000.0
1635656400000,10000.0
1635660000000,10000.0
1635663600000,10000.0
1635667200000,10000.0
1635670800000,10000.0
1635674400000,10000.0
1635678000000,10000.0
1635681600000,10000.0
1635685200000,10000.0
1635688800000,10000.0
1635692400000,10000.0
1635696000000,10000.0
1635699600000,10000.0
1635703200000,10000.0
1635706800000,10000.0
1635710400000,10000.0
1635714000000,10000.0
1635717600000,10000.0
1635721200000,10000.0
1635724800000,10000.0
1635728400000,10000.0
1635732000000,10000.0
1635735600000,10000.0
1635739200000,10000.0
1635742800000,10000.0
1635746400000,10000.0
1635750000000,10000.0
1635753600000,10000.0
1635757200000,10000.0
1635760800000,10000.0
1635764400000,10000.0
1635768000000,10000.0
1635771600000,10000.0
1635775200000,10000.0
1635778800000,10000.0
1635782400000,10000.0
1635786000000,10000.0
1635789600000,10000.0
1635793200000,10000.0
1635796800000,10000.0
1635800400000,10000.0
1635804000000,10000.0
1635807600000,10000.0
1635811200000,10000.0
1635814800000,10000.0
1635818400000,10000.0
1635822000000,10000.0
1635825600000,10000.0
1635829200000,10000.0
1635832800000,10000.0
1635836400000,10000.0
1635840000000,10000.0
1635843600000,10000.0
1635847200000,10000.0
1635850800000,10000.0
1635854400000,10000.0
1635858000000,10000.0
1635861600000,10000.0
1635865200000,10000.0
1635868800000,10000.0
1635872400000,10000.0
1635876000000,10000.0
1635879600000,10000.0
1635883200000,10000.0
1635886800000,10000.0
1635890400000,10000.0
1635894000000,10000.0
1635897600000,10000.0
1635901200000,10000.0
1635904800000,10000.0
1635908400000,10000.0
1635912000000,10000.0
1635915600000,10000.0
1635919200000,10000.0
1635922800000,10000.0
1635926400000,10000.0
1635930000000,10000.0
1635933600000,10000.0
1635937200000,10000.0
1635940800000,10000.0
1635944400000,10000.0
1635948000000,10000.0
1635951600000,10000.0
1635955200000,10000.0
1635958800000,10000.0
1635962400000,10000.0
1635966000000,10000.0
1635969600000,10000.0
1635973200000,10000.0
1635976800000,10000.0
1635980400000,10000.0
1635984000000,10000.0
1635987600000,10000.0
1635991200000,10000.0
1635994800000,10000.0
1635998400000,10000.0
1636002000000,10000.0
1636005600000,10000.0
1636009200000,10000.0
1636012800000,10000.0
1636016400000,10000.0
1636020000000,10000.0
1636023600000,10000.0
1636027200000,10000.0
1636030800000,10000.0
1636034400000,10000.0
1636038000000,10000.0
1636041600000,10000.0
1636045200000,10000.0
1636048800000,10000.0
1636052400000,10000.0
1636056000000,10000.0
1636059600000,10000.0
1636063200000,10000.0
1636066800000,10000.0
1636070400000,10000.0
1636074000000,10000.0
1636077600000,10000.0
1636081200000,10000.0
1636084800000,10000.0
1636088400000,10000.0
1636092000000,10000.0
1636095600000,10000.0
1636099200000,10000.0
1636102800000,10000.0
1636106400000,10000.0
1636110000000,10000.0
1636113600000,10000.0
1636117200000,10000.0
1636120800000,10000.0
1636124400000,10000.0
1636128000000,10000.0
1636131600000,10000.0
1636135200000,10000.0
1636138800000,10000.0
1636142400000,10000.0
1636146000000,10000.0
1636149600000,10000.0
1636153200000,10000.0
1636156800000,10000.0
1636160400000,10000.0
1636164000000,10000.0
1636167600000,10000.0
1636171200000,10000.0
1636174800000,10000.0
1636178400000,10000.0
1636182000000,10000.0
1636185600000,10000.0
1636189200000,10000.0
1636192800000,10000.0
1636196400000,10000.0
1636200000000,10000.0
1636203600000,10000.0
1636207200000,10000.0
1636210800000,10000.0
1636214400000,10000.0
1636218000000,10000.0
1636221600000,10000.0
1636225200000,10000.0
1636228800000,10000.0
1636232400000,10000.0
1636236000000,10000.0
1636239600000,10000.0
1636243200000,10000.0
1636246800000,10000.0
1636250400000,10000.0
1636254000000,10000.0
1636257600000,10000.0
1636261200000,10000.0
1636264800000,10000.0
1636268400000,10000.0
1636272000000,10000.0
1636275600000,10000.0
1636279200000,10000.0
1636282800000,10000.0
1636286400000,10000.0
1636290000000,10000.0
1636293600000,10000.0
1636297200000,10000.0
1636300800000,10000.0
1636304400000,10000.0
1636308000000,10000.0
1636311600000,10000.0
1636315200000,10000.0
1636318800000,10000.0
1636322400000,10000.0
1636326000000,10000.0
1636329600000,10000.0
1636333200000,10000.0
1636336800000,10000.0
1636340400000,10000.0
1636344000000,10000.0
1636347600000,10000.0
1636351200000,10000.0
1636354800000,10000.0
1636358400000,10000.0
1636362000000,10000.0
1636365600000,10000.0
1636369200000,10000.0
1636372800000,10000.0
1636376400000,10000.0
1636380000000,10000.0
1636383600000,10000.0
1636387200000,10000.0
1636390800000,10000.0
1636394400000,10000.0
1636398000000,10000.0
1636401600000,10000.0
1636405200000,10000.0
1636408800000,10000.0
1636412400000,10000.0
1636416000000,10000.0
1636419600000,10000.0
1636423200000,10000.0
1636426800000,10000.0
1636430400000,10000.0
1636434000000,10000.0
1636437600000,10000.0
1636441200000,10000.0
1636444800000,10000.0
1636448400000,10000.0
1636452000000,10000.0
1636455600000,10000.0
1636459200000,10000.0
1636462800000,10000.0
1636466400000,10000.0
1636470000000,10000.0
1636473600000,10000.0
1636477200000,10000.0
1636480800000,10000.0
1636484400000,10000.0
1636488000000,10000.0
1636491600000,10000.0
1636495200000,10000.0
1636498800000,10000.0
1636502400000,10000.0
1636506000000,10000.0
1636509600000,10000.0
1636513200000,10000.0
1636516800000,10000.0
1636520400000,10000.0
1636524000000,10000.0
1636527600000,10000.0
1636531200000,10000.0
1636534800000,10000.0
1636538400000,10000.0
1636542000000,10000.0
1636545600000,10000.0
1636549200000,10000.0
1636552800000,10000.0
1636556400000,10000.0
1636560000000,10000.0
1636563600000,10000.0
1636567200000,10000.0
1636570800000,10000.0
1636574400000,10000.0
1636578000000,10000.0
1636581600000,10000.0
1636585200000,10000.0
1636588800000,10000.0
1636592400000,10000.0
1636596000000,10000.0
1636599600000,10000.0
1636603200000,10000.0
1636606800000,10000.0
1636610400000,10000.0
1636614000000,10000.0
1636617600000,10000.0
1636621200000,10000.0
1636624800000,10000.0
1636628400000,10000.0
1636632000000,10000.0
1636635600000,10000.0
1636639200000,10000.0
1636642800000,10000.0
1636646400000,10000.0
1636650000000,10000.0
1636653600000,10000.0
1636657200000,10000.0
1636660800000,10000.0
1636664400000,10000.0
1636668000000,10000.0
1636671600000,10000.0
1636675200000,10000.0
1636678800000,10000.0
1636682400000,10000.0
1636686000000,10000.0
1636689600000,10000.0
1636693200000,10000.0
1636696800000,10000.0
1636700400000,10000.0
1636704000000,10000.0
1636707600000,10000.0
1636711200000,10000.0
1636714800000,10000.0
1636718400000,10000.0
1636722000000,10000.0
1636725600000,10000.0
1636729200000,10000.0
1636732800000,10000.0
1636736400000,10000.0
1636740000000,10000.0
1636743600000,10000.0
1636747200000,10000.0
1636750800000,10000.0
1636754400000,10000.0
1636758000000,10000.0
1636761600000,10000.0
1636765200000,10000.0
1636768800000,10000.0
1636772400000,10000.0
1636776000000,10000.0
1636779600000,10000.0
1636783200000,10000.0
1636786800000,10000.0
1636790400000,10000.0
1636794000000,10000.0
1636797600000,10000.0
1636801200000,10000.0
1636804800000,10000.0
1636808400000,10000.0
1636812000000,10000.0
1636815600000,10000.0
1636819200000,10000.0
1636822800000,10000.0
1636826400000,10000.0
1636830000000,10000.0
1636833600000,10000.0
1636837200000,10000.0
1636840800000,10000.0
1636844400000,10000.0
1636848000000,10000.0
1636851600000,10000.0
1636855200000,10000.0
1636858800000,10000.0
1636862400000,10000.0
1636866000000,10000.0
1636869600000,10000.0
1636873200000,10000.0
1636876800000,10000.0
1636880400000,10000.0
1636884000000,10000.0
1636887600000,10000.0
1636891200000,10000.0
1636894800000,10000.0
1636898400000,10000.0
1636902000000,10000.0
1636905600000,10000.0
1636909200000,10000.0
1636912800000,10000.0
1636916400000,10000.0
1636920000000,10000.0
1636923600000,10000.0
1636927200000,10000.0
1636930800000,10000.0
1636934400000,10000.0
1636938000000,10000.0
1636941600000,10000.0
1636945200000,10000.0
1636948800000,10000.0
1636952400000,10000.0
1636956000000,10000.0
1636959600000,10000.0
1636963200000,10000.0
1636966800000,10000.0
1636970400000,10000.0
1636974000000,10000.0
1636977600000,10000.0
1636981200000,10000.0
1636984800000,10000.0
1636988400000,10000.0
1636992000000,10000.0
1636995600000,10000.0
1636999200000,10000.0
1637002800000,10000.0
1637006400000,10000.0
1637010000000,10000.0
1637013600000,10000.0
1637017200000,10000.0
1637020800000,10000.0
1637024400000,10000.0
1637028000000,10000.0
1637031600000,10000.0
1637035200000,10000.0
1637038800000,10000.0
1637042400000,10000.0
1637046000000,10000.0
1637049600000,10000.0
1637053200000,10000.0
1637056800000,10000.0
1637060400000,10000.0
1637064000000,10000.0
1637067600000,10000.0
1637071200000,10000.0
1637074800000,10000.0
1637078400000,10000.0
1637082000000,10000.0
1637085600000,10000.0
1637089200000,10000.0
1637092800000,10000.0
1637096400000,10000.0
1637100000000,10000.0
1637103600000,10000.0
1637107200000,10000.0
1637110800000,10000.0
1637114400000,10000.0
1637118000000,10000.0
1637121600000,10000.0
1637125200000,10000.0
1637128800000,10000.0
1637132400000,10000.0
1637136000000,10000.0
1637139600000,10000.0
1637143200000,10000.0
1637146800000,10000.0
1637150400000,10000.0
1637154000000,10000.0
1637157600000,10000.0
1637161200000,10000.0
1637164800000,10000.0
1637168400000,10000.0
1637172000000,10000.0
1637175600000,10000.0
1637179200000,10000.0
1637182800000,10000.0
1637186400000,10000.0
1637190000000,10000.0
1637193600000,10000.0
1637197200000,10000.0
1637200800000,10000.0
1637204400000,10000.0
1637208000000,10000.0
1637211600000,10000.0
1637215200000,10000.0
1637218800000,10000.0
1637222400000,10000.0
1637226000000,10000.0
1637229600000,10000.0
1637233200000,10000.0
1637236800000,10000.0
1637240400000,10000.0
1637244000000,10000.0
1637247600000,10000.0
1637251200000,10000.0
1637254800000,10000.0
1637258400000,10000.0
1637262000000,10000.0
1637265600000,10000.0
1637269200000,10000.0
1637272800000,10000.0
1637276400000,10000.0
1637280000000,10000.0
1637283600000,10000.0
1637287200000,10000.0
1637290800000,10000.0
1637294400000,10000.0
1637298000000,10000.0
1637301600000,10000.0
1637305200000,10000.0
1637308800000,10000.0
1637312400000,10000.0
1637316000000,10000.0
1637319600000,10000.0
1637323200000,10000.0
1637326800000,10000.0
1637330400000,10000.0
1637334000000,10000.0
1637337600000,10000.0
1637341200000,10000.0
1637344800000,10000.0
1637348400000,10000.0
1637352000000,10000.0
1637355600000,10000.0
1637359200000,10000.0
1637362800000,10000.0
1637366400000,10000.0
1637370000000,10000.0
1637373600000,10000.0
1637377200000,10000.0
1637380800000,10000.0
1637384400000,10000.0
1637388000000,10000.0
1637391600000,10000.0
1637395200000,10000.0
1637398800000,10000.0
1637402400000,10000.0
1637406000000,10000.0
1637409600000,10000.0
1637413200000,10000.0
1637416800000,10000.0
1637420400000,10000.0
1637424000000,10000.0
1637427600000,10000.0
1637431200000,10000.0
1637434800000,10000.0
1637438400000,10000.0
1637442000000,10000.0
1637445600000,10000.0
1637449200000,10000.0
1637452800000,10000.0
1637456400000,10000.0
1637460000000,10000.0
1637463600000,10000.0
1637467200000,10000.0
1637470800000,10000.0
1637474400000,10000.0
1637478000000,10000.0
1637481600000,10000.0
1637485200000,10000.0
1637488800000,10000.0
1637492400000,10000.0
1637496000000,10000.0
1637499600000,10000.0
1637503200000,10000.0
1637506800000,10000.0
1637510400000,10000.0
1637514000000,10000.0
1637517600000,10000.0
1637521200000,10000.0
1637524800000,10000.0
1637528400000,10000.0
1637532000000,10000.0
1637535600000,10000.0
1637539200000,10000.0
1637542800000,10000.0
1637546400000,10000.0
1637550000000,10000.0
1637553600000,10000.0
1637557200000,10000.0
1637560800000,10000.0
1637564400000,10000.0
1637568000000,10000.0
1637571600000,10000.0
1637575200000,10000.0
1637578800000,10000.0
1637582400000,10000.0
1637586000000,10000.0
1637589600000,10000.0
1637593200000,10000.0
1637596800000,10000.0
1637600400000,10000.0
1637604000000,10000.0
1637607600000,10000.0
1637611200000,10000.0
1637614800000,10000.0
1637618400000,10000.0
1637622000000,10000.0
1637625600000,10000.0
1637629200000,10000.0
1637632800000,10000.0
1637636400000,10000.0
1637640000000,10000.0
1637643600000,10000.0
1637647200000,10000.0
1637650800000,10000.0
1637654400000,10000.0
1637658000000,10000.0
1637661600000,10000.0
1637665200000,10000.0
1637668800000,10000.0
1637672400000,10000.0
1637676000000,10000.0
1637679600000,10000.0
1637683200000,10000.0
1637686800000,10000.0
1637690400000,10000.0
1637694000000,10000.0
1637697600000,10000.0
1637701200000,10000.0
1637704800000,10000.0
1637708400000,10000.0
1637712000000,10000.0
1637715600000,10000.0
1637719200000,10000.0
1637722800000,10000.0
1637726400000,10000.0
1637730000000,10000.0
1637733600000,10000.0
1637737200000,10000.0
1637740800000,10000.0
1637744400000,10000.0
1637748000000,10000.0
1637751600000,10000.0
1637755200000,10000.0
1637758800000,10000.0
1637762400000,10000.0
1637766000000,10000.0
1637769600000,10000.0
1637773200000,10000.0
1637776800000,10000.0
1637780400000,10000.0
1637784000000,10000.0
1637787600000,10000.0
1637791200000,10000.0
1637794800000,10000.0
1637798400000,10000.0
1637802000000,10000.0
1637805600000,10000.0
1637809200000,10000.0
1637812800000,10000.0
1637816400000,10000.0
1637820000000,10000.0
1637823600000,10000.0
1637827200000,10000.0
1637830800000,10000.0
1637834400000,10000.0
1637838000000,10000.0
1637841600000,10000.0
1637845200000,10000.0
1637848800000,10000.0
1637852400000,10000.0
1637856000000,10000.0
1637859600000,10000.0
1637863200000,10000.0
1637866800000,10000.0
1637870400000,10000.0
1637874000000,10000.0
1637877600000,10000.0
1637881200000,10000.0
1637884800000,10000.0
1637888400000,10000.0
1637892000000,10000.0
1637895600000,10000.0
1637899200000,10000.0
1637902800000,10000.0
1637906400000,10000.0
1637910000000,10000.0
1637913600000,10000.0
1637917200000,10000.0
1637920800000,10000.0
1637924400000,10000.0
1637928000000,10000.0
1637931600000,10000.0
1637935200000,10000.0
1637938800000,10000.0
1637942400000,10000.0
1637946000000,10000.0
1637949600000,10000.0
1637953200000,10000.0
1637956800000,10000.0
1637960400000,10000.0
1637964000000,10000.0
1637967600000,10000.0
1637971200000,10000.0
1637974800000,10000.0
1637978400000,10000.0
1637982000000,10000.0
1637985600000,10000.0
1637989200000,10000.0
1637992800000,10000.0
1637996400000,10000.0
1638000000000,10000.0
1638003600000,10000.0
1638007200000,10000.0
1638010800000,10000.0
1638014400000,10000.0
1638018000000,10000.0
1638021600000,10000.0
1638025200000,10000.0
1638028800000,10000.0
1638032400000,10000.0
1638036000000,10000.0
1638039600000,10000.0
1638043200000,10000.0
1638046800000,10000.0
1638050400000,10000.0
1638054000000,10000.0
1638057600000,10000.0
1638061200000,10000.0
1638064800000,10000.0
1638068400000,10000.0
1638072000000,10000.0
1638075600000,10000.0
1638079200000,10000.0
1638082800000,10000.0
1638086400000,10000.0
1638090000000,10000.0
1638093600000,10000.0
1638097200000,10000.0
1638100800000,10000.0
1638104400000,10000.0
1638108000000,10000.0
1638111600000,10000.0
1638115200000,10000.0
1638118800000,10000.0
1638122400000,10000.0
1638126000000,10000.0
1638129600000,10000.0
1638133200000,10000.0
1638136800000,10000.0
1638140400000,10000.0
1638144000000,10000.0
1638147600000,10000.0
1638151200000,10000.0
1638154800000,10000.0
1638158400000,10000.0
1638162000000,10000.0
1638165600000,10000.0
1638169200000,10000.0
1638172800000,10000.0
1638176400000,10000.0
1638180000000,10000.0
1638183600000,10000.0
1638187200000,10000.0
1638190800000,10000.0
1638194400000,10000.0
1638198000000,10000.0
1638201600000,10000.0
1638205200000,10000.0
1638208800000,10000.0
1638212400000,10000.0
1638216000000,10000.0
1638219600000,10000.0
1638223200000,10000.0
1638226800000,10000.0
1638230400000,10000.0
1638234000000,10000.0
1638237600000,10000.0
1638241200000,10000.0
1638244800000,9999.313103226186
1638248400000,9999.078793226186
1638252000000,10001.459133226186
1638255600000,10001.414343226188
1638259200000,10001.588873997322
1638262800000,10000.830153997322
1638266400000,10002.308693997322
1638270000000,10002.567803997323
1638273600000,10007.999443997322
1638277200000,10005.28217399732
1638280800000,10006.730413997322
1638284400000,10009.265593997323
1638288000000,10011.628786690444
1638291600000,10010.783456690444
1638295200000,10009.284446690444
1638298800000,10009.463356690443
1638302400000,10012.156096690445
1638306000000,10012.447146690445
1638309600000,10013.738516690444
1638313200000,10014.205066690445
1638316800000,10014.37972415059
1638320400000,10017.017924150592
1638324000000,10018.734624150591
1638327600000,10021.47291415059
1638331200000,10021.18994415059
1638334800000,10021.218684150592
1638338400000,10021.38048415059
1638342000000,10021.75894415059
1638345600000,10023.117413886084
1638349200000,10020.237423886083
1638352800000,10021.615563886086
1638356400000,10021.449213886084
1638360000000,10017.088673886085
1638363600000,10016.457253886083
1638367200000,10013.417863886085
1638370800000,10011.625183886084
1638374400000,10010.19458995043
1638378000000,10009.267339950431
1638381600000,10010.69639995043
1638385200000,10012.50961995043
1638388800000,10013.43795995043
1638392400000,10011.579689950431
1638396000000,10009.86025995043
1638399600000,10009.54235995043
1638403200000,10009.93510732765
1638406800000,10010.645547327651
1638410400000,10012.00003732765
1638414000000,10010.83557732765
1638417600000,10006.891839865575
1638421200000,10005.610839865576
1638424800000,10002.900229865576
1638428400000,10004.449259865576
1638432000000,10002.924187802499
1638435600000,10002.2863478025
1638439200000,10004.173547802498
1638442800000,10004.6449278025
1638446400000,10006.9783078025
1638450000000,10004.749577802499
1638453600000,10005.421577802499
1638457200000,10001.671537802498
1638460800000,10005.683811725497
1638464400000,10006.666331725499
1638468000000,10005.705861725499
1638471600000,10004.233201725498
1638475200000,10004.232361725499
1638478800000,10002.125431725499
1638482400000,10003.340351725497
1638486000000,10003.352041725499
1638489600000,10005.242611217498
1638493200000,10005.017211217497
1638496800000,10005.242821217498
1638500400000,10007.131981217497
1638504000000,10006.336921217497
1638507600000,10004.623111217497
1638511200000,10003.485961217497
1638514800000,10002.992951217497
1638518400000,10003.842364073951
1638522000000,10004.773364073952
1638525600000,10001.240184073951
1638529200000,10002.563184073952
1638532800000,10001.672294073951
1638536400000,10003.468074073951
1638540000000,10003.610804073951
1638543600000,10006.802314073951
1638547200000,10009.40059674535
1638550800000,10017.43911674535
1638554400000,10016.44133674535
1638558000000,10016.76109674535
1638561600000,10025.62925674535
1638565200000,10027.27404674535
1638568800000,10026.56242674535
1638572400000,10027.00615674535
1638576000000,10025.694250443343
1638579600000,10031.003540443342
1638583200000,10030.338260443343
1638586800000,10029.684390443343
1638590400000,10035.157336948454
1638594000000,10049.262766948454
1638597600000,10080.355396948455
1638601200000,10078.832646948455
1638604800000,10081.914103253594
1638608400000,10076.813613253595
1638612000000,10076.235723253592
1638615600000,10078.038473253593
1638619200000,10085.336513253595
1638622800000,10081.021543253593
1638626400000,10076.130683253594
1638630000000,10069.201063253593
1638633600000,10065.825867380632
1638637200000,10070.532047380631
1638640800000,10066.694457380632
1638644400000,10059.868307380633
1638648000000,10054.625807380633
1638651600000,10053.975997380632
1638655200000,10059.953477380632
1638658800000,10053.600787380632
1638662400000,10052.806361326253
1638666000000,10057.215501326253
1638669600000,10055.783381326253
1638673200000,10056.582521326254
1638676800000,10051.196201326253
1638680400000,10052.998401326255
1638684000000,10048.265891326253
1638687600000,10045.416051326254
1638691200000,10048.381374084629
1638694800000,10046.586764084628
1638698400000,10051.575364084629
1638702000000,10048.785294084628
1638705600000,10048.704844084628
1638709200000,10046.426594084627
1638712800000,10047.914234084628
1638716400000,10053.944064084628
1638720000000,10065.089642674999
1638723600000,10058.506642674998
1638727200000,10051.067462675
1638730800000,10052.281392675
1638734400000,10053.879642675
1638738000000,10053.939492675
1638741600000,10052.459722674997
1638745200000,10052.010522675
1638748800000,10047.01892575808
1638752400000,10057.02399575808
1638756000000,10054.448165758082
1638759600000,10053.96995575808
1638763200000,10051.47422575808
1638766800000,10051.86606575808
1638770400000,10055.61723575808
1638774000000,10064.727325758082
1638777600000,10061.006641294405
1638781200000,10065.130141294405
1638784800000,10075.347441294405
1638788400000,10074.265401294404
1638792000000,10062.231665556481
1638795600000,10062.61813555648
1638799200000,10064.179135556482
1638802800000,10064.369045556481
1638806400000,10059.908535523482
1638810000000,10058.343685523481
1638813600000,10059.718975523481
1638817200000,10057.492345523482
1638820800000,10058.126895523481
1638824400000,10060.073455523481
1638828000000,10050.172940028839
1638831600000,10050.172940028839
1638835200000,10050.294160000563
1638838800000,10049.702150000563
1638842400000,10049.336450000563
1638846000000,10048.344290000563
1638849600000,10049.675650000563
1638853200000,10050.034990000562
1638856800000,10049.640670000563
1638860400000,10050.544850000562
1638864000000,10050.109865986306
1638867600000,10052.860565986306
1638871200000,10052.426495986307
1638874800000,10052.955965986306
1638878400000,10053.316895986307
1638882000000,10050.710355986306
1638885600000,10049.556545986306
1638889200000,10052.588145986307
1638892800000,10052.228885070925
1638896400000,10050.109415070925
1638900000000,10048.781235070925
1638903600000,10047.747205070926
1638907200000,10047.969805070925
1638910800000,10046.322565070925
1638914400000,10046.996195070926
1638918000000,10045.442235070925
1638921600000,10048.159513929202
1638925200000,10048.8983339292
1638928800000,10048.021183929202
1638932400000,10046.7454739292
1638936000000,10047.677743929202
1638939600000,10048.444653929202
1638943200000,10049.0350739292
1638946800000,10051.205423929201
1638950400000,10051.02382136666
1638954000000,10050.935841366661
1638957600000,10048.632991366661
1638961200000,10046.16478136666
1638964800000,10046.04394136666
1638968400000,10046.43985136666
1638972000000,10046.84265136666
1638975600000,10053.230211366661
1638979200000,10053.12949758666
1638982800000,10052.85919758666
1638986400000,10051.757857586661
1638990000000,10052.204647586661
1638993600000,10051.45893758666
1638997200000,10052.98851758666
1639000800000,10052.921737586661
1639004400000,10052.499857586661
1639008000000,10054.73097256366
1639011600000,10054.194082563661
1639015200000,10053.374172563661
1639018800000,10051.97179256366
1639022400000,10050.932992563661
1639026000000,10052.12231256366
1639029600000,10050.82328256366
1639033200000,10051.34692256366
1639036800000,10051.338025282095
1639040400000,10049.083405282096
1639044000000,10047.712295282096
1639047600000,10047.789675282094
1639051200000,10047.263385282095
1639054800000,10047.639685282094
1639058400000,10047.283525282095
1639062000000,10043.145285282095
1639065600000,10040.660556387635
1639069200000,10039.457196387635
1639072800000,10041.955686387635
1639076400000,10045.053096387634
1639080000000,10045.623726387634
1639083600000,10045.038606387634
1639087200000,10042.366236387634
1639090800000,10043.096256387635
1639094400000,10045.710697526103
1639098000000,10046.248207526103
1639101600000,10043.204617526102
1639105200000,10042.464247526103
1639108800000,10044.090577526104
1639112400000,10045.607197526102
1639116000000,10045.199407526103
1639119600000,10049.332507526104
1639123200000,10052.123065418104
1639126800000,10048.629595418104
1639130400000,10046.724505418104
1639134000000,10047.844375418103
1639137600000,10043.463565418104
1639141200000,10042.501705418103
1639144800000,10040.231605418103
1639148400000,10050.774115418104
1639152000000,10053.140699230784
1639155600000,10056.250529230783
1639159200000,10056.338159230783
1639162800000,10055.101679230784
1639166400000,10052.543159230783
1639170000000,10051.032059230783
1639173600000,10054.003199230783
1639177200000,10058.373659230783
1639180800000,10060.650652980315
1639184400000,10058.554432980316
1639188000000,10056.141502980316
1639191600000,10055.043712980316
1639195200000,10052.999242980315
1639198800000,10051.846252980316
1639202400000,10051.960792980315
1639206000000,10056.310552980316
1639209600000,10055.594872879972
1639213200000,10052.676862879973
1639216800000,10053.270262879973
1639220400000,10052.801062879973
1639224000000,10053.123982879973
1639227600000,10051.191982879973
1639231200000,10053.324772879972
1639234800000,10051.590802879973
1639238400000,10049.982675111292
1639242000000,10049.280945111292
1639245600000,10050.890715111293
1639249200000,10051.337835111293
1639252800000,10053.509265111292
1639256400000,10053.129765111293
1639260000000,10052.274165111292
1639263600000,10052.790285111292
1639267200000,10048.170628368292
1639270800000,10049.479558368292
1639274400000,10051.652368368292
1639278000000,10051.385338368293
1639281600000,10051.053448368293
1639285200000,10052.968198368293
1639288800000,10051.467448368292
1639292400000,10050.172318368292
1639296000000,10050.193395552307
1639299600000,10053.167985552307
1639303200000,10053.547485552306
1639306800000,10052.866455552306
1639310400000,10051.527165552307
1639314000000,10051.764525552308
1639317600000,10051.091085552307
1639321200000,10050.760575552307
1639324800000,10052.520925258748
1639328400000,10050.962905258748
1639332000000,10048.053175258749
1639335600000,10043.555755258749
1639339200000,10044.345805258748
1639342800000,10043.960785258749
1639346400000,10045.587805258749
1639350000000,10043.333575258748
1639353600000,10045.42102920388
1639357200000,10051.42402920388
1639360800000,10056.06841920388
1639364400000,10055.77378920388
1639368000000,10054.50418920388
1639371600000,10053.37051920388
1639375200000,10051.896679203881
1639378800000,10054.82917920388
1639382400000,10054.71891182611
1639386000000,10052.87178182611
1639389600000,10054.38426182611
1639393200000,10054.91556182611
1639396800000,10053.44448182611
1639400400000,10055.08530182611
1639404000000,10056.30108182611
1639407600000,10060.26444182611
1639411200000,10067.311996864286
1639414800000,10067.344426864285
1639418400000,10066.666156864285
1639422000000,10066.881436864285
1639425600000,10070.948986864285
1639429200000,10070.578456864285
1639432800000,10070.265196864286
1639436400000,10069.097716864286
1639440000000,10069.678759092776
1639443600000,10067.269279092776
1639447200000,10069.310299092776
1639450800000,10069.061209092777
1639454400000,10069.542139092777
1639458000000,10070.048599092777
1639461600000,10072.061329092776
1639465200000,10072.079959092776
1639468800000,10068.929974883496
1639472400000,10066.801324883496
1639476000000,10070.491444883495
1639479600000,10066.808224883496
1639483200000,10065.473074883495
1639486800000,10065.942964883496
1639490400000,10068.902374883495
1639494000000,10066.695064883495
1639497600000,10069.165843931496
1639501200000,10070.001433931497
1639504800000,10070.684533931497
1639508400000,10071.396613931496
1639512000000,10069.719913931496
1639515600000,10065.812443931496
1639519200000,10064.384143931497
1639522800000,10065.929053931495
1639526400000,10064.172709784496
1639530000000,10064.860639784496
1639533600000,10065.557539784495
1639537200000,10066.353109784495
1639540800000,10064.429389784495
1639544400000,10064.641219784495
1639548000000,10064.472859784495
1639551600000,10064.246539784495
1639555200000,10063.758450884188
1639558800000,10062.169380884188
1639562400000,10062.442620884189
1639566000000,10063.550760884189
1639569600000,10064.35944088419
1639573200000,10067.007660884188
1639576800000,10066.929000884189
1639580400000,10069.57860088419
1639584000000,10078.01700066519
1639587600000,10074.04329066519
1639591200000,10073.22633066519
1639594800000,10068.51915066519
1639598400000,10055.60941852058
1639602000000,10055.60941852058
1639605600000,10055.60941852058
1639609200000,10055.60941852058
1639612800000,10055.60941852058
1639616400000,10055.60941852058
1639620000000,10055.60941852058
1639623600000,10055.60941852058
1639627200000,10055.60941852058
1639630800000,10055.60941852058
1639634400000,10055.60941852058
1639638000000,10055.60941852058
1639641600000,10055.60941852058
1639645200000,10055.60941852058
1639648800000,10055.60941852058
1639652400000,10055.60941852058
1639656000000,10055.60941852058
1639659600000,10055.60941852058
1639663200000,10055.60941852058
1639666800000,10055.60941852058
1639670400000,10055.60941852058
1639674000000,10055.60941852058
1639677600000,10055.60941852058
1639681200000,10055.60941852058
1639684800000,10055.60941852058
1639688400000,10055.60941852058
1639692000000,10055.60941852058
1639695600000,10055.60941852058
1639699200000,10055.60941852058
1639702800000,10055.60941852058
1639706400000,10055.60941852058
1639710000000,10055.60941852058
1639713600000,10055.60941852058
1639717200000,10055.60941852058
1639720800000,10055.60941852058
1639724400000,10055.60941852058
1639728000000,10055.60941852058
1639731600000,10055.60941852058
1639735200000,10055.60941852058
1639738800000,10055.60941852058
1639742400000,10055.60941852058
1639746000000,10055.60941852058
1639749600000,10055.60941852058
1639753200000,10055.60941852058
1639756800000,10055.60941852058
1639760400000,10055.60941852058
1639764000000,10055.60941852058
1639767600000,10055.60941852058
1639771200000,10055.60941852058
1639774800000,10055.60941852058
1639778400000,10055.60941852058
1639782000000,10055.60941852058
1639785600000,10054.55914510166
1639789200000,10053.79194510166
1639792800000,10058.79914510166
1639796400000,10058.263465101661
1639800000000,10053.821945101661
1639803600000,10053.307145101662
1639807200000,10051.712105101662
1639810800000,10053.562505101661
1639814400000,10053.34804917073
1639818000000,10053.54548917073
1639821600000,10049.22212917073
1639825200000,10046.70964917073
1639828800000,10048.01220917073
1639832400000,10047.79372917073
1639836000000,10051.21108917073
1639839600000,10048.50980917073
1639843200000,10049.31698062627
1639846800000,10050.35042062627
1639850400000,10050.86538062627
1639854000000,10050.62834062627
1639857600000,10051.09370062627
1639861200000,10049.67290062627
1639864800000,10049.15794062627
1639868400000,10050.594740626271
1639872000000,10050.132055775679
1639875600000,10050.924055775678
1639879200000,10051.576775775678
1639882800000,10046.638455775677
1639886400000,10041.914935775678
1639890000000,10041.147895775679
1639893600000,10043.736695775679
1639897200000,10044.755495775678
1639900800000,10043.898940747176
1639904400000,10044.300540747177
1639908000000,10047.637980747177
1639911600000,10047.842220747176
1639915200000,10046.993180747177
1639918800000,10046.546140747178
1639922400000,10042.114220747177
1639926000000,10045.313180747176
1639929600000,10047.051757792016
1639933200000,10046.600957792016
1639936800000,10047.719117792016
1639940400000,10047.491437792016
1639944000000,10051.636877792016
1639947600000,10050.397197792016
1639951200000,10051.198077792016
1639954800000,10045.969357792017
1639958400000,10051.034532568015
1639962000000,10049.653092568016
1639965600000,10051.527972568016
1639969200000,10050.894612568016
1639972800000,10050.651572568016
1639976400000,10048.705412568015
1639980000000,10053.388612568016
1639983600000,10052.222692568015
1639987200000,10052.943508341441
1639990800000,10054.15030834144
1639994400000,10057.892628341442
1639998000000,10057.832068341442
1640001600000,10055.910388341441
1640005200000,10058.539748341442
1640008800000,10058.750948341441
1640012400000,10055.399828341442
1640016000000,10056.636198107377
1640019600000,10053.789158107376
1640023200000,10055.372118107376
1640026800000,10054.658758107376
1640030400000,10051.372838107376
1640034000000,10048.344598107376
1640037600000,10048.193398107376
1640041200000,10050.259718107376
1640044800000,10049.070012515236
1640048400000,10049.550812515236
1640052000000,10048.815372515237
1640055600000,10049.098972515236
1640059200000,10040.149772515237
1640062800000,10036.685719467381
1640066400000,10036.685719467381
1640070000000,10036.685719467381
1640073600000,10036.685719467381
1640077200000,10036.685719467381
1640080800000,10036.685719467381
1640084400000,10036.685719467381
1640088000000,10036.685719467381
1640091600000,10036.685719467381
1640095200000,10036.685719467381
1640098800000,10036.685719467381
1640102400000,10036.685719467381
1640106000000,10036.685719467381
1640109600000,10036.685719467381
1640113200000,10036.685719467381
1640116800000,10036.685719467381
1640120400000,10036.685719467381
1640124000000,10036.685719467381
1640127600000,10036.685719467381
1640131200000,10036.685719467381
1640134800000,10036.685719467381
1640138400000,10036.685719467381
1640142000000,10036.685719467381
1640145600000,10036.685719467381
1640149200000,10036.685719467381
1640152800000,10036.685719467381
1640156400000,10036.685719467381
1640160000000,10036.685719467381
1640163600000,10036.685719467381
1640167200000,10036.685719467381
1640170800000,10036.685719467381
1640174400000,10036.685719467381
1640178000000,10036.685719467381
1640181600000,10036.685719467381
1640185200000,10036.685719467381
1640188800000,10036.685719467381
1640192400000,10036.685719467381
1640196000000,10036.685719467381
1640199600000,10036.685719467381
1640203200000,10036.685719467381
1640206800000,10036.685719467381
1640210400000,10036.685719467381
1640214000000,10036.685719467381
1640217600000,10036.685719467381
1640221200000,10036.685719467381
1640224800000,10036.685719467381
1640228400000,10036.685719467381
1640232000000,10036.685719467381
1640235600000,10036.685719467381
1640239200000,10036.685719467381
1640242800000,10036.685719467381
1640246400000,10036.685719467381
1640250000000,10036.685719467381
1640253600000,10036.685719467381
1640257200000,10036.685719467381
1640260800000,10036.685719467381
1640264400000,10036.685719467381
1640268000000,10036.685719467381
1640271600000,10036.685719467381
1640275200000,10036.685719467381
1640278800000,10036.685719467381
1640282400000,10036.685719467381
1640286000000,10036.685719467381
1640289600000,10036.685719467381
1640293200000,10036.685719467381
1640296800000,10036.685719467381
1640300400000,10036.685719467381
1640304000000,10036.685719467381
1640307600000,10036.685719467381
1640311200000,10036.685719467381
1640314800000,10036.685719467381
1640318400000,10036.685719467381
1640322000000,10036.685719467381
1640325600000,10036.685719467381
1640329200000,10036.685719467381
1640332800000,10036.685719467381
1640336400000,10036.685719467381
1640340000000,10036.685719467381
1640343600000,10036.685719467381
1640347200000,10036.685719467381
1640350800000,10036.685719467381
1640354400000,10036.685719467381
1640358000000,10036.685719467381
1640361600000,10036.685719467381
1640365200000,10036.685719467381
1640368800000,10036.685719467381
1640372400000,10036.685719467381
1640376000000,10036.685719467381
1640379600000,10036.685719467381
1640383200000,10036.685719467381
1640386800000,10036.685719467381
1640390400000,10036.685719467381
1640394000000,10036.685719467381
1640397600000,10036.685719467381
1640401200000,10036.685719467381
1640404800000,10036.685719467381
1640408400000,10036.685719467381
1640412000000,10036.685719467381
1640415600000,10036.685719467381
1640419200000,10036.685719467381
1640422800000,10036.685719467381
1640426400000,10036.685719467381
1640430000000,10036.685719467381
1640433600000,10036.685719467381
1640437200000,10036.685719467381
1640440800000,10036.685719467381
1640444400000,10036.685719467381
1640448000000,10036.685719467381
1640451600000,10036.685719467381
1640455200000,10036.685719467381
1640458800000,10036.685719467381
1640462400000,10036.685719467381
1640466000000,10036.685719467381
1640469600000,10036.685719467381
1640473200000,10036.685719467381
1640476800000,10036.685719467381
1640480400000,10036.685719467381
1640484000000,10036.685719467381
1640487600000,10036.685719467381
1640491200000,10036.685719467381
1640494800000,10036.685719467381
1640498400000,10036.685719467381
1640502000000,10036.685719467381
1640505600000,10036.685719467381
1640509200000,10036.685719467381
1640512800000,10036.685719467381
1640516400000,10036.685719467381
1640520000000,10036.685719467381
1640523600000,10036.685719467381
1640527200000,10036.685719467381
1640530800000,10036.685719467381
1640534400000,10036.685719467381
1640538000000,10036.685719467381
1640541600000,10036.685719467381
1640545200000,10036.685719467381
1640548800000,10036.685719467381
1640552400000,10036.685719467381
1640556000000,10036.685719467381
1640559600000,10036.685719467381
1640563200000,10036.685719467381
1640566800000,10036.685719467381
1640570400000,10036.685719467381
1640574000000,10036.685719467381
1640577600000,10036.685719467381
1640581200000,10036.685719467381
1640584800000,10036.685719467381
1640588400000,10036.685719467381
1640592000000,10036.685719467381
1640595600000,10036.685719467381
1640599200000,10036.685719467381
1640602800000,10036.685719467381
1640606400000,10036.685719467381
1640610000000,10036.685719467381
1640613600000,10036.685719467381
1640617200000,10036.685719467381
1640620800000,10036.685719467381
1640624400000,10036.685719467381
1640628000000,10036.685719467381
1640631600000,10036.685719467381
1640635200000,10036.685719467381
1640638800000,10036.685719467381
1640642400000,10036.685719467381
1640646000000,10036.685719467381
1640649600000,10036.685719467381
1640653200000,10036.685719467381
1640656800000,10036.685719467381
1640660400000,10036.685719467381
1640664000000,10036.685719467381
1640667600000,10036.685719467381
1640671200000,10036.685719467381
1640674800000,10036.685719467381
1640678400000,10036.685719467381
1640682000000,10036.685719467381
1640685600000,10036.685719467381
1640689200000,10036.685719467381
1640692800000,10036.685719467381
1640696400000,10036.685719467381
1640700000000,10036.685719467381
1640703600000,10036.685719467381
1640707200000,10036.685719467381
1640710800000,10036.685719467381
1640714400000,10036.685719467381
1640718000000,10036.685719467381
1640721600000,10036.685719467381
1640725200000,10036.685719467381
1640728800000,10036.685719467381
1640732400000,10036.685719467381
1640736000000,10036.685719467381
1640739600000,10036.685719467381
1640743200000,10036.685719467381
1640746800000,10036.685719467381
1640750400000,10036.685719467381
1640754000000,10036.685719467381
1640757600000,10036.685719467381
1640761200000,10036.685719467381
1640764800000,10036.685719467381
1640768400000,10036.685719467381
1640772000000,10036.685719467381
1640775600000,10036.685719467381
1640779200000,10036.685719467381
1640782800000,10036.685719467381
1640786400000,10036.685719467381
1640790000000,10036.685719467381
1640793600000,10036.685719467381
1640797200000,10036.685719467381
1640800800000,10036.685719467381
1640804400000,10036.685719467381
1640808000000,10036.685719467381
1640811600000,10036.685719467381
1640815200000,10036.685719467381
1640818800000,10036.685719467381
1640822400000,10035.215972083772
1640826000000,10033.551892083773
1640829600000,10033.704392083773
1640833200000,10033.899592083773
1640836800000,10033.345712083772
1640840400000,10032.468532083773
1640844000000,10030.609252083772
1640847600000,10028.953712083772
1640851200000,10025.357356396526
1640854800000,10027.954736396525
1640858400000,10029.265016396526
1640862000000,10027.250796396525
1640865600000,10023.361436396526
1640869200000,10022.875876396525
1640872800000,10025.585496396525
1640876400000,10025.345156396526
1640880000000,10026.21143308881
1640883600000,10020.759253088812
1640887200000,10022.89425308881
1640890800000,10020.926393088812
1640894400000,10021.64619308881
1640898000000,10024.244793088812
1640901600000,10023.90685308881
1640905200000,10026.710413088811
1640908800000,10026.788982249152
1640912400000,10026.978082249152
1640916000000,10025.205422249153
1640919600000,10026.056982249152
1640923200000,10022.303042249152
1640926800000,10021.719882249152
1640930400000,10023.220482249153
1640934000000,10022.655622249153
1640937600000,10025.517272132733
1640941200000,10012.867242303762
1640944800000,10012.867242303762
1640948400000,10012.867242303762
1640952000000,10012.867242303762
1640955600000,10012.867242303762
1640959200000,10012.867242303762
1640962800000,10012.867242303762
1640966400000,10012.867242303762
1640970000000,10012.867242303762
1640973600000,10012.867242303762
1640977200000,10012.867242303762
1640980800000,10009.766984935048
1640984400000,10007.677364935047
1640988000000,9998.889074935048
1640991600000,9999.265454935048
1640995200000,10000.487919154193
1640998800000,9993.065739154192
1641002400000,9990.660789154193
1641006000000,9990.553269154194
1641009600000,9990.664119154193
1641013200000,9993.120069154193
1641016800000,9986.509149154193
1641020400000,9990.470529154194
1641024000000,9989.082310637006
1641027600000,9988.087330637005
1641031200000,9987.221950637006
1641034800000,9993.816760637006
1641038400000,9993.709510637005
1641042000000,9988.450900637006
1641045600000,9990.829660637006
1641049200000,9993.764260637005
1641052800000,9986.430584540227
1641056400000,9985.812884540226
1641060000000,9978.461834540227
1641063600000,9981.004874540227
1641067200000,9983.993054540228
1641070800000,9981.228764540227
1641074400000,9983.435684540227
1641078000000,9982.153034540228
1641081600000,9978.160233352433
1641085200000,9979.593123352433
1641088800000,9983.690073352434
1641092400000,9983.422353352433
1641096000000,9982.832313352434
1641099600000,9990.559683352434
1641103200000,9987.218613352432
1641106800000,9987.327273352434
1641110400000,9986.024919924106
1641114000000,9985.796649924107
1641117600000,9983.826219924107
1641121200000,9986.115519924108
1641124800000,9985.228119924106
1641128400000,9983.942979924108
1641132000000,9986.144589924106
1641135600000,9985.020429924107
1641139200000,9980.277774494934
1641142800000,9973.32446235887
1641146400000,9973.32446235887
1641150000000,9973.32446235887
1641153600000,9973.32446235887
1641157200000,9973.32446235887
1641160800000,9973.32446235887
1641164400000,9973.32446235887
1641168000000,9973.32446235887
1641171600000,9973.32446235887
1641175200000,9973.32446235887
1641178800000,9973.32446235887
1641182400000,9973.32446235887
1641186000000,9973.32446235887
1641189600000,9973.32446235887
1641193200000,9973.32446235887
1641196800000,9973.32446235887
1641200400000,9973.32446235887
1641204000000,9973.32446235887
1641207600000,9973.32446235887
1641211200000,9973.32446235887
1641214800000,9973.32446235887
1641218400000,9973.32446235887
1641222000000,9973.32446235887
1641225600000,9973.32446235887
1641229200000,9973.32446235887
1641232800000,9973.32446235887
1641236400000,9973.32446235887
1641240000000,9973.32446235887
1641243600000,9973.32446235887
1641247200000,9973.32446235887
1641250800000,9973.32446235887
1641254400000,9973.32446235887
1641258000000,9973.32446235887
1641261600000,9973.32446235887
1641265200000,9973.32446235887
1641268800000,9973.32446235887
1641272400000,9973.32446235887
1641276000000,9973.32446235887
1641279600000,9973.32446235887
1641283200000,9973.32446235887
1641286800000,9973.32446235887
1641290400000,9973.32446235887
1641294000000,9973.32446235887
1641297600000,9973.32446235887
1641301200000,9973.32446235887
1641304800000,9973.32446235887
1641308400000,9973.32446235887
1641312000000,9973.32446235887
1641315600000,9973.32446235887
1641319200000,9973.32446235887
1641322800000,9973.32446235887
1641326400000,9973.32446235887
1641330000000,9973.32446235887
1641333600000,9973.32446235887
1641337200000,9973.32446235887
1641340800000,9973.32446235887
1641344400000,9973.32446235887
1641348000000,9973.32446235887
1641351600000,9973.32446235887
1641355200000,9973.32446235887
1641358800000,9973.32446235887
1641362400000,9973.32446235887
1641366000000,9973.32446235887
1641369600000,9973.32446235887
1641373200000,9973.32446235887
1641376800000,9973.32446235887
1641380400000,9973.32446235887
1641384000000,9973.32446235887
1641387600000,9973.32446235887
1641391200000,9973.32446235887
1641394800000,9973.32446235887
1641398400000,9973.32446235887
1641402000000,9973.32446235887
1641405600000,9973.32446235887
1641409200000,9973.32446235887
1641412800000,9972.506940334713
1641416400000,9977.752940334713
1641420000000,9982.063340334713
1641423600000,9985.032140334713
1641427200000,9985.564326983447
1641430800000,9982.518506983446
1641434400000,9986.373146983446
1641438000000,9990.362746983446
1641441600000,9999.216666983446
1641445200000,9999.671806983448
1641448800000,9998.947106983447
1641452400000,10000.857446983446
1641456000000,9996.22721060803
1641459600000,10004.03367060803
1641463200000,10016.437010608031
1641466800000,10010.57249060803
1641470400000,10010.06515060803
1641474000000,10006.435810608033
1641477600000,10002.146390608032
1641481200000,10008.601230608032
1641484800000,10004.861247100544
1641488400000,10005.928847100544
1641492000000,10002.529087100544
1641495600000,9996.145767100543
1641499200000,9995.011007100542
1641502800000,10000.070167100543
1641506400000,10000.031667100542
1641510000000,10000.042067100543
1641513600000,10001.908646514714
1641517200000,10009.702366514714
1641520800000,10006.587006514716
1641524400000,10011.474966514714
1641528000000,10033.777586514714
1641531600000,10037.683386514715
1641535200000,10035.175186514714
1641538800000,10045.587106514713
1641542400000,10040.835481347043
1641546000000,10032.579841347042
1641549600000,10027.900081347043
1641553200000,10032.728461347042
1641556800000,10029.670261347042
1641560400000,10028.324441347042
1641564000000,10046.355761347042
1641567600000,10039.037521347043
1641571200000,10049.208892057044
1641574800000,10035.336512057043
1641578400000,10038.034132057044
1641582000000,10042.859532057044
1641585600000,10039.282172057043
1641589200000,10036.335572057043
1641592800000,10037.977012057043
1641596400000,10044.551392057043
1641600000000,10039.991724091042
1641603600000,10034.318144091041
1641607200000,10036.687864091044
1641610800000,10037.965384091041
1641614400000,10038.192164091042
1641618000000,10037.273364091041
1641621600000,10036.831264091043
1641625200000,10036.699524091042
1641628800000,10036.182641369998
1641632400000,10035.602861369998
1641636000000,10030.955281369997
1641639600000,10036.298301369998
1641643200000,10036.399141369997
1641646800000,10039.423161369998
1641650400000,10038.958741369997
1641654000000,10041.725661369997
1641657600000,10045.99966014264
1641661200000,10051.003560142639
1641664800000,10064.022960142638
1641668400000,10072.702000142639
1641672000000,10066.18972014264
1641675600000,10066.614380142639
1641679200000,10052.610000142638
1641682800000,10048.41948014264
1641686400000,10054.615623732965
1641690000000,10049.761423732967
1641693600000,10049.214203732965
1641697200000,10044.624443732966
1641700800000,10047.591723732967
1641704400000,10043.641703732967
1641708000000,10048.415143732966
1641711600000,10045.519743732966
1641715200000,10047.205721870258
1641718800000,10050.446381870259
1641722400000,10053.602241870258
1641726000000,10050.756841870258
1641729600000,10046.366181870259
1641733200000,10051.577781870257
1641736800000,10054.929781870258
1641740400000,10053.289281870257
1641744000000,10052.377733057565
1641747600000,10040.094833057563
1641751200000,10040.847613057564
1641754800000,10042.479773057565
1641758400000,10030.067013057564
1641762000000,10033.649373057564
1641765600000,10035.987853057564
1641769200000,10037.594553057565
1641772800000,10045.501579049891
1641776400000,10048.797639049892
1641780000000,10045.397039049893
1641783600000,10044.503739049893
1641787200000,10043.193259049891
1641790800000,10038.932379049893
1641794400000,10041.169159049892
1641798000000,10041.943619049891
1641801600000,10040.711620534707
1641805200000,10045.635640534707
1641808800000,10046.393760534707
1641812400000,10047.575620534708
1641816000000,10051.789500534707
1641819600000,10067.024020534707
1641823200000,10070.335400534708
1641826800000,10071.287480534707
1641830400000,10071.458249476234
1641834000000,10052.230009476234
1641837600000,10067.835369476234
1641841200000,10060.678189476233
1641844800000,10061.598809476234
1641848400000,10054.101329476234
1641852000000,10054.059929476234
1641855600000,10058.142589476234
1641859200000,10052.172903206801
1641862800000,10058.1074032068
1641866400000,10051.289303206802
1641870000000,10045.7445232068
1641873600000,10044.739343206802
1641877200000,10044.591903206801
1641880800000,10047.348743206801
1641884400000,10046.765743206803
1641888000000,10043.149861871661
1641891600000,10047.826301871663
1641895200000,10047.294901871663
1641898800000,10053.228881871662
1641902400000,10049.885221871662
1641906000000,10048.59928187166
1641909600000,10051.343981871663
1641913200000,10048.194801871661
1641916800000,10047.804837578582
1641920400000,10028.302530441104
1641924000000,10028.302530441104
1641927600000,10028.302530441104
1641931200000,10028.302530441104
1641934800000,10028.302530441104
1641938400000,10028.302530441104
1641942000000,10028.302530441104
1641945600000,10028.302530441104
1641949200000,10028.302530441104
1641952800000,10028.302530441104
1641956400000,10028.302530441104
1641960000000,10028.302530441104
1641963600000,10028.302530441104
1641967200000,10028.302530441104
1641970800000,10028.302530441104
1641974400000,10028.302530441104
1641978000000,10028.302530441104
1641981600000,10028.302530441104
1641985200000,10028.302530441104
1641988800000,10028.302530441104
1641992400000,10028.302530441104
1641996000000,10028.302530441104
1641999600000,10028.302530441104
1642003200000,10028.302530441104
1642006800000,10028.302530441104
1642010400000,10028.302530441104
1642014000000,10028.302530441104
1642017600000,10028.302530441104
1642021200000,10028.302530441104
1642024800000,10028.302530441104
1642028400000,10028.302530441104
1642032000000,10028.302530441104
1642035600000,10028.302530441104
1642039200000,10028.302530441104
1642042800000,10028.302530441104
1642046400000,10028.302530441104
1642050000000,10028.302530441104
1642053600000,10028.302530441104
1642057200000,10028.302530441104
1642060800000,10028.302530441104
1642064400000,10028.302530441104
1642068000000,10028.302530441104
1642071600000,10028.302530441104
1642075200000,10028.302530441104
1642078800000,10028.302530441104
1642082400000,10028.302530441104
1642086000000,10028.302530441104
1642089600000,10028.302530441104
1642093200000,10028.302530441104
1642096800000,10028.302530441104
1642100400000,10028.302530441104
1642104000000,10028.302530441104
1642107600000,10028.302530441104
1642111200000,10028.302530441104
1642114800000,10028.302530441104
1642118400000,10028.302530441104
1642122000000,10028.302530441104
1642125600000,10028.302530441104
1642129200000,10028.302530441104
1642132800000,10028.302530441104
1642136400000,10028.302530441104
1642140000000,10028.302530441104
1642143600000,10028.302530441104
1642147200000,10028.302530441104
1642150800000,10028.302530441104
1642154400000,10028.302530441104
1642158000000,10028.302530441104
1642161600000,10028.302530441104
1642165200000,10028.302530441104
1642168800000,10028.302530441104
1642172400000,10028.302530441104
1642176000000,10028.302530441104
1642179600000,10028.302530441104
1642183200000,10028.302530441104
1642186800000,10028.302530441104
1642190400000,10028.302530441104
1642194000000,10028.302530441104
1642197600000,10028.302530441104
1642201200000,10028.302530441104
1642204800000,10028.302530441104
1642208400000,10028.302530441104
1642212000000,10028.302530441104
1642215600000,10028.302530441104
1642219200000,10028.302530441104
1642222800000,10028.302530441104
1642226400000,10028.302530441104
1642230000000,10028.302530441104
1642233600000,10028.302530441104
1642237200000,10028.302530441104
1642240800000,10028.302530441104
1642244400000,10028.302530441104
1642248000000,10028.302530441104
1642251600000,10028.302530441104
1642255200000,10028.302530441104
1642258800000,10028.302530441104
1642262400000,10028.302530441104
1642266000000,10028.302530441104
1642269600000,10028.302530441104
1642273200000,10028.302530441104
1642276800000,10028.302530441104
1642280400000,10028.302530441104
1642284000000,10028.302530441104
1642287600000,10028.302530441104
1642291200000,10028.302530441104
1642294800000,10028.302530441104
1642298400000,10028.302530441104
1642302000000,10028.302530441104
1642305600000,10028.302530441104
1642309200000,10028.302530441104
1642312800000,10028.302530441104
1642316400000,10028.302530441104
1642320000000,10028.302530441104
1642323600000,10028.302530441104
1642327200000,10028.302530441104
1642330800000,10028.302530441104
1642334400000,10028.302530441104
1642338000000,10028.302530441104
1642341600000,10028.302530441104
1642345200000,10028.302530441104
1642348800000,10028.302530441104
1642352400000,10028.302530441104
1642356000000,10028.302530441104
1642359600000,10028.302530441104
1642363200000,10028.302530441104
1642366800000,10028.302530441104
1642370400000,10028.302530441104
1642374000000,10028.302530441104
1642377600000,10028.302530441104
1642381200000,10028.302530441104
1642384800000,10028.302530441104
1642388400000,10028.302530441104
1642392000000,10028.302530441104
1642395600000,10028.302530441104
1642399200000,10028.302530441104
1642402800000,10028.302530441104
1642406400000,10028.302530441104
1642410000000,10028.302530441104
1642413600000,10028.302530441104
1642417200000,10028.302530441104
1642420800000,10028.302530441104
1642424400000,10028.302530441104
1642428000000,10028.302530441104
1642431600000,10028.302530441104
1642435200000,10028.302530441104
1642438800000,10028.302530441104
1642442400000,10028.302530441104
1642446000000,10028.302530441104
1642449600000,10028.302530441104
1642453200000,10028.302530441104
1642456800000,10028.302530441104
1642460400000,10028.302530441104
1642464000000,10028.302530441104
1642467600000,10028.302530441104
1642471200000,10028.302530441104
1642474800000,10028.302530441104
1642478400000,10028.302530441104
1642482000000,10028.302530441104
1642485600000,10028.302530441104
1642489200000,10028.302530441104
1642492800000,10028.302530441104
1642496400000,10028.302530441104
1642500000000,10028.302530441104
1642503600000,10028.302530441104
1642507200000,10028.302530441104
1642510800000,10028.302530441104
1642514400000,10028.302530441104
1642518000000,10028.302530441104
1642521600000,10028.302530441104
1642525200000,10028.302530441104
1642528800000,10028.302530441104
1642532400000,10028.302530441104
1642536000000,10028.302530441104
1642539600000,10028.302530441104
1642543200000,10028.302530441104
1642546800000,10028.302530441104
1642550400000,10028.302530441104
1642554000000,10028.302530441104
1642557600000,10028.302530441104
1642561200000,10028.302530441104
1642564800000,10028.302530441104
1642568400000,10028.302530441104
1642572000000,10028.302530441104
1642575600000,10028.302530441104
1642579200000,10028.302530441104
1642582800000,10028.302530441104
1642586400000,10028.302530441104
1642590000000,10028.302530441104
1642593600000,10028.302530441104
1642597200000,10028.302530441104
1642600800000,10028.302530441104
1642604400000,10028.302530441104
1642608000000,10028.302530441104
1642611600000,10028.302530441104
1642615200000,10028.302530441104
1642618800000,10028.302530441104
1642622400000,10028.302530441104
1642626000000,10028.302530441104
1642629600000,10028.302530441104
1642633200000,10028.302530441104
1642636800000,10028.302530441104
1642640400000,10028.302530441104
1642644000000,10028.302530441104
1642647600000,10028.302530441104
1642651200000,10028.302530441104
1642654800000,10028.302530441104
1642658400000,10028.302530441104
1642662000000,10028.302530441104
1642665600000,10028.302530441104
1642669200000,10028.302530441104
1642672800000,10028.302530441104
1642676400000,10028.302530441104
1642680000000,10028.302530441104
1642683600000,10028.302530441104
1642687200000,10028.302530441104
1642690800000,10028.302530441104
1642694400000,10028.302530441104
1642698000000,10028.302530441104
1642701600000,10028.302530441104
1642705200000,10028.302530441104
1642708800000,10028.302530441104
1642712400000,10028.302530441104
1642716000000,10028.302530441104
1642719600000,10028.302530441104
1642723200000,10026.644547072736
1642726800000,10023.856597072738
1642730400000,10048.378347072736
1642734000000,10048.727487072736
1642737600000,10068.870797072736
1642741200000,10066.302627072737
1642744800000,10064.994837072736
1642748400000,10066.350037072736
1642752000000,10060.013545226951
1642755600000,10058.07787522695
1642759200000,10063.955945226951
1642762800000,10063.029305226952
1642766400000,10065.408275226951
1642770000000,10081.521845226951
1642773600000,10073.989265226952
1642777200000,10078.237465226952
1642780800000,10069.741557457193
1642784400000,10072.858847457192
1642788000000,10077.993867457193
1642791600000,10080.760257457192
1642795200000,10086.015177457193
1642798800000,10082.801087457192
1642802400000,10115.952227457192
1642806000000,10130.882967457193
1642809600000,10124.34594691206
1642813200000,10124.90903691206
1642816800000,10121.32270691206
1642820400000,10119.14107691206
1642824000000,10127.32342691206
1642827600000,10130.24975691206
1642831200000,10140.88950691206
1642834800000,10142.496166912058
1642838400000,10148.174060244799
1642842000000,10148.3560002448
1642845600000,10164.9018702448
1642849200000,10152.590890244799
1642852800000,10154.477720244799
1642856400000,10144.9585402448
1642860000000,10147.686760244798
1642863600000,10157.3622502448
1642867200000,10165.119471673039
1642870800000,10154.431101673039
1642874400000,10170.605941673039
1642878000000,10176.54528167304
1642881600000,10175.102851673038
1642885200000,10156.603271673037
1642888800000,10155.459161673038
1642892400000,10167.699741673037
1642896000000,10160.39438139263
1642899600000,10153.17167139263
1642903200000,10154.73763139263
1642906800000,10164.24757139263
1642910400000,10161.385921392632
1642914000000,10156.06280139263
1642917600000,10149.404061392632
1642921200000,10152.96619139263
1642924800000,10146.797266838055
1642928400000,10140.925796838055
1642932000000,10136.768676838055
1642935600000,10136.564186838057
1642939200000,10143.273196838056
1642942800000,10142.904146838055
1642946400000,10138.784976838057
1642950000000,10155.383536838055
1642953600000,10155.539987518416
1642957200000,10156.236397518416
1642960800000,10154.267727518416
1642964400000,10159.722077518416
1642968000000,10166.332087518416
1642971600000,10156.843817518416
1642975200000,10156.201417518416
1642978800000,10152.949157518417
1642982400000,10133.163384439253
1642986000000,10141.772864439252
1642989600000,10148.319184439251
1642993200000,10156.207834439252
1642996800000,10150.423044439252
1643000400000,10157.526294439253
1643004000000,10155.546514439251
1643007600000,10156.457974439252
1643011200000,10165.809798215028
1643014800000,10163.97169821503
1643018400000,10174.831558215028
1643022000000,10201.602258215029
1643025600000,10197.98017821503
1643029200000,10206.58338821503
1643032800000,10208.658648215029
1643036400000,10199.895718215028
1643040000000,10188.42186641909
1643043600000,10186.78605641909
1643047200000,10163.68847641909
1643050800000,10152.002956419092
1643054400000,10151.721576419091
1643058000000,10133.719141850315
1643061600000,10136.009671850315
1643065200000,10138.469601850315
1643068800000,10136.023143584118
1643072400000,10141.050693584119
1643076000000,10141.631493584118
1643079600000,10139.559973584119
1643083200000,10138.612543584119
1643086800000,10142.956443584118
1643090400000,10140.748193584119
1643094000000,10144.514923584118
1643097600000,10142.767560815533
1643101200000,10142.604210815534
1643104800000,10137.293520815534
1643108400000,10137.108390815534
1643112000000,10137.029740815535
1643115600000,10135.897180815535
1643119200000,10137.777520815534
1643122800000,10141.319190815533
1643126400000,10137.847645776023
1643130000000,10136.222615776021
1643133600000,10131.614935776022
1643137200000,10128.531855776022
1643140800000,10132.446205776021
1643144400000,10136.045955776022
1643148000000,10138.382465776021
1643151600000,10136.626755776022
1643155200000,10133.799049381172
1643158800000,10137.447199381171
1643162400000,10134.822709381171
1643166000000,10135.094959381171
1643169600000,10131.082599381172
1643173200000,10128.544019381172
1643176800000,10131.114059381172
1643180400000,10134.466969381172
1643184000000,10132.496440682593
1643187600000,10129.660200682592
1643191200000,10124.656708339613
1643194800000,10124.656708339613
1643198400000,10124.656708339613
1643202000000,10124.656708339613
1643205600000,10124.656708339613
1643209200000,10124.656708339613
1643212800000,10124.656708339613
1643216400000,10124.656708339613
1643220000000,10124.656708339613
1643223600000,10124.656708339613
1643227200000,10124.656708339613
1643230800000,10124.656708339613
1643234400000,10124.656708339613
1643238000000,10124.656708339613
1643241600000,10124.656708339613
1643245200000,10124.656708339613
1643248800000,10124.656708339613
1643252400000,10124.656708339613
1643256000000,10124.656708339613
1643259600000,10124.656708339613
1643263200000,10124.656708339613
1643266800000,10124.656708339613
1643270400000,10124.656708339613
1643274000000,10124.656708339613
1643277600000,10124.656708339613
1643281200000,10124.656708339613
1643284800000,10124.656708339613
1643288400000,10124.656708339613
1643292000000,10124.656708339613
1643295600000,10124.656708339613
1643299200000,10124.656708339613
1643302800000,10124.656708339613
1643306400000,10124.656708339613
1643310000000,10124.656708339613
1643313600000,10124.656708339613
1643317200000,10124.656708339613
1643320800000,10124.656708339613
1643324400000,10124.656708339613
1643328000000,10124.656708339613
1643331600000,10124.656708339613
1643335200000,10124.656708339613
1643338800000,10124.656708339613
1643342400000,10124.656708339613
1643346000000,10124.656708339613
1643349600000,10124.656708339613
1643353200000,10124.656708339613
1643356800000,10124.656708339613
1643360400000,10124.656708339613
1643364000000,10124.656708339613
1643367600000,10124.656708339613
1643371200000,10124.656708339613
1643374800000,10124.656708339613
1643378400000,10124.656708339613
1643382000000,10124.656708339613
1643385600000,10124.656708339613
1643389200000,10124.656708339613
1643392800000,10124.656708339613
1643396400000,10124.656708339613
1643400000000,10124.656708339613
1643403600000,10124.656708339613
1643407200000,10124.656708339613
1643410800000,10124.656708339613
1643414400000,10124.656708339613
1643418000000,10124.656708339613
1643421600000,10124.656708339613
1643425200000,10124.656708339613
1643428800000,10124.656708339613
1643432400000,10124.656708339613
1643436000000,10124.656708339613
1643439600000,10124.656708339613
1643443200000,10124.656708339613
1643446800000,10124.656708339613
1643450400000,10124.656708339613
1643454000000,10124.656708339613
1643457600000,10124.656708339613
1643461200000,10124.656708339613
1643464800000,10124.656708339613
1643468400000,10124.656708339613
1643472000000,10124.656708339613
1643475600000,10124.656708339613
1643479200000,10124.656708339613
1643482800000,10124.656708339613
1643486400000,10124.656708339613
1643490000000,10124.656708339613
1643493600000,10124.656708339613
1643497200000,10124.656708339613
1643500800000,10124.656708339613
1643504400000,10124.656708339613
1643508000000,10124.656708339613
1643511600000,10124.656708339613
1643515200000,10124.656708339613
1643518800000,10124.656708339613
1643522400000,10124.656708339613
1643526000000,10124.656708339613
1643529600000,10124.656708339613
1643533200000,10124.656708339613
1643536800000,10124.656708339613
1643540400000,10124.656708339613
1643544000000,10124.656708339613
1643547600000,10124.656708339613
1643551200000,10124.656708339613
1643554800000,10124.656708339613
1643558400000,10124.656708339613
1643562000000,10124.656708339613
1643565600000,10124.656708339613
1643569200000,10124.656708339613
1643572800000,10124.656708339613
1643576400000,10124.656708339613
1643580000000,10124.656708339613
1643583600000,10124.656708339613
1643587200000,10124.656708339613
1643590800000,10124.656708339613
1643594400000,10124.656708339613
1643598000000,10124.656708339613
1643601600000,10124.656708339613
1643605200000,10124.656708339613
1643608800000,10124.656708339613
1643612400000,10124.656708339613
1643616000000,10124.656708339613
1643619600000,10124.656708339613
1643623200000,10124.656708339613
1643626800000,10124.656708339613
1643630400000,10124.656708339613
1643634000000,10124.656708339613
1643637600000,10124.656708339613
1643641200000,10124.656708339613
1643644800000,10124.656708339613
1643648400000,10124.656708339613
1643652000000,10124.656708339613
1643655600000,10124.656708339613
1643659200000,10124.656708339613
1643662800000,10124.656708339613
1643666400000,10124.656708339613
1643670000000,10124.656708339613
1643673600000,10124.656708339613
1643677200000,10124.656708339613
1643680800000,10124.656708339613
1643684400000,10124.656708339613
1643688000000,10124.656708339613
1643691600000,10124.656708339613
1643695200000,10124.656708339613
1643698800000,10124.656708339613
1643702400000,10124.656708339613
1643706000000,10124.656708339613
1643709600000,10124.656708339613
1643713200000,10124.656708339613
1643716800000,10124.656708339613
1643720400000,10124.656708339613
1643724000000,10124.656708339613
1643727600000,10124.656708339613
1643731200000,10124.656708339613
1643734800000,10124.656708339613
1643738400000,10124.656708339613
1643742000000,10124.656708339613
1643745600000,10124.656708339613
1643749200000,10124.656708339613
1643752800000,10124.656708339613
1643756400000,10124.656708339613
1643760000000,10124.656708339613
1643763600000,10124.656708339613
1643767200000,10124.656708339613
1643770800000,10124.656708339613
1643774400000,10124.656708339613
1643778000000,10124.656708339613
1643781600000,10124.656708339613
1643785200000,10124.656708339613
1643788800000,10124.656708339613
1643792400000,10124.656708339613
1643796000000,10124.656708339613
1643799600000,10124.656708339613
1643803200000,10124.656708339613
1643806800000,10124.656708339613
1643810400000,10124.656708339613
1643814000000,10124.656708339613
1643817600000,10124.656708339613
1643821200000,10124.656708339613
1643824800000,10124.656708339613
1643828400000,10124.656708339613
1643832000000,10124.656708339613
1643835600000,10124.656708339613
1643839200000,10124.656708339613
1643842800000,10124.656708339613
1643846400000,10124.656708339613
1643850000000,10124.656708339613
1643853600000,10124.656708339613
1643857200000,10124.656708339613
1643860800000,10124.656708339613
1643864400000,10124.656708339613
1643868000000,10124.656708339613
1643871600000,10124.656708339613
1643875200000,10124.656708339613
1643878800000,10124.656708339613
1643882400000,10124.656708339613
1643886000000,10124.656708339613
1643889600000,10124.656708339613
1643893200000,10124.656708339613
1643896800000,10124.656708339613
1643900400000,10124.656708339613
1643904000000,10124.656708339613
1643907600000,10124.656708339613
1643911200000,10124.656708339613
1643914800000,10124.656708339613
1643918400000,10124.656708339613
1643922000000,10124.656708339613
1643925600000,10124.656708339613
1643929200000,10124.656708339613
1643932800000,10124.656708339613
1643936400000,10124.656708339613
1643940000000,10124.656708339613
1643943600000,10124.656708339613
1643947200000,10124.656708339613
1643950800000,10124.656708339613
1643954400000,10124.656708339613
1643958000000,10124.656708339613
1643961600000,10124.656708339613
1643965200000,10124.656708339613
1643968800000,10124.656708339613
1643972400000,10124.656708339613
1643976000000,10124.656708339613
1643979600000,10124.656708339613
1643983200000,10124.656708339613
1643986800000,10124.656708339613
1643990400000,10124.656708339613
1643994000000,10124.656708339613
1643997600000,10124.656708339613
1644001200000,10124.656708339613
1644004800000,10124.656708339613
1644008400000,10124.656708339613
1644012000000,10124.656708339613
1644015600000,10124.656708339613
1644019200000,10124.656708339613
1644022800000,10124.656708339613
1644026400000,10124.656708339613
1644030000000,10124.656708339613
1644033600000,10124.656708339613
1644037200000,10124.656708339613
1644040800000,10124.656708339613
1644044400000,10124.656708339613
1644048000000,10124.656708339613
1644051600000,10124.656708339613
1644055200000,10124.656708339613
1644058800000,10124.656708339613
1644062400000,10124.656708339613
1644066000000,10124.656708339613
1644069600000,10124.656708339613
1644073200000,10124.656708339613
1644076800000,10124.656708339613
1644080400000,10124.656708339613
1644084000000,10124.656708339613
1644087600000,10124.656708339613
1644091200000,10124.656708339613
1644094800000,10124.656708339613
1644098400000,10124.656708339613
1644102000000,10124.656708339613
1644105600000,10124.656708339613
1644109200000,10124.656708339613
1644112800000,10124.656708339613
1644116400000,10124.656708339613
1644120000000,10124.656708339613
1644123600000,10124.656708339613
1644127200000,10124.656708339613
1644130800000,10124.656708339613
1644134400000,10124.656708339613
1644138000000,10124.656708339613
1644141600000,10124.656708339613
1644145200000,10124.656708339613
1644148800000,10124.656708339613
1644152400000,10124.656708339613
1644156000000,10124.656708339613
1644159600000,10124.656708339613
1644163200000,10124.656708339613
1644166800000,10124.656708339613
1644170400000,10124.656708339613
1644174000000,10124.656708339613
1644177600000,10124.656708339613
1644181200000,10124.656708339613
1644184800000,10124.656708339613
1644188400000,10124.656708339613
1644192000000,10124.656708339613
1644195600000,10124.656708339613
1644199200000,10124.656708339613
1644202800000,10124.656708339613
1644206400000,10124.656708339613
1644210000000,10124.656708339613
1644213600000,10124.656708339613
1644217200000,10124.656708339613
1644220800000,10124.656708339613
1644224400000,10124.656708339613
1644228000000,10124.656708339613
1644231600000,10124.656708339613
1644235200000,10124.656708339613
1644238800000,10124.656708339613
1644242400000,10124.656708339613
1644246000000,10124.656708339613
1644249600000,10124.656708339613
1644253200000,10124.656708339613
1644256800000,10124.656708339613
1644260400000,10124.656708339613
1644264000000,10124.656708339613
1644267600000,10124.656708339613
1644271200000,10124.656708339613
1644274800000,10124.656708339613
1644278400000,10124.656708339613
1644282000000,10124.656708339613
1644285600000,10124.656708339613
1644289200000,10124.656708339613
1644292800000,10124.656708339613
1644296400000,10124.656708339613
1644300000000,10124.656708339613
1644303600000,10124.656708339613
1644307200000,10124.656708339613
1644310800000,10124.656708339613
1644314400000,10124.656708339613
1644318000000,10124.656708339613
1644321600000,10124.656708339613
1644325200000,10124.656708339613
1644328800000,10124.656708339613
1644332400000,10124.656708339613
1644336000000,10124.656708339613
1644339600000,10124.656708339613
1644343200000,10124.656708339613
1644346800000,10124.656708339613
1644350400000,10124.656708339613
1644354000000,10124.656708339613
1644357600000,10124.656708339613
1644361200000,10124.656708339613
1644364800000,10124.656708339613
1644368400000,10124.656708339613
1644372000000,10124.656708339613
1644375600000,10124.656708339613
1644379200000,10124.656708339613
1644382800000,10124.656708339613
1644386400000,10124.656708339613
1644390000000,10124.656708339613
1644393600000,10124.656708339613
1644397200000,10124.656708339613
1644400800000,10124.656708339613
1644404400000,10124.656708339613
1644408000000,10124.656708339613
1644411600000,10124.656708339613
1644415200000,10124.656708339613
1644418800000,10124.656708339613
1644422400000,10124.656708339613
1644426000000,10124.656708339613
1644429600000,10124.656708339613
1644433200000,10124.656708339613
1644436800000,10124.656708339613
1644440400000,10124.656708339613
1644444000000,10124.656708339613
1644447600000,10124.656708339613
1644451200000,10124.656708339613
1644454800000,10124.656708339613
1644458400000,10124.656708339613
1644462000000,10124.656708339613
1644465600000,10124.656708339613
1644469200000,10124.656708339613
1644472800000,10124.656708339613
1644476400000,10124.656708339613
1644480000000,10124.656708339613
1644483600000,10124.656708339613
1644487200000,10124.656708339613
1644490800000,10124.656708339613
1644494400000,10124.656708339613
1644498000000,10124.656708339613
1644501600000,10124.656708339613
1644505200000,10124.656708339613
1644508800000,10124.656708339613
1644512400000,10124.656708339613
1644516000000,10124.656708339613
1644519600000,10124.656708339613
1644523200000,10124.656708339613
1644526800000,10124.656708339613
1644530400000,10124.656708339613
1644534000000,10124.656708339613
1644537600000,10124.656708339613
1644541200000,10124.656708339613
1644544800000,10124.656708339613
1644548400000,10124.656708339613
1644552000000,10124.656708339613
1644555600000,10124.656708339613
1644559200000,10124.656708339613
1644562800000,10124.656708339613
1644566400000,10124.656708339613
1644570000000,10124.656708339613
1644573600000,10124.656708339613
1644577200000,10124.656708339613
1644580800000,10124.656708339613
1644584400000,10124.656708339613
1644588000000,10124.656708339613
1644591600000,10124.656708339613
1644595200000,10124.656708339613
1644598800000,10124.656708339613
1644602400000,10124.656708339613
1644606000000,10124.656708339613
1644609600000,10124.656708339613
1644613200000,10124.656708339613
1644616800000,10124.656708339613
1644620400000,10124.656708339613
1644624000000,10124.656708339613
1644627600000,10124.656708339613
1644631200000,10124.656708339613
1644634800000,10124.656708339613
1644638400000,10124.656708339613
1644642000000,10124.656708339613
1644645600000,10124.656708339613
1644649200000,10124.656708339613
1644652800000,10124.656708339613
1644656400000,10124.656708339613
1644660000000,10124.656708339613
1644663600000,10124.656708339613
1644667200000,10124.656708339613
1644670800000,10124.656708339613
1644674400000,10124.656708339613
1644678000000,10124.656708339613
1644681600000,10124.656708339613
1644685200000,10124.656708339613
1644688800000,10124.656708339613
1644692400000,10124.656708339613
1644696000000,10124.656708339613
1644699600000,10124.656708339613
1644703200000,10124.656708339613
1644706800000,10124.656708339613
1644710400000,10124.656708339613
1644714000000,10124.656708339613
1644717600000,10124.656708339613
1644721200000,10124.656708339613
1644724800000,10124.656708339613
1644728400000,10124.656708339613
1644732000000,10124.656708339613
1644735600000,10124.656708339613
1644739200000,10124.656708339613
1644742800000,10124.656708339613
1644746400000,10124.656708339613
1644750000000,10124.656708339613
1644753600000,10124.656708339613
1644757200000,10124.656708339613
1644760800000,10124.656708339613
1644764400000,10124.656708339613
1644768000000,10124.656708339613
1644771600000,10124.656708339613
1644775200000,10124.656708339613
1644778800000,10124.656708339613
1644782400000,10124.656708339613
1644786000000,10124.656708339613
1644789600000,10124.656708339613
1644793200000,10124.656708339613
1644796800000,10124.656708339613
1644800400000,10124.656708339613
1644804000000,10124.656708339613
1644807600000,10124.656708339613
1644811200000,10124.656708339613
1644814800000,10124.656708339613
1644818400000,10124.656708339613
1644822000000,10124.656708339613
1644825600000,10124.656708339613
1644829200000,10124.656708339613
1644832800000,10124.656708339613
1644836400000,10124.656708339613
1644840000000,10124.656708339613
1644843600000,10124.656708339613
1644847200000,10124.656708339613
1644850800000,10124.656708339613
1644854400000,10124.656708339613
1644858000000,10124.656708339613
1644861600000,10124.656708339613
1644865200000,10124.656708339613
1644868800000,10124.656708339613
1644872400000,10124.656708339613
1644876000000,10124.656708339613
1644879600000,10124.656708339613
1644883200000,10124.656708339613
1644886800000,10124.656708339613
1644890400000,10124.656708339613
1644894000000,10124.656708339613
1644897600000,10124.28487985204
1644901200000,10123.247479852042
1644904800000,10123.863679852042
1644908400000,10123.95337985204
1644912000000,10126.015028297
1644915600000,10130.334928297001
1644919200000,10130.559828297
1644922800000,10133.050628297
1644926400000,10132.659328297
1644930000000,10132.503328297
1644933600000,10133.644728297
1644937200000,10132.647628297
1644940800000,10132.296455592796
1644944400000,10131.665955592796
1644948000000,10129.358455592796
1644951600000,10131.507355592796
1644955200000,10129.922655592796
1644958800000,10131.685455592795
1644962400000,10129.983755592795
1644966000000,10132.241855592796
1644969600000,10135.450864512795
1644973200000,10132.265864512796
1644976800000,10129.992164512796
1644980400000,10130.737064512796
1644984000000,10129.352564512796
1644987600000,10128.590764512795
1644991200000,10130.760464512796
1644994800000,10130.603164512797
1644998400000,10132.285142397792
1645002000000,10132.000442397792
1645005600000,10129.716342397793
1645009200000,10131.639042397792
1645012800000,10131.718342397793
1645016400000,10130.417042397792
1645020000000,10124.669742397793
1645023600000,10123.790942397793
1645027200000,10124.459675787792
1645030800000,10125.523075787793
1645034400000,10124.351775787793
1645038000000,10130.924575787792
1645041600000,10133.135875787792
1645045200000,10131.018175787793
1645048800000,10129.993775787792
1645052400000,10130.203075787793
1645056000000,10128.064758423661
1645059600000,10130.398258423662
1645063200000,10129.834058423663
1645066800000,10129.745658423662
1645070400000,10123.452358423661
1645074000000,10124.337658423663
1645077600000,10124.637958423662
1645081200000,10127.734558423663
1645084800000,10128.860485173662
1645088400000,10123.457685173662
1645092000000,10119.237885173661
1645095600000,10116.828985173663
1645099200000,10118.971385173661
1645102800000,10120.111485173662
1645106400000,10111.700626129545
1645110000000,10111.700626129545
1645113600000,10111.700626129545
1645117200000,10111.700626129545
1645120800000,10111.700626129545
1645124400000,10111.700626129545
1645128000000,10111.700626129545
1645131600000,10111.700626129545
1645135200000,10111.700626129545
1645138800000,10111.700626129545
1645142400000,10110.925372680864
1645146000000,10110.401772680863
1645149600000,10108.319472680863
1645153200000,10108.388772680864
1645156800000,10108.987172680863
1645160400000,10110.860472680863
1645164000000,10110.502972680863
1645167600000,10108.876072680863
1645171200000,10109.364606666253
1645174800000,10107.180006666254
1645178400000,10107.422006666253
1645182000000,10108.188706666253
1645185600000,10114.710606666255
1645189200000,10111.790106666254
1645192800000,10112.176206666254
1645196400000,10109.826606666255
1645200000000,10119.202208534387
1645203600000,10116.147508534386
1645207200000,10116.946108534386
1645210800000,10115.170708534386
1645214400000,10114.043208534387
1645218000000,10115.889008534386
1645221600000,10117.874508534387
1645225200000,10117.235408534387
1645228800000,10116.91307668987
1645232400000,10114.58987668987
1645236000000,10115.36757668987
1645239600000,10115.18497668987
1645243200000,10115.43577668987
1645246800000,10114.62837668987
1645250400000,10114.46557668987
1645254000000,10112.95967668987
1645257600000,10113.925331031105
1645261200000,10117.666431031104
1645264800000,10117.530031031105
1645268400000,10116.914031031105
1645272000000,10118.689431031105
1645275600000,10119.803731031105
1645279200000,10117.123031031106
1645282800000,10118.135031031105
1645286400000,10116.921517805755
1645290000000,10117.942317805755
1645293600000,10115.524517805756
1645297200000,10115.546517805755
1645300800000,10117.232817805756
1645304400000,10116.623417805755
1645308000000,10117.684917805755
1645311600000,10116.958917805756
1645315200000,10116.173638159484
1645318800000,10117.626738159483
1645322400000,10116.895238159483
1645326000000,10118.255938159484
1645329600000,10118.992938159483
1645333200000,10122.020138159483
1645336800000,10123.707538159484
1645340400000,10130.377938159483
1645344000000,10130.336701927064
1645347600000,10136.557201927064
1645351200000,10136.514301927064
1645354800000,10136.725501927063
1645358400000,10135.240501927065
1645362000000,10136.173301927063
1645365600000,10136.547301927063
1645369200000,10136.605601927064
1645372800000,10135.402422259696
1645376400000,10135.953522259697
1645380000000,10136.185622259696
1645383600000,10134.298022259696
1645387200000,10134.621422259697
1645390800000,10135.338622259696
1645394400000,10135.626822259697
1645398000000,10128.237022259696
1645401600000,10134.377157238696
1645405200000,10131.022157238696
1645408800000,10126.309757238696
1645412400000,10126.926857238697
1645416000000,10128.636257238697
1645419600000,10125.027157238697
1645423200000,10125.845557238697
1645426800000,10125.650857238697
1645430400000,10124.729426660599
1645434000000,10127.423326660597
1645437600000,10128.713626660598
1645441200000,10135.298226660598
1645444800000,10143.376626660598
1645448400000,10143.771526660597
1645452000000,10144.164226660598
1645455600000,10131.690226660598
1645459200000,10129.77680240668
1645462800000,10130.817402406681
1645466400000,10132.207802406681
1645470000000,10141.655702406682
1645473600000,10138.120302406682
1645477200000,10136.736502406682
1645480800000,10152.062802406681
1645484400000,10142.917402406682
1645488000000,10149.269001111115
1645491600000,10147.392401111116
1645495200000,10147.652001111115
1645498800000,10150.366801111115
1645502400000,10154.444501111115
1645506000000,10153.350001111115
1645509600000,10152.540401111115
1645513200000,10151.470101111116
1645516800000,10152.485514583666
1645520400000,10149.116214583666
1645524000000,10148.366014583666
1645527600000,10142.739514583665
1645531200000,10144.766814583665
1645534800000,10143.386314583666
1645538400000,10140.867314583666
1645542000000,10138.637614583666
1645545600000,10140.888600931276
1645549200000,10142.022700931275
1645552800000,10142.780600931275
1645556400000,10142.381300931274
1645560000000,10137.626000931275
1645563600000,10139.130800931274
1645567200000,10140.297900931275
1645570800000,10139.724800931275
1645574400000,10136.22897383403
1645578000000,10137.25417383403
1645581600000,10138.496073834029
1645585200000,10142.720073834029
1645588800000,10141.79277383403
1645592400000,10138.47297383403
1645596000000,10138.84367383403
1645599600000,10138.64897383403
1645603200000,10137.147421503103
1645606800000,10131.777221503104
1645610400000,10128.930421503104
1645614000000,10129.395721503104
1645617600000,10130.024921503104
1645621200000,10127.959121503103
1645624800000,10128.138421503103
1645628400000,10131.943321503104
1645632000000,10133.262408979514
1645635600000,10131.837908979514
1645639200000,10137.733908979515
1645642800000,10141.128508979515
1645646400000,10143.202008979515
1645650000000,10142.187808979514
1645653600000,10143.965408979515
1645657200000,10142.764208979514
1645660800000,10147.423924437677
1645664400000,10151.800824437678
1645668000000,10150.049624437677
1645671600000,10164.765424437677
1645675200000,10173.423524437678
1645678800000,10171.915424437677
1645682400000,10175.564124437677
1645686000000,10172.512724437676
1645689600000,10169.094362420165
1645693200000,10167.063762420164
1645696800000,10167.586262420164
1645700400000,10169.217562420165
1645704000000,10167.730362420165
1645707600000,10169.271462420165
1645711200000,10165.984662420164
1645714800000,10165.381862420165
1645718400000,10161.338197904834
1645722000000,10159.322997904834
1645725600000,10162.490997904833
1645729200000,10156.839197904834
1645732800000,10145.631297904834
1645736400000,10141.808787292144
1645740000000,10141.808787292144
1645743600000,10141.808787292144
1645747200000,10141.808787292144
1645750800000,10141.808787292144
1645754400000,10141.808787292144
1645758000000,10141.808787292144
1645761600000,10141.808787292144
1645765200000,10141.808787292144
1645768800000,10141.808787292144
1645772400000,10141.808787292144
1645776000000,10141.808787292144
1645779600000,10141.808787292144
1645783200000,10141.808787292144
1645786800000,10141.808787292144
1645790400000,10141.808787292144
1645794000000,10141.808787292144
1645797600000,10141.808787292144
1645801200000,10141.808787292144
1645804800000,10141.808787292144
1645808400000,10141.808787292144
1645812000000,10141.808787292144
1645815600000,10141.808787292144
1645819200000,10141.808787292144
1645822800000,10141.808787292144
1645826400000,10141.808787292144
1645830000000,10141.808787292144
1645833600000,10141.808787292144
1645837200000,10141.808787292144
1645840800000,10141.808787292144
1645844400000,10141.808787292144
1645848000000,10141.808787292144
1645851600000,10141.808787292144
1645855200000,10141.808787292144
1645858800000,10141.808787292144
1645862400000,10141.808787292144
1645866000000,10141.808787292144
1645869600000,10141.808787292144
1645873200000,10141.808787292144
1645876800000,10141.808787292144
1645880400000,10141.808787292144
1645884000000,10141.808787292144
1645887600000,10141.808787292144
1645891200000,10141.808787292144
1645894800000,10141.808787292144
1645898400000,10141.808787292144
1645902000000,10141.808787292144
1645905600000,10141.808787292144
1645909200000,10141.808787292144
1645912800000,10141.808787292144
1645916400000,10141.808787292144
1645920000000,10141.808787292144
1645923600000,10141.808787292144
1645927200000,10141.808787292144
1645930800000,10141.808787292144
1645934400000,10141.808787292144
1645938000000,10141.808787292144
1645941600000,10141.808787292144
1645945200000,10141.808787292144
1645948800000,10141.808787292144
1645952400000,10141.808787292144
1645956000000,10141.808787292144
1645959600000,10141.808787292144
1645963200000,10141.808787292144
1645966800000,10141.808787292144
1645970400000,10141.808787292144
1645974000000,10141.808787292144
1645977600000,10141.808787292144
1645981200000,10141.808787292144
1645984800000,10141.808787292144
1645988400000,10141.808787292144
1645992000000,10141.808787292144
1645995600000,10141.808787292144
1645999200000,10141.808787292144
1646002800000,10141.808787292144
1646006400000,10141.808787292144
1646010000000,10141.808787292144
1646013600000,10141.808787292144
1646017200000,10141.808787292144
1646020800000,10141.808787292144
1646024400000,10141.808787292144
1646028000000,10141.808787292144
1646031600000,10141.808787292144
1646035200000,10141.808787292144
1646038800000,10141.808787292144
1646042400000,10141.808787292144
1646046000000,10141.808787292144
1646049600000,10141.808787292144
1646053200000,10141.808787292144
1646056800000,10141.808787292144
1646060400000,10141.808787292144
1646064000000,10141.808787292144
1646067600000,10141.808787292144
1646071200000,10141.808787292144
1646074800000,10141.808787292144
1646078400000,10141.808787292144
1646082000000,10141.808787292144
1646085600000,10141.808787292144
1646089200000,10141.808787292144
1646092800000,10141.808787292144
1646096400000,10141.808787292144
1646100000000,10141.808787292144
1646103600000,10141.808787292144
1646107200000,10141.808787292144
1646110800000,10141.808787292144
1646114400000,10141.808787292144
1646118000000,10141.808787292144
1646121600000,10141.808787292144
1646125200000,10141.808787292144
1646128800000,10141.808787292144
1646132400000,10141.808787292144
1646136000000,10141.808787292144
1646139600000,10141.808787292144
1646143200000,10141.808787292144
1646146800000,10141.808787292144
1646150400000,10141.808787292144
1646154000000,10141.808787292144
1646157600000,10141.808787292144
1646161200000,10141.808787292144
1646164800000,10141.808787292144
1646168400000,10141.808787292144
1646172000000,10141.808787292144
1646175600000,10141.808787292144
1646179200000,10141.330804198313
1646182800000,10140.896804198312
1646186400000,10139.181804198312
1646190000000,10140.695804198313
1646193600000,10140.942804198312
1646197200000,10140.981804198313
1646200800000,10140.549804198312
1646204400000,10139.348804198313
1646208000000,10139.340322248312
1646211600000,10138.343822248313
1646215200000,10139.128322248313
1646218800000,10140.222822248312
1646222400000,10139.865322248312
1646226000000,10139.430822248312
1646229600000,10137.421822248312
1646233200000,10146.238322248313
1646236800000,10139.826763889936
1646240400000,10140.464263889937
1646244000000,10138.680263889937
1646247600000,10137.648763889936
1646251200000,10137.929263889937
1646254800000,10138.385763889937
1646258400000,10140.113763889936
1646262000000,10139.842263889937
1646265600000,10138.662319572988
1646269200000,10139.353319572989
1646272800000,10138.470319572989
1646276400000,10138.49881957299
1646280000000,10136.209819572989
1646283600000,10136.83731957299
1646287200000,10136.277319572988
1646290800000,10136.669819572988
1646294400000,10137.019585522989
1646298000000,10136.664585522989
1646301600000,10135.454085522988
1646305200000,10136.190085522989
1646308800000,10136.288085522989
1646312400000,10137.379585522987
1646316000000,10139.584085522989
1646319600000,10136.832585522989
1646323200000,10131.986813351818
1646326800000,10131.768813351817
1646330400000,10131.585813351818
1646334000000,10130.985813351817
1646337600000,10130.414313351817
1646341200000,10128.583787299352
1646344800000,10128.583787299352
1646348400000,10128.583787299352
1646352000000,10128.583787299352
1646355600000,10128.583787299352
1646359200000,10128.583787299352
1646362800000,10128.583787299352
1646366400000,10128.583787299352
1646370000000,10128.583787299352
1646373600000,10128.583787299352
1646377200000,10128.583787299352
1646380800000,10128.583787299352
1646384400000,10128.583787299352
1646388000000,10128.583787299352
1646391600000,10128.583787299352
1646395200000,10128.583787299352
1646398800000,10128.583787299352
1646402400000,10128.583787299352
1646406000000,10128.583787299352
1646409600000,10128.583787299352
1646413200000,10128.583787299352
1646416800000,10128.583787299352
1646420400000,10128.583787299352
1646424000000,10128.583787299352
1646427600000,10128.583787299352
1646431200000,10128.583787299352
1646434800000,10128.583787299352
1646438400000,10128.583787299352
1646442000000,10128.583787299352
1646445600000,10128.583787299352
1646449200000,10128.583787299352
1646452800000,10128.583787299352
1646456400000,10128.583787299352
1646460000000,10128.583787299352
1646463600000,10128.583787299352
1646467200000,10128.583787299352
1646470800000,10128.583787299352
1646474400000,10128.583787299352
1646478000000,10128.583787299352
1646481600000,10128.583787299352
1646485200000,10128.583787299352
1646488800000,10128.583787299352
1646492400000,10128.583787299352
1646496000000,10128.583787299352
1646499600000,10128.583787299352
1646503200000,10128.583787299352
1646506800000,10128.583787299352
1646510400000,10128.583787299352
1646514000000,10128.583787299352
1646517600000,10128.583787299352
1646521200000,10128.583787299352
1646524800000,10128.583787299352
1646528400000,10128.583787299352
1646532000000,10128.583787299352
1646535600000,10128.583787299352
1646539200000,10128.583787299352
1646542800000,10128.583787299352
1646546400000,10128.583787299352
1646550000000,10128.583787299352
1646553600000,10128.583787299352
1646557200000,10128.583787299352
1646560800000,10128.583787299352
1646564400000,10128.583787299352
1646568000000,10128.583787299352
1646571600000,10128.583787299352
1646575200000,10128.583787299352
1646578800000,10128.583787299352
1646582400000,10128.583787299352
1646586000000,10128.583787299352
1646589600000,10128.583787299352
1646593200000,10128.583787299352
1646596800000,10128.583787299352
1646600400000,10128.583787299352
1646604000000,10128.583787299352
1646607600000,10128.583787299352
1646611200000,10128.583787299352
1646614800000,10128.583787299352
1646618400000,10128.583787299352
1646622000000,10128.583787299352
1646625600000,10127.925389619273
1646629200000,10127.158589619272
1646632800000,10126.439789619273
1646636400000,10124.426189619273
1646640000000,10127.260558434802
1646643600000,10124.090158434801
1646647200000,10124.388958434802
1646650800000,10126.466158434801
1646654400000,10121.866558434802
1646658000000,10119.456958434801
1646661600000,10114.3785584348
1646665200000,10115.705758434802
1646668800000,10113.242867314773
1646672400000,10117.216067314774
1646676000000,10122.187667314773
1646679600000,10126.120067314772
1646683200000,10134.437267314774
1646686800000,10131.748067314773
1646690400000,10128.412067314774
1646694000000,10124.509667314773
1646697600000,10126.53746708904
1646701200000,10124.27786708904
1646704800000,10123.33466708904
1646708400000,10118.97026708904
1646712000000,10118.50226708904
1646715600000,10119.66386708904
1646719200000,10121.94386708904
1646722800000,10123.50506708904
1646726400000,10119.372903569041
1646730000000,10116.362103569041
1646733600000,10114.575303569041
1646737200000,10114.13850356904
1646740800000,10114.61370356904
1646744400000,10116.538503569041
1646748000000,10116.37770356904
1646751600000,10117.09530356904
1646755200000,10119.25006040904
1646758800000,10122.62806040904
1646762400000,10112.81446040904
1646766000000,10118.43766040904
1646769600000,10117.11166040904
1646773200000,10120.18126040904
1646776800000,10119.69046040904
1646780400000,10119.362860409039
1646784000000,10117.945931975633
1646787600000,10114.127531975633
1646791200000,10111.871531975634
1646794800000,10107.81979298926
1646798400000,10107.81979298926
1646802000000,10107.81979298926
1646805600000,10107.81979298926
1646809200000,10107.81979298926
1646812800000,10107.81979298926
1646816400000,10107.81979298926
1646820000000,10107.81979298926
1646823600000,10107.81979298926
1646827200000,10107.81979298926
1646830800000,10107.81979298926
1646834400000,10107.81979298926
1646838000000,10107.81979298926
1646841600000,10107.230111001303
1646845200000,10105.872811001303
1646848800000,10105.940011001303
1646852400000,10103.994711001304
1646856000000,10105.498311001304
1646859600000,10102.426711001302
1646863200000,10102.979011001304
1646866800000,10103.013311001303
1646870400000,10103.680450131304
1646874000000,10102.774650131303
1646877600000,10096.873650131303
1646881200000,10094.453050131304
1646884800000,10095.697650131304
1646888400000,10087.86449553566
1646892000000,10087.86449553566
1646895600000,10087.86449553566
1646899200000,10087.86449553566
1646902800000,10087.86449553566
1646906400000,10087.86449553566
1646910000000,10087.86449553566
1646913600000,10087.86449553566
1646917200000,10087.86449553566
1646920800000,10087.86449553566
1646924400000,10087.86449553566
1646928000000,10087.835317118024
1646931600000,10088.022217118023
1646935200000,10087.795417118024
1646938800000,10087.815717118023
1646942400000,10086.111917118023
1646946000000,10084.508217118024
1646949600000,10086.454217118024
1646953200000,10085.871117118024
1646956800000,10085.624259857079
1646960400000,10086.57135985708
1646964000000,10091.19765985708
1646967600000,10093.383059857078
1646971200000,10091.06325985708
1646974800000,10092.17765985708
1646978400000,10090.49555985708
1646982000000,10089.05565985708
1646985600000,10088.150300746898
1646989200000,10088.324600746899
1646992800000,10088.389700746899
1646996400000,10088.714500746899
1647000000000,10082.506200746899
1647003600000,10082.447400746898
1647007200000,10086.953300746898
1647010800000,10087.193400746899
1647014400000,10088.470757530398
1647018000000,10090.412557530399
1647021600000,10090.2606575304
1647025200000,10091.2434575304
1647028800000,10090.254357530399
1647032400000,10092.805857530398
1647036000000,10089.423457530398
1647039600000,10089.670557530399
1647043200000,10091.078825554629
1647046800000,10087.680325554627
1647050400000,10087.250525554628
1647054000000,10087.786025554627
1647057600000,10088.225625554629
1647061200000,10088.003725554629
1647064800000,10087.405925554629
1647068400000,10088.038025554628
1647072000000,10088.078895217475
1647075600000,10088.086595217475
1647079200000,10087.231895217476
1647082800000,10087.043595217476
1647086400000,10088.185995217476
1647090000000,10087.436295217476
1647093600000,10088.528295217477
1647097200000,10089.394195217475
1647100800000,10088.351956038588
1647104400000,10087.753456038588
1647108000000,10088.063556038589
1647111600000,10088.720856038588
1647115200000,10088.531156038589
1647118800000,10087.641456038587
1647122400000,10087.999856038588
1647126000000,10087.703056038588
1647129600000,10090.323355784882
1647133200000,10089.389555784883
1647136800000,10088.734355784882
1647140400000,10087.204155784882
1647144000000,10087.305655784883
1647147600000,10087.724255784882
1647151200000,10087.874055784883
1647154800000,10087.681555784882
1647158400000,10088.032532574662
1647162000000,10088.073132574662
1647165600000,10088.797632574662
1647169200000,10088.701032574661
1647172800000,10090.299132574663
1647176400000,10092.315832574663
1647180000000,10090.439832574662
1647183600000,10089.479432574662
1647187200000,10089.410593281182
1647190800000,10089.341293281183
1647194400000,10089.156493281182
1647198000000,10088.483093281182
1647201600000,10090.135093281182
1647205200000,10090.999593281182
1647208800000,10090.471093281181
1647212400000,10098.262793281181
1647216000000,10097.433131460886
1647219600000,10096.569331460885
1647223200000,10095.454231460886
1647226800000,10095.522131460886
1647230400000,10094.472131460887
1647234000000,10091.782731460886
1647237600000,10092.162131460886
1647241200000,10091.084131460886
1647244800000,10088.10201461148
1647248400000,10087.80171461148
1647252000000,10086.46241850881
1647255600000,10086.46241850881
1647259200000,10086.46241850881
1647262800000,10086.46241850881
1647266400000,10086.46241850881
1647270000000,10086.46241850881
1647273600000,10086.46241850881
1647277200000,10086.46241850881
1647280800000,10086.46241850881
1647284400000,10086.46241850881
1647288000000,10086.46241850881
1647291600000,10086.46241850881
1647295200000,10086.46241850881
1647298800000,10086.46241850881
1647302400000,10086.46241850881
1647306000000,10086.46241850881
1647309600000,10086.46241850881
1647313200000,10086.46241850881
1647316800000,10086.46241850881
1647320400000,10086.46241850881
1647324000000,10086.46241850881
1647327600000,10086.46241850881
1647331200000,10086.46241850881
1647334800000,10086.46241850881
1647338400000,10086.46241850881
1647342000000,10086.46241850881
1647345600000,10086.46241850881
1647349200000,10086.46241850881
1647352800000,10086.46241850881
1647356400000,10086.46241850881
1647360000000,10086.46241850881
1647363600000,10086.46241850881
1647367200000,10086.46241850881
1647370800000,10086.46241850881
1647374400000,10086.46241850881
1647378000000,10086.46241850881
1647381600000,10086.46241850881
1647385200000,10086.46241850881
1647388800000,10086.46241850881
1647392400000,10086.46241850881
1647396000000,10086.46241850881
1647399600000,10086.46241850881
1647403200000,10086.46241850881
1647406800000,10086.46241850881
1647410400000,10086.46241850881
1647414000000,10086.46241850881
1647417600000,10086.46241850881
1647421200000,10086.46241850881
1647424800000,10086.46241850881
1647428400000,10086.46241850881
1647432000000,10086.46241850881
1647435600000,10086.46241850881
1647439200000,10086.46241850881
1647442800000,10086.46241850881
1647446400000,10086.46241850881
1647450000000,10086.46241850881
1647453600000,10086.46241850881
1647457200000,10086.46241850881
1647460800000,10086.46241850881
1647464400000,10086.46241850881
1647468000000,10086.46241850881
1647471600000,10086.46241850881
1647475200000,10086.46241850881
1647478800000,10086.46241850881
1647482400000,10086.46241850881
1647486000000,10086.46241850881
1647489600000,10086.46241850881
1647493200000,10086.46241850881
1647496800000,10086.46241850881
1647500400000,10086.46241850881
1647504000000,10086.46241850881
1647507600000,10086.46241850881
1647511200000,10086.46241850881
1647514800000,10086.46241850881
1647518400000,10086.46241850881
1647522000000,10086.46241850881
1647525600000,10086.46241850881
1647529200000,10086.46241850881
1647532800000,10086.46241850881
1647536400000,10086.46241850881
1647540000000,10086.46241850881
1647543600000,10086.46241850881
1647547200000,10086.46241850881
1647550800000,10086.46241850881
1647554400000,10086.46241850881
1647558000000,10086.46241850881
1647561600000,10086.46241850881
1647565200000,10086.46241850881
1647568800000,10086.46241850881
1647572400000,10086.46241850881
1647576000000,10086.46241850881
1647579600000,10086.46241850881
1647583200000,10086.46241850881
1647586800000,10086.46241850881
1647590400000,10086.46241850881
1647594000000,10086.46241850881
1647597600000,10086.46241850881
1647601200000,10086.46241850881
1647604800000,10086.46241850881
1647608400000,10086.46241850881
1647612000000,10086.46241850881
1647615600000,10086.46241850881
1647619200000,10086.46241850881
1647622800000,10086.46241850881
1647626400000,10086.46241850881
1647630000000,10086.46241850881
1647633600000,10086.46241850881
1647637200000,10086.46241850881
1647640800000,10086.46241850881
1647644400000,10086.46241850881
1647648000000,10086.46241850881
1647651600000,10086.46241850881
1647655200000,10086.46241850881
1647658800000,10086.46241850881
1647662400000,10086.46241850881
1647666000000,10086.46241850881
1647669600000,10086.46241850881
1647673200000,10086.46241850881
1647676800000,10086.46241850881
1647680400000,10086.46241850881
1647684000000,10086.46241850881
1647687600000,10086.46241850881
1647691200000,10086.46241850881
1647694800000,10086.46241850881
1647698400000,10086.46241850881
1647702000000,10086.46241850881
1647705600000,10086.46241850881
1647709200000,10086.46241850881
1647712800000,10086.46241850881
1647716400000,10086.46241850881
1647720000000,10086.46241850881
1647723600000,10086.46241850881
1647727200000,10086.46241850881
1647730800000,10086.46241850881
1647734400000,10086.46241850881
1647738000000,10086.46241850881
1647741600000,10086.46241850881
1647745200000,10086.46241850881
1647748800000,10085.710242662391
1647752400000,10084.599842662392
1647756000000,10084.636642662392
1647759600000,10084.942242662391
1647763200000,10084.323288422393
1647766800000,10084.379288422393
1647770400000,10083.267288422392
1647774000000,10082.900888422393
1647777600000,10080.908888422393
1647781200000,10081.297688422392
1647784800000,10078.232088422392
1647788400000,10077.438488422393
1647792000000,10075.778743284305
1647795600000,10075.122743284304
1647799200000,10070.306743284305
1647802800000,10073.746743284304
1647806400000,10076.503543284305
1647810000000,10073.164343284305
1647813600000,10076.703543284304
1647817200000,10077.082743284305
1647820800000,10074.269997022717
1647824400000,10074.269997022717
1647828000000,10074.269997022717
1647831600000,10074.269997022717
1647835200000,10074.269997022717
1647838800000,10074.269997022717
1647842400000,10074.269997022717
1647846000000,10074.269997022717
1647849600000,10074.269997022717
1647853200000,10074.269997022717
1647856800000,10074.269997022717
1647860400000,10074.269997022717
1647864000000,10074.269997022717
1647867600000,10074.269997022717
1647871200000,10074.269997022717
1647874800000,10074.269997022717
1647878400000,10074.269997022717
1647882000000,10074.269997022717
1647885600000,10074.269997022717
1647889200000,10074.269997022717
1647892800000,10074.269997022717
1647896400000,10074.269997022717
1647900000000,10074.269997022717
1647903600000,10074.269997022717
1647907200000,10074.269997022717
1647910800000,10074.269997022717
1647914400000,10074.269997022717
1647918000000,10074.269997022717
1647921600000,10074.269997022717
1647925200000,10074.269997022717
1647928800000,10074.269997022717
1647932400000,10074.269997022717
1647936000000,10074.106647034392
1647939600000,10077.205097034392
1647943200000,10075.647347034392
1647946800000,10077.738297034392
1647950400000,10078.831047034391
1647954000000,10076.685847034392
1647957600000,10075.487697034392
1647961200000,10075.837997034392
1647964800000,10075.058313223086
1647968400000,10074.343763223085
1647972000000,10075.487663223086
1647975600000,10074.904863223086
1647979200000,10073.029363223086
1647982800000,10075.095513223085
1647986400000,10076.716813223085
1647990000000,10074.346863223085
1647993600000,10069.564048615455
1647997200000,10069.821348615456
1648000800000,10068.093098615456
1648004400000,10071.220998615456
1648008000000,10066.808148615457
1648011600000,10064.118898615456
1648015200000,10066.400498615456
1648018800000,10068.054348615457
1648022400000,10066.933595333767
1648026000000,10067.910095333767
1648029600000,10067.654345333767
1648033200000,10068.127095333768
1648036800000,10066.229895333767
1648040400000,10069.450795333767
1648044000000,10067.052945333768
1648047600000,10075.540745333767
1648051200000,10080.32593046241
1648054800000,10076.470030462411
1648058400000,10060.67023046241
1648062000000,10060.67058046241
1648065600000,10062.982280462411
1648069200000,10067.62503046241
1648072800000,10070.547430462411
1648076400000,10072.96978046241
1648080000000,10084.063536551514
1648083600000,10086.816486551514
1648087200000,10080.117136551513
1648090800000,10083.640736551513
1648094400000,10078.514036551513
1648098000000,10081.884936551513
1648101600000,10086.974836551513
1648105200000,10089.613786551512
1648108800000,10086.78348062787
1648112400000,10087.62018062787
1648116000000,10085.61043062787
1648119600000,10087.03673062787
1648123200000,10085.76613062787
1648126800000,10079.23248062787
1648130400000,10084.15523062787
1648134000000,10097.68138062787
1648137600000,10110.246683542799
1648141200000,10109.112233542797
1648144800000,10105.468283542798
1648148400000,10107.394133542797
1648152000000,10106.947783542799
1648155600000,10106.464283542799
1648159200000,10107.448133542797
1648162800000,10108.388483542798
1648166400000,10107.94254586329
1648170000000,10108.00284586329
1648173600000,10112.36234586329
1648177200000,10109.758345863289
1648180800000,10112.269645863289
1648184400000,10114.543845863289
1648188000000,10112.753045863288
1648191600000,10115.115945863288
1648195200000,10109.700204382
1648198800000,10110.939404382
1648202400000,10114.797554382
1648206000000,10119.166654382
1648209600000,10126.475504382
1648213200000,10130.523304382
1648216800000,10132.498654382
1648220400000,10128.004854382
1648224000000,10114.178506705432
1648227600000,10110.252306705432
1648231200000,10111.789256705431
1648234800000,10116.190256705431
1648238400000,10114.092406705431
1648242000000,10116.947656705432
1648245600000,10116.121406705432
1648249200000,10110.454956705431
1648252800000,10112.083759061801
1648256400000,10105.768859061802
1648260000000,10110.818309061802
1648263600000,10110.804709061802
1648267200000,10114.091359061802
1648270800000,10114.475759061801
1648274400000,10118.179459061801
1648278000000,10116.557309061802
1648281600000,10119.17265745348
1648285200000,10117.78670745348
1648288800000,10118.10075745348
1648292400000,10116.85040745348
1648296000000,10114.90995745348
1648299600000,10116.238457453479
1648303200000,10112.739507453478
1648306800000,10114.03580745348
1648310400000,10112.17392637348
1648314000000,10114.862376373478
1648317600000,10115.353076373478
1648321200000,10116.903026373478
1648324800000,10115.24112637348
1648328400000,10121.149226373478
1648332000000,10117.718826373479
1648335600000,10117.10302637348
1648339200000,10120.903341021445
1648342800000,10124.529091021446
1648346400000,10123.946591021446
1648350000000,10124.409791021446
1648353600000,10122.551041021447
1648357200000,10120.605391021445
1648360800000,10121.960041021446
1648364400000,10122.635841021445
1648368000000,10125.053095019428
1648371600000,10121.608495019427
1648375200000,10121.666545019427
1648378800000,10120.899545019427
1648382400000,10120.821095019428
1648386000000,10116.931045019428
1648389600000,10121.548245019429
1648393200000,10122.263445019427
1648396800000,10127.617444126821
1648400400000,10130.88439412682
1648404000000,10131.486894126821
1648407600000,10130.66009412682
1648411200000,10129.985094126821
1648414800000,10157.29149412682
1648418400000,10166.66204412682
1648422000000,10167.92429412682
1648425600000,10172.839390141884
1648429200000,10173.650890141884
1648432800000,10173.998840141885
1648436400000,10176.425190141883
1648440000000,10179.223440141885
1648443600000,10181.499390141884
1648447200000,10183.007290141884
1648450800000,10178.581190141884
1648454400000,10179.00256603179
1648458000000,10181.20656603179
1648461600000,10184.71986603179
1648465200000,10188.484666031789
1648468800000,10188.28021603179
1648472400000,10185.76651603179
1648476000000,10197.03861603179
1648479600000,10199.96681603179
1648483200000,10192.382453128152
1648486800000,10191.009353128153
1648490400000,10196.545903128152
1648494000000,10206.446903128151
1648497600000,10204.723503128153
1648501200000,10208.300053128152
1648504800000,10196.741353128153
1648508400000,10194.743803128153
1648512000000,10185.214944492116
1648515600000,10192.594644492117
1648519200000,10198.269144492117
1648522800000,10193.009344492117
1648526400000,10192.645544492116
1648530000000,10198.424194492116
1648533600000,10201.526594492116
1648537200000,10200.625694492117
1648540800000,10194.988180676644
1648544400000,10200.135430676644
1648548000000,10202.860380676644
1648551600000,10204.506680676644
1648555200000,10212.448880676644
1648558800000,10210.991280676644
1648562400000,10207.431630676645
1648566000000,10209.741580676644
1648569600000,10199.117987454314
1648573200000,10200.016487454315
1648576800000,10197.541737454314
1648580400000,10201.076687454313
1648584000000,10205.019887454313
1648587600000,10197.261437454314
1648591200000,10193.246987454313
1648594800000,10193.959937454312
1648598400000,10196.966044464396
1648602000000,10190.479644464396
1648605600000,10181.543594464394
1648609200000,10190.601494464396
1648612800000,10195.284194464395
1648616400000,10189.508344464395
1648620000000,10198.711744464395
1648623600000,10196.638894464395
1648627200000,10198.332181561416
1648630800000,10198.082081561417
1648634400000,10192.550831561417
1648638000000,10195.041131561416
1648641600000,10196.077531561417
1648645200000,10195.227981561417
1648648800000,10186.681681561418
1648652400000,10188.745381561417
1648656000000,10190.747110640787
1648659600000,10194.942010640789
1648663200000,10206.500260640787
1648666800000,10190.771010640787
1648670400000,10193.689260640787
1648674000000,10195.030810640787
1648677600000,10190.180810640788
1648681200000,10190.556460640786
1648684800000,10188.620026590788
1648688400000,10193.487126590788
1648692000000,10200.094126590788
1648695600000,10194.629976590788
1648699200000,10192.510026590788
1648702800000,10191.513326590788
1648706400000,10191.592176590788
1648710000000,10193.028426590789
1648713600000,10193.57274988111
1648717200000,10196.573449881109
1648720800000,10198.66134988111
1648724400000,10197.02214988111
1648728000000,10195.12899988111
1648731600000,10202.841099881109
1648735200000,10181.59704988111
1648738800000,10180.617595069263
1648742400000,10175.680070069264
1648746000000,10167.2317688491
1648749600000,10167.2317688491
1648753200000,10167.2317688491
1648756800000,10167.2317688491
1648760400000,10167.2317688491
1648764000000,10167.2317688491
1648767600000,10167.2317688491
1648771200000,10167.2317688491
1648774800000,10167.2317688491
1648778400000,10167.2317688491
1648782000000,10167.2317688491
1648785600000,10167.2317688491
1648789200000,10167.2317688491
1648792800000,10167.2317688491
1648796400000,10167.2317688491
1648800000000,10167.2317688491
1648803600000,10167.2317688491
1648807200000,10167.2317688491
1648810800000,10167.2317688491
1648814400000,10167.2317688491
1648818000000,10167.2317688491
1648821600000,10167.2317688491
1648825200000,10167.2317688491
1648828800000,10167.2317688491
1648832400000,10167.2317688491
1648836000000,10167.2317688491
1648839600000,10167.2317688491
1648843200000,10166.008243441742
1648846800000,10162.871463441743
1648850400000,10164.696163441742
1648854000000,10163.550223441742
1648857600000,10163.776653562105
1648861200000,10173.419873562105
1648864800000,10168.439933562106
1648868400000,10167.046913562104
1648872000000,10167.678813562105
1648875600000,10167.399073562105
1648879200000,10167.802353562105
1648882800000,10169.263533562105
1648886400000,10168.268340871002
1648890000000,10167.484500871002
1648893600000,10169.763600871001
1648897200000,10169.837440871
1648900800000,10169.020940871002
1648904400000,10172.306820871001
1648908000000,10171.947560871002
1648911600000,10168.949940871002
1648915200000,10165.225847640588
1648918800000,10167.148527640587
1648922400000,10167.330287640587
1648926000000,10164.674887640587
1648929600000,10166.373207640587
1648933200000,10166.512367640587
1648936800000,10168.178027640588
1648940400000,10165.624867640588
1648944000000,10163.387762818274
1648947600000,10165.933822818275
1648951200000,10162.261702818276
1648954800000,10161.553122818275
1648958400000,10163.890442818276
1648962000000,10167.208982818276
1648965600000,10167.342462818275
1648969200000,10171.855222818276
1648972800000,10170.279186825475
1648976400000,10167.356826825475
1648980000000,10170.558926825475
1648983600000,10168.505606825474
1648987200000,10168.650446825475
1648990800000,10169.701246825474
1648994400000,10170.519166825474
1648998000000,10172.243046825475
1649001600000,10170.507825139914
1649005200000,10169.516665139914
1649008800000,10169.773685139913
1649012400000,10171.629625139913
1649016000000,10168.764065139914
1649019600000,10169.644465139914
1649023200000,10173.705665139913
1649026800000,10176.707545139914
1649030400000,10173.174287365913
1649034000000,10167.906087365913
1649037600000,10168.178727365914
1649041200000,10170.489067365914
1649044800000,10169.255087365913
1649048400000,10169.730787365914
1649052000000,10171.197647365912
1649055600000,10170.649527365913
1649059200000,10170.94185024234
1649062800000,10169.28471024234
1649066400000,10166.38365024234
1649070000000,10164.30619024234
1649073600000,10167.73123024234
1649077200000,10166.05705024234
1649080800000,10167.005610242339
1649084400000,10163.59477024234
1649088000000,10158.90417810434
1649091600000,10163.63277810434
1649095200000,10161.32101810434
1649098800000,10165.29701810434
1649102400000,10168.743358104339
1649106000000,10172.51771810434
1649109600000,10172.656878104339
1649113200000,10175.288138104339
1649116800000,10172.890908476877
1649120400000,10171.487948476875
1649124000000,10173.402108476876
1649127600000,10172.873868476876
1649131200000,10173.917568476876
1649134800000,10174.114948476876
1649138400000,10173.102488476876
1649142000000,10172.760268476875
1649145600000,10174.442605524877
1649149200000,10173.993885524877
1649152800000,10172.108125524877
1649156400000,10172.835165524877
1649160000000,10173.850465524876
1649163600000,10172.566785524876
1649167200000,10167.508745524876
1649170800000,10163.079765524877
1649174400000,10163.067669462565
1649178000000,10166.319469462565
1649181600000,10163.015129462567
1649185200000,10162.962589462566
1649188800000,10164.626829462566
1649192400000,10161.612169462565
1649196000000,10164.149709462567
1649199600000,10162.501089462567
1649203200000,10154.185721237169
1649206800000,10154.185721237169
1649210400000,10154.185721237169
1649214000000,10154.185721237169
1649217600000,10154.185721237169
1649221200000,10154.185721237169
1649224800000,10154.185721237169
1649228400000,10154.185721237169
1649232000000,10154.185721237169
1649235600000,10154.185721237169
1649239200000,10154.185721237169
1649242800000,10154.185721237169
1649246400000,10154.185721237169
1649250000000,10154.185721237169
1649253600000,10154.185721237169
1649257200000,10154.185721237169
1649260800000,10154.185721237169
1649264400000,10154.185721237169
1649268000000,10154.185721237169
1649271600000,10154.185721237169
1649275200000,10154.185721237169
1649278800000,10154.185721237169
1649282400000,10154.185721237169
1649286000000,10154.185721237169
1649289600000,10154.185721237169
1649293200000,10154.185721237169
1649296800000,10154.185721237169
1649300400000,10154.185721237169
1649304000000,10154.185721237169
1649307600000,10154.185721237169
1649311200000,10154.185721237169
1649314800000,10154.185721237169
1649318400000,10154.185721237169
1649322000000,10154.185721237169
1649325600000,10154.185721237169
1649329200000,10154.185721237169
1649332800000,10154.185721237169
1649336400000,10154.185721237169
1649340000000,10154.185721237169
1649343600000,10154.185721237169
1649347200000,10154.185721237169
1649350800000,10154.185721237169
1649354400000,10154.185721237169
1649358000000,10154.185721237169
1649361600000,10154.185721237169
1649365200000,10154.185721237169
1649368800000,10154.185721237169
1649372400000,10154.185721237169
1649376000000,10154.185721237169
1649379600000,10154.185721237169
1649383200000,10154.185721237169
1649386800000,10154.185721237169
1649390400000,10154.185721237169
1649394000000,10154.185721237169
1649397600000,10154.185721237169
1649401200000,10154.185721237169
1649404800000,10154.185721237169
1649408400000,10154.185721237169
1649412000000,10154.185721237169
1649415600000,10154.185721237169
1649419200000,10154.185721237169
1649422800000,10154.185721237169
1649426400000,10154.185721237169
1649430000000,10154.185721237169
1649433600000,10154.185721237169
1649437200000,10154.185721237169
1649440800000,10154.185721237169
1649444400000,10154.185721237169
1649448000000,10154.185721237169
1649451600000,10154.185721237169
1649455200000,10154.185721237169
1649458800000,10154.185721237169
1649462400000,10154.185721237169
1649466000000,10154.185721237169
1649469600000,10154.185721237169
1649473200000,10154.185721237169
1649476800000,10154.185721237169
1649480400000,10154.185721237169
1649484000000,10154.185721237169
1649487600000,10154.185721237169
1649491200000,10154.185721237169
1649494800000,10154.185721237169
1649498400000,10154.185721237169
1649502000000,10154.185721237169
1649505600000,10154.185721237169
1649509200000,10154.185721237169
1649512800000,10154.185721237169
1649516400000,10154.185721237169
1649520000000,10154.185721237169
1649523600000,10154.185721237169
1649527200000,10154.185721237169
1649530800000,10154.185721237169
1649534400000,10154.185721237169
1649538000000,10154.185721237169
1649541600000,10154.185721237169
1649545200000,10154.185721237169
1649548800000,10154.185721237169
1649552400000,10154.185721237169
1649556000000,10154.185721237169
1649559600000,10154.185721237169
1649563200000,10154.185721237169
1649566800000,10154.185721237169
1649570400000,10154.185721237169
1649574000000,10154.185721237169
1649577600000,10154.185721237169
1649581200000,10154.185721237169
1649584800000,10154.185721237169
1649588400000,10154.185721237169
1649592000000,10154.185721237169
1649595600000,10154.185721237169
1649599200000,10154.185721237169
1649602800000,10154.185721237169
1649606400000,10154.185721237169
1649610000000,10154.185721237169
1649613600000,10154.185721237169
1649617200000,10154.185721237169
1649620800000,10154.185721237169
1649624400000,10154.185721237169
1649628000000,10154.185721237169
1649631600000,10154.185721237169
1649635200000,10154.185721237169
1649638800000,10154.185721237169
1649642400000,10154.185721237169
1649646000000,10154.185721237169
1649649600000,10153.613326546198
1649653200000,10150.320626546196
1649656800000,10150.438426546198
1649660400000,10150.742426546196
1649664000000,10149.411072074934
1649667600000,10152.124272074934
1649671200000,10167.909472074934
1649674800000,10164.105672074933
1649678400000,10172.195872074934
1649682000000,10171.861472074934
1649685600000,10172.338372074933
1649689200000,10177.468372074934
1649692800000,10181.577271984934
1649696400000,10178.514471984934
1649700000000,10186.241771984935
1649703600000,10184.341771984935
1649707200000,10193.290771984934
1649710800000,10195.762671984934
1649714400000,10204.434271984934
1649718000000,10198.044571984934
1649721600000,10201.424968280053
1649725200000,10202.566868280053
1649728800000,10203.252768280054
1649732400000,10203.520668280053
1649736000000,10198.863768280053
1649739600000,10196.104968280053
1649743200000,10191.470868280054
1649746800000,10195.183468280053
1649750400000,10191.217782416881
1649754000000,10190.569882416881
1649757600000,10189.574282416881
1649761200000,10191.22348241688
1649764800000,10186.13528241688
1649768400000,10183.351782416881
1649772000000,10186.72428241688
1649775600000,10193.62508241688
1649779200000,10190.068061775928
1649782800000,10191.62036177593
1649786400000,10194.179661775928
1649790000000,10199.645961775928
1649793600000,10206.237061775928
1649797200000,10203.172361775929
1649800800000,10200.52566177593
1649804400000,10196.940361775929
1649808000000,10191.732885087416
1649811600000,10195.128185087417
1649815200000,10196.175085087418
1649818800000,10193.015385087418
1649822400000,10192.183185087417
1649826000000,10190.798085087417
1649829600000,10190.058985087417
1649833200000,10195.337185087417
1649836800000,10190.838023896951
1649840400000,10190.661323896951
1649844000000,10191.75382389695
1649847600000,10196.397423896951
1649851200000,10199.758523896951
1649854800000,10198.846523896951
1649858400000,10182.692723896951
1649862000000,10180.61982389695
1649865600000,10168.4297485824
1649869200000,10168.4297485824
1649872800000,10168.4297485824
1649876400000,10168.4297485824
1649880000000,10168.4297485824
1649883600000,10168.4297485824
1649887200000,10168.4297485824
1649890800000,10168.4297485824
1649894400000,10168.4297485824
1649898000000,10168.4297485824
1649901600000,10168.4297485824
1649905200000,10168.4297485824
1649908800000,10168.4297485824
1649912400000,10168.4297485824
1649916000000,10168.4297485824
1649919600000,10168.4297485824
1649923200000,10168.4297485824
1649926800000,10168.4297485824
1649930400000,10168.4297485824
1649934000000,10168.4297485824
1649937600000,10168.4297485824
1649941200000,10168.4297485824
1649944800000,10168.4297485824
1649948400000,10168.4297485824
1649952000000,10168.4297485824
1649955600000,10168.4297485824
1649959200000,10168.4297485824
1649962800000,10168.4297485824
1649966400000,10168.4297485824
1649970000000,10168.4297485824
1649973600000,10168.4297485824
1649977200000,10168.4297485824
1649980800000,10168.4297485824
1649984400000,10168.4297485824
1649988000000,10168.4297485824
1649991600000,10168.4297485824
1649995200000,10168.4297485824
1649998800000,10168.4297485824
1650002400000,10168.4297485824
1650006000000,10168.4297485824
1650009600000,10168.4297485824
1650013200000,10168.4297485824
1650016800000,10168.4297485824
1650020400000,10168.4297485824
1650024000000,10168.4297485824
1650027600000,10168.4297485824
1650031200000,10168.4297485824
1650034800000,10168.4297485824
1650038400000,10168.4297485824
1650042000000,10168.4297485824
1650045600000,10168.4297485824
1650049200000,10168.4297485824
1650052800000,10168.4297485824
1650056400000,10168.4297485824
1650060000000,10168.4297485824
1650063600000,10168.4297485824
1650067200000,10168.4297485824
1650070800000,10168.4297485824
1650074400000,10168.4297485824
1650078000000,10168.4297485824
1650081600000,10168.4297485824
1650085200000,10168.4297485824
1650088800000,10168.4297485824
1650092400000,10168.4297485824
1650096000000,10168.4297485824
1650099600000,10168.4297485824
1650103200000,10168.4297485824
1650106800000,10168.4297485824
1650110400000,10168.4297485824
1650114000000,10168.4297485824
1650117600000,10168.4297485824
1650121200000,10168.4297485824
1650124800000,10168.4297485824
1650128400000,10168.4297485824
1650132000000,10168.4297485824
1650135600000,10168.4297485824
1650139200000,10168.4297485824
1650142800000,10168.4297485824
1650146400000,10168.4297485824
1650150000000,10168.4297485824
1650153600000,10168.4297485824
1650157200000,10168.4297485824
1650160800000,10168.4297485824
1650164400000,10168.4297485824
1650168000000,10168.4297485824
1650171600000,10168.4297485824
1650175200000,10168.4297485824
1650178800000,10168.4297485824
1650182400000,10168.4297485824
1650186000000,10168.4297485824
1650189600000,10168.4297485824
1650193200000,10168.4297485824
1650196800000,10168.4297485824
1650200400000,10168.4297485824
1650204000000,10168.4297485824
1650207600000,10168.4297485824
1650211200000,10168.4297485824
1650214800000,10168.4297485824
1650218400000,10168.4297485824
1650222000000,10168.4297485824
1650225600000,10168.4297485824
1650229200000,10168.4297485824
1650232800000,10168.4297485824
1650236400000,10168.4297485824
1650240000000,10168.4297485824
1650243600000,10168.4297485824
1650247200000,10168.4297485824
1650250800000,10168.4297485824
1650254400000,10168.4297485824
1650258000000,10168.4297485824
1650261600000,10168.4297485824
1650265200000,10168.4297485824
1650268800000,10166.375624245602
1650272400000,10167.078344245603
1650276000000,10163.171144245604
1650279600000,10162.839224245603
1650283200000,10160.558664245604
1650286800000,10147.698904245603
1650290400000,10151.459544245603
1650294000000,10150.589624245602
1650297600000,10154.66219158183
1650301200000,10146.65555158183
1650304800000,10114.113632641276
1650308400000,10110.299122001043
1650312000000,10110.299122001043
1650315600000,10110.299122001043
1650319200000,10110.299122001043
1650322800000,10110.299122001043
1650326400000,10110.299122001043
1650330000000,10110.299122001043
1650333600000,10110.299122001043
1650337200000,10110.299122001043
1650340800000,10110.299122001043
1650344400000,10110.299122001043
1650348000000,10110.299122001043
1650351600000,10110.299122001043
1650355200000,10110.299122001043
1650358800000,10110.299122001043
1650362400000,10110.299122001043
1650366000000,10110.299122001043
1650369600000,10110.299122001043
1650373200000,10110.299122001043
1650376800000,10110.299122001043
1650380400000,10110.299122001043
1650384000000,10110.299122001043
1650387600000,10110.299122001043
1650391200000,10110.299122001043
1650394800000,10110.299122001043
1650398400000,10110.299122001043
1650402000000,10110.299122001043
1650405600000,10110.299122001043
1650409200000,10110.299122001043
1650412800000,10110.299122001043
1650416400000,10110.299122001043
1650420000000,10110.299122001043
1650423600000,10110.299122001043
1650427200000,10110.299122001043
1650430800000,10110.299122001043
1650434400000,10110.299122001043
1650438000000,10110.299122001043
1650441600000,10110.299122001043
1650445200000,10110.299122001043
1650448800000,10110.299122001043
1650452400000,10110.299122001043
1650456000000,10110.299122001043
1650459600000,10110.299122001043
1650463200000,10110.299122001043
1650466800000,10110.299122001043
1650470400000,10110.299122001043
1650474000000,10110.299122001043
1650477600000,10110.299122001043
1650481200000,10110.299122001043
1650484800000,10110.299122001043
1650488400000,10110.299122001043
1650492000000,10110.299122001043
1650495600000,10110.299122001043
1650499200000,10110.299122001043
1650502800000,10110.299122001043
1650506400000,10110.299122001043
1650510000000,10110.299122001043
1650513600000,10110.299122001043
1650517200000,10110.299122001043
1650520800000,10110.299122001043
1650524400000,10110.299122001043
1650528000000,10110.299122001043
1650531600000,10110.299122001043
1650535200000,10110.299122001043
1650538800000,10110.299122001043
1650542400000,10110.809593721746
1650546000000,10111.983283721745
1650549600000,10110.240703721745
1650553200000,10109.651023721746
1650556800000,10101.14596336369
1650560400000,10096.568383363689
1650564000000,10092.54457336369
1650567600000,10091.680843363689
1650571200000,10086.162043363689
1650574800000,10083.721890899784
1650578400000,10083.721890899784
1650582000000,10083.721890899784
1650585600000,10083.721890899784
1650589200000,10083.721890899784
1650592800000,10083.721890899784
1650596400000,10083.721890899784
1650600000000,10083.721890899784
1650603600000,10083.721890899784
1650607200000,10083.721890899784
1650610800000,10083.721890899784
1650614400000,10083.721890899784
1650618000000,10083.721890899784
1650621600000,10083.721890899784
1650625200000,10083.721890899784
1650628800000,10083.721890899784
1650632400000,10083.721890899784
1650636000000,10083.721890899784
1650639600000,10083.721890899784
1650643200000,10083.721890899784
1650646800000,10083.721890899784
1650650400000,10083.721890899784
1650654000000,10083.721890899784
1650657600000,10083.721890899784
1650661200000,10083.721890899784
1650664800000,10083.721890899784
1650668400000,10083.721890899784
1650672000000,10083.721890899784
1650675600000,10083.721890899784
1650679200000,10083.721890899784
1650682800000,10083.721890899784
1650686400000,10083.721890899784
1650690000000,10083.721890899784
1650693600000,10083.721890899784
1650697200000,10083.721890899784
1650700800000,10083.721890899784
1650704400000,10083.721890899784
1650708000000,10083.721890899784
1650711600000,10083.721890899784
1650715200000,10083.721890899784
1650718800000,10083.721890899784
1650722400000,10083.721890899784
1650726000000,10083.721890899784
1650729600000,10083.721890899784
1650733200000,10083.721890899784
1650736800000,10083.721890899784
1650740400000,10083.721890899784
1650744000000,10083.721890899784
1650747600000,10083.721890899784
1650751200000,10083.721890899784
1650754800000,10083.721890899784
1650758400000,10083.721890899784
1650762000000,10083.721890899784
1650765600000,10083.721890899784
1650769200000,10083.721890899784
1650772800000,10083.721890899784
1650776400000,10083.721890899784
1650780000000,10083.721890899784
1650783600000,10083.721890899784
1650787200000,10083.721890899784
1650790800000,10083.721890899784
1650794400000,10083.721890899784
1650798000000,10083.721890899784
1650801600000,10083.721890899784
1650805200000,10083.721890899784
1650808800000,10083.721890899784
1650812400000,10083.721890899784
1650816000000,10083.721890899784
1650819600000,10083.721890899784
1650823200000,10083.721890899784
1650826800000,10083.721890899784
1650830400000,10083.721890899784
1650834000000,10083.721890899784
1650837600000,10083.721890899784
1650841200000,10083.721890899784
1650844800000,10083.721890899784
1650848400000,10083.721890899784
1650852000000,10083.721890899784
1650855600000,10083.721890899784
1650859200000,10083.721890899784
1650862800000,10083.721890899784
1650866400000,10083.721890899784
1650870000000,10083.721890899784
1650873600000,10083.799364270384
1650877200000,10083.746164270384
1650880800000,10080.643464270383
1650884400000,10083.637864270384
1650888000000,10076.108164270383
1650891600000,10076.412164270383
1650895200000,10078.386264270383
1650898800000,10070.499364270383
1650902400000,10073.678342866024
1650906000000,10064.121342866023
1650909600000,10065.270842866024
1650913200000,10056.68277336659
1650916800000,10056.68277336659
1650920400000,10056.68277336659
1650924000000,10056.68277336659
1650927600000,10056.68277336659
1650931200000,10056.68277336659
1650934800000,10056.68277336659
1650938400000,10056.68277336659
1650942000000,10056.68277336659
1650945600000,10056.68277336659
1650949200000,10056.68277336659
1650952800000,10056.68277336659
1650956400000,10056.68277336659
1650960000000,10056.68277336659
1650963600000,10056.68277336659
1650967200000,10056.68277336659
1650970800000,10056.68277336659
1650974400000,10056.68277336659
1650978000000,10056.68277336659
1650981600000,10056.68277336659
1650985200000,10056.68277336659
1650988800000,10056.68277336659
1650992400000,10056.68277336659
1650996000000,10056.68277336659
1650999600000,10056.68277336659
1651003200000,10055.99385449454
1651006800000,10058.19275449454
1651010400000,10055.74855449454
1651014000000,10056.81665449454
1651017600000,10057.420757184302
1651021200000,10055.949157184301
1651024800000,10052.191207184302
1651028400000,10050.5333571843
1651032000000,10052.3778771843
1651035600000,10049.651537184302
1651039200000,10049.565427184301
1651042800000,10043.1077271843
1651046400000,10037.537413315858
1651050000000,10037.639973315858
1651053600000,10035.199563315857
1651057200000,10034.866313315859
1651060800000,10038.263913315857
1651064400000,10040.498863315857
1651068000000,10032.567853315857
1651071600000,10044.798433315858
1651075200000,10039.79900535829
1651078800000,10037.27808535829
1651082400000,10037.48814535829
1651086000000,10045.10856535829
1651089600000,10043.80658535829
1651093200000,10039.65882535829
1651096800000,10034.94805535829
1651100400000,10038.44820535829
1651104000000,10036.085742563258
1651107600000,10032.014402563258
1651111200000,10035.724842563259
1651114800000,10031.641112563257
1651118400000,10034.091772563259
1651122000000,10031.954362563258
1651125600000,10034.551742563259
1651129200000,10033.31886256326
1651132800000,10030.86698095819
1651136400000,10022.88278095819
1651140000000,10021.60870095819
1651143600000,10023.798140958192
1651147200000,10023.92478095819
1651150800000,10027.80579095819
1651154400000,10041.32113095819
1651158000000,10033.856490958191
1651161600000,10024.279210499775
1651165200000,10017.726010499775
1651168800000,10012.384802130726
1651172400000,10012.384802130726
1651176000000,10012.384802130726
1651179600000,10012.384802130726
1651183200000,10012.384802130726
1651186800000,10012.384802130726
1651190400000,10012.384802130726
1651194000000,10012.384802130726
1651197600000,10012.384802130726
1651201200000,10012.384802130726
1651204800000,10012.384802130726
1651208400000,10012.384802130726
1651212000000,10012.384802130726
1651215600000,10012.384802130726
1651219200000,10012.384802130726
1651222800000,10012.384802130726
1651226400000,10012.384802130726
1651230000000,10012.384802130726
1651233600000,10012.384802130726
1651237200000,10012.384802130726
1651240800000,10012.384802130726
1651244400000,10012.384802130726
1651248000000,10012.384802130726
1651251600000,10012.384802130726
1651255200000,10012.384802130726
1651258800000,10012.384802130726
1651262400000,10011.98042671509
1651266000000,10010.01930671509
1651269600000,10010.47898671509
1651273200000,10008.58994671509
1651276800000,10008.700043974271
1651280400000,10007.757563974272
1651284000000,10007.34004397427
1651287600000,10007.497803974271
1651291200000,10008.46068397427
1651294800000,10008.18324397427
1651298400000,10006.13644397427
1651302000000,10006.607003974272
1651305600000,10007.21123720059
1651309200000,10008.05715720059
1651312800000,10006.271477200591
1651316400000,10006.92019720059
1651320000000,10006.71755720059
1651323600000,10007.66955720059
1651327200000,10007.80011720059
1651330800000,10013.09051720059
1651334400000,10008.621361789275
1651338000000,10011.040801789275
1651341600000,10013.074001789275
1651345200000,10011.889441789275
1651348800000,10010.257441789276
1651352400000,10012.282481789274
1651356000000,10011.843201789276
1651359600000,10013.080801789274
1651363200000,10019.686652454686
1651366800000,10018.538572454685
1651370400000,10010.537532454686
1651374000000,10012.688572454685
1651377600000,10006.808412454686
1651381200000,10008.431532454684
1651384800000,10005.969692454684
1651388400000,10007.957692454684
1651392000000,10009.883059072863
1651395600000,10006.367859072863
1651399200000,10008.718899072863
1651402800000,10008.167299072864
1651406400000,10010.296899072862
1651410000000,10009.025459072864
1651413600000,10011.902659072864
1651417200000,10009.177379072862
1651420800000,9995.198762471706
1651424400000,9994.372442471706
1651428000000,9997.235242471706
1651431600000,10009.001962471706
1651435200000,10011.732362471706
1651438800000,9998.871642471706
1651442400000,9996.861402471704
1651446000000,9999.392202471707
1651449600000,9992.848539209474
1651453200000,9987.535579209474
1651456800000,9992.834859209475
1651460400000,9988.219339209476
1651464000000,9987.717659209475
1651467600000,9979.298551159935
1651471200000,9979.298551159935
1651474800000,9979.298551159935
1651478400000,9979.298551159935
1651482000000,9979.298551159935
1651485600000,9979.298551159935
1651489200000,9979.298551159935
1651492800000,9979.298551159935
1651496400000,9979.298551159935
1651500000000,9979.298551159935
1651503600000,9979.298551159935
1651507200000,9979.298551159935
1651510800000,9979.298551159935
1651514400000,9979.298551159935
1651518000000,9979.298551159935
1651521600000,9979.298551159935
1651525200000,9979.298551159935
1651528800000,9979.298551159935
1651532400000,9979.298551159935
1651536000000,9979.298551159935
1651539600000,9979.298551159935
1651543200000,9979.298551159935
1651546800000,9979.298551159935
1651550400000,9979.298551159935
1651554000000,9979.298551159935
1651557600000,9979.298551159935
1651561200000,9979.298551159935
1651564800000,9979.298551159935
1651568400000,9979.298551159935
1651572000000,9979.298551159935
1651575600000,9979.298551159935
1651579200000,9979.298551159935
1651582800000,9979.298551159935
1651586400000,9979.298551159935
1651590000000,9979.298551159935
1651593600000,9979.298551159935
1651597200000,9979.298551159935
1651600800000,9979.298551159935
1651604400000,9979.298551159935
1651608000000,9979.298551159935
1651611600000,9979.298551159935
1651615200000,9979.298551159935
1651618800000,9979.298551159935
1651622400000,9979.298551159935
1651626000000,9979.298551159935
1651629600000,9979.298551159935
1651633200000,9979.298551159935
1651636800000,9979.298551159935
1651640400000,9979.298551159935
1651644000000,9979.298551159935
1651647600000,9979.298551159935
1651651200000,9979.298551159935
1651654800000,9979.298551159935
1651658400000,9979.298551159935
1651662000000,9979.298551159935
1651665600000,9979.298551159935
1651669200000,9979.298551159935
1651672800000,9979.298551159935
1651676400000,9979.298551159935
1651680000000,9979.298551159935
1651683600000,9979.298551159935
1651687200000,9979.298551159935
1651690800000,9979.298551159935
1651694400000,9979.298551159935
1651698000000,9979.298551159935
1651701600000,9979.298551159935
1651705200000,9979.298551159935
1651708800000,9979.298551159935
1651712400000,9979.298551159935
1651716000000,9979.298551159935
1651719600000,9979.298551159935
1651723200000,9979.298551159935
1651726800000,9979.298551159935
1651730400000,9979.298551159935
1651734000000,9979.298551159935
1651737600000,9979.298551159935
1651741200000,9979.298551159935
1651744800000,9979.298551159935
1651748400000,9979.298551159935
1651752000000,9979.298551159935
1651755600000,9979.298551159935
1651759200000,9979.298551159935
1651762800000,9979.298551159935
1651766400000,9979.545315441264
1651770000000,9977.464315441264
1651773600000,9979.840315441264
1651777200000,9984.351315441265
1651780800000,9984.903315441265
1651784400000,9983.617315441265
1651788000000,9983.217315441265
1651791600000,9985.125315441264
1651795200000,9982.539139600463
1651798800000,9983.899139600464
1651802400000,9984.665139600464
1651806000000,9983.418139600464
1651809600000,9983.214139600464
1651813200000,9983.653139600465
1651816800000,9982.713139600464
1651820400000,9983.782139600464
1651824000000,9984.921285904275
1651827600000,9985.395285904275
1651831200000,9983.591285904275
1651834800000,9989.271285904275
1651838400000,9988.593825920261
1651842000000,9987.26946592026
1651845600000,9989.826625920261
1651849200000,9982.184105920262
1651852800000,9985.715604065106
1651856400000,9981.454444065108
1651860000000,9986.987044065107
1651863600000,9987.379524065107
1651867200000,9986.786204065107
1651870800000,9982.405884065107
1651874400000,9986.127124065108
1651878000000,9984.670804065106
1651881600000,9984.607250701181
1651885200000,9985.906010701181
1651888800000,9985.430770701181
1651892400000,9986.971690701183
1651896000000,9989.71585070118
1651899600000,9991.86033070118
1651903200000,9987.995410701182
1651906800000,9990.877090701182
1651910400000,9988.108703347354
1651914000000,9986.202743347354
1651917600000,9987.127743347353
1651921200000,9984.533183347356
1651924800000,9985.709343347355
1651928400000,9985.633783347355
1651932000000,9988.602063347354
1651935600000,9986.214703347356
1651939200000,9985.87807314301
1651942800000,9985.673193143011
1651946400000,9987.506833143012
1651950000000,9986.807993143011
1651953600000,9987.83163314301
1651957200000,9989.870913143011
1651960800000,10001.528513143012
1651964400000,10005.70295314301
1651968000000,9997.634118103055
1651971600000,10003.271118103055
1651975200000,10008.475118103053
1651978800000,10016.945798103054
1651982400000,10018.584758103054
1651986000000,10020.455038103053
1651989600000,10019.670758103055
1651993200000,10013.801758103054
1651996800000,10016.520017678511
1652000400000,10015.16333767851
1652004000000,10016.96633767851
1652007600000,10013.87501767851
1652011200000,10013.87213767851
1652014800000,10016.50909767851
1652018400000,10022.04973767851
1652022000000,10021.68069767851
1652025600000,10023.373608379838
1652029200000,10024.372328379837
1652032800000,10024.659328379837
1652036400000,10017.092568379838
1652040000000,10015.738928379838
1652043600000,10021.874808379838
1652047200000,10018.616008379837
1652050800000,10022.480488379839
1652054400000,10025.804999138487
1652058000000,10025.355479138487
1652061600000,10028.307159138487
1652065200000,10043.024839138487
1652068800000,10039.834159138487
1652072400000,10037.817879138487
1652076000000,10041.942319138487
1652079600000,10039.462879138486
1652083200000,10041.603831576209
1652086800000,10038.406631576208
1652090400000,10042.382831576208
1652094000000,10058.74091157621
1652097600000,10051.349991576208
1652101200000,10055.633271576207
1652104800000,10052.805871576209
1652108400000,10058.520471576207
1652112000000,10062.622398397834
1652115600000,10076.953318397835
1652119200000,10083.705878397834
1652122800000,10090.687278397834
1652126400000,10086.003718397833
1652130000000,10085.840118397835
1652133600000,10090.560798397833
1652137200000,10085.234158397834
1652140800000,10102.132577887205
1652144400000,10091.231097887203
1652148000000,10085.404737887204
1652151600000,10083.200297887204
1652155200000,10089.488297887205
1652158800000,10076.444377887205
1652162400000,10064.701017887206
1652166000000,10055.363485175014
1652169600000,10059.323143631327
1652173200000,10057.244423631328
1652176800000,10059.538183631328
1652180400000,10059.562503631329
1652184000000,10055.568903631329
1652187600000,10049.646881687528
1652191200000,10049.646881687528
1652194800000,10049.646881687528
1652198400000,10049.646881687528
1652202000000,10049.646881687528
1652205600000,10049.646881687528
1652209200000,10049.646881687528
1652212800000,10049.646881687528
1652216400000,10049.646881687528
1652220000000,10049.646881687528
1652223600000,10049.646881687528
1652227200000,10049.646881687528
1652230800000,10049.646881687528
1652234400000,10049.646881687528
1652238000000,10049.646881687528
1652241600000,10049.646881687528
1652245200000,10049.646881687528
1652248800000,10049.646881687528
1652252400000,10049.646881687528
1652256000000,10049.646881687528
1652259600000,10049.646881687528
1652263200000,10049.646881687528
1652266800000,10049.646881687528
1652270400000,10049.646881687528
1652274000000,10049.646881687528
1652277600000,10049.646881687528
1652281200000,10049.646881687528
1652284800000,10049.646881687528
1652288400000,10049.646881687528
1652292000000,10049.646881687528
1652295600000,10049.646881687528
1652299200000,10047.958775978826
1652302800000,10055.749475978826
1652306400000,10051.703675978826
1652310000000,10052.628125978825
1652313600000,10051.37657890295
1652317200000,10046.641978902951
1652320800000,10051.49162890295
1652324400000,10053.73187890295
1652328000000,10058.46422890295
1652331600000,10064.68622890295
1652335200000,10069.37177890295
1652338800000,10069.10282890295
1652342400000,10061.576661566509
1652346000000,10061.54396156651
1652349600000,10062.660261566509
1652353200000,10058.548461566508
1652356800000,10058.728161566509
1652360400000,10059.32921156651
1652364000000,10062.808461566508
1652367600000,10053.50771156651
1652371200000,10056.885218660671
1652374800000,10052.284268660671
1652378400000,10059.59556866067
1652382000000,10061.04891866067
1652385600000,10059.24276866067
1652389200000,10060.382318660671
1652392800000,10061.36646866067
1652396400000,10059.22221866067
1652400000000,10056.94103370866
1652403600000,10053.276833708658
1652407200000,10053.33143370866
1652410800000,10048.718783708659
1652414400000,10047.304283708658
1652418000000,10047.276233708657
1652421600000,10045.91783370866
1652425200000,10047.654683708659
1652428800000,10049.442387680116
1652432400000,10048.430787680114
1652436000000,10047.890037680116
1652439600000,10046.495637680115
1652443200000,10045.671987680114
1652446800000,10045.209537680115
1652450400000,10044.567687680115
1652454000000,10045.094787680115
1652457600000,10047.495755919512
1652461200000,10049.120255919512
1652464800000,10051.453955919513
1652468400000,10049.002505919512
1652472000000,10049.183705919513
1652475600000,10051.313705919512
1652479200000,10049.215655919512
1652482800000,10050.464105919513
1652486400000,10053.908684577702
1652490000000,10052.739734577703
1652493600000,10050.697034577703
1652497200000,10051.9771345777
1652500800000,10051.487534577702
1652504400000,10053.229484577701
1652508000000,10052.823734577702
1652511600000,10051.980884577702
1652515200000,10052.745349857427
1652518800000,10052.211649857429
1652522400000,10053.074449857426
1652526000000,10054.420399857427
1652529600000,10056.211399857428
1652533200000,10055.756749857428
1652536800000,10057.673749857428
1652540400000,10057.055149857426
1652544000000,10057.626824009647
1652547600000,10054.477724009646
1652551200000,10053.053474009646
1652554800000,10053.549824009648
1652558400000,10054.964774009646
1652562000000,10054.459874009646
1652565600000,10052.056124009647
1652569200000,10049.064074009646
1652572800000,10049.991603653407
1652576400000,10050.215553653408
1652580000000,10050.806703653407
1652583600000,10051.596903653408
1652587200000,10052.781603653408
1652590800000,10053.125253653408
1652594400000,10051.68225365341
1652598000000,10050.513003653406
1652601600000,10051.66338563264
1652605200000,10052.74773563264
1652608800000,10051.96323563264
1652612400000,10050.68433563264
1652616000000,10047.980981447103
1652619600000,10047.423877027393
1652623200000,10047.423877027393
1652626800000,10047.423877027393
1652630400000,10047.423877027393
1652634000000,10047.423877027393
1652637600000,10047.423877027393
1652641200000,10047.423877027393
1652644800000,10047.423877027393
1652648400000,10047.423877027393
1652652000000,10047.423877027393
1652655600000,10047.423877027393
1652659200000,10047.423877027393
1652662800000,10047.423877027393
1652666400000,10047.423877027393
1652670000000,10047.423877027393
1652673600000,10047.423877027393
1652677200000,10047.423877027393
1652680800000,10047.423877027393
1652684400000,10047.423877027393
1652688000000,10047.423877027393
1652691600000,10047.423877027393
1652695200000,10047.423877027393
1652698800000,10047.423877027393
1652702400000,10047.423877027393
1652706000000,10047.423877027393
1652709600000,10047.423877027393
1652713200000,10047.423877027393
1652716800000,10047.423877027393
1652720400000,10047.423877027393
1652724000000,10047.423877027393
1652727600000,10047.423877027393
1652731200000,10047.423877027393
1652734800000,10047.423877027393
1652738400000,10047.423877027393
1652742000000,10047.423877027393
1652745600000,10047.423877027393
1652749200000,10047.423877027393
1652752800000,10047.423877027393
1652756400000,10047.423877027393
1652760000000,10047.423877027393
1652763600000,10047.423877027393
1652767200000,10047.423877027393
1652770800000,10047.423877027393
1652774400000,10047.423877027393
1652778000000,10047.423877027393
1652781600000,10047.423877027393
1652785200000,10047.423877027393
1652788800000,10047.423877027393
1652792400000,10047.423877027393
1652796000000,10047.423877027393
1652799600000,10047.423877027393
1652803200000,10047.423877027393
1652806800000,10047.423877027393
1652810400000,10047.423877027393
1652814000000,10047.423877027393
1652817600000,10047.423877027393
1652821200000,10047.423877027393
1652824800000,10047.423877027393
1652828400000,10047.423877027393
1652832000000,10047.423877027393
1652835600000,10047.423877027393
1652839200000,10047.423877027393
1652842800000,10047.423877027393
1652846400000,10047.423877027393
1652850000000,10047.423877027393
1652853600000,10047.423877027393
1652857200000,10047.423877027393
1652860800000,10047.423877027393
1652864400000,10047.423877027393
1652868000000,10047.423877027393
1652871600000,10047.423877027393
1652875200000,10047.423877027393
1652878800000,10047.423877027393
1652882400000,10047.423877027393
1652886000000,10047.423877027393
1652889600000,10047.423877027393
1652893200000,10047.423877027393
1652896800000,10047.423877027393
1652900400000,10047.423877027393
1652904000000,10047.423877027393
1652907600000,10047.423877027393
1652911200000,10047.423877027393
1652914800000,10047.423877027393
1652918400000,10047.423877027393
1652922000000,10047.423877027393
1652925600000,10047.423877027393
1652929200000,10047.423877027393
1652932800000,10047.423877027393
1652936400000,10047.423877027393
1652940000000,10047.423877027393
1652943600000,10047.423877027393
1652947200000,10047.423877027393
1652950800000,10047.423877027393
1652954400000,10047.423877027393
1652958000000,10047.423877027393
1652961600000,10047.423877027393
1652965200000,10047.423877027393
1652968800000,10047.423877027393
1652972400000,10047.423877027393
1652976000000,10047.423877027393
1652979600000,10047.423877027393
1652983200000,10047.423877027393
1652986800000,10047.423877027393
1652990400000,10047.423877027393
1652994000000,10047.423877027393
1652997600000,10047.423877027393
1653001200000,10047.423877027393
1653004800000,10047.423877027393
1653008400000,10047.423877027393
1653012000000,10047.423877027393
1653015600000,10047.423877027393
1653019200000,10047.423877027393
1653022800000,10047.423877027393
1653026400000,10047.423877027393
1653030000000,10047.423877027393
1653033600000,10047.423877027393
1653037200000,10047.423877027393
1653040800000,10047.423877027393
1653044400000,10047.423877027393
1653048000000,10047.423877027393
1653051600000,10047.423877027393
1653055200000,10047.423877027393
1653058800000,10047.423877027393
1653062400000,10047.423877027393
1653066000000,10047.423877027393
1653069600000,10047.423877027393
1653073200000,10047.423877027393
1653076800000,10047.423877027393
1653080400000,10047.423877027393
1653084000000,10047.423877027393
1653087600000,10047.423877027393
1653091200000,10047.423877027393
1653094800000,10047.423877027393
1653098400000,10047.423877027393
1653102000000,10047.423877027393
1653105600000,10047.423877027393
1653109200000,10047.423877027393
1653112800000,10047.423877027393
1653116400000,10047.423877027393
1653120000000,10047.423877027393
1653123600000,10047.423877027393
1653127200000,10047.423877027393
1653130800000,10047.423877027393
1653134400000,10047.423877027393
1653138000000,10047.423877027393
1653141600000,10047.423877027393
1653145200000,10047.423877027393
1653148800000,10047.423877027393
1653152400000,10047.423877027393
1653156000000,10047.423877027393
1653159600000,10047.423877027393
1653163200000,10047.423877027393
1653166800000,10047.423877027393
1653170400000,10047.423877027393
1653174000000,10047.423877027393
1653177600000,10047.423877027393
1653181200000,10047.423877027393
1653184800000,10047.423877027393
1653188400000,10047.423877027393
1653192000000,10047.423877027393
1653195600000,10047.423877027393
1653199200000,10047.423877027393
1653202800000,10047.423877027393
1653206400000,10047.423877027393
1653210000000,10047.423877027393
1653213600000,10047.423877027393
1653217200000,10047.423877027393
1653220800000,10047.423877027393
1653224400000,10047.423877027393
1653228000000,10047.423877027393
1653231600000,10047.423877027393
1653235200000,10047.423877027393
1653238800000,10047.423877027393
1653242400000,10047.423877027393
1653246000000,10047.423877027393
1653249600000,10047.423877027393
1653253200000,10047.423877027393
1653256800000,10047.423877027393
1653260400000,10047.423877027393
1653264000000,10047.423877027393
1653267600000,10047.423877027393
1653271200000,10047.423877027393
1653274800000,10047.423877027393
1653278400000,10047.423877027393
1653282000000,10047.423877027393
1653285600000,10047.423877027393
1653289200000,10047.423877027393
1653292800000,10047.423877027393
1653296400000,10047.423877027393
1653300000000,10047.423877027393
1653303600000,10047.423877027393
1653307200000,10047.423877027393
1653310800000,10047.423877027393
1653314400000,10047.423877027393
1653318000000,10047.423877027393
1653321600000,10047.423877027393
1653325200000,10047.423877027393
1653328800000,10047.423877027393
1653332400000,10047.423877027393
1653336000000,10047.423877027393
1653339600000,10047.423877027393
1653343200000,10047.423877027393
1653346800000,10047.423877027393
1653350400000,10047.423877027393
1653354000000,10047.423877027393
1653357600000,10047.423877027393
1653361200000,10047.423877027393
1653364800000,10047.423877027393
1653368400000,10047.423877027393
1653372000000,10047.423877027393
1653375600000,10047.423877027393
1653379200000,10047.423877027393
1653382800000,10047.423877027393
1653386400000,10047.423877027393
1653390000000,10047.423877027393
1653393600000,10047.423877027393
1653397200000,10047.423877027393
1653400800000,10047.423877027393
1653404400000,10047.423877027393
1653408000000,10047.423877027393
1653411600000,10047.423877027393
1653415200000,10047.423877027393
1653418800000,10047.423877027393
1653422400000,10047.423877027393
1653426000000,10047.423877027393
1653429600000,10047.423877027393
1653433200000,10047.423877027393
1653436800000,10047.423877027393
1653440400000,10047.423877027393
1653444000000,10047.423877027393
1653447600000,10047.423877027393
1653451200000,10047.423877027393
1653454800000,10047.423877027393
1653458400000,10047.423877027393
1653462000000,10047.423877027393
1653465600000,10047.423877027393
1653469200000,10047.423877027393
1653472800000,10047.423877027393
1653476400000,10047.423877027393
1653480000000,10047.423877027393
1653483600000,10047.423877027393
1653487200000,10047.423877027393
1653490800000,10047.423877027393
1653494400000,10047.423877027393
1653498000000,10047.423877027393
1653501600000,10047.423877027393
1653505200000,10047.423877027393
1653508800000,10047.423877027393
1653512400000,10047.423877027393
1653516000000,10047.423877027393
1653519600000,10047.423877027393
1653523200000,10047.423877027393
1653526800000,10047.423877027393
1653530400000,10047.423877027393
1653534000000,10047.423877027393
1653537600000,10047.423877027393
1653541200000,10047.423877027393
1653544800000,10047.423877027393
1653548400000,10047.423877027393
1653552000000,10047.423877027393
1653555600000,10047.423877027393
1653559200000,10047.423877027393
1653562800000,10047.423877027393
1653566400000,10046.549517892368
1653570000000,10048.210077892369
1653573600000,10047.620517892368
1653577200000,10039.309557892368
1653580800000,10037.94950321267
1653584400000,10033.56146321267
1653588000000,10034.70590321267
1653591600000,10037.72714321267
1653595200000,10044.47342321267
1653598800000,10044.18986321267
1653602400000,10044.49178321267
1653606000000,10046.923463212672
1653609600000,10051.67854348067
1653613200000,10055.538223480671
1653616800000,10063.088263480671
1653620400000,10059.55498348067
1653624000000,10057.34566348067
1653627600000,10061.34814348067
1653631200000,10064.38162348067
1653634800000,10055.568823480671
1653638400000,10057.983632602754
1653642000000,10057.088072602755
1653645600000,10053.705752602755
1653649200000,10058.815952602754
1653652800000,10057.302272602754
1653656400000,10047.699992602755
1653660000000,10047.512312602754
1653663600000,10057.077872602755
1653667200000,10058.047763152514
1653670800000,10061.083283152515
1653674400000,10065.336683152515
1653678000000,10064.549243152514
1653681600000,10060.461083152515
1653685200000,10061.289323152514
1653688800000,10065.316283152515
1653692400000,10061.717723152515
1653696000000,10064.888424772515
1653699600000,10060.616664772515
1653703200000,10064.566104772515
1653706800000,10065.443304772516
1653710400000,10057.889184772515
1653714000000,10058.564424772516
1653717600000,10055.767584772515
1653721200000,10057.060944772515
1653724800000,10056.879898165933
1653728400000,10058.952538165933
1653732000000,10059.178978165934
1653735600000,10058.354818165933
1653739200000,10055.462098165934
1653742800000,10053.585298165934
1653746400000,10052.738698165933
1653750000000,10053.907618165933
1653753600000,10052.276881492644
1653757200000,10051.491481492645
1653760800000,10054.859521492644
1653764400000,10052.509441492644
1653768000000,10052.395201492644
1653771600000,10051.260961492644
1653775200000,10054.114921492644
1653778800000,10053.625321492644
1653782400000,10052.133912988644
1653786000000,10052.864232988644
1653789600000,10055.589672988644
1653793200000,10056.654552988644
1653796800000,10055.334672988643
1653800400000,10055.736552988645
1653804000000,10052.947872988643
1653807600000,10053.663912988644
1653811200000,10054.253768429442
1653814800000,10053.180728429441
1653818400000,10053.966128429442
1653822000000,10051.118288429441
1653825600000,10050.124808429442
1653829200000,10047.478928429442
1653832800000,10048.503008429441
1653836400000,10050.045248429442
1653840000000,10050.937315085908
1653843600000,10049.925475085909
1653847200000,10050.443635085909
1653850800000,10051.44323508591
1653854400000,10052.26331508591
1653858000000,10051.05563508591
1653861600000,10049.04215508591
1653865200000,10048.417915085909
1653868800000,10048.02167998532
1653872400000,10048.96211998532
1653876000000,10041.740172211661
1653879600000,10041.740172211661
1653883200000,10041.740172211661
1653886800000,10041.740172211661
1653890400000,10041.740172211661
1653894000000,10041.740172211661
1653897600000,10041.740172211661
1653901200000,10041.740172211661
1653904800000,10041.740172211661
1653908400000,10041.740172211661
1653912000000,10041.740172211661
1653915600000,10041.740172211661
1653919200000,10041.740172211661
1653922800000,10041.740172211661
1653926400000,10041.740172211661
1653930000000,10041.740172211661
1653933600000,10041.740172211661
1653937200000,10041.740172211661
1653940800000,10041.740172211661
1653944400000,10041.740172211661
1653948000000,10041.740172211661
1653951600000,10041.740172211661
1653955200000,10041.740172211661
1653958800000,10041.740172211661
1653962400000,10041.740172211661
1653966000000,10041.740172211661
1653969600000,10041.740172211661
1653973200000,10041.740172211661
1653976800000,10041.740172211661
1653980400000,10041.740172211661
1653984000000,10041.740172211661
1653987600000,10041.740172211661
1653991200000,10041.740172211661
1653994800000,10041.740172211661
1653998400000,10041.740172211661
1654002000000,10041.740172211661
1654005600000,10041.740172211661
1654009200000,10041.740172211661
1654012800000,10041.740172211661
1654016400000,10041.740172211661
1654020000000,10041.740172211661
1654023600000,10041.740172211661
1654027200000,10041.740172211661
1654030800000,10041.740172211661
1654034400000,10041.740172211661
1654038000000,10041.740172211661
1654041600000,10041.740172211661
1654045200000,10041.740172211661
1654048800000,10041.740172211661
1654052400000,10041.740172211661
1654056000000,10041.740172211661
1654059600000,10041.740172211661
1654063200000,10041.740172211661
1654066800000,10041.740172211661
1654070400000,10041.740172211661
1654074000000,10041.740172211661
1654077600000,10041.740172211661
1654081200000,10041.740172211661
1654084800000,10041.740172211661
1654088400000,10041.740172211661
1654092000000,10041.740172211661
1654095600000,10041.740172211661
1654099200000,10041.740172211661
1654102800000,10041.740172211661
1654106400000,10041.740172211661
1654110000000,10041.740172211661
1654113600000,10041.740172211661
1654117200000,10041.740172211661
1654120800000,10041.740172211661
1654124400000,10041.740172211661
1654128000000,10041.740172211661
1654131600000,10041.740172211661
1654135200000,10041.740172211661
1654138800000,10041.740172211661
1654142400000,10041.740172211661
1654146000000,10041.740172211661
1654149600000,10041.740172211661
1654153200000,10041.740172211661
1654156800000,10041.740172211661
1654160400000,10041.740172211661
1654164000000,10041.740172211661
1654167600000,10041.740172211661
1654171200000,10041.740172211661
1654174800000,10041.740172211661
1654178400000,10041.740172211661
1654182000000,10041.740172211661
1654185600000,10041.740172211661
1654189200000,10041.740172211661
1654192800000,10041.740172211661
1654196400000,10041.740172211661
1654200000000,10041.740172211661
1654203600000,10041.740172211661
1654207200000,10041.740172211661
1654210800000,10041.740172211661
1654214400000,10041.740172211661
1654218000000,10041.740172211661
1654221600000,10041.740172211661
1654225200000,10041.740172211661
1654228800000,10041.740172211661
1654232400000,10041.740172211661
1654236000000,10041.740172211661
1654239600000,10041.740172211661
1654243200000,10041.740172211661
1654246800000,10041.740172211661
1654250400000,10041.740172211661
1654254000000,10041.740172211661
1654257600000,10041.740172211661
1654261200000,10041.740172211661
1654264800000,10041.740172211661
1654268400000,10041.740172211661
1654272000000,10041.740172211661
1654275600000,10041.740172211661
1654279200000,10041.740172211661
1654282800000,10041.740172211661
1654286400000,10041.740172211661
1654290000000,10041.740172211661
1654293600000,10041.740172211661
1654297200000,10041.740172211661
1654300800000,10041.740172211661
1654304400000,10041.740172211661
1654308000000,10041.740172211661
1654311600000,10041.740172211661
1654315200000,10041.740172211661
1654318800000,10041.740172211661
1654322400000,10041.740172211661
1654326000000,10041.740172211661
1654329600000,10041.740172211661
1654333200000,10041.740172211661
1654336800000,10041.740172211661
1654340400000,10041.740172211661
1654344000000,10041.740172211661
1654347600000,10041.740172211661
1654351200000,10041.740172211661
1654354800000,10041.740172211661
1654358400000,10041.740172211661
1654362000000,10041.740172211661
1654365600000,10041.740172211661
1654369200000,10041.740172211661
1654372800000,10041.740172211661
1654376400000,10041.740172211661
1654380000000,10041.740172211661
1654383600000,10041.740172211661
1654387200000,10041.740172211661
1654390800000,10041.740172211661
1654394400000,10041.740172211661
1654398000000,10041.740172211661
1654401600000,10041.740172211661
1654405200000,10041.740172211661
1654408800000,10041.740172211661
1654412400000,10041.740172211661
1654416000000,10041.740172211661
1654419600000,10041.740172211661
1654423200000,10041.740172211661
1654426800000,10041.740172211661
1654430400000,10041.740172211661
1654434000000,10041.740172211661
1654437600000,10041.740172211661
1654441200000,10041.740172211661
1654444800000,10041.740172211661
1654448400000,10041.740172211661
1654452000000,10041.740172211661
1654455600000,10041.740172211661
1654459200000,10041.740172211661
1654462800000,10041.740172211661
1654466400000,10041.740172211661
1654470000000,10041.740172211661
1654473600000,10041.740172211661
1654477200000,10041.740172211661
1654480800000,10041.740172211661
1654484400000,10041.740172211661
1654488000000,10041.740172211661
1654491600000,10041.740172211661
1654495200000,10041.740172211661
1654498800000,10041.740172211661
1654502400000,10041.740172211661
1654506000000,10041.740172211661
1654509600000,10041.740172211661
1654513200000,10041.740172211661
1654516800000,10041.740172211661
1654520400000,10041.740172211661
1654524000000,10041.740172211661
1654527600000,10041.740172211661
1654531200000,10041.740172211661
1654534800000,10041.740172211661
1654538400000,10041.740172211661
1654542000000,10041.740172211661
1654545600000,10041.740172211661
1654549200000,10041.740172211661
1654552800000,10041.740172211661
1654556400000,10041.740172211661
1654560000000,10041.740172211661
1654563600000,10041.740172211661
1654567200000,10041.740172211661
1654570800000,10041.740172211661
1654574400000,10041.740172211661
1654578000000,10041.740172211661
1654581600000,10041.740172211661
1654585200000,10041.740172211661
1654588800000,10041.740172211661
1654592400000,10041.740172211661
1654596000000,10041.740172211661
1654599600000,10041.740172211661
1654603200000,10041.740172211661
1654606800000,10041.740172211661
1654610400000,10041.740172211661
1654614000000,10041.740172211661
1654617600000,10041.740172211661
1654621200000,10041.740172211661
1654624800000,10041.740172211661
1654628400000,10041.740172211661
1654632000000,10041.740172211661
1654635600000,10041.740172211661
1654639200000,10041.740172211661
1654642800000,10041.740172211661
1654646400000,10041.740172211661
1654650000000,10041.740172211661
1654653600000,10041.740172211661
1654657200000,10041.740172211661
1654660800000,10041.740172211661
1654664400000,10041.740172211661
1654668000000,10041.740172211661
1654671600000,10041.740172211661
1654675200000,10041.740172211661
1654678800000,10041.740172211661
1654682400000,10041.740172211661
1654686000000,10041.740172211661
1654689600000,10041.740172211661
1654693200000,10041.740172211661
1654696800000,10041.740172211661
1654700400000,10041.740172211661
1654704000000,10041.740172211661
1654707600000,10041.740172211661
1654711200000,10041.740172211661
1654714800000,10041.740172211661
1654718400000,10041.740172211661
1654722000000,10041.740172211661
1654725600000,10041.740172211661
1654729200000,10041.740172211661
1654732800000,10041.740172211661
1654736400000,10041.740172211661
1654740000000,10041.740172211661
1654743600000,10041.740172211661
1654747200000,10041.740172211661
1654750800000,10041.740172211661
1654754400000,10041.740172211661
1654758000000,10041.740172211661
1654761600000,10041.740172211661
1654765200000,10041.740172211661
1654768800000,10041.740172211661
1654772400000,10041.740172211661
1654776000000,10041.740172211661
1654779600000,10041.740172211661
1654783200000,10041.740172211661
1654786800000,10041.740172211661
1654790400000,10041.740172211661
1654794000000,10041.740172211661
1654797600000,10041.740172211661
1654801200000,10041.740172211661
1654804800000,10041.740172211661
1654808400000,10041.740172211661
1654812000000,10041.740172211661
1654815600000,10041.740172211661
1654819200000,10041.740172211661
1654822800000,10041.740172211661
1654826400000,10041.740172211661
1654830000000,10041.740172211661
1654833600000,10041.740172211661
1654837200000,10041.740172211661
1654840800000,10041.740172211661
1654844400000,10041.740172211661
1654848000000,10041.740172211661
1654851600000,10041.740172211661
1654855200000,10041.740172211661
1654858800000,10041.740172211661
1654862400000,10041.740172211661
1654866000000,10041.740172211661
1654869600000,10041.740172211661
1654873200000,10041.740172211661
1654876800000,10041.207662679766
1654880400000,10053.735302679766
1654884000000,10053.125342679767
1654887600000,10054.303862679766
1654891200000,10056.307622679766
1654894800000,10054.403222679766
1654898400000,10054.419782679766
1654902000000,10055.755622679766
1654905600000,10059.016761357678
1654909200000,10054.280601357677
1654912800000,10054.984401357677
1654916400000,10055.859321357677
1654920000000,10056.240201357678
1654923600000,10054.722201357677
1654927200000,10057.407681357678
1654930800000,10057.435281357677
1654934400000,10056.982639366699
1654938000000,10087.1935993667
1654941600000,10076.236399366699
1654945200000,10080.340519366699
1654948800000,10081.1712793667
1654952400000,10088.5101193667
1654956000000,10084.1217193667
1654959600000,10094.880199366698
1654963200000,10097.907659546647
1654966800000,10094.653619546647
1654970400000,10094.261699546647
1654974000000,10089.975419546647
1654977600000,10090.924859546647
1654981200000,10097.568179546646
1654984800000,10092.164099546646
1654988400000,10090.695779546646
1654992000000,10094.967640381356
1654995600000,10093.455160381356
1654999200000,10099.745200381356
1655002800000,10116.134080381356
1655006400000,10111.693869571873
1655010000000,10117.281109571872
1655013600000,10124.163189571871
1655017200000,10114.911069571874
1655020800000,10110.682249721614
1655024400000,10111.467489721614
1655028000000,10114.533009721614
1655031600000,10117.305929721615
1655035200000,10113.390689721615
1655038800000,10114.299409721614
1655042400000,10119.624889721614
1655046000000,10096.741489721613
1655049600000,10090.429229052412
1655053200000,10095.327229052413
1655056800000,10088.635309052412
1655060400000,10094.430189052411
1655064000000,10109.204709052412
1655067600000,10111.039549052413
1655071200000,10116.516349052412
1655074800000,10122.000669052413
1655078400000,10131.519101206843
1655082000000,10151.072741206845
1655085600000,10165.096981206842
1655089200000,10176.629701206843
1655092800000,10175.422381206843
1655096400000,10172.629941206844
1655100000000,10185.383621206842
1655103600000,10180.104501206843
1655107200000,10203.422444920505
1655110800000,10229.760484920504
1655114400000,10223.067604920505
1655118000000,10227.321364920506
1655121600000,10230.452964920505
1655125200000,10233.487764920505
1655128800000,10228.119124920504
1655132400000,10252.374844920505
1655136000000,10240.270189745663
1655139600000,10227.509709745662
1655143200000,10232.589149745663
1655146800000,10234.837589745663
1655150400000,10235.659429745663
1655154000000,10234.196149745661
1655157600000,10239.426069745661
1655161200000,10257.383629745662
1655164800000,10257.321120357912
1655168400000,10272.306840357913
1655172000000,10304.957360357912
1655175600000,10290.766040357914
1655179200000,10270.010280357912
1655182800000,10275.194160357913
1655186400000,10247.048080357912
1655190000000,10246.791640357913
1655193600000,10240.631298992148
1655197200000,10248.889018992148
1655200800000,10261.198578992147
1655204400000,10263.291298992148
1655208000000,10270.974098992148
1655211600000,10260.209938992148
1655215200000,10250.078378992148
1655218800000,10250.156018992147
1655222400000,10242.082115444015
1655226000000,10248.044915444016
1655229600000,10253.473635444016
1655233200000,10256.506475444014
1655236800000,10259.341035444015
1655240400000,10264.443155444014
1655244000000,10279.385355444014
1655247600000,10275.332915444016
1655251200000,10258.51837874866
1655254800000,10268.197058748661
1655258400000,10256.92845874866
1655262000000,10262.79293874866
1655265600000,10278.30421874866
1655269200000,10291.56381874866
1655272800000,10293.68401874866
1655276400000,10290.09709874866
1655280000000,10311.391820929106
1655283600000,10333.527900929106
1655287200000,10332.677300929106
1655290800000,10318.847180929106
1655294400000,10298.838500929107
1655298000000,10299.628620929107
1655301600000,10285.369780929106
1655305200000,10299.562420929105
1655308800000,10294.86308231715
1655312400000,10312.963922317149
1655316000000,10300.19648231715
1655319600000,10272.82140231715
1655323200000,10273.20612231715
1655326800000,10271.11316231715
1655330400000,10252.15256231715
1655334000000,10251.70908231715
1655337600000,10245.202952796792
1655341200000,10243.362632796792
1655344800000,10251.73027279679
1655348400000,10251.964992796791
1655352000000,10257.49863279679
1655355600000,10263.02675279679
1655359200000,10267.689152796793
1655362800000,10272.013872796791
1655366400000,10276.447010035059
1655370000000,10273.879690035059
1655373600000,10292.935850035059
1655377200000,10296.97533003506
1655380800000,10298.290850035059
1655384400000,10296.88953003506
1655388000000,10305.551490035059
1655391600000,10303.721810035058
1655395200000,10300.077293745191
1655398800000,10295.492613745191
1655402400000,10302.77965374519
1655406000000,10301.952373745191
1655409600000,10304.82925374519
1655413200000,10309.692133745191
1655416800000,10309.586213745191
1655420400000,10321.191253745192
1655424000000,10323.108071990995
1655427600000,10321.755871990996
1655431200000,10302.237111990995
1655434800000,10313.648551990995
1655438400000,10320.823711990995
1655442000000,10313.981711990997
1655445600000,10306.810031990995
1655449200000,10303.206431990997
1655452800000,10302.894388069033
1655456400000,10304.538588069034
1655460000000,10307.284268069034
1655463600000,10301.190188069033
1655467200000,10306.316348069033
1655470800000,10316.645228069034
1655474400000,10309.724228069033
1655478000000,10318.205028069033
1655481600000,10313.415232358098
1655485200000,10317.825072358099
1655488800000,10315.470952358097
1655492400000,10316.539472358098
1655496000000,10315.804672358097
1655499600000,10309.991192358098
1655503200000,10315.663272358099
1655506800000,10316.554872358098
1655510400000,10317.16036868104
1655514000000,10313.08312868104
1655517600000,10318.862088681039
1655521200000,10316.935368681041
1655524800000,10317.790128681041
1655528400000,10315.91072868104
1655532000000,10319.051008681041
1655535600000,10344.90808868104
1655539200000,10356.602598025387
1655542800000,10364.338598025386
1655546400000,10358.441118025386
1655550000000,10352.764038025387
1655553600000,10354.764238025386
1655557200000,10358.407318025387
1655560800000,10356.759638025387
1655564400000,10361.490318025386
1655568000000,10363.02437749025
1655571600000,10366.364617490251
1655575200000,10376.44069749025
1655578800000,10388.38537749025
1655582400000,10397.23973749025
1655586000000,10402.48761749025
1655589600000,10382.501417490252
1655593200000,10356.503537490249
1655596800000,10360.635889464396
1655600400000,10362.003089464397
1655604000000,10377.292769464397
1655607600000,10382.031369464397
1655611200000,10383.272489464396
1655614800000,10375.398889464397
1655618400000,10387.841649464395
1655622000000,10382.717809464397
1655625600000,10382.253254052868
1655629200000,10373.794934052868
1655632800000,10362.574174052868
1655636400000,10331.909120712551
1655640000000,10331.909120712551
1655643600000,10331.909120712551
1655647200000,10331.909120712551
1655650800000,10331.909120712551
1655654400000,10331.909120712551
1655658000000,10331.909120712551
1655661600000,10331.909120712551
1655665200000,10331.909120712551
1655668800000,10331.909120712551
1655672400000,10331.909120712551
1655676000000,10331.909120712551
1655679600000,10331.909120712551
1655683200000,10331.909120712551
1655686800000,10331.909120712551
1655690400000,10331.909120712551
1655694000000,10331.909120712551
1655697600000,10331.909120712551
1655701200000,10331.909120712551
1655704800000,10331.909120712551
1655708400000,10331.909120712551
1655712000000,10331.909120712551
1655715600000,10331.909120712551
1655719200000,10331.909120712551
1655722800000,10331.909120712551
1655726400000,10331.909120712551
1655730000000,10331.909120712551
1655733600000,10331.909120712551
1655737200000,10331.909120712551
1655740800000,10331.909120712551
1655744400000,10331.909120712551
1655748000000,10331.909120712551
1655751600000,10331.909120712551
1655755200000,10331.909120712551
1655758800000,10331.909120712551
1655762400000,10331.909120712551
1655766000000,10331.909120712551
1655769600000,10331.909120712551
1655773200000,10331.909120712551
1655776800000,10331.909120712551
1655780400000,10331.909120712551
1655784000000,10331.909120712551
1655787600000,10331.909120712551
1655791200000,10331.909120712551
1655794800000,10331.909120712551
1655798400000,10331.909120712551
1655802000000,10331.909120712551
1655805600000,10331.909120712551
1655809200000,10331.909120712551
1655812800000,10331.909120712551
1655816400000,10331.909120712551
1655820000000,10331.909120712551
1655823600000,10331.909120712551
1655827200000,10331.909120712551
1655830800000,10331.909120712551
1655834400000,10331.909120712551
1655838000000,10331.909120712551
1655841600000,10331.909120712551
1655845200000,10331.909120712551
1655848800000,10331.909120712551
1655852400000,10331.909120712551
1655856000000,10331.909120712551
1655859600000,10331.909120712551
1655863200000,10331.909120712551
1655866800000,10331.909120712551
1655870400000,10331.909120712551
1655874000000,10331.909120712551
1655877600000,10331.909120712551
1655881200000,10331.909120712551
1655884800000,10331.909120712551
1655888400000,10331.909120712551
1655892000000,10331.909120712551
1655895600000,10331.909120712551
1655899200000,10331.909120712551
1655902800000,10331.909120712551
1655906400000,10331.909120712551
1655910000000,10331.909120712551
1655913600000,10331.909120712551
1655917200000,10331.909120712551
1655920800000,10331.909120712551
1655924400000,10331.909120712551
1655928000000,10331.909120712551
1655931600000,10331.909120712551
1655935200000,10331.909120712551
1655938800000,10331.909120712551
1655942400000,10331.909120712551
1655946000000,10331.909120712551
1655949600000,10331.909120712551
1655953200000,10331.909120712551
1655956800000,10331.909120712551
1655960400000,10331.909120712551
1655964000000,10331.909120712551
1655967600000,10331.909120712551
1655971200000,10331.909120712551
1655974800000,10331.909120712551
1655978400000,10331.909120712551
1655982000000,10331.909120712551
1655985600000,10331.909120712551
1655989200000,10331.909120712551
1655992800000,10331.909120712551
1655996400000,10331.909120712551
1656000000000,10331.909120712551
1656003600000,10331.909120712551
1656007200000,10331.909120712551
1656010800000,10331.909120712551
1656014400000,10331.909120712551
1656018000000,10331.909120712551
1656021600000,10331.909120712551
1656025200000,10331.909120712551
1656028800000,10331.909120712551
1656032400000,10331.909120712551
1656036000000,10331.909120712551
1656039600000,10331.909120712551
1656043200000,10331.909120712551
1656046800000,10331.909120712551
1656050400000,10331.909120712551
1656054000000,10331.909120712551
1656057600000,10331.909120712551
1656061200000,10331.909120712551
1656064800000,10331.909120712551
1656068400000,10331.909120712551
1656072000000,10331.909120712551
1656075600000,10331.909120712551
1656079200000,10331.909120712551
1656082800000,10331.909120712551
1656086400000,10331.909120712551
1656090000000,10331.909120712551
1656093600000,10331.909120712551
1656097200000,10331.909120712551
1656100800000,10331.909120712551
1656104400000,10331.909120712551
1656108000000,10331.909120712551
1656111600000,10331.909120712551
1656115200000,10331.909120712551
1656118800000,10331.909120712551
1656122400000,10331.909120712551
1656126000000,10331.909120712551
1656129600000,10331.909120712551
1656133200000,10331.909120712551
1656136800000,10331.909120712551
1656140400000,10331.909120712551
1656144000000,10331.909120712551
1656147600000,10331.909120712551
1656151200000,10331.909120712551
1656154800000,10331.909120712551
1656158400000,10331.909120712551
1656162000000,10331.909120712551
1656165600000,10331.909120712551
1656169200000,10331.909120712551
1656172800000,10331.909120712551
1656176400000,10331.909120712551
1656180000000,10331.909120712551
1656183600000,10331.909120712551
1656187200000,10331.909120712551
1656190800000,10331.909120712551
1656194400000,10331.909120712551
1656198000000,10331.909120712551
1656201600000,10331.909120712551
1656205200000,10331.909120712551
1656208800000,10331.909120712551
1656212400000,10331.909120712551
1656216000000,10331.909120712551
1656219600000,10331.909120712551
1656223200000,10331.909120712551
1656226800000,10331.909120712551
1656230400000,10331.909120712551
1656234000000,10331.909120712551
1656237600000,10331.909120712551
1656241200000,10331.909120712551
1656244800000,10331.909120712551
1656248400000,10331.909120712551
1656252000000,10331.909120712551
1656255600000,10331.909120712551
1656259200000,10331.909120712551
1656262800000,10331.909120712551
1656266400000,10331.909120712551
1656270000000,10331.909120712551
1656273600000,10331.909120712551
1656277200000,10331.909120712551
1656280800000,10331.909120712551
1656284400000,10331.909120712551
1656288000000,10331.909120712551
1656291600000,10331.909120712551
1656295200000,10331.909120712551
1656298800000,10331.909120712551
1656302400000,10331.909120712551
1656306000000,10331.909120712551
1656309600000,10331.909120712551
1656313200000,10331.909120712551
1656316800000,10331.909120712551
1656320400000,10331.909120712551
1656324000000,10331.909120712551
1656327600000,10331.909120712551
1656331200000,10331.909120712551
1656334800000,10331.909120712551
1656338400000,10331.909120712551
1656342000000,10331.909120712551
1656345600000,10331.909120712551
1656349200000,10331.909120712551
1656352800000,10331.909120712551
1656356400000,10331.909120712551
1656360000000,10331.909120712551
1656363600000,10331.909120712551
1656367200000,10331.909120712551
1656370800000,10331.909120712551
1656374400000,10331.909120712551
1656378000000,10331.909120712551
1656381600000,10331.909120712551
1656385200000,10331.909120712551
1656388800000,10331.909120712551
1656392400000,10331.909120712551
1656396000000,10331.909120712551
1656399600000,10331.909120712551
1656403200000,10331.909120712551
1656406800000,10331.909120712551
1656410400000,10331.909120712551
1656414000000,10331.909120712551
1656417600000,10331.909120712551
1656421200000,10331.909120712551
1656424800000,10331.909120712551
1656428400000,10331.909120712551
1656432000000,10331.909120712551
1656435600000,10331.909120712551
1656439200000,10331.909120712551
1656442800000,10331.909120712551
1656446400000,10331.909120712551
1656450000000,10331.909120712551
1656453600000,10331.909120712551
1656457200000,10331.909120712551
1656460800000,10331.909120712551
1656464400000,10331.909120712551
1656468000000,10331.909120712551
1656471600000,10331.909120712551
1656475200000,10331.909120712551
1656478800000,10331.909120712551
1656482400000,10331.909120712551
1656486000000,10331.909120712551
1656489600000,10331.909120712551
1656493200000,10331.909120712551
1656496800000,10331.909120712551
1656500400000,10331.909120712551
1656504000000,10331.909120712551
1656507600000,10331.909120712551
1656511200000,10331.909120712551
1656514800000,10331.909120712551
1656518400000,10331.909120712551
1656522000000,10331.909120712551
1656525600000,10331.909120712551
1656529200000,10331.909120712551
1656532800000,10331.909120712551
1656536400000,10331.909120712551
1656540000000,10331.909120712551
1656543600000,10331.909120712551
1656547200000,10331.909120712551
1656550800000,10331.909120712551
1656554400000,10331.909120712551
1656558000000,10331.909120712551
1656561600000,10331.909120712551
1656565200000,10331.909120712551
1656568800000,10331.909120712551
1656572400000,10331.909120712551
1656576000000,10331.909120712551
1656579600000,10331.909120712551
1656583200000,10331.909120712551
1656586800000,10331.909120712551
1656590400000,10331.909120712551
1656594000000,10331.909120712551
1656597600000,10331.909120712551
1656601200000,10331.909120712551
1656604800000,10331.909120712551
1656608400000,10331.909120712551
1656612000000,10331.909120712551
1656615600000,10331.909120712551
1656619200000,10331.909120712551
1656622800000,10331.909120712551
1656626400000,10331.909120712551
1656630000000,10331.909120712551
1656633600000,10331.909120712551
1656637200000,10331.909120712551
1656640800000,10331.909120712551
1656644400000,10331.909120712551
1656648000000,10331.909120712551
1656651600000,10331.909120712551
1656655200000,10331.909120712551
1656658800000,10331.909120712551
1656662400000,10331.909120712551
1656666000000,10331.909120712551
1656669600000,10331.909120712551
1656673200000,10331.909120712551
1656676800000,10331.909120712551
1656680400000,10331.909120712551
1656684000000,10331.909120712551
1656687600000,10331.909120712551
1656691200000,10331.909120712551
1656694800000,10331.909120712551
1656698400000,10331.909120712551
1656702000000,10331.909120712551
1656705600000,10331.909120712551
1656709200000,10331.909120712551
1656712800000,10331.909120712551
1656716400000,10331.909120712551
1656720000000,10331.909120712551
1656723600000,10331.909120712551
1656727200000,10331.909120712551
1656730800000,10331.909120712551
1656734400000,10331.909120712551
1656738000000,10331.909120712551
1656741600000,10331.909120712551
1656745200000,10331.909120712551
1656748800000,10331.909120712551
1656752400000,10331.909120712551
1656756000000,10331.909120712551
1656759600000,10331.909120712551
1656763200000,10331.909120712551
1656766800000,10331.909120712551
1656770400000,10331.909120712551
1656774000000,10331.909120712551
1656777600000,10331.909120712551
1656781200000,10331.909120712551
1656784800000,10331.909120712551
1656788400000,10331.909120712551
1656792000000,10331.909120712551
1656795600000,10331.909120712551
1656799200000,10331.909120712551
1656802800000,10331.909120712551
1656806400000,10331.909120712551
1656810000000,10331.909120712551
1656813600000,10331.909120712551
1656817200000,10331.909120712551
1656820800000,10331.909120712551
1656824400000,10331.909120712551
1656828000000,10331.909120712551
1656831600000,10331.909120712551
1656835200000,10331.909120712551
1656838800000,10331.909120712551
1656842400000,10331.909120712551
1656846000000,10331.909120712551
1656849600000,10331.909120712551
1656853200000,10331.909120712551
1656856800000,10331.909120712551
1656860400000,10331.909120712551
1656864000000,10331.909120712551
1656867600000,10331.909120712551
1656871200000,10331.909120712551
1656874800000,10331.909120712551
1656878400000,10331.909120712551
1656882000000,10331.909120712551
1656885600000,10331.909120712551
1656889200000,10331.909120712551
1656892800000,10331.909120712551
1656896400000,10331.909120712551
1656900000000,10331.909120712551
1656903600000,10331.909120712551
1656907200000,10331.909120712551
1656910800000,10331.909120712551
1656914400000,10331.909120712551
1656918000000,10331.909120712551
1656921600000,10331.909120712551
1656925200000,10331.909120712551
1656928800000,10331.909120712551
1656932400000,10331.909120712551
1656936000000,10331.909120712551
1656939600000,10331.909120712551
1656943200000,10331.909120712551
1656946800000,10331.909120712551
1656950400000,10331.909120712551
1656954000000,10331.909120712551
1656957600000,10331.909120712551
1656961200000,10331.909120712551
1656964800000,10331.909120712551
1656968400000,10331.909120712551
1656972000000,10331.909120712551
1656975600000,10331.909120712551
1656979200000,10331.909120712551
1656982800000,10331.909120712551
1656986400000,10331.909120712551
1656990000000,10331.909120712551
1656993600000,10331.909120712551
1656997200000,10331.909120712551
1657000800000,10331.909120712551
1657004400000,10331.909120712551
1657008000000,10331.909120712551
1657011600000,10331.909120712551
1657015200000,10331.909120712551
1657018800000,10331.909120712551
1657022400000,10331.909120712551
1657026000000,10331.909120712551
1657029600000,10331.909120712551
1657033200000,10331.909120712551
1657036800000,10331.909120712551
1657040400000,10331.909120712551
1657044000000,10331.909120712551
1657047600000,10331.909120712551
1657051200000,10331.909120712551
1657054800000,10331.909120712551
1657058400000,10331.909120712551
1657062000000,10331.909120712551
1657065600000,10331.909120712551
1657069200000,10331.909120712551
1657072800000,10331.909120712551
1657076400000,10331.909120712551
1657080000000,10331.909120712551
1657083600000,10331.909120712551
1657087200000,10331.909120712551
1657090800000,10331.909120712551
1657094400000,10331.909120712551
1657098000000,10331.909120712551
1657101600000,10331.909120712551
1657105200000,10331.909120712551
1657108800000,10331.909120712551
1657112400000,10331.909120712551
1657116000000,10331.909120712551
1657119600000,10331.909120712551
1657123200000,10331.909120712551
1657126800000,10331.909120712551
1657130400000,10331.909120712551
1657134000000,10331.909120712551
1657137600000,10331.909120712551
1657141200000,10331.909120712551
1657144800000,10331.909120712551
1657148400000,10331.909120712551
1657152000000,10331.909120712551
1657155600000,10331.909120712551
1657159200000,10331.909120712551
1657162800000,10331.909120712551
1657166400000,10331.909120712551
1657170000000,10331.909120712551
1657173600000,10331.909120712551
1657177200000,10331.909120712551
1657180800000,10331.909120712551
1657184400000,10331.909120712551
1657188000000,10331.909120712551
1657191600000,10331.909120712551
1657195200000,10331.909120712551
1657198800000,10331.909120712551
1657202400000,10331.909120712551
1657206000000,10331.909120712551
1657209600000,10331.909120712551
1657213200000,10331.909120712551
1657216800000,10331.909120712551
1657220400000,10331.909120712551
1657224000000,10331.909120712551
1657227600000,10331.909120712551
1657231200000,10331.909120712551
1657234800000,10331.909120712551
1657238400000,10331.909120712551
1657242000000,10331.909120712551
1657245600000,10331.909120712551
1657249200000,10331.909120712551
1657252800000,10331.909120712551
1657256400000,10331.909120712551
1657260000000,10331.909120712551
1657263600000,10331.909120712551
1657267200000,10331.909120712551
1657270800000,10331.909120712551
1657274400000,10331.909120712551
1657278000000,10331.909120712551
1657281600000,10331.909120712551
1657285200000,10331.909120712551
1657288800000,10331.909120712551
1657292400000,10331.909120712551
1657296000000,10331.909120712551
1657299600000,10331.909120712551
1657303200000,10331.909120712551
1657306800000,10331.909120712551
1657310400000,10331.909120712551
1657314000000,10331.909120712551
1657317600000,10331.909120712551
1657321200000,10331.909120712551
1657324800000,10331.909120712551
1657328400000,10331.909120712551
1657332000000,10331.909120712551
1657335600000,10331.909120712551
1657339200000,10331.909120712551
1657342800000,10331.909120712551
1657346400000,10331.909120712551
1657350000000,10331.909120712551
1657353600000,10331.909120712551
1657357200000,10331.909120712551
1657360800000,10331.909120712551
1657364400000,10331.909120712551
1657368000000,10331.909120712551
1657371600000,10331.909120712551
1657375200000,10331.909120712551
1657378800000,10331.909120712551
1657382400000,10331.909120712551
1657386000000,10331.909120712551
1657389600000,10331.909120712551
1657393200000,10331.909120712551
1657396800000,10331.909120712551
1657400400000,10331.909120712551
1657404000000,10331.909120712551
1657407600000,10331.909120712551
1657411200000,10331.909120712551
1657414800000,10331.909120712551
1657418400000,10331.909120712551
1657422000000,10331.909120712551
1657425600000,10331.909120712551
1657429200000,10331.909120712551
1657432800000,10331.909120712551
1657436400000,10331.909120712551
1657440000000,10331.909120712551
1657443600000,10331.909120712551
1657447200000,10331.909120712551
1657450800000,10331.909120712551
1657454400000,10331.909120712551
1657458000000,10331.909120712551
1657461600000,10331.909120712551
1657465200000,10331.909120712551
1657468800000,10331.909120712551
1657472400000,10331.909120712551
1657476000000,10331.909120712551
1657479600000,10331.909120712551
1657483200000,10331.909120712551
1657486800000,10331.909120712551
1657490400000,10331.909120712551
1657494000000,10331.909120712551
1657497600000,10331.909120712551
1657501200000,10331.909120712551
1657504800000,10331.909120712551
1657508400000,10331.909120712551
1657512000000,10331.909120712551
1657515600000,10331.909120712551
1657519200000,10331.909120712551
1657522800000,10331.909120712551
1657526400000,10331.909120712551
1657530000000,10331.909120712551
1657533600000,10331.909120712551
1657537200000,10331.909120712551
1657540800000,10331.909120712551
1657544400000,10331.909120712551
1657548000000,10331.909120712551
1657551600000,10331.909120712551
1657555200000,10331.909120712551
1657558800000,10331.909120712551
1657562400000,10331.909120712551
1657566000000,10331.909120712551
1657569600000,10331.909120712551
1657573200000,10331.909120712551
1657576800000,10331.909120712551
1657580400000,10331.909120712551
1657584000000,10331.909120712551
1657587600000,10331.909120712551
1657591200000,10331.909120712551
1657594800000,10331.909120712551
1657598400000,10331.909120712551
1657602000000,10331.909120712551
1657605600000,10331.909120712551
1657609200000,10331.909120712551
1657612800000,10331.909120712551
1657616400000,10331.909120712551
1657620000000,10331.909120712551
1657623600000,10331.909120712551
1657627200000,10331.909120712551
1657630800000,10331.909120712551
1657634400000,10331.909120712551
1657638000000,10331.909120712551
1657641600000,10331.909120712551
1657645200000,10331.909120712551
1657648800000,10331.909120712551
1657652400000,10331.909120712551
1657656000000,10331.909120712551
1657659600000,10331.909120712551
1657663200000,10331.909120712551
1657666800000,10331.909120712551
1657670400000,10331.909120712551
1657674000000,10331.909120712551
1657677600000,10331.909120712551
1657681200000,10331.909120712551
1657684800000,10331.909120712551
1657688400000,10331.909120712551
1657692000000,10331.909120712551
1657695600000,10331.909120712551
1657699200000,10331.909120712551
1657702800000,10331.909120712551
1657706400000,10331.909120712551
1657710000000,10331.909120712551
1657713600000,10331.909120712551
1657717200000,10331.909120712551
1657720800000,10331.909120712551
1657724400000,10331.909120712551
1657728000000,10331.909120712551
1657731600000,10331.909120712551
1657735200000,10331.909120712551
1657738800000,10331.909120712551
1657742400000,10331.909120712551
1657746000000,10331.909120712551
1657749600000,10331.909120712551
1657753200000,10331.909120712551
1657756800000,10331.909120712551
1657760400000,10331.909120712551
1657764000000,10331.909120712551
1657767600000,10331.909120712551
1657771200000,10331.909120712551
1657774800000,10331.909120712551
1657778400000,10331.909120712551
1657782000000,10331.909120712551
1657785600000,10331.909120712551
1657789200000,10331.909120712551
1657792800000,10331.909120712551
1657796400000,10331.909120712551
1657800000000,10331.909120712551
1657803600000,10331.909120712551
1657807200000,10331.909120712551
1657810800000,10331.909120712551
1657814400000,10331.909120712551
1657818000000,10331.909120712551
1657821600000,10331.909120712551
1657825200000,10331.909120712551
1657828800000,10331.909120712551
1657832400000,10331.909120712551
1657836000000,10331.909120712551
1657839600000,10331.909120712551
1657843200000,10331.909120712551
1657846800000,10331.909120712551
1657850400000,10331.909120712551
1657854000000,10331.909120712551
1657857600000,10331.909120712551
1657861200000,10331.909120712551
1657864800000,10331.909120712551
1657868400000,10331.909120712551
1657872000000,10331.909120712551
1657875600000,10331.909120712551
1657879200000,10331.909120712551
1657882800000,10331.909120712551
1657886400000,10331.909120712551
1657890000000,10331.909120712551
1657893600000,10331.909120712551
1657897200000,10331.909120712551
1657900800000,10331.909120712551
1657904400000,10331.909120712551
1657908000000,10331.909120712551
1657911600000,10331.909120712551
1657915200000,10331.909120712551
1657918800000,10331.909120712551
1657922400000,10331.909120712551
1657926000000,10331.909120712551
1657929600000,10331.909120712551
1657933200000,10331.909120712551
1657936800000,10331.909120712551
1657940400000,10331.909120712551
1657944000000,10331.909120712551
1657947600000,10331.909120712551
1657951200000,10331.909120712551
1657954800000,10331.909120712551
1657958400000,10331.909120712551
1657962000000,10331.909120712551
1657965600000,10331.909120712551
1657969200000,10331.909120712551
1657972800000,10331.909120712551
1657976400000,10331.909120712551
1657980000000,10331.909120712551
1657983600000,10331.909120712551
1657987200000,10331.909120712551
1657990800000,10331.909120712551
1657994400000,10331.909120712551
1657998000000,10331.909120712551
1658001600000,10331.909120712551
1658005200000,10331.909120712551
1658008800000,10331.909120712551
1658012400000,10331.909120712551
1658016000000,10331.909120712551
1658019600000,10331.909120712551
1658023200000,10331.909120712551
1658026800000,10331.909120712551
1658030400000,10331.909120712551
1658034000000,10331.909120712551
1658037600000,10331.909120712551
1658041200000,10331.909120712551
1658044800000,10331.909120712551
1658048400000,10331.909120712551
1658052000000,10331.909120712551
1658055600000,10331.909120712551
1658059200000,10331.909120712551
1658062800000,10331.909120712551
1658066400000,10331.909120712551
1658070000000,10331.909120712551
1658073600000,10331.909120712551
1658077200000,10331.909120712551
1658080800000,10331.909120712551
1658084400000,10331.909120712551
1658088000000,10331.909120712551
1658091600000,10331.909120712551
1658095200000,10331.909120712551
1658098800000,10331.909120712551
1658102400000,10331.909120712551
1658106000000,10331.909120712551
1658109600000,10331.909120712551
1658113200000,10331.909120712551
1658116800000,10331.909120712551
1658120400000,10331.909120712551
1658124000000,10331.909120712551
1658127600000,10331.909120712551
1658131200000,10331.909120712551
1658134800000,10331.909120712551
1658138400000,10331.909120712551
1658142000000,10331.909120712551
1658145600000,10331.909120712551
1658149200000,10331.909120712551
1658152800000,10331.909120712551
1658156400000,10331.909120712551
1658160000000,10331.909120712551
1658163600000,10331.909120712551
1658167200000,10331.909120712551
1658170800000,10331.909120712551
1658174400000,10331.909120712551
1658178000000,10331.909120712551
1658181600000,10331.909120712551
1658185200000,10331.909120712551
1658188800000,10331.909120712551
1658192400000,10331.909120712551
1658196000000,10331.909120712551
1658199600000,10331.909120712551
1658203200000,10331.909120712551
1658206800000,10331.909120712551
1658210400000,10331.909120712551
1658214000000,10331.909120712551
1658217600000,10331.909120712551
1658221200000,10331.909120712551
1658224800000,10331.909120712551
1658228400000,10331.909120712551
1658232000000,10331.909120712551
1658235600000,10331.909120712551
1658239200000,10331.909120712551
1658242800000,10331.909120712551
1658246400000,10331.909120712551
1658250000000,10331.909120712551
1658253600000,10331.909120712551
1658257200000,10331.909120712551
1658260800000,10331.909120712551
1658264400000,10331.909120712551
1658268000000,10331.909120712551
1658271600000,10331.909120712551
1658275200000,10331.909120712551
1658278800000,10331.909120712551
1658282400000,10331.909120712551
1658286000000,10331.909120712551
1658289600000,10331.909120712551
1658293200000,10331.909120712551
1658296800000,10331.909120712551
1658300400000,10331.909120712551
1658304000000,10331.909120712551
1658307600000,10331.909120712551
1658311200000,10331.909120712551
1658314800000,10331.909120712551
1658318400000,10331.909120712551
1658322000000,10331.909120712551
1658325600000,10331.909120712551
1658329200000,10331.909120712551
1658332800000,10331.909120712551
1658336400000,10331.909120712551
1658340000000,10331.909120712551
1658343600000,10331.909120712551
1658347200000,10331.909120712551
1658350800000,10331.909120712551
1658354400000,10331.909120712551
1658358000000,10331.909120712551
1658361600000,10331.909120712551
1658365200000,10331.909120712551
1658368800000,10331.909120712551
1658372400000,10331.909120712551
1658376000000,10331.909120712551
1658379600000,10331.909120712551
1658383200000,10331.909120712551
1658386800000,10331.909120712551
1658390400000,10331.909120712551
1658394000000,10331.909120712551
1658397600000,10331.909120712551
1658401200000,10331.909120712551
1658404800000,10331.909120712551
1658408400000,10331.909120712551
1658412000000,10331.909120712551
1658415600000,10331.909120712551
1658419200000,10331.909120712551
1658422800000,10331.909120712551
1658426400000,10331.909120712551
1658430000000,10331.909120712551
1658433600000,10331.29915479419
1658437200000,10332.77744479419
1658440800000,10332.86200479419
1658444400000,10331.35200479419
1658448000000,10330.911455750145
1658451600000,10332.903145750146
1658455200000,10331.112285750145
1658458800000,10329.389375750145
1658462400000,10329.049625750145
1658466000000,10330.071895750145
1658469600000,10333.454295750145
1658473200000,10334.096045750146
1658476800000,10335.492777273803
1658480400000,10339.699637273803
1658484000000,10339.429347273803
1658487600000,10338.487107273804
1658491200000,10340.531647273803
1658494800000,10338.535427273804
1658498400000,10334.464467273803
1658502000000,10336.406327273804
1658505600000,10330.327569580326
1658509200000,10331.864749580327
1658512800000,10329.734139580327
1658516400000,10330.605409580327
1658520000000,10323.517469580327
1658523600000,10323.306069580327
1658527200000,10324.807009580327
1658530800000,10325.702439580327
1658534400000,10325.06765991899
1658538000000,10326.21374991899
1658541600000,10327.204309918989
1658545200000,10329.600679918989
1658548800000,10330.376819918989
1658552400000,10332.82905991899
1658556000000,10332.01969991899
1658559600000,10332.07254991899
1658563200000,10331.478637118083
1658566800000,10326.942597118083
1658570400000,10328.600577118083
1658574000000,10325.624367118084
1658577600000,10323.285377118083
1658581200000,10320.703735260267
1658584800000,10320.703735260267
1658588400000,10320.703735260267
1658592000000,10320.703735260267
1658595600000,10320.703735260267
1658599200000,10320.703735260267
1658602800000,10320.703735260267
1658606400000,10320.703735260267
1658610000000,10320.703735260267
1658613600000,10320.703735260267
1658617200000,10320.703735260267
1658620800000,10320.703735260267
1658624400000,10320.703735260267
1658628000000,10320.703735260267
1658631600000,10320.703735260267
1658635200000,10320.377084110909
1658638800000,10321.378384110909
1658642400000,10328.21078411091
1658646000000,10326.74968411091
1658649600000,10327.738263433313
1658653200000,10326.712263433314
1658656800000,10325.684363433315
1658660400000,10323.839463433314
1658664000000,10326.968763433313
1658667600000,10323.349263433314
1658671200000,10324.808463433314
1658674800000,10328.236063433314
1658678400000,10329.797979384823
1658682000000,10327.352679384823
1658685600000,10328.578179384824
1658689200000,10327.244379384823
1658692800000,10327.099979384822
1658696400000,10327.713679384824
1658700000000,10329.136779384824
1658703600000,10326.191779384822
1658707200000,10324.946194012786
1658710800000,10319.455194012786
1658714400000,10317.539994012786
1658718000000,10312.710194012787
1658721600000,10311.199694012786
1658725200000,10308.727662463278
1658728800000,10308.727662463278
1658732400000,10308.727662463278
1658736000000,10308.727662463278
1658739600000,10308.727662463278
1658743200000,10308.727662463278
1658746800000,10308.727662463278
1658750400000,10308.727662463278
1658754000000,10308.727662463278
1658757600000,10308.727662463278
1658761200000,10308.727662463278
1658764800000,10308.727662463278
1658768400000,10308.727662463278
1658772000000,10308.727662463278
1658775600000,10308.727662463278
1658779200000,10308.727662463278
1658782800000,10308.727662463278
1658786400000,10308.727662463278
1658790000000,10308.727662463278
1658793600000,10308.727662463278
1658797200000,10308.727662463278
1658800800000,10308.727662463278
1658804400000,10308.727662463278
1658808000000,10308.727662463278
1658811600000,10308.727662463278
1658815200000,10308.727662463278
1658818800000,10308.727662463278
1658822400000,10308.727662463278
1658826000000,10308.727662463278
1658829600000,10308.727662463278
1658833200000,10308.727662463278
1658836800000,10308.727662463278
1658840400000,10308.727662463278
1658844000000,10308.727662463278
1658847600000,10308.727662463278
1658851200000,10308.176932289838
1658854800000,10304.324732289839
1658858400000,10304.542532289837
1658862000000,10304.973732289838
1658865600000,10304.518332289837
1658869200000,10303.033332289839
1658872800000,10304.175132289838
1658876400000,10300.118332289838
1658880000000,10296.54301677224
1658883600000,10295.27141677224
1658887200000,10294.10321677224
1658890800000,10294.56081677224
1658894400000,10291.758600647072
1658898000000,10291.758600647072
1658901600000,10291.758600647072
1658905200000,10291.758600647072
1658908800000,10291.758600647072
1658912400000,10291.758600647072
1658916000000,10291.758600647072
1658919600000,10291.758600647072
1658923200000,10291.758600647072
1658926800000,10291.758600647072
1658930400000,10291.758600647072
1658934000000,10291.758600647072
1658937600000,10291.124645044269
1658941200000,10290.690245044269
1658944800000,10296.894245044268
1658948400000,10316.727845044268
1658952000000,10320.872645044268
1658955600000,10321.455845044267
1658959200000,10319.281445044267
1658962800000,10323.205445044268
1658966400000,10325.991428102972
1658970000000,10321.623428102972
1658973600000,10320.879428102973
1658977200000,10334.050628102972
1658980800000,10329.91267191987
1658984400000,10325.72803191987
1658988000000,10332.93583191987
1658991600000,10327.87903191987
1658995200000,10319.984130422097
1658998800000,10321.796850422099
1659002400000,10321.547010422097
1659006000000,10321.346250422097
1659009600000,10327.439010422098
1659013200000,10325.480970422097
1659016800000,10318.644690422097
1659020400000,10330.026570422098
1659024000000,10355.049027261104
1659027600000,10356.047307261106
1659031200000,10364.623707261104
1659034800000,10356.979467261104
1659038400000,10357.117707261104
1659042000000,10368.487947261105
1659045600000,10362.904707261105
1659049200000,10364.148987261106
1659052800000,10358.990058433204
1659056400000,10358.998338433204
1659060000000,10357.243938433205
1659063600000,10354.666578433204
1659067200000,10360.104378433203
1659070800000,10364.275578433204
1659074400000,10362.347418433204
1659078000000,10359.888138433203
1659081600000,10358.983963129203
1659085200000,10358.961043129204
1659088800000,10364.305843129203
1659092400000,10361.041003129203
1659096000000,10348.734043129203
1659099600000,10340.919523129201
1659103200000,10351.947883129202
1659106800000,10361.376763129201
1659110400000,10361.302992478457
1659114000000,10350.943392478457
1659117600000,10350.716952478457
1659121200000,10360.191552478456
1659124800000,10359.436752478457
1659128400000,10361.733912478458
1659132000000,10355.835432478458
1659135600000,10362.763272478458
1659139200000,10357.219360372043
1659142800000,10360.746400372043
1659146400000,10358.793640372043
1659150000000,10356.426520372042
1659153600000,10354.567600372044
1659157200000,10352.359120372043
1659160800000,10353.704800372043
1659164400000,10356.042880372042
1659168000000,10357.314123519598
1659171600000,10357.218843519599
1659175200000,10355.529723519598
1659178800000,10350.688083519597
1659182400000,10357.154523519599
1659186000000,10369.385043519598
1659189600000,10372.7750435196
1659193200000,10369.031643519598
1659196800000,10375.70239987088
1659200400000,10376.138839870879
1659204000000,10373.639239870878
1659207600000,10373.73079987088
1659211200000,10354.03387987088
1659214800000,10357.357759870878
1659218400000,10346.73115987088
1659222000000,10350.118399870878
1659225600000,10348.174604789492
1659229200000,10352.586404789494
1659232800000,10351.022924789493
1659236400000,10351.272164789492
1659240000000,10350.638204789493
1659243600000,10352.883044789492
1659247200000,10349.526524789493
1659250800000,10352.493884789494
1659254400000,10349.069118903062
1659258000000,10346.484798903062
1659261600000,10351.452318903062
1659265200000,10355.688798903062
1659268800000,10355.221998903062
1659272400000,10355.957478903063
1659276000000,10351.829598903061
1659279600000,10352.005038903062
1659283200000,10354.268059473618
1659286800000,10353.10741947362
1659290400000,10352.234539473618
1659294000000,10342.021292273483
1659297600000,10343.935412273482
1659301200000,10344.205292273482
1659304800000,10341.584492273483
1659308400000,10338.090092273484
1659312000000,10337.276580197846
1659315600000,10338.958260197845
1659319200000,10340.424660197845
1659322800000,10340.107980197845
1659326400000,10339.944180197845
1659330000000,10340.198460197846
1659333600000,10339.591620197845
1659337200000,10338.615060197844
1659340800000,10339.966135056708
1659344400000,10338.349975056708
1659348000000,10338.925615056707
1659351600000,10334.220655056708
1659355200000,10335.928855056707
1659358800000,10333.941415056708
1659362400000,10330.622527042626
1659366000000,10330.622527042626
1659369600000,10330.622527042626
1659373200000,10330.622527042626
1659376800000,10330.622527042626
1659380400000,10330.622527042626
1659384000000,10330.622527042626
1659387600000,10330.622527042626
1659391200000,10330.622527042626
1659394800000,10330.622527042626
1659398400000,10330.622527042626
1659402000000,10330.622527042626
1659405600000,10330.622527042626
1659409200000,10330.622527042626
1659412800000,10330.622527042626
1659416400000,10330.622527042626
1659420000000,10330.622527042626
1659423600000,10330.622527042626
1659427200000,10330.622527042626
1659430800000,10330.622527042626
1659434400000,10330.622527042626
1659438000000,10330.622527042626
1659441600000,10330.622527042626
1659445200000,10330.622527042626
1659448800000,10330.622527042626
1659452400000,10330.622527042626
1659456000000,10330.622527042626
1659459600000,10330.622527042626
1659463200000,10330.622527042626
1659466800000,10330.622527042626
1659470400000,10330.622527042626
1659474000000,10330.622527042626
1659477600000,10330.622527042626
1659481200000,10330.622527042626
1659484800000,10330.622527042626
1659488400000,10330.622527042626
1659492000000,10330.622527042626
1659495600000,10330.622527042626
1659499200000,10330.622527042626
1659502800000,10330.622527042626
1659506400000,10330.622527042626
1659510000000,10330.622527042626
1659513600000,10330.622527042626
1659517200000,10330.622527042626
1659520800000,10330.622527042626
1659524400000,10330.622527042626
1659528000000,10330.622527042626
1659531600000,10330.622527042626
1659535200000,10330.622527042626
1659538800000,10330.622527042626
1659542400000,10330.622527042626
1659546000000,10330.622527042626
1659549600000,10330.622527042626
1659553200000,10330.622527042626
1659556800000,10330.622527042626
1659560400000,10330.622527042626
1659564000000,10330.622527042626
1659567600000,10330.622527042626
1659571200000,10330.622527042626
1659574800000,10330.622527042626
1659578400000,10330.622527042626
1659582000000,10330.622527042626
1659585600000,10330.622527042626
1659589200000,10330.622527042626
1659592800000,10330.622527042626
1659596400000,10330.622527042626
1659600000000,10330.622527042626
1659603600000,10330.622527042626
1659607200000,10330.622527042626
1659610800000,10330.622527042626
1659614400000,10330.622527042626
1659618000000,10330.622527042626
1659621600000,10330.622527042626
1659625200000,10330.622527042626
1659628800000,10330.622527042626
1659632400000,10330.622527042626
1659636000000,10330.622527042626
1659639600000,10330.622527042626
1659643200000,10330.622527042626
1659646800000,10330.622527042626
1659650400000,10330.622527042626
1659654000000,10330.622527042626
1659657600000,10330.622527042626
1659661200000,10330.622527042626
1659664800000,10330.622527042626
1659668400000,10330.622527042626
1659672000000,10330.622527042626
1659675600000,10330.622527042626
1659679200000,10330.622527042626
1659682800000,10330.622527042626
1659686400000,10330.622527042626
1659690000000,10330.622527042626
1659693600000,10330.622527042626
1659697200000,10330.622527042626
1659700800000,10330.622527042626
1659704400000,10330.622527042626
1659708000000,10330.622527042626
1659711600000,10330.622527042626
1659715200000,10330.622527042626
1659718800000,10330.622527042626
1659722400000,10330.622527042626
1659726000000,10330.622527042626
1659729600000,10330.622527042626
1659733200000,10330.622527042626
1659736800000,10330.622527042626
1659740400000,10330.622527042626
1659744000000,10329.640172198435
1659747600000,10330.229852198436
1659751200000,10329.063452198436
1659754800000,10331.232092198436
1659758400000,10329.681212198435
1659762000000,10329.197372198434
1659765600000,10327.141052198434
1659769200000,10327.270652198435
1659772800000,10327.054207907415
1659776400000,10323.833647907415
1659780000000,10324.902847907415
1659783600000,10325.736607907415
1659787200000,10324.831567907415
1659790800000,10324.606927907415
1659794400000,10324.485967907416
1659798000000,10325.762527907415
1659801600000,10325.146601747416
1659805200000,10322.364521747415
1659808800000,10323.150761747416
1659812400000,10325.515961747416
1659816000000,10325.615321747417
1659819600000,10325.438201747416
1659823200000,10325.386361747416
1659826800000,10324.563401747415
1659830400000,10319.831061203417
1659834000000,10315.212981203416
1659837600000,10316.815701203415
1659841200000,10318.604181203416
1659844800000,10318.431381203416
1659848400000,10316.569461203417
1659852000000,10317.921621203415
1659855600000,10318.377381203416
1659859200000,10318.793912979838
1659862800000,10317.480632979838
1659866400000,10318.355432979837
1659870000000,10318.595192979838
1659873600000,10320.796232979837
1659877200000,10324.416392979838
1659880800000,10323.945512979837
1659884400000,10322.908712979837
1659888000000,10322.030118961135
1659891600000,10323.572358961133
1659895200000,10324.635078961133
1659898800000,10323.427638961133
1659902400000,10323.550758961133
1659906000000,10326.341478961134
1659909600000,10325.529318961135
1659913200000,10322.794758961134
1659916800000,10321.80604053868
1659920400000,10323.44332053868
1659924000000,10321.84276053868
1659927600000,10325.45428053868
1659931200000,10324.06756053868
1659934800000,10324.68748053868
1659938400000,10327.25788053868
1659942000000,10329.51940053868
1659945600000,10329.152504212972
1659949200000,10338.310904212973
1659952800000,10336.997624212972
1659956400000,10337.608904212973
1659960000000,10340.857544212973
1659963600000,10344.760664212974
1659967200000,10343.812424212972
1659970800000,10342.594184212972
1659974400000,10338.544722958566
1659978000000,10335.995922958566
1659981600000,10336.881522958565
1659985200000,10337.749842958567
1659988800000,10339.929282958567
1659992400000,10342.309602958567
1659996000000,10337.043522958566
1659999600000,10339.348242958566
1660003200000,10338.694519815715
1660006800000,10337.072359815715
1660010400000,10335.903799815715
1660014000000,10337.709559815716
1660017600000,10338.893239815716
1660021200000,10338.908359815716
1660024800000,10338.091879815714
1660028400000,10338.759319815716
1660032000000,10339.412874486796
1660035600000,10336.823034486797
1660039200000,10330.593594486796
1660042800000,10324.100930992327
1660046400000,10324.100930992327
1660050000000,10324.100930992327
1660053600000,10324.100930992327
1660057200000,10324.100930992327
1660060800000,10324.100930992327
1660064400000,10324.100930992327
1660068000000,10324.100930992327
1660071600000,10324.100930992327
1660075200000,10324.100930992327
1660078800000,10324.100930992327
1660082400000,10324.100930992327
1660086000000,10324.100930992327
1660089600000,10324.100930992327
1660093200000,10324.100930992327
1660096800000,10324.100930992327
1660100400000,10324.100930992327
1660104000000,10324.100930992327
1660107600000,10324.100930992327
1660111200000,10324.100930992327
1660114800000,10324.100930992327
1660118400000,10324.100930992327
1660122000000,10324.100930992327
1660125600000,10324.100930992327
1660129200000,10324.100930992327
1660132800000,10324.100930992327
1660136400000,10324.100930992327
1660140000000,10324.100930992327
1660143600000,10324.100930992327
1660147200000,10323.845752522053
1660150800000,10322.371752522053
1660154400000,10323.019752522054
1660158000000,10318.651752522053
1660161600000,10320.351752522052
1660165200000,10323.341752522054
1660168800000,10328.999752522053
1660172400000,10326.371752522053
1660176000000,10326.88868196685
1660179600000,10331.81268196685
1660183200000,10337.30268196685
1660186800000,10332.30668196685
1660190400000,10332.53068196685
1660194000000,10334.22068196685
1660197600000,10334.56068196685
1660201200000,10333.81868196685
1660204800000,10331.472185339542
1660208400000,10333.990185339542
1660212000000,10332.638185339541
1660215600000,10333.206185339543
1660219200000,10337.623181731353
1660222800000,10346.548881731354
1660226400000,10342.806381731352
1660230000000,10335.324381731352
1660233600000,10330.310442188244
1660237200000,10331.220942188243
1660240800000,10330.279142188243
1660244400000,10324.009542188243
1660248000000,10327.400642188244
1660251600000,10327.945442188244
1660255200000,10328.134042188245
1660258800000,10317.078842188243
1660262400000,10318.771463710298
1660266000000,10319.720163710299
1660269600000,10318.1842637103
1660273200000,10324.9209637103
1660276800000,10324.685763710298
1660280400000,10320.441363710299
1660284000000,10322.1200637103
1660287600000,10320.277763710299
1660291200000,10320.13116845257
1660294800000,10319.88836845257
1660298400000,10321.41536845257
1660302000000,10313.74456845257
1660305600000,10310.48416845257
1660309200000,10315.76436845257
1660312800000,10313.365368452569
1660316400000,10315.85026845257
1660320000000,10324.204575347278
1660323600000,10322.306475347277
1660327200000,10323.868075347278
1660330800000,10329.564975347279
1660334400000,10331.619875347278
1660338000000,10334.283375347277
1660341600000,10331.070375347279
1660345200000,10334.188175347277
1660348800000,10342.94611094197
1660352400000,10346.988810941968
1660356000000,10347.80301094197
1660359600000,10352.117110941968
1660363200000,10359.295310941969
1660366800000,10357.259510941969
1660370400000,10358.71681094197
1660374000000,10359.59401094197
1660377600000,10355.725486871594
1660381200000,10350.297086871595
1660384800000,10356.557286871594
1660388400000,10352.987286871594
1660392000000,10349.659686871593
1660395600000,10349.320486871595
1660399200000,10348.792886871594
1660402800000,10349.793086871592
1660406400000,10352.547330695583
1660410000000,10350.895730695582
1660413600000,10354.966030695581
1660417200000,10350.173530695582
1660420800000,10346.316130695583
1660424400000,10351.979430695583
1660428000000,10352.027030695583
1660431600000,10347.151930695582
1660435200000,10349.146371124243
1660438800000,10352.105071124242
1660442400000,10354.204371124244
1660446000000,10353.918971124242
1660449600000,10352.545971124244
1660453200000,10354.106071124243
1660456800000,10355.025671124244
1660460400000,10356.411571124243
1660464000000,10364.181181756916
1660467600000,10357.903481756917
1660471200000,10360.721681756917
1660474800000,10356.181481756916
1660478400000,10352.893881756916
1660482000000,10351.606181756917
1660485600000,10348.399581756916
1660489200000,10350.630781756918
1660492800000,10350.62813519016
1660496400000,10335.16133519016
1660500000000,10332.249489820411
1660503600000,10332.963489820411
1660507200000,10333.097889820412
1660510800000,10333.866489820412
1660514400000,10334.59938982041
1660518000000,10332.931989820412
1660521600000,10333.423703052338
1660525200000,10335.372503052338
1660528800000,10341.063503052337
1660532400000,10346.781803052338
1660536000000,10345.353803052338
1660539600000,10345.402103052338
1660543200000,10344.354203052337
1660546800000,10329.589103052338
1660550400000,10326.90635055882
1660554000000,10326.90635055882
1660557600000,10326.90635055882
1660561200000,10326.90635055882
1660564800000,10326.90635055882
1660568400000,10326.90635055882
1660572000000,10326.90635055882
1660575600000,10326.90635055882
1660579200000,10326.90635055882
1660582800000,10326.90635055882
1660586400000,10326.90635055882
1660590000000,10326.90635055882
1660593600000,10326.90635055882
1660597200000,10326.90635055882
1660600800000,10326.90635055882
1660604400000,10326.90635055882
1660608000000,10326.90635055882
1660611600000,10326.90635055882
1660615200000,10326.90635055882
1660618800000,10326.90635055882
1660622400000,10326.90635055882
1660626000000,10326.90635055882
1660629600000,10326.90635055882
1660633200000,10326.90635055882
1660636800000,10326.90635055882
1660640400000,10326.90635055882
1660644000000,10326.90635055882
1660647600000,10326.90635055882
1660651200000,10326.90635055882
1660654800000,10326.90635055882
1660658400000,10326.90635055882
1660662000000,10326.90635055882
1660665600000,10326.90635055882
1660669200000,10326.90635055882
1660672800000,10326.90635055882
1660676400000,10326.90635055882
1660680000000,10326.90635055882
1660683600000,10326.90635055882
1660687200000,10326.90635055882
1660690800000,10326.90635055882
1660694400000,10326.90635055882
1660698000000,10326.90635055882
1660701600000,10326.90635055882
1660705200000,10326.90635055882
1660708800000,10326.90635055882
1660712400000,10326.90635055882
1660716000000,10326.90635055882
1660719600000,10326.90635055882
1660723200000,10326.90635055882
1660726800000,10326.90635055882
1660730400000,10326.90635055882
1660734000000,10326.90635055882
1660737600000,10326.90635055882
1660741200000,10326.90635055882
1660744800000,10326.90635055882
1660748400000,10326.90635055882
1660752000000,10326.90635055882
1660755600000,10326.90635055882
1660759200000,10326.90635055882
1660762800000,10326.90635055882
1660766400000,10326.90635055882
1660770000000,10326.90635055882
1660773600000,10326.90635055882
1660777200000,10326.90635055882
1660780800000,10326.90635055882
1660784400000,10326.90635055882
1660788000000,10326.90635055882
1660791600000,10326.90635055882
1660795200000,10326.90635055882
1660798800000,10326.90635055882
1660802400000,10326.90635055882
1660806000000,10326.90635055882
1660809600000,10326.90635055882
1660813200000,10326.90635055882
1660816800000,10326.90635055882
1660820400000,10326.90635055882
1660824000000,10326.90635055882
1660827600000,10326.90635055882
1660831200000,10326.90635055882
1660834800000,10326.90635055882
1660838400000,10326.90635055882
1660842000000,10326.90635055882
1660845600000,10326.90635055882
1660849200000,10326.90635055882
1660852800000,10326.90635055882
1660856400000,10326.90635055882
1660860000000,10326.90635055882
1660863600000,10326.90635055882
1660867200000,10326.90635055882
1660870800000,10326.90635055882
1660874400000,10326.90635055882
1660878000000,10326.90635055882
1660881600000,10326.90635055882
1660885200000,10326.90635055882
1660888800000,10326.90635055882
1660892400000,10326.90635055882
1660896000000,10326.90635055882
1660899600000,10326.90635055882
1660903200000,10326.90635055882
1660906800000,10326.90635055882
1660910400000,10326.90635055882
1660914000000,10326.90635055882
1660917600000,10326.90635055882
1660921200000,10326.90635055882
1660924800000,10326.90635055882
1660928400000,10326.90635055882
1660932000000,10326.90635055882
1660935600000,10326.90635055882
1660939200000,10326.90635055882
1660942800000,10326.90635055882
1660946400000,10326.90635055882
1660950000000,10326.90635055882
1660953600000,10325.964036550122
1660957200000,10322.690436550121
1660960800000,10322.93023655012
1660964400000,10319.949236550121
1660968000000,10319.896436550122
1660971600000,10317.975836550122
1660975200000,10319.823836550122
1660978800000,10314.959636550122
1660982400000,10316.525344504438
1660986000000,10318.269944504438
1660989600000,10318.236944504437
1660993200000,10317.744144504437
1660996800000,10317.374544504437
1661000400000,10317.180944504438
1661004000000,10315.568344504438
1661007600000,10317.108344504437
1661011200000,10316.0221490181
1661014800000,10317.6171490181
1661018400000,10317.1639490181
1661022000000,10320.8445490181
1661025600000,10322.9433490181
1661029200000,10326.0959490181
1661032800000,10319.8259490181
1661036400000,10319.5861490181
1661040000000,10319.434052698141
1661043600000,10318.978652698142
1661047200000,10317.071252698142
1661050800000,10317.088852698142
1661054400000,10318.197652698142
1661058000000,10318.193252698142
1661061600000,10317.594852698141
1661065200000,10320.285452698143
1661068800000,10317.177680597699
1661072400000,10315.452880597699
1661076000000,10313.015280597698
1661079600000,10314.214280597698
1661083200000,10310.810880597699
1661086800000,10312.434480597698
1661090400000,10313.717080597698
1661094000000,10313.673080597699
1661097600000,10313.204648462355
1661101200000,10313.783248462354
1661104800000,10312.256448462354
1661108400000,10312.287248462355
1661112000000,10311.266448462355
1661115600000,10304.224459971134
1661119200000,10304.224459971134
1661122800000,10304.224459971134
1661126400000,10304.224459971134
1661130000000,10304.224459971134
1661133600000,10304.224459971134
1661137200000,10304.224459971134
1661140800000,10304.224459971134
1661144400000,10304.224459971134
1661148000000,10304.224459971134
1661151600000,10304.224459971134
1661155200000,10304.224459971134
1661158800000,10304.224459971134
1661162400000,10304.224459971134
1661166000000,10304.224459971134
1661169600000,10304.224459971134
1661173200000,10304.224459971134
1661176800000,10304.224459971134
1661180400000,10304.224459971134
1661184000000,10304.224459971134
1661187600000,10304.224459971134
1661191200000,10304.224459971134
1661194800000,10304.224459971134
1661198400000,10304.224459971134
1661202000000,10304.224459971134
1661205600000,10304.224459971134
1661209200000,10304.224459971134
1661212800000,10304.224459971134
1661216400000,10304.224459971134
1661220000000,10304.224459971134
1661223600000,10304.224459971134
1661227200000,10304.224459971134
1661230800000,10304.224459971134
1661234400000,10304.224459971134
1661238000000,10304.224459971134
1661241600000,10304.224459971134
1661245200000,10304.224459971134
1661248800000,10304.224459971134
1661252400000,10304.224459971134
1661256000000,10304.224459971134
1661259600000,10304.224459971134
1661263200000,10304.224459971134
1661266800000,10304.224459971134
1661270400000,10304.224459971134
1661274000000,10304.224459971134
1661277600000,10304.224459971134
1661281200000,10304.224459971134
1661284800000,10304.224459971134
1661288400000,10304.224459971134
1661292000000,10304.224459971134
1661295600000,10304.224459971134
1661299200000,10304.224459971134
1661302800000,10304.224459971134
1661306400000,10304.224459971134
1661310000000,10304.224459971134
1661313600000,10304.224459971134
1661317200000,10304.224459971134
1661320800000,10304.224459971134
1661324400000,10304.224459971134
1661328000000,10304.224459971134
1661331600000,10304.224459971134
1661335200000,10304.224459971134
1661338800000,10304.224459971134
1661342400000,10304.224459971134
1661346000000,10304.224459971134
1661349600000,10304.224459971134
1661353200000,10304.224459971134
1661356800000,10304.224459971134
1661360400000,10304.224459971134
1661364000000,10304.224459971134
1661367600000,10304.224459971134
1661371200000,10304.224459971134
1661374800000,10304.224459971134
1661378400000,10304.224459971134
1661382000000,10304.224459971134
1661385600000,10304.224459971134
1661389200000,10304.224459971134
1661392800000,10304.224459971134
1661396400000,10304.224459971134
1661400000000,10304.224459971134
1661403600000,10304.224459971134
1661407200000,10304.224459971134
1661410800000,10304.224459971134
1661414400000,10304.224459971134
1661418000000,10304.224459971134
1661421600000,10304.224459971134
1661425200000,10304.224459971134
1661428800000,10304.224459971134
1661432400000,10304.224459971134
1661436000000,10304.224459971134
1661439600000,10304.224459971134
1661443200000,10304.224459971134
1661446800000,10304.224459971134
1661450400000,10304.224459971134
1661454000000,10304.224459971134
1661457600000,10304.224459971134
1661461200000,10304.224459971134
1661464800000,10304.224459971134
1661468400000,10304.224459971134
1661472000000,10304.224459971134
1661475600000,10304.224459971134
1661479200000,10304.224459971134
1661482800000,10304.224459971134
1661486400000,10304.224459971134
1661490000000,10304.224459971134
1661493600000,10304.224459971134
1661497200000,10304.224459971134
1661500800000,10304.224459971134
1661504400000,10304.224459971134
1661508000000,10304.224459971134
1661511600000,10304.224459971134
1661515200000,10304.224459971134
1661518800000,10304.224459971134
1661522400000,10304.224459971134
1661526000000,10304.224459971134
1661529600000,10303.668117988354
1661533200000,10305.860517988354
1661536800000,10306.809717988355
1661540400000,10305.675717988355
1661544000000,10306.871317988354
1661547600000,10306.622117988354
1661551200000,10307.408917988354
1661554800000,10308.064117988355
1661558400000,10318.90100792487
1661562000000,10316.325007924868
1661565600000,10317.62140792487
1661569200000,10319.351807924868
1661572800000,10319.699007924868
1661576400000,10321.21660792487
1661580000000,10321.423807924868
1661583600000,10321.082207924868
1661587200000,10317.784535565721
1661590800000,10319.895735565722
1661594400000,10321.066135565721
1661598000000,10320.195335565722
1661601600000,10319.285335565723
1661605200000,10319.870535565722
1661608800000,10320.399735565721
1661612400000,10322.760135565723
1661616000000,10324.163486771276
1661619600000,10324.039236771278
1661623200000,10324.441986771277
1661626800000,10325.978936771276
1661630400000,10321.964486771276
1661634000000,10322.361736771276
1661637600000,10329.560736771276
1661641200000,10321.648186771276
1661644800000,10319.876387540611
1661648400000,10321.610937540612
1661652000000,10318.787937540612
1661655600000,10319.773837540612
1661659200000,10320.170737540611
1661662800000,10321.340587540612
1661666400000,10319.107687540612
1661670000000,10318.185187540612
1661673600000,10317.049378780108
1661677200000,10319.077978780108
1661680800000,10319.977278780108
1661684400000,10321.702528780108
1661688000000,10320.373378780108
1661691600000,10327.15747878011
1661695200000,10324.945128780108
1661698800000,10326.317728780108
1661702400000,10319.000639721526
1661706000000,10322.155639721526
1661709600000,10321.968789721526
1661713200000,10320.473589721525
1661716800000,10322.793139721527
1661720400000,10322.309389721528
1661724000000,10325.112939721526
1661727600000,10329.228139721527
1661731200000,10344.573891942366
1661734800000,10342.710191942366
1661738400000,10341.355841942364
1661742000000,10335.861291942367
1661745600000,10331.054341942367
1661749200000,10333.921491942367
1661752800000,10336.641591942365
1661756400000,10331.826941942365
1661760000000,10329.875702916746
1661763600000,10335.121552916746
1661767200000,10332.321602916747
1661770800000,10332.978302916747
1661774400000,10333.364352916748
1661778000000,10325.236902916748
1661781600000,10315.897652916747
1661785200000,10305.46760526815
1661788800000,10305.46760526815
1661792400000,10305.46760526815
1661796000000,10305.46760526815
1661799600000,10305.46760526815
1661803200000,10305.46760526815
1661806800000,10305.46760526815
1661810400000,10305.46760526815
1661814000000,10305.46760526815
1661817600000,10305.46760526815
1661821200000,10305.46760526815
1661824800000,10305.46760526815
1661828400000,10305.46760526815
1661832000000,10305.46760526815
1661835600000,10305.46760526815
1661839200000,10305.46760526815
1661842800000,10305.46760526815
1661846400000,10305.46760526815
1661850000000,10305.46760526815
1661853600000,10305.46760526815
1661857200000,10305.46760526815
1661860800000,10305.46760526815
1661864400000,10305.46760526815
1661868000000,10305.46760526815
1661871600000,10305.46760526815
1661875200000,10305.46760526815
1661878800000,10305.46760526815
1661882400000,10305.46760526815
1661886000000,10305.46760526815
1661889600000,10305.46760526815
1661893200000,10305.46760526815
1661896800000,10305.46760526815
1661900400000,10305.46760526815
1661904000000,10305.46760526815
1661907600000,10305.46760526815
1661911200000,10305.46760526815
1661914800000,10305.46760526815
1661918400000,10305.46760526815
1661922000000,10305.46760526815
1661925600000,10305.46760526815
1661929200000,10305.46760526815
1661932800000,10305.46760526815
1661936400000,10305.46760526815
1661940000000,10305.46760526815
1661943600000,10305.46760526815
1661947200000,10305.46760526815
1661950800000,10305.46760526815
1661954400000,10305.46760526815
1661958000000,10305.46760526815
1661961600000,10305.46760526815
1661965200000,10305.46760526815
1661968800000,10305.46760526815
1661972400000,10305.46760526815
1661976000000,10305.46760526815
1661979600000,10305.46760526815
1661983200000,10305.46760526815
1661986800000,10305.46760526815
1661990400000,10305.46760526815
1661994000000,10305.46760526815
1661997600000,10305.46760526815
1662001200000,10305.46760526815
1662004800000,10305.46760526815
1662008400000,10305.46760526815
1662012000000,10305.46760526815
1662015600000,10305.46760526815
1662019200000,10305.46760526815
1662022800000,10305.46760526815
1662026400000,10305.46760526815
1662030000000,10305.46760526815
1662033600000,10305.46760526815
1662037200000,10305.46760526815
1662040800000,10305.46760526815
1662044400000,10305.46760526815
1662048000000,10305.46760526815
1662051600000,10305.46760526815
1662055200000,10305.46760526815
1662058800000,10305.46760526815
1662062400000,10305.46760526815
1662066000000,10305.46760526815
1662069600000,10305.46760526815
1662073200000,10305.46760526815
1662076800000,10305.46760526815
1662080400000,10305.46760526815
1662084000000,10305.46760526815
1662087600000,10305.46760526815
1662091200000,10305.46760526815
1662094800000,10305.46760526815
1662098400000,10305.46760526815
1662102000000,10305.46760526815
1662105600000,10305.46760526815
1662109200000,10305.46760526815
1662112800000,10305.46760526815
1662116400000,10305.46760526815
1662120000000,10305.46760526815
1662123600000,10305.46760526815
1662127200000,10305.46760526815
1662130800000,10305.46760526815
1662134400000,10305.46760526815
1662138000000,10305.46760526815
1662141600000,10305.46760526815
1662145200000,10305.46760526815
1662148800000,10305.46760526815
1662152400000,10305.46760526815
1662156000000,10305.46760526815
1662159600000,10305.46760526815
1662163200000,10305.46760526815
1662166800000,10305.46760526815
1662170400000,10305.46760526815
1662174000000,10305.46760526815
1662177600000,10305.46760526815
1662181200000,10305.46760526815
1662184800000,10305.46760526815
1662188400000,10305.46760526815
1662192000000,10305.46760526815
1662195600000,10305.46760526815
1662199200000,10305.46760526815
1662202800000,10305.46760526815
1662206400000,10305.46760526815
1662210000000,10305.46760526815
1662213600000,10305.46760526815
1662217200000,10305.46760526815
1662220800000,10305.46760526815
1662224400000,10305.46760526815
1662228000000,10305.46760526815
1662231600000,10305.46760526815
1662235200000,10305.46760526815
1662238800000,10305.46760526815
1662242400000,10305.46760526815
1662246000000,10305.46760526815
1662249600000,10305.46760526815
1662253200000,10305.46760526815
1662256800000,10305.46760526815
1662260400000,10305.46760526815
1662264000000,10305.46760526815
1662267600000,10305.46760526815
1662271200000,10305.46760526815
1662274800000,10305.46760526815
1662278400000,10305.46760526815
1662282000000,10305.46760526815
1662285600000,10305.46760526815
1662289200000,10305.46760526815
1662292800000,10305.46760526815
1662296400000,10305.46760526815
1662300000000,10305.46760526815
1662303600000,10305.46760526815
1662307200000,10305.46760526815
1662310800000,10305.46760526815
1662314400000,10305.46760526815
1662318000000,10305.46760526815
1662321600000,10305.46760526815
1662325200000,10305.46760526815
1662328800000,10305.46760526815
1662332400000,10305.46760526815
1662336000000,10305.46760526815
1662339600000,10305.46760526815
1662343200000,10305.46760526815
1662346800000,10305.46760526815
1662350400000,10305.46760526815
1662354000000,10305.46760526815
1662357600000,10305.46760526815
1662361200000,10305.46760526815
1662364800000,10305.46760526815
1662368400000,10305.46760526815
1662372000000,10305.46760526815
1662375600000,10305.46760526815
1662379200000,10305.46760526815
1662382800000,10305.46760526815
1662386400000,10305.46760526815
1662390000000,10305.46760526815
1662393600000,10305.46760526815
1662397200000,10305.46760526815
1662400800000,10305.46760526815
1662404400000,10305.46760526815
1662408000000,10305.46760526815
1662411600000,10305.46760526815
1662415200000,10305.46760526815
1662418800000,10305.46760526815
1662422400000,10305.46760526815
1662426000000,10305.46760526815
1662429600000,10305.46760526815
1662433200000,10305.46760526815
1662436800000,10305.46760526815
1662440400000,10305.46760526815
1662444000000,10305.46760526815
1662447600000,10305.46760526815
1662451200000,10305.46760526815
1662454800000,10305.46760526815
1662458400000,10305.46760526815
1662462000000,10305.46760526815
1662465600000,10305.46760526815
1662469200000,10305.46760526815
1662472800000,10305.46760526815
1662476400000,10305.46760526815
1662480000000,10305.46760526815
1662483600000,10305.46760526815
1662487200000,10305.46760526815
1662490800000,10305.46760526815
1662494400000,10304.472593443834
1662498000000,10300.014793443834
1662501600000,10300.272093443835
1662505200000,10302.212693443835
1662508800000,10306.198811609842
1662512400000,10304.735611609844
1662516000000,10305.154111609843
1662519600000,10310.808511609843
1662523200000,10307.410911609843
1662526800000,10307.789111609844
1662530400000,10306.620411609843
1662534000000,10305.569511609843
1662537600000,10305.483109030927
1662541200000,10305.259909030927
1662544800000,10305.557509030927
1662548400000,10306.937009030928
1662552000000,10307.460909030928
1662555600000,10305.517209030928
1662559200000,10304.388809030926
1662562800000,10302.299409030928
1662566400000,10302.713059195006
1662570000000,10301.903959195006
1662573600000,10299.392959195007
1662577200000,10297.067959195007
1662580800000,10298.878359195007
1662584400000,10286.558959195007
1662588000000,10287.898159195007
1662591600000,10288.530559195007
1662595200000,10290.291966156406
1662598800000,10289.873466156407
1662602400000,10293.085066156407
1662606000000,10291.429666156408
1662609600000,10292.291466156408
1662613200000,10288.425766156408
1662616800000,10289.780466156408
1662620400000,10291.668366156408
1662624000000,10293.796132362457
1662627600000,10292.100432362457
1662631200000,10293.548132362457
1662634800000,10289.694832362457
1662638400000,10289.704132362456
1662642000000,10294.196032362457
1662645600000,10293.259832362457
1662649200000,10289.353832362456
1662652800000,10291.948233495641
1662656400000,10293.53853349564
1662660000000,10293.240933495641
1662663600000,10292.763533495641
1662667200000,10288.38013349564
1662670800000,10287.881033495642
1662674400000,10289.09933349564
1662678000000,10289.92083349564
1662681600000,10289.513286974136
1662685200000,10288.034586974136
1662688800000,10288.651486974137
1662692400000,10286.927886974136
1662696000000,10272.079067482804
1662699600000,10277.633467482805
1662703200000,10279.730147482804
1662706800000,10281.197187482803
1662710400000,10279.763090908831
1662714000000,10279.968730908831
1662717600000,10277.640970908831
1662721200000,10279.96025090883
1662724800000,10278.302410908831
1662728400000,10283.407370908832
1662732000000,10282.960050908832
1662735600000,10284.350770908832
1662739200000,10282.193498047222
1662742800000,10281.277658047222
1662746400000,10278.907498047221
1662750000000,10280.476298047222
1662753600000,10282.462738047221
1662757200000,10282.655658047222
1662760800000,10281.669858047222
1662764400000,10282.60265804722
1662768000000,10282.066765033418
1662771600000,10282.435645033418
1662775200000,10283.781845033418
1662778800000,10286.84948503342
1662782400000,10285.893365033418
1662786000000,10285.240405033419
1662789600000,10285.299765033418
1662793200000,10285.997245033419
1662796800000,10280.648366630401
1662800400000,10282.238366630401
1662804000000,10283.3746866304
1662807600000,10284.0170466304
1662811200000,10283.7266066304
1662814800000,10284.2968866304
1662818400000,10282.1302466304
1662822000000,10282.5182066304
1662825600000,10282.255757313573
1662829200000,10283.930557313573
1662832800000,10283.695237313574
1662836400000,10285.997557313574
1662840000000,10287.384037313574
1662843600000,10286.425797313574
1662847200000,10290.727277313574
1662850800000,10296.578477313573
1662854400000,10295.012841010108
1662858000000,10293.982521010106
1662861600000,10291.095081010108
1662865200000,10292.341641010107
1662868800000,10291.798921010108
1662872400000,10291.455481010107
1662876000000,10292.615121010107
1662879600000,10290.003281010107
1662883200000,10291.65737856762
1662886800000,10292.439658567619
1662890400000,10291.56621856762
1662894000000,10292.089858567619
1662897600000,10293.66925856762
1662901200000,10294.20349856762
1662904800000,10293.033258567619
1662908400000,10291.793058567619
1662912000000,10293.317363081602
1662915600000,10294.508803081602
1662919200000,10293.853723081602
1662922800000,10291.937243081602
1662926400000,10292.3188430816
1662930000000,10291.8397230816
1662933600000,10286.3213630816
1662937200000,10288.411683081602
1662940800000,10292.297198157201
1662944400000,10287.0777581572
1662948000000,10292.689398157201
1662951600000,10287.308838157202
1662955200000,10284.7160781572
1662958800000,10284.8877981572
1662962400000,10284.7245581572
1662966000000,10286.882718157201
1662969600000,10291.100487975375
1662973200000,10290.604407975374
1662976800000,10289.677967975374
1662980400000,10288.287247975373
1662984000000,10289.209447975374
1662987600000,10288.645527975374
1662991200000,10290.082887975374
1662994800000,10286.040047975373
1662998400000,10281.077887434749
1663002000000,10277.259654455309
1663005600000,10277.259654455309
1663009200000,10277.259654455309
1663012800000,10277.259654455309
1663016400000,10277.259654455309
1663020000000,10277.259654455309
1663023600000,10277.259654455309
1663027200000,10277.259654455309
1663030800000,10277.259654455309
1663034400000,10277.259654455309
1663038000000,10277.259654455309
1663041600000,10277.259654455309
1663045200000,10277.259654455309
1663048800000,10277.259654455309
1663052400000,10277.259654455309
1663056000000,10277.259654455309
1663059600000,10277.259654455309
1663063200000,10277.259654455309
1663066800000,10277.259654455309
1663070400000,10277.259654455309
1663074000000,10277.259654455309
1663077600000,10277.259654455309
1663081200000,10277.259654455309
1663084800000,10277.259654455309
1663088400000,10277.259654455309
1663092000000,10277.259654455309
1663095600000,10277.259654455309
1663099200000,10277.259654455309
1663102800000,10277.259654455309
1663106400000,10277.259654455309
1663110000000,10277.259654455309
1663113600000,10277.259654455309
1663117200000,10277.259654455309
1663120800000,10277.259654455309
1663124400000,10277.259654455309
1663128000000,10277.259654455309
1663131600000,10277.259654455309
1663135200000,10277.259654455309
1663138800000,10277.259654455309
1663142400000,10277.259654455309
1663146000000,10277.259654455309
1663149600000,10277.259654455309
1663153200000,10277.259654455309
1663156800000,10277.259654455309
1663160400000,10277.259654455309
1663164000000,10277.259654455309
1663167600000,10277.259654455309
1663171200000,10277.259654455309
1663174800000,10277.259654455309
1663178400000,10277.259654455309
1663182000000,10277.259654455309
1663185600000,10277.259654455309
1663189200000,10277.259654455309
1663192800000,10277.259654455309
1663196400000,10277.259654455309
1663200000000,10277.259654455309
1663203600000,10277.259654455309
1663207200000,10277.259654455309
1663210800000,10277.259654455309
1663214400000,10277.259654455309
1663218000000,10277.259654455309
1663221600000,10277.259654455309
1663225200000,10277.259654455309
1663228800000,10277.259654455309
1663232400000,10277.259654455309
1663236000000,10277.259654455309
1663239600000,10277.259654455309
1663243200000,10277.259654455309
1663246800000,10277.259654455309
1663250400000,10277.259654455309
1663254000000,10277.259654455309
1663257600000,10277.685913745581
1663261200000,10274.88274374558
1663264800000,10275.516133745581
1663268400000,10276.66423374558
1663272000000,10276.020523745581
1663275600000,10275.72769374558
1663279200000,10277.854903745581
1663282800000,10279.00042374558
1663286400000,10279.56655030803
1663290000000,10278.965410308032
1663293600000,10279.513660308032
1663297200000,10280.429560308032
1663300800000,10279.429810308031
1663304400000,10279.814230308031
1663308000000,10279.850350308032
1663311600000,10279.406590308032
1663315200000,10279.834424477453
1663318800000,10281.913904477453
1663322400000,10280.674214477453
1663326000000,10279.955684477452
1663329600000,10278.997214477453
1663333200000,10281.600434477452
1663336800000,10284.633224477451
1663340400000,10282.636304477452
1663344000000,10282.580211278451
1663347600000,10285.668471278452
1663351200000,10285.891641278451
1663354800000,10285.189881278451
1663358400000,10285.245351278452
1663362000000,10284.243021278451
1663365600000,10284.325581278452
1663369200000,10284.770631278452
1663372800000,10284.832049163395
1663376400000,10283.255669163394
1663380000000,10283.158919163394
1663383600000,10283.774249163394
1663387200000,10283.778119163395
1663390800000,10284.015479163394
1663394400000,10284.851399163394
1663398000000,10284.772709163393
1663401600000,10284.706055215955
1663405200000,10284.587375215955
1663408800000,10284.826025215954
1663412400000,10285.473605215955
1663416000000,10286.403695215955
1663419600000,10285.886405215953
1663423200000,10286.029595215954
1663426800000,10283.494745215954
1663430400000,10283.48692026923
1663434000000,10280.30320026923
1663437600000,10279.89685026923
1663441200000,10280.12905026923
1663444800000,10280.56636026923
1663448400000,10280.95723026923
1663452000000,10282.21756026923
1663455600000,10280.72890026923
1663459200000,10280.195142994808
1663462800000,10282.297842994807
1663466400000,10282.119822994808
1663470000000,10281.897942994807
1663473600000,10282.430712994807
1663477200000,10282.210122994808
1663480800000,10281.596082994807
1663484400000,10281.934062994807
1663488000000,10282.093972945806
1663491600000,10281.875962945807
1663495200000,10285.868512945806
1663498800000,10285.018402945807
1663502400000,10284.493372945806
1663506000000,10284.025102945807
1663509600000,10284.488212945807
1663513200000,10286.472232945807
1663516800000,10286.91081398471
1663520400000,10289.35407398471
1663524000000,10291.62447398471
1663527600000,10292.687433984709
1663531200000,10291.50063398471
1663534800000,10292.92350398471
1663538400000,10297.73004398471
1663542000000,10296.84252398471
1663545600000,10297.410496067047
1663549200000,10296.111466067046
1663552800000,10296.650686067047
1663556400000,10301.557846067046
1663560000000,10302.232516067046
1663563600000,10301.199226067047
1663567200000,10302.280246067046
1663570800000,10302.740776067047
1663574400000,10301.563069288542
1663578000000,10303.39861928854
1663581600000,10301.906119288542
1663585200000,10291.95802928854
1663588800000,10295.152669288542
1663592400000,10290.182149288541
1663596000000,10282.69612928854
1663599600000,10273.695512052458
1663603200000,10275.537557026486
1663606800000,10274.508137026485
1663610400000,10277.528027026487
1663614000000,10275.226667026485
1663617600000,10272.537017026485
1663621200000,10273.552247026486
1663624800000,10268.56158212902
1663628400000,10268.56158212902
1663632000000,10268.56158212902
1663635600000,10268.56158212902
1663639200000,10268.56158212902
1663642800000,10268.56158212902
1663646400000,10268.56158212902
1663650000000,10268.56158212902
1663653600000,10268.56158212902
1663657200000,10268.56158212902
1663660800000,10268.56158212902
1663664400000,10268.56158212902
1663668000000,10268.56158212902
1663671600000,10268.56158212902
1663675200000,10268.56158212902
1663678800000,10268.56158212902
1663682400000,10268.56158212902
1663686000000,10268.56158212902
1663689600000,10268.56158212902
1663693200000,10268.56158212902
1663696800000,10268.56158212902
1663700400000,10268.56158212902
1663704000000,10268.56158212902
1663707600000,10268.56158212902
1663711200000,10268.56158212902
1663714800000,10268.56158212902
1663718400000,10268.56158212902
1663722000000,10268.56158212902
1663725600000,10268.56158212902
1663729200000,10268.56158212902
1663732800000,10268.56158212902
1663736400000,10268.56158212902
1663740000000,10268.56158212902
1663743600000,10268.56158212902
1663747200000,10268.56158212902
1663750800000,10268.56158212902
1663754400000,10268.56158212902
1663758000000,10268.56158212902
1663761600000,10268.56158212902
1663765200000,10268.56158212902
1663768800000,10268.56158212902
1663772400000,10268.56158212902
1663776000000,10268.56158212902
1663779600000,10268.56158212902
1663783200000,10268.56158212902
1663786800000,10268.56158212902
1663790400000,10268.56158212902
1663794000000,10268.56158212902
1663797600000,10268.56158212902
1663801200000,10268.56158212902
1663804800000,10266.790017764317
1663808400000,10269.779637764317
1663812000000,10265.180187764317
1663815600000,10259.396157764319
1663819200000,10260.029487764317
1663822800000,10259.989887764319
1663826400000,10261.407477764318
1663830000000,10258.649427764318
1663833600000,10252.7857810046
1663837200000,10245.6415810046
1663840800000,10246.5541810046
1663844400000,10246.6373410046
1663848000000,10241.2489510046
1663851600000,10242.676531004601
1663855200000,10255.126321004602
1663858800000,10257.3336610046
1663862400000,10253.07907143682
1663866000000,10249.914221436818
1663869600000,10247.93008143682
1663873200000,10242.696851436818
1663876800000,10237.07293143682
1663880400000,10238.095241436818
1663884000000,10242.08035143682
1663887600000,10236.53221143682
1663891200000,10235.486509764512
1663894800000,10236.931999764513
1663898400000,10234.826359764513
1663902000000,10236.619699764513
1663905600000,10232.721529764513
1663909200000,10230.936019764513
1663912800000,10232.679409764512
1663916400000,10235.958829764513
1663920000000,10237.306549692757
1663923600000,10243.087429692758
1663927200000,10243.957819692758
1663930800000,10248.496789692757
1663934400000,10252.802299692758
1663938000000,10250.469139692756
1663941600000,10258.666429692757
1663945200000,10257.793699692758
1663948800000,10253.318423004419
1663952400000,10253.387813004418
1663956000000,10253.20205300442
1663959600000,10256.054243004419
1663963200000,10252.34714300442
1663966800000,10250.436533004418
1663970400000,10241.797973004419
1663974000000,10235.84114300442
1663977600000,10236.66385179819
1663981200000,10241.30488179819
1663984800000,10241.57470179819
1663988400000,10240.48237179819
1663992000000,10241.07484179819
1663995600000,10239.261791798192
1663999200000,10238.754461798191
1664002800000,10241.65525179819
1664006400000,10243.239402623645
1664010000000,10240.671612623646
1664013600000,10241.921082623645
1664017200000,10242.207462623646
1664020800000,10241.232672623646
1664024400000,10239.142962623646
1664028000000,10236.361203813547
1664031600000,10236.834603813548
1664035200000,10236.431794547467
1664038800000,10236.755794547467
1664042400000,10237.403794547467
1664046000000,10236.401194547467
1664049600000,10236.613594547467
1664053200000,10236.001594547468
1664056800000,10239.754594547467
1664060400000,10240.676194547468
1664064000000,10239.657195272343
1664067600000,10239.459195272344
1664071200000,10238.980395272343
1664074800000,10239.460995272344
1664078400000,10237.588995272343
1664082000000,10238.404395272344
1664085600000,10238.663595272343
1664089200000,10238.172195272344
1664092800000,10236.697948335699
1664096400000,10236.9877483357
1664100000000,10237.781548335699
1664103600000,10237.0903483357
1664107200000,10234.53708954802
1664110800000,10234.53708954802
1664114400000,10234.53708954802
1664118000000,10234.53708954802
1664121600000,10234.53708954802
1664125200000,10234.53708954802
1664128800000,10234.53708954802
1664132400000,10234.53708954802
1664136000000,10234.53708954802
1664139600000,10234.53708954802
1664143200000,10234.53708954802
1664146800000,10234.53708954802
1664150400000,10234.53708954802
1664154000000,10234.53708954802
1664157600000,10234.53708954802
1664161200000,10234.53708954802
1664164800000,10234.53708954802
1664168400000,10234.53708954802
1664172000000,10234.53708954802
1664175600000,10234.53708954802
1664179200000,10234.53708954802
1664182800000,10234.53708954802
1664186400000,10234.53708954802
1664190000000,10234.53708954802
1664193600000,10234.53708954802
1664197200000,10234.53708954802
1664200800000,10234.53708954802
1664204400000,10234.53708954802
1664208000000,10234.53708954802
1664211600000,10234.53708954802
1664215200000,10234.53708954802
1664218800000,10234.53708954802
1664222400000,10234.53708954802
1664226000000,10234.53708954802
1664229600000,10234.53708954802
1664233200000,10234.53708954802
1664236800000,10234.53708954802
1664240400000,10234.53708954802
1664244000000,10234.53708954802
1664247600000,10234.53708954802
1664251200000,10234.53708954802
1664254800000,10234.53708954802
1664258400000,10234.53708954802
1664262000000,10234.53708954802
1664265600000,10234.53708954802
1664269200000,10234.53708954802
1664272800000,10234.53708954802
1664276400000,10234.53708954802
1664280000000,10234.53708954802
1664283600000,10234.53708954802
1664287200000,10234.53708954802
1664290800000,10234.53708954802
1664294400000,10234.53708954802
1664298000000,10234.53708954802
1664301600000,10234.53708954802
1664305200000,10234.53708954802
1664308800000,10234.53708954802
1664312400000,10234.53708954802
1664316000000,10234.53708954802
1664319600000,10234.53708954802
1664323200000,10234.53708954802
1664326800000,10234.53708954802
1664330400000,10234.53708954802
1664334000000,10234.53708954802
1664337600000,10234.53708954802
1664341200000,10234.53708954802
1664344800000,10234.53708954802
1664348400000,10234.53708954802
1664352000000,10234.53708954802
1664355600000,10234.53708954802
1664359200000,10234.53708954802
1664362800000,10234.53708954802
1664366400000,10234.53708954802
1664370000000,10234.53708954802
1664373600000,10234.53708954802
1664377200000,10234.53708954802
1664380800000,10234.53708954802
1664384400000,10234.53708954802
1664388000000,10234.53708954802
1664391600000,10234.53708954802
1664395200000,10234.53708954802
1664398800000,10234.53708954802
1664402400000,10234.53708954802
1664406000000,10234.53708954802
1664409600000,10234.53708954802
1664413200000,10234.53708954802
1664416800000,10234.53708954802
1664420400000,10234.53708954802
1664424000000,10234.53708954802
1664427600000,10234.53708954802
1664431200000,10234.53708954802
1664434800000,10234.53708954802
1664438400000,10234.53708954802
1664442000000,10234.53708954802
1664445600000,10234.53708954802
1664449200000,10234.53708954802
1664452800000,10234.53708954802
1664456400000,10234.53708954802
1664460000000,10234.53708954802
1664463600000,10234.53708954802
1664467200000,10234.53708954802
1664470800000,10234.53708954802
1664474400000,10234.53708954802
1664478000000,10234.53708954802
1664481600000,10234.53708954802
1664485200000,10234.53708954802
1664488800000,10234.53708954802
1664492400000,10234.53708954802
1664496000000,10234.53708954802
1664499600000,10234.53708954802
1664503200000,10234.53708954802
1664506800000,10234.53708954802
1664510400000,10234.53708954802
1664514000000,10234.53708954802
1664517600000,10234.53708954802
1664521200000,10234.53708954802
1664524800000,10234.53708954802
1664528400000,10234.53708954802
1664532000000,10234.53708954802
1664535600000,10234.53708954802
1664539200000,10234.53708954802
1664542800000,10234.53708954802
1664546400000,10234.53708954802
1664550000000,10234.53708954802
1664553600000,10234.53708954802
1664557200000,10234.53708954802
1664560800000,10234.53708954802
1664564400000,10234.53708954802
1664568000000,10234.53708954802
1664571600000,10234.53708954802
1664575200000,10234.53708954802
1664578800000,10234.53708954802
1664582400000,10234.53708954802
1664586000000,10234.53708954802
1664589600000,10234.53708954802
1664593200000,10234.53708954802
1664596800000,10234.53708954802
1664600400000,10234.53708954802
1664604000000,10234.53708954802
1664607600000,10234.53708954802
1664611200000,10234.53708954802
1664614800000,10234.53708954802
1664618400000,10234.53708954802
1664622000000,10234.53708954802
1664625600000,10234.53708954802
1664629200000,10234.53708954802
1664632800000,10234.53708954802
1664636400000,10234.53708954802
1664640000000,10234.53708954802
1664643600000,10234.53708954802
1664647200000,10234.53708954802
1664650800000,10234.53708954802
1664654400000,10234.53708954802
1664658000000,10234.53708954802
1664661600000,10234.53708954802
1664665200000,10234.53708954802
1664668800000,10234.53708954802
1664672400000,10234.53708954802
1664676000000,10234.53708954802
1664679600000,10234.53708954802
1664683200000,10234.53708954802
1664686800000,10234.53708954802
1664690400000,10234.53708954802
1664694000000,10234.53708954802
1664697600000,10234.53708954802
1664701200000,10234.53708954802
1664704800000,10234.53708954802
1664708400000,10234.53708954802
1664712000000,10234.53708954802
1664715600000,10234.53708954802
1664719200000,10234.53708954802
1664722800000,10234.53708954802
1664726400000,10234.53708954802
1664730000000,10234.53708954802
1664733600000,10234.53708954802
1664737200000,10234.53708954802
1664740800000,10234.53708954802
1664744400000,10234.53708954802
1664748000000,10234.53708954802
1664751600000,10234.53708954802
1664755200000,10234.53708954802
1664758800000,10234.53708954802
1664762400000,10234.53708954802
1664766000000,10234.53708954802
1664769600000,10234.53708954802
1664773200000,10234.53708954802
1664776800000,10234.53708954802
1664780400000,10234.53708954802
1664784000000,10234.53708954802
1664787600000,10234.53708954802
1664791200000,10234.53708954802
1664794800000,10234.53708954802
1664798400000,10234.53708954802
1664802000000,10234.53708954802
1664805600000,10234.53708954802
1664809200000,10234.53708954802
1664812800000,10234.53708954802
1664816400000,10234.53708954802
1664820000000,10234.53708954802
1664823600000,10234.53708954802
1664827200000,10234.53708954802
1664830800000,10234.53708954802
1664834400000,10234.53708954802
1664838000000,10234.53708954802
1664841600000,10234.53708954802
1664845200000,10234.53708954802
1664848800000,10234.53708954802
1664852400000,10234.53708954802
1664856000000,10234.53708954802
1664859600000,10234.53708954802
1664863200000,10234.53708954802
1664866800000,10234.53708954802
1664870400000,10234.53708954802
1664874000000,10234.53708954802
1664877600000,10234.53708954802
1664881200000,10234.53708954802
1664884800000,10234.53708954802
1664888400000,10234.53708954802
1664892000000,10234.53708954802
1664895600000,10234.53708954802
1664899200000,10234.53708954802
1664902800000,10234.53708954802
1664906400000,10234.53708954802
1664910000000,10234.53708954802
1664913600000,10234.53708954802
1664917200000,10234.53708954802
1664920800000,10234.53708954802
1664924400000,10234.53708954802
1664928000000,10234.53708954802
1664931600000,10234.53708954802
1664935200000,10234.53708954802
1664938800000,10234.53708954802
1664942400000,10234.53708954802
1664946000000,10234.53708954802
1664949600000,10234.53708954802
1664953200000,10234.53708954802
1664956800000,10234.53708954802
1664960400000,10234.53708954802
1664964000000,10234.53708954802
1664967600000,10234.53708954802
1664971200000,10234.53708954802
1664974800000,10234.53708954802
1664978400000,10234.53708954802
1664982000000,10234.53708954802
1664985600000,10234.53708954802
1664989200000,10234.53708954802
1664992800000,10234.53708954802
1664996400000,10234.53708954802
1665000000000,10234.53708954802
1665003600000,10234.53708954802
1665007200000,10234.53708954802
1665010800000,10234.53708954802
1665014400000,10234.53708954802
1665018000000,10234.53708954802
1665021600000,10234.53708954802
1665025200000,10234.53708954802
1665028800000,10233.810899496937
1665032400000,10233.928699496937
1665036000000,10231.569599496937
1665039600000,10228.165799496937
1665043200000,10229.54152695902
1665046800000,10227.16692695902
1665050400000,10225.970326959019
1665054000000,10227.41182695902
1665057600000,10230.316526959019
1665061200000,10228.39762695902
1665064800000,10225.25422695902
1665068400000,10225.40922695902
1665072000000,10222.74630711902
1665075600000,10224.58150711902
1665079200000,10226.23690711902
1665082800000,10223.60810711902
1665086400000,10223.23920711902
1665090000000,10224.15680711902
1665093600000,10219.53780711902
1665097200000,10219.39210711902
1665100800000,10221.326652103156
1665104400000,10222.346552103158
1665108000000,10222.625552103156
1665111600000,10223.130852103157
1665115200000,10221.553377390634
1665118800000,10221.553377390634
1665122400000,10221.553377390634
1665126000000,10221.553377390634
1665129600000,10221.553377390634
1665133200000,10221.553377390634
1665136800000,10221.553377390634
1665140400000,10221.553377390634
1665144000000,10221.553377390634
1665147600000,10221.553377390634
1665151200000,10221.553377390634
1665154800000,10221.553377390634
1665158400000,10221.521454346519
1665162000000,10227.080454346518
1665165600000,10226.383454346518
1665169200000,10224.918054346519
1665172800000,10224.924854346518
1665176400000,10222.487054346519
1665180000000,10221.37865434652
1665183600000,10221.854654346518
1665187200000,10222.89340707372
1665190800000,10221.35660707372
1665194400000,10220.578007073718
1665198000000,10221.85300707372
1665201600000,10223.48500707372
1665205200000,10225.450207073718
1665208800000,10223.291207073718
1665212400000,10223.043007073718
1665216000000,10223.431681497026
1665219600000,10224.482281497027
1665223200000,10223.608481497027
1665226800000,10223.622081497026
1665230400000,10222.578281497026
1665234000000,10223.210681497027
1665237600000,10224.387081497027
1665241200000,10223.557481497026
1665244800000,10224.485961153825
1665248400000,10222.779161153825
1665252000000,10223.941961153825
1665255600000,10224.655961153825
1665259200000,10224.938161153827
1665262800000,10225.607961153826
1665266400000,10231.170361153825
1665270000000,10228.293961153826
1665273600000,10227.00977844662
1665277200000,10227.342978446619
1665280800000,10227.47557844662
1665284400000,10228.349378446619
1665288000000,10228.369778446619
1665291600000,10227.669378446619
1665295200000,10226.710578446618
1665298800000,10226.180178446619
1665302400000,10226.623691916091
1665306000000,10227.429491916091
1665309600000,10226.50469191609
1665313200000,10223.79149191609
1665316800000,10224.73329191609
1665320400000,10223.808491916092
1665324000000,10224.644891916092
1665327600000,10223.51269191609
1665331200000,10222.787844041797
1665334800000,10223.675244041797
1665338400000,10224.215844041797
1665342000000,10223.019044041797
1665345600000,10225.099844041797
1665349200000,10224.630644041797
1665352800000,10225.042044041797
1665356400000,10227.979644041798
1665360000000,10226.072680243991
1665363600000,10223.59408024399
1665367200000,10223.971480243992
1665370800000,10224.828280243992
1665374400000,10225.75308024399
1665378000000,10225.168280243992
1665381600000,10226.949880243992
1665385200000,10227.113080243991
1665388800000,10226.683914050489
1665392400000,10232.55911405049
1665396000000,10229.777914050488
1665399600000,10230.96111405049
1665403200000,10229.38011405049
1665406800000,10226.020914050488
1665410400000,10230.328714050489
1665414000000,10232.412914050488
1665417600000,10231.404010162329
1665421200000,10235.922610162328
1665424800000,10229.959010162329
1665428400000,10232.910210162328
1665432000000,10233.566410162328
1665435600000,10232.192810162329
1665439200000,10232.410410162329
1665442800000,10236.22181016233
1665446400000,10237.439430070473
1665450000000,10239.863630070473
1665453600000,10239.931630070474
1665457200000,10239.085030070473
1665460800000,10239.387630070474
1665464400000,10239.561030070474
1665468000000,10239.639230070474
1665471600000,10238.915030070473
1665475200000,10238.136685750474
1665478800000,10237.439685750474
1665482400000,10238.609285750474
1665486000000,10237.449885750473
1665489600000,10234.944085750474
1665493200000,10235.654685750475
1665496800000,10244.154685750475
1665500400000,10239.530685750475
1665504000000,10236.72275419619
1665507600000,10236.01895419619
1665511200000,10236.96415419619
1665514800000,10241.41815419619
1665518400000,10241.15635419619
1665522000000,10240.27235419619
1665525600000,10240.62935419619
1665529200000,10239.75895419619
1665532800000,10238.681343724224
1665536400000,10237.861943724225
1665540000000,10239.062143724224
1665543600000,10238.633743724224
1665547200000,10239.544943724224
1665550800000,10237.872143724224
1665554400000,10237.345143724224
1665558000000,10236.151743724224
1665561600000,10237.427100167111
1665565200000,10236.641700167113
1665568800000,10235.427900167111
1665572400000,10236.026300167112
1665576000000,10237.223100167112
1665579600000,10239.273300167111
1665583200000,10237.284300167112
1665586800000,10237.886100167112
1665590400000,10236.618345738209
1665594000000,10237.668945738209
1665597600000,10239.090145738208
1665601200000,10237.553345738208
1665604800000,10236.478945738208
1665608400000,10235.700345738209
1665612000000,10234.996545738208
1665615600000,10236.251145738208
1665619200000,10236.02435253729
1665622800000,10236.469752537289
1665626400000,10237.584952537289
1665630000000,10238.50975253729
1665633600000,10238.455352537288
1665637200000,10238.38735253729
1665640800000,10238.45875253729
1665644400000,10239.47195253729
1665648000000,10241.151565058643
1665651600000,10241.151565058643
1665655200000,10241.630965058643
1665658800000,10252.813565058643
1665662400000,10248.790762848672
1665666000000,10275.955242848671
1665669600000,10271.996122848672
1665673200000,10271.59738284867
1665676800000,10234.273257870083
1665680400000,10226.393997870084
1665684000000,10215.611298897971
1665687600000,10211.07143889797
1665691200000,10205.466836495167
1665694800000,10205.466836495167
1665698400000,10205.466836495167
1665702000000,10205.466836495167
1665705600000,10205.466836495167
1665709200000,10205.466836495167
1665712800000,10205.466836495167
1665716400000,10205.466836495167
1665720000000,10205.466836495167
1665723600000,10205.466836495167
1665727200000,10205.466836495167
1665730800000,10205.466836495167
1665734400000,10205.466836495167
1665738000000,10205.466836495167
1665741600000,10205.466836495167
1665745200000,10205.466836495167
1665748800000,10205.466836495167
1665752400000,10205.466836495167
1665756000000,10205.466836495167
1665759600000,10205.466836495167
1665763200000,10205.466836495167
1665766800000,10205.466836495167
1665770400000,10205.466836495167
1665774000000,10205.466836495167
1665777600000,10205.466836495167
1665781200000,10205.466836495167
1665784800000,10205.466836495167
1665788400000,10205.466836495167
1665792000000,10205.466836495167
1665795600000,10205.466836495167
1665799200000,10205.466836495167
1665802800000,10205.466836495167
1665806400000,10205.466836495167
1665810000000,10205.466836495167
1665813600000,10205.466836495167
1665817200000,10205.466836495167
1665820800000,10205.466836495167
1665824400000,10205.466836495167
1665828000000,10205.466836495167
1665831600000,10205.466836495167
1665835200000,10205.466836495167
1665838800000,10205.466836495167
1665842400000,10205.466836495167
1665846000000,10205.466836495167
1665849600000,10205.466836495167
1665853200000,10205.466836495167
1665856800000,10205.466836495167
1665860400000,10205.466836495167
1665864000000,10205.466836495167
1665867600000,10205.466836495167
1665871200000,10205.466836495167
1665874800000,10205.466836495167
1665878400000,10205.466836495167
1665882000000,10205.466836495167
1665885600000,10205.466836495167
1665889200000,10205.466836495167
1665892800000,10205.466836495167
1665896400000,10205.466836495167
1665900000000,10205.466836495167
1665903600000,10205.466836495167
1665907200000,10205.466836495167
1665910800000,10205.466836495167
1665914400000,10205.466836495167
1665918000000,10205.466836495167
1665921600000,10205.466836495167
1665925200000,10205.466836495167
1665928800000,10205.466836495167
1665932400000,10205.466836495167
1665936000000,10205.466836495167
1665939600000,10205.466836495167
1665943200000,10205.466836495167
1665946800000,10205.466836495167
1665950400000,10205.466836495167
1665954000000,10205.466836495167
1665957600000,10205.466836495167
1665961200000,10205.466836495167
1665964800000,10205.466836495167
1665968400000,10205.466836495167
1665972000000,10205.466836495167
1665975600000,10205.466836495167
1665979200000,10205.466836495167
1665982800000,10205.466836495167
1665986400000,10205.466836495167
1665990000000,10205.466836495167
1665993600000,10205.466836495167
1665997200000,10205.466836495167
1666000800000,10205.466836495167
1666004400000,10205.466836495167
1666008000000,10205.466836495167
1666011600000,10205.466836495167
1666015200000,10205.466836495167
1666018800000,10205.466836495167
1666022400000,10205.466836495167
1666026000000,10205.466836495167
1666029600000,10205.466836495167
1666033200000,10205.466836495167
1666036800000,10205.466836495167
1666040400000,10205.466836495167
1666044000000,10205.466836495167
1666047600000,10205.466836495167
1666051200000,10205.466836495167
1666054800000,10205.466836495167
1666058400000,10205.466836495167
1666062000000,10205.466836495167
1666065600000,10205.466836495167
1666069200000,10205.466836495167
1666072800000,10205.466836495167
1666076400000,10205.466836495167
1666080000000,10205.466836495167
1666083600000,10205.466836495167
1666087200000,10205.466836495167
1666090800000,10205.466836495167
1666094400000,10205.466836495167
1666098000000,10205.466836495167
1666101600000,10205.466836495167
1666105200000,10205.466836495167
1666108800000,10205.466836495167
1666112400000,10205.466836495167
1666116000000,10205.466836495167
1666119600000,10205.466836495167
1666123200000,10205.466836495167
1666126800000,10205.466836495167
1666130400000,10205.466836495167
1666134000000,10205.466836495167
1666137600000,10205.466836495167
1666141200000,10205.466836495167
1666144800000,10205.466836495167
1666148400000,10205.466836495167
1666152000000,10205.466836495167
1666155600000,10205.466836495167
1666159200000,10205.466836495167
1666162800000,10205.466836495167
1666166400000,10205.466836495167
1666170000000,10205.466836495167
1666173600000,10205.466836495167
1666177200000,10205.466836495167
1666180800000,10205.466836495167
1666184400000,10205.466836495167
1666188000000,10205.466836495167
1666191600000,10205.466836495167
1666195200000,10205.466836495167
1666198800000,10205.466836495167
1666202400000,10205.466836495167
1666206000000,10205.466836495167
1666209600000,10205.466836495167
1666213200000,10205.466836495167
1666216800000,10205.466836495167
1666220400000,10205.466836495167
1666224000000,10205.466836495167
1666227600000,10205.466836495167
1666231200000,10205.466836495167
1666234800000,10205.466836495167
1666238400000,10205.466836495167
1666242000000,10205.466836495167
1666245600000,10205.466836495167
1666249200000,10205.466836495167
1666252800000,10205.466836495167
1666256400000,10205.466836495167
1666260000000,10205.466836495167
1666263600000,10205.466836495167
1666267200000,10205.466836495167
1666270800000,10205.466836495167
1666274400000,10205.466836495167
1666278000000,10205.466836495167
1666281600000,10205.466836495167
1666285200000,10205.466836495167
1666288800000,10205.466836495167
1666292400000,10205.466836495167
1666296000000,10205.466836495167
1666299600000,10205.466836495167
1666303200000,10205.466836495167
1666306800000,10205.466836495167
1666310400000,10205.466836495167
1666314000000,10205.466836495167
1666317600000,10205.466836495167
1666321200000,10205.466836495167
1666324800000,10205.466836495167
1666328400000,10205.466836495167
1666332000000,10205.466836495167
1666335600000,10205.466836495167
1666339200000,10205.466836495167
1666342800000,10205.466836495167
1666346400000,10205.466836495167
1666350000000,10205.466836495167
1666353600000,10205.466836495167
1666357200000,10205.466836495167
1666360800000,10205.466836495167
1666364400000,10205.466836495167
1666368000000,10205.466836495167
1666371600000,10205.466836495167
1666375200000,10205.466836495167
1666378800000,10205.466836495167
1666382400000,10205.466836495167
1666386000000,10205.466836495167
1666389600000,10205.466836495167
1666393200000,10205.466836495167
1666396800000,10205.466836495167
1666400400000,10205.466836495167
1666404000000,10205.466836495167
1666407600000,10205.466836495167
1666411200000,10205.466836495167
1666414800000,10205.466836495167
1666418400000,10205.466836495167
1666422000000,10205.466836495167
1666425600000,10205.466836495167
1666429200000,10205.466836495167
1666432800000,10205.466836495167
1666436400000,10205.466836495167
1666440000000,10205.466836495167
1666443600000,10205.466836495167
1666447200000,10205.466836495167
1666450800000,10205.466836495167
1666454400000,10205.466836495167
1666458000000,10205.466836495167
1666461600000,10205.466836495167
1666465200000,10205.466836495167
1666468800000,10205.466836495167
1666472400000,10205.466836495167
1666476000000,10205.466836495167
1666479600000,10205.466836495167
1666483200000,10205.466836495167
1666486800000,10205.466836495167
1666490400000,10205.466836495167
1666494000000,10205.466836495167
1666497600000,10205.466836495167
1666501200000,10205.466836495167
1666504800000,10205.466836495167
1666508400000,10205.466836495167
1666512000000,10205.466836495167
1666515600000,10205.466836495167
1666519200000,10205.466836495167
1666522800000,10205.466836495167
1666526400000,10205.466836495167
1666530000000,10205.466836495167
1666533600000,10205.466836495167
1666537200000,10205.466836495167
1666540800000,10205.466836495167
1666544400000,10205.466836495167
1666548000000,10205.466836495167
1666551600000,10205.466836495167
1666555200000,10205.466836495167
1666558800000,10205.466836495167
1666562400000,10205.466836495167
1666566000000,10205.466836495167
1666569600000,10205.466836495167
1666573200000,10205.466836495167
1666576800000,10205.466836495167
1666580400000,10205.466836495167
1666584000000,10205.466836495167
1666587600000,10205.466836495167
1666591200000,10205.466836495167
1666594800000,10205.466836495167
1666598400000,10205.466836495167
1666602000000,10205.466836495167
1666605600000,10205.466836495167
1666609200000,10205.466836495167
1666612800000,10205.466836495167
1666616400000,10205.466836495167
1666620000000,10205.466836495167
1666623600000,10205.466836495167
1666627200000,10205.466836495167
1666630800000,10205.466836495167
1666634400000,10205.466836495167
1666638000000,10205.466836495167
1666641600000,10205.466836495167
1666645200000,10205.466836495167
1666648800000,10205.466836495167
1666652400000,10205.466836495167
1666656000000,10205.466836495167
1666659600000,10205.466836495167
1666663200000,10205.466836495167
1666666800000,10205.466836495167
1666670400000,10205.466836495167
1666674000000,10205.466836495167
1666677600000,10205.466836495167
1666681200000,10205.466836495167
1666684800000,10205.466836495167
1666688400000,10205.466836495167
1666692000000,10205.466836495167
1666695600000,10205.466836495167
1666699200000,10205.466836495167
1666702800000,10205.466836495167
1666706400000,10205.466836495167
1666710000000,10205.466836495167
1666713600000,10205.466836495167
1666717200000,10205.466836495167
1666720800000,10205.466836495167
1666724400000,10205.466836495167
1666728000000,10204.42294025883
1666731600000,10201.41994025883
1666735200000,10201.614940258829
1666738800000,10196.53714025883
1666742400000,10198.079583799883
1666746000000,10200.712083799883
1666749600000,10203.422583799884
1666753200000,10201.960083799884
1666756800000,10203.378218229534
1666760400000,10199.956358229534
1666764000000,10200.035918229532
1666767600000,10204.229198229534
1666771200000,10214.663959306146
1666774800000,10233.992749306146
1666778400000,10228.129879306147
1666782000000,10234.175659306147
1666785600000,10228.372069306146
1666789200000,10225.208779306147
1666792800000,10232.588359306146
1666796400000,10251.117649306147
1666800000000,10248.928100643912
1666803600000,10237.441820643913
1666807200000,10245.967610643915
1666810800000,10236.477740643912
1666814400000,10244.400590643912
1666818000000,10239.740480643914
1666821600000,10239.744770643912
1666825200000,10247.621210643912
1666828800000,10243.833834305235
1666832400000,10242.663054305236
1666836000000,10241.955984305236
1666839600000,10237.415604305235
1666843200000,10241.505144305236
1666846800000,10244.347854305237
1666850400000,10245.571674305236
1666854000000,10239.053214305235
1666857600000,10239.753496862373
1666861200000,10238.443876862373
1666864800000,10233.865666862372
1666868400000,10230.698476862373
1666872000000,10233.775186862373
1666875600000,10242.547846862371
1666879200000,10230.220726862373
1666882800000,10232.837626862374
1666886400000,10232.228888812519
1666890000000,10232.395028812518
1666893600000,10234.687448812518
1666897200000,10235.76852881252
1666900800000,10238.480978812519
1666904400000,10219.590938812518
1666908000000,10219.117478812519
1666911600000,10212.531938812519
1666915200000,10211.329894853548
1666918800000,10211.90280485355
1666922400000,10216.057864853548
1666926000000,10205.775124853548
1666929600000,10210.058884853548
1666933200000,10208.34561485355
1666936800000,10213.34541485355
1666940400000,10209.406414853547
1666944000000,10197.254851365826
1666947600000,10199.223181365827
1666951200000,10200.118621365826
1666954800000,10198.835521365827
1666958400000,10197.609751365826
1666962000000,10201.246111365826
1666965600000,10210.539031365826
1666969200000,10207.514191365826
1666972800000,10208.538285990511
1666976400000,10216.54810599051
1666980000000,10213.25845599051
1666983600000,10213.73893599051
1666987200000,10214.364105990511
1666990800000,10214.75995599051
1666994400000,10214.142975990511
1666998000000,10214.33953599051
1667001600000,10213.161144777738
1667005200000,10213.051944777737
1667008800000,10212.945474777736
1667012400000,10218.552894777737
1667016000000,10222.555074777738
1667019600000,10220.698674777737
1667023200000,10220.695944777737
1667026800000,10221.200994777737
1667030400000,10223.665999799161
1667034000000,10233.496729799162
1667037600000,10234.042729799163
1667041200000,10231.279969799161
1667044800000,10229.543689799162
1667048400000,10233.010789799162
1667052000000,10231.858729799162
1667055600000,10230.996049799161
1667059200000,10233.390255363081
1667062800000,10231.38367536308
1667066400000,10225.456395363082
1667070000000,10229.968635363082
1667073600000,10228.59019536308
1667077200000,10229.685885363082
1667080800000,10228.628235363081
1667084400000,10222.226175363081
1667088000000,10226.889250859273
1667091600000,10219.923820859272
1667095200000,10223.90683085927
1667098800000,10224.744310859272
1667102400000,10226.112430859272
1667106000000,10224.758980859271
1667109600000,10227.418090859272
1667113200000,10233.151120859273
1667116800000,10230.442092094727
1667120400000,10224.881262094728
1667124000000,10215.771312094728
1667127600000,10216.187922094727
1667131200000,10220.710782094728
1667134800000,10218.418422094728
1667138400000,10211.017782094726
1667142000000,10218.478962094727
1667145600000,10212.618117965674
1667149200000,10209.935967965675
1667152800000,10212.102327965675
1667156400000,10213.875627965674
1667160000000,10212.657747965673
1667163600000,10215.461967965673
1667167200000,10214.896467965675
1667170800000,10209.598047965676
1667174400000,10212.477215757825
1667178000000,10208.405855757825
1667181600000,10204.873415757824
1667185200000,10202.985455757824
1667188800000,10206.858425757824
1667192400000,10209.072245757825
1667196000000,10209.509165757825
1667199600000,10207.987505757825
1667203200000,10209.45662272329
1667206800000,10205.027362723291
1667210400000,10223.55719272329
1667214000000,10226.473342723291
1667217600000,10223.89943272329
1667221200000,10221.68780272329
1667224800000,10194.334282561189
1667228400000,10186.228038700096
1667232000000,10186.228038700096
1667235600000,10186.228038700096
1667239200000,10186.228038700096
1667242800000,10186.228038700096
1667246400000,10186.228038700096
1667250000000,10186.228038700096
1667253600000,10186.228038700096
1667257200000,10186.228038700096
1667260800000,10186.228038700096
1667264400000,10186.228038700096
1667268000000,10186.228038700096
1667271600000,10186.228038700096
1667275200000,10186.228038700096
1667278800000,10186.228038700096
1667282400000,10186.228038700096
1667286000000,10186.228038700096
1667289600000,10186.228038700096
1667293200000,10186.228038700096
1667296800000,10186.228038700096
1667300400000,10186.228038700096
1667304000000,10186.228038700096
1667307600000,10186.228038700096
1667311200000,10186.228038700096
1667314800000,10186.228038700096
1667318400000,10186.228038700096
1667322000000,10186.228038700096
1667325600000,10186.228038700096
1667329200000,10186.228038700096
1667332800000,10186.228038700096
1667336400000,10186.228038700096
1667340000000,10186.228038700096
1667343600000,10186.228038700096
1667347200000,10186.228038700096
1667350800000,10186.228038700096
1667354400000,10186.228038700096
1667358000000,10186.228038700096
1667361600000,10186.228038700096
1667365200000,10186.228038700096
1667368800000,10186.228038700096
1667372400000,10186.228038700096
1667376000000,10186.228038700096
1667379600000,10186.228038700096
1667383200000,10186.228038700096
1667386800000,10186.228038700096
1667390400000,10186.228038700096
1667394000000,10186.228038700096
1667397600000,10186.228038700096
1667401200000,10186.228038700096
1667404800000,10186.228038700096
1667408400000,10186.228038700096
1667412000000,10186.228038700096
1667415600000,10186.228038700096
1667419200000,10186.228038700096
1667422800000,10186.228038700096
1667426400000,10186.228038700096
1667430000000,10186.228038700096
1667433600000,10186.228038700096
1667437200000,10186.228038700096
1667440800000,10186.228038700096
1667444400000,10186.228038700096
1667448000000,10186.228038700096
1667451600000,10186.228038700096
1667455200000,10186.228038700096
1667458800000,10186.228038700096
1667462400000,10186.228038700096
1667466000000,10186.228038700096
1667469600000,10186.228038700096
1667473200000,10186.228038700096
1667476800000,10186.228038700096
1667480400000,10186.228038700096
1667484000000,10186.228038700096
1667487600000,10186.228038700096
1667491200000,10186.228038700096
1667494800000,10186.228038700096
1667498400000,10186.228038700096
1667502000000,10186.228038700096
1667505600000,10186.228038700096
1667509200000,10186.228038700096
1667512800000,10186.228038700096
1667516400000,10186.228038700096
1667520000000,10186.228038700096
1667523600000,10186.228038700096
1667527200000,10186.228038700096
1667530800000,10186.228038700096
1667534400000,10186.228038700096
1667538000000,10186.228038700096
1667541600000,10186.228038700096
1667545200000,10186.228038700096
1667548800000,10186.228038700096
1667552400000,10186.228038700096
1667556000000,10186.228038700096
1667559600000,10186.228038700096
1667563200000,10186.228038700096
1667566800000,10186.228038700096
1667570400000,10186.228038700096
1667574000000,10186.228038700096
1667577600000,10186.228038700096
1667581200000,10186.228038700096
1667584800000,10186.228038700096
1667588400000,10186.228038700096
1667592000000,10183.48042644835
1667595600000,10185.09607644835
1667599200000,10187.730596448351
1667602800000,10188.61054644835
1667606400000,10185.738686880519
1667610000000,10196.63201688052
1667613600000,10194.922256880518
1667617200000,10193.624586880518
1667620800000,10195.788966880518
1667624400000,10193.159566880518
1667628000000,10193.393376880518
1667631600000,10195.632556880519
1667635200000,10194.554743038472
1667638800000,10190.004403038472
1667642400000,10189.104143038472
1667646000000,10190.098363038473
1667649600000,10195.054793038471
1667653200000,10189.520193038472
1667656800000,10187.251513038473
1667660400000,10185.598643038473
1667664000000,10188.654990617602
1667667600000,10189.067870617602
1667671200000,10189.410560617602
1667674800000,10186.240330617602
1667678400000,10188.317920617603
1667682000000,10188.579270617602
1667685600000,10188.331660617603
1667689200000,10187.738650617603
1667692800000,10185.719807088353
1667696400000,10186.955717088353
1667700000000,10181.120877088351
1667703600000,10181.684897088353
1667707200000,10182.294717088353
1667710800000,10181.948237088352
1667714400000,10178.163887088353
1667718000000,10179.739497088352
1667721600000,10181.45933172771
1667725200000,10185.248981727711
1667728800000,10184.20025172771
1667732400000,10184.98473172771
1667736000000,10182.77398172771
1667739600000,10181.503051727712
1667743200000,10181.569131727712
1667746800000,10183.34706172771
1667750400000,10182.598030316725
1667754000000,10182.494020316724
1667757600000,10180.831060316725
1667761200000,10179.227610316726
1667764800000,10178.003300316726
1667768400000,10179.128190316726
1667772000000,10174.049170316724
1667775600000,10173.999360316726
1667779200000,10158.210342253822
1667782800000,10158.210342253822
1667786400000,10158.210342253822
1667790000000,10158.210342253822
1667793600000,10158.210342253822
1667797200000,10158.210342253822
1667800800000,10158.210342253822
1667804400000,10158.210342253822
1667808000000,10158.210342253822
1667811600000,10158.210342253822
1667815200000,10158.210342253822
1667818800000,10158.210342253822
1667822400000,10158.210342253822
1667826000000,10158.210342253822
1667829600000,10158.210342253822
1667833200000,10158.210342253822
1667836800000,10158.210342253822
1667840400000,10158.210342253822
1667844000000,10158.210342253822
1667847600000,10158.210342253822
1667851200000,10158.210342253822
1667854800000,10158.210342253822
1667858400000,10158.210342253822
1667862000000,10158.210342253822
1667865600000,10158.210342253822
1667869200000,10158.210342253822
1667872800000,10158.210342253822
1667876400000,10158.210342253822
1667880000000,10158.210342253822
1667883600000,10158.210342253822
1667887200000,10158.210342253822
1667890800000,10158.210342253822
1667894400000,10158.210342253822
1667898000000,10158.210342253822
1667901600000,10158.210342253822
1667905200000,10158.210342253822
1667908800000,10158.210342253822
1667912400000,10158.210342253822
1667916000000,10158.210342253822
1667919600000,10158.210342253822
1667923200000,10158.210342253822
1667926800000,10158.210342253822
1667930400000,10158.210342253822
1667934000000,10158.210342253822
1667937600000,10155.353184630956
1667941200000,10158.368104630956
1667944800000,10150.597884630955
1667948400000,10154.397674630956
1667952000000,10150.994463171563
1667955600000,10156.384143171563
1667959200000,10156.119283171562
1667962800000,10160.759273171563
1667966400000,10157.160463171562
1667970000000,10158.740543171562
1667973600000,10156.625763171563
1667977200000,10158.298063171562
1667980800000,10161.083568349331
1667984400000,10164.19472834933
1667988000000,10172.16274834933
1667991600000,10177.109278349331
1667995200000,10172.687978349331
1667998800000,10173.187058349331
1668002400000,10176.427818349332
1668006000000,10173.517478349331
1668009600000,10187.753985944615
1668013200000,10186.835775944615
1668016800000,10189.530755944616
1668020400000,10193.487015944616
1668024000000,10187.795465944615
1668027600000,10199.029235944616
1668031200000,10212.025975944614
1668034800000,10209.189005944616
1668038400000,10209.980761465304
1668042000000,10199.845771465303
1668045600000,10202.566751465303
1668049200000,10200.514971465303
1668052800000,10196.069761465304
1668056400000,10193.263591465304
1668060000000,10189.674861465304
1668063600000,10191.194261465305
1668067200000,10188.492705828266
1668070800000,10186.025895828267
1668074400000,10187.755835828268
1668078000000,10194.483025828267
1668081600000,10193.081545828267
1668085200000,10187.724475828267
1668088800000,10167.898505828267
1668092400000,10164.177885828267
1668096000000,10162.47210580082
1668099600000,10159.79410580082
1668103200000,10166.564505800821
1668106800000,10164.819905800821
1668110400000,10163.58360580082
1668114000000,10155.65880580082
1668117600000,10158.56430580082
1668121200000,10158.93480580082
1668124800000,10161.412320866404
1668128400000,10162.224820866404
1668132000000,10166.599320866404
1668135600000,10166.930820866404
1668139200000,10168.563620866404
1668142800000,10168.342620866404
1668146400000,10164.268420866403
1668150000000,10166.366620866404
1668153600000,10164.47426084169
1668157200000,10164.656260841688
1668160800000,10164.389760841688
1668164400000,10165.073560841689
1668168000000,10165.104760841688
1668171600000,10163.881460841689
1668175200000,10166.138260841688
1668178800000,10169.308960841689
1668182400000,10170.669041081597
1668186000000,10171.914441081599
1668189600000,10170.190641081597
1668193200000,10171.733741081598
1668196800000,10171.411341081599
1668200400000,10173.779941081599
1668204000000,10171.681741081598
1668207600000,10170.388241081599
1668211200000,10168.782783176537
1668214800000,10170.776983176538
1668218400000,10171.004483176537
1668222000000,10170.731483176538
1668225600000,10170.510483176537
1668229200000,10172.976583176538
1668232800000,10173.473183176537
1668236400000,10172.459183176537
1668240000000,10171.736325376016
1668243600000,10171.499725376016
1668247200000,10171.124025376015
1668250800000,10171.252725376016
1668254400000,10170.927725376016
1668258000000,10171.372325376016
1668261600000,10171.494525376016
1668265200000,10170.562425376016
1668268800000,10170.288173545357
1668272400000,10170.931673545358
1668276000000,10170.814673545357
1668279600000,10171.038273545357
1668283200000,10170.802973545357
1668286800000,10171.898873545357
1668290400000,10171.829973545357
1668294000000,10171.542673545357
1668297600000,10171.902200705958
1668301200000,10171.429000705957
1668304800000,10170.946700705957
1668308400000,10170.834900705959
1668312000000,10170.509900705958
1668315600000,10171.243100705959
1668319200000,10171.328900705957
1668322800000,10173.879500705958
1668326400000,10172.493266492309
1668330000000,10173.897266492308
1668333600000,10175.42996649231
1668337200000,10174.686366492308
1668340800000,10173.798466492308
1668344400000,10174.371766492308
1668348000000,10173.742566492308
1668351600000,10174.105266492308
1668355200000,10175.005731749798
1668358800000,10174.727531749799
1668362400000,10175.090231749798
1668366000000,10175.623231749798
1668369600000,10175.195531749798
1668373200000,10176.071731749798
1668376800000,10177.579731749798
1668380400000,10176.9440317498
1668384000000,10178.254149004404
1668387600000,10179.108249004405
1668391200000,10181.046549004404
1668394800000,10179.834949004404
1668398400000,10180.566849004405
1668402000000,10182.606549004404
1668405600000,10183.924749004404
1668409200000,10173.44195466034
1668412800000,10173.44195466034
1668416400000,10173.44195466034
1668420000000,10173.44195466034
1668423600000,10173.44195466034
1668427200000,10173.44195466034
1668430800000,10173.44195466034
1668434400000,10173.44195466034
1668438000000,10173.44195466034
1668441600000,10173.44195466034
1668445200000,10173.44195466034
1668448800000,10173.44195466034
1668452400000,10173.44195466034
1668456000000,10173.44195466034
1668459600000,10173.44195466034
1668463200000,10173.44195466034
1668466800000,10173.44195466034
1668470400000,10173.44195466034
1668474000000,10173.44195466034
1668477600000,10173.44195466034
1668481200000,10173.44195466034
1668484800000,10173.44195466034
1668488400000,10173.44195466034
1668492000000,10173.44195466034
1668495600000,10173.44195466034
1668499200000,10173.44195466034
1668502800000,10173.44195466034
1668506400000,10173.44195466034
1668510000000,10173.44195466034
1668513600000,10173.44195466034
1668517200000,10173.44195466034
1668520800000,10173.44195466034
1668524400000,10173.44195466034
1668528000000,10173.44195466034
1668531600000,10173.44195466034
1668535200000,10173.44195466034
1668538800000,10173.44195466034
1668542400000,10173.44195466034
1668546000000,10173.44195466034
1668549600000,10173.44195466034
1668553200000,10173.44195466034
1668556800000,10173.44195466034
1668560400000,10173.44195466034
1668564000000,10173.44195466034
1668567600000,10173.44195466034
1668571200000,10173.44195466034
1668574800000,10173.44195466034
1668578400000,10173.44195466034
1668582000000,10173.44195466034
1668585600000,10173.44195466034
1668589200000,10173.44195466034
1668592800000,10173.44195466034
1668596400000,10173.44195466034
1668600000000,10173.44195466034
1668603600000,10173.44195466034
1668607200000,10173.44195466034
1668610800000,10173.44195466034
1668614400000,10173.44195466034
1668618000000,10173.44195466034
1668621600000,10173.44195466034
1668625200000,10173.44195466034
1668628800000,10173.44195466034
1668632400000,10173.44195466034
1668636000000,10173.44195466034
1668639600000,10173.44195466034
1668643200000,10173.44195466034
1668646800000,10173.44195466034
1668650400000,10173.44195466034
1668654000000,10173.44195466034
1668657600000,10173.44195466034
1668661200000,10173.44195466034
1668664800000,10173.44195466034
1668668400000,10173.44195466034
1668672000000,10173.44195466034
1668675600000,10173.44195466034
1668679200000,10173.44195466034
1668682800000,10173.44195466034
1668686400000,10173.44195466034
1668690000000,10173.44195466034
1668693600000,10173.44195466034
1668697200000,10173.44195466034
1668700800000,10173.44195466034
1668704400000,10173.44195466034
1668708000000,10173.44195466034
1668711600000,10173.44195466034
1668715200000,10173.44195466034
1668718800000,10173.44195466034
1668722400000,10173.44195466034
1668726000000,10173.44195466034
1668729600000,10173.44195466034
1668733200000,10173.44195466034
1668736800000,10173.44195466034
1668740400000,10173.44195466034
1668744000000,10173.44195466034
1668747600000,10173.44195466034
1668751200000,10173.44195466034
1668754800000,10173.44195466034
1668758400000,10173.44195466034
1668762000000,10173.44195466034
1668765600000,10173.44195466034
1668769200000,10173.44195466034
1668772800000,10173.44195466034
1668776400000,10173.44195466034
1668780000000,10173.44195466034
1668783600000,10173.44195466034
1668787200000,10173.44195466034
1668790800000,10173.44195466034
1668794400000,10173.44195466034
1668798000000,10173.44195466034
1668801600000,10173.44195466034
1668805200000,10173.44195466034
1668808800000,10173.44195466034
1668812400000,10173.44195466034
1668816000000,10173.44195466034
1668819600000,10173.44195466034
1668823200000,10173.44195466034
1668826800000,10173.44195466034
1668830400000,10173.44195466034
1668834000000,10173.44195466034
1668837600000,10173.44195466034
1668841200000,10173.44195466034
1668844800000,10173.44195466034
1668848400000,10173.44195466034
1668852000000,10173.44195466034
1668855600000,10173.44195466034
1668859200000,10173.44195466034
1668862800000,10173.44195466034
1668866400000,10173.44195466034
1668870000000,10173.44195466034
1668873600000,10173.44195466034
1668877200000,10173.44195466034
1668880800000,10173.44195466034
1668884400000,10173.44195466034
1668888000000,10173.44195466034
1668891600000,10173.44195466034
1668895200000,10173.44195466034
1668898800000,10173.44195466034
1668902400000,10173.44195466034
1668906000000,10173.44195466034
1668909600000,10173.44195466034
1668913200000,10173.44195466034
1668916800000,10173.44195466034
1668920400000,10173.44195466034
1668924000000,10173.44195466034
1668927600000,10173.44195466034
1668931200000,10173.44195466034
1668934800000,10173.44195466034
1668938400000,10173.44195466034
1668942000000,10173.44195466034
1668945600000,10173.44195466034
1668949200000,10173.44195466034
1668952800000,10173.44195466034
1668956400000,10173.44195466034
1668960000000,10173.44195466034
1668963600000,10173.44195466034
1668967200000,10173.44195466034
1668970800000,10173.44195466034
1668974400000,10173.44195466034
1668978000000,10173.44195466034
1668981600000,10173.44195466034
1668985200000,10173.44195466034
1668988800000,10173.44195466034
1668992400000,10173.44195466034
1668996000000,10173.44195466034
1668999600000,10173.44195466034
1669003200000,10173.44195466034
1669006800000,10173.44195466034
1669010400000,10173.44195466034
1669014000000,10173.44195466034
1669017600000,10173.44195466034
1669021200000,10173.44195466034
1669024800000,10173.44195466034
1669028400000,10173.44195466034
1669032000000,10173.44195466034
1669035600000,10173.44195466034
1669039200000,10173.44195466034
1669042800000,10173.44195466034
1669046400000,10173.44195466034
1669050000000,10173.44195466034
1669053600000,10173.44195466034
1669057200000,10173.44195466034
1669060800000,10170.569994179466
1669064400000,10162.663514179469
1669068000000,10174.756174179467
1669071600000,10163.787134179469
1669075200000,10163.937369689573
1669078800000,10159.680109689572
1669082400000,10164.561459689572
1669086000000,10157.464609689572
1669089600000,10161.972549689572
1669093200000,10164.307599689571
1669096800000,10164.637929689572
1669100400000,10177.411299689573
1669104000000,10169.935747610698
1669107600000,10172.894887610699
1669111200000,10176.541227610698
1669114800000,10168.175227610698
1669118400000,10172.0667476107
1669122000000,10163.341747610699
1669125600000,10138.7043276107
1669129200000,10141.488997610699
1669132800000,10129.97234600609
1669136400000,10132.32685600609
1669140000000,10134.63547600609
1669143600000,10131.666746006089
1669147200000,10131.90325600609
1669150800000,10131.92090600609
1669154400000,10131.32080600609
1669158000000,10128.253236006089
1669161600000,10127.691732125797
1669165200000,10129.569692125799
1669168800000,10130.466312125798
1669172400000,10118.556245259238
1669176000000,10118.556245259238
1669179600000,10118.556245259238
1669183200000,10118.556245259238
1669186800000,10118.556245259238
1669190400000,10118.556245259238
1669194000000,10118.556245259238
1669197600000,10118.556245259238
1669201200000,10118.556245259238
1669204800000,10118.556245259238
1669208400000,10118.556245259238
1669212000000,10118.556245259238
1669215600000,10118.556245259238
1669219200000,10118.556245259238
1669222800000,10118.556245259238
1669226400000,10118.556245259238
1669230000000,10118.556245259238
1669233600000,10118.556245259238
1669237200000,10118.556245259238
1669240800000,10118.556245259238
1669244400000,10118.556245259238
1669248000000,10118.556245259238
1669251600000,10118.556245259238
1669255200000,10118.556245259238
1669258800000,10118.556245259238
1669262400000,10118.556245259238
1669266000000,10118.556245259238
1669269600000,10118.556245259238
1669273200000,10118.556245259238
1669276800000,10118.556245259238
1669280400000,10118.556245259238
1669284000000,10118.556245259238
1669287600000,10118.556245259238
1669291200000,10118.556245259238
1669294800000,10118.556245259238
1669298400000,10118.556245259238
1669302000000,10118.556245259238
1669305600000,10118.556245259238
1669309200000,10118.556245259238
1669312800000,10118.556245259238
1669316400000,10118.556245259238
1669320000000,10118.556245259238
1669323600000,10118.556245259238
1669327200000,10118.556245259238
1669330800000,10118.556245259238
1669334400000,10118.556245259238
1669338000000,10118.556245259238
1669341600000,10118.556245259238
1669345200000,10118.556245259238
1669348800000,10118.556245259238
1669352400000,10118.556245259238
1669356000000,10118.556245259238
1669359600000,10118.556245259238
1669363200000,10118.556245259238
1669366800000,10118.556245259238
1669370400000,10118.556245259238
1669374000000,10118.556245259238
1669377600000,10118.556245259238
1669381200000,10118.556245259238
1669384800000,10118.556245259238
1669388400000,10118.556245259238
1669392000000,10118.556245259238
1669395600000,10118.556245259238
1669399200000,10118.556245259238
1669402800000,10118.556245259238
1669406400000,10118.556245259238
1669410000000,10118.556245259238
1669413600000,10118.556245259238
1669417200000,10118.556245259238
1669420800000,10118.556245259238
1669424400000,10118.556245259238
1669428000000,10118.556245259238
1669431600000,10118.556245259238
1669435200000,10118.556245259238
1669438800000,10118.556245259238
1669442400000,10118.556245259238
1669446000000,10118.556245259238
1669449600000,10118.556245259238
1669453200000,10118.556245259238
1669456800000,10118.556245259238
1669460400000,10118.556245259238
1669464000000,10118.556245259238
1669467600000,10118.556245259238
1669471200000,10118.556245259238
1669474800000,10118.556245259238
1669478400000,10118.556245259238
1669482000000,10118.556245259238
1669485600000,10118.556245259238
1669489200000,10118.556245259238
1669492800000,10118.556245259238
1669496400000,10118.556245259238
1669500000000,10118.556245259238
1669503600000,10118.556245259238
1669507200000,10118.556245259238
1669510800000,10118.556245259238
1669514400000,10118.556245259238
1669518000000,10118.556245259238
1669521600000,10118.556245259238
1669525200000,10118.556245259238
1669528800000,10118.556245259238
1669532400000,10118.556245259238
1669536000000,10118.556245259238
1669539600000,10118.556245259238
1669543200000,10118.556245259238
1669546800000,10118.556245259238
1669550400000,10118.556245259238
1669554000000,10118.556245259238
1669557600000,10118.556245259238
1669561200000,10118.556245259238
1669564800000,10118.556245259238
1669568400000,10118.556245259238
1669572000000,10118.556245259238
1669575600000,10118.556245259238
1669579200000,10118.556245259238
1669582800000,10118.556245259238
1669586400000,10118.556245259238
1669590000000,10118.556245259238
1669593600000,10118.556245259238
1669597200000,10118.556245259238
1669600800000,10118.556245259238
1669604400000,10118.556245259238
1669608000000,10118.556245259238
1669611600000,10118.556245259238
1669615200000,10118.556245259238
1669618800000,10118.556245259238
1669622400000,10118.556245259238
1669626000000,10118.556245259238
1669629600000,10118.556245259238
1669633200000,10118.556245259238
1669636800000,10118.556245259238
1669640400000,10118.556245259238
1669644000000,10118.556245259238
1669647600000,10118.556245259238
1669651200000,10118.556245259238
1669654800000,10118.556245259238
1669658400000,10118.556245259238
1669662000000,10118.556245259238
1669665600000,10118.556245259238
1669669200000,10118.556245259238
1669672800000,10118.556245259238
1669676400000,10118.556245259238
1669680000000,10118.556245259238
1669683600000,10118.556245259238
1669687200000,10118.556245259238
1669690800000,10118.556245259238
1669694400000,10118.556245259238
1669698000000,10118.556245259238
1669701600000,10118.556245259238
1669705200000,10118.556245259238
1669708800000,10118.556245259238
1669712400000,10118.556245259238
1669716000000,10118.556245259238
1669719600000,10118.556245259238
1669723200000,10118.556245259238
1669726800000,10118.556245259238
1669730400000,10118.556245259238
1669734000000,10118.556245259238
1669737600000,10118.556245259238
1669741200000,10118.556245259238
1669744800000,10118.556245259238
1669748400000,10118.556245259238
1669752000000,10118.556245259238
1669755600000,10118.556245259238
1669759200000,10118.556245259238
1669762800000,10118.556245259238
1669766400000,10118.556245259238
1669770000000,10118.556245259238
1669773600000,10118.556245259238
1669777200000,10118.556245259238
1669780800000,10118.556245259238
1669784400000,10118.556245259238
1669788000000,10118.556245259238
1669791600000,10118.556245259238
1669795200000,10118.556245259238
1669798800000,10118.556245259238
1669802400000,10118.556245259238
1669806000000,10118.556245259238
1669809600000,10118.556245259238
1669813200000,10118.556245259238
1669816800000,10118.556245259238
1669820400000,10118.556245259238
1669824000000,10118.556245259238
1669827600000,10118.556245259238
1669831200000,10118.556245259238
1669834800000,10118.556245259238
1669838400000,10118.556245259238
1669842000000,10118.556245259238
1669845600000,10118.556245259238
1669849200000,10118.556245259238
1669852800000,10118.556245259238
1669856400000,10118.556245259238
1669860000000,10118.556245259238
1669863600000,10118.556245259238
1669867200000,10118.556245259238
1669870800000,10118.556245259238
1669874400000,10118.556245259238
1669878000000,10118.556245259238
1669881600000,10118.556245259238
1669885200000,10118.556245259238
1669888800000,10118.556245259238
1669892400000,10118.556245259238
1669896000000,10118.556245259238
1669899600000,10118.556245259238
1669903200000,10118.556245259238
1669906800000,10118.556245259238
1669910400000,10118.556245259238
1669914000000,10118.556245259238
1669917600000,10118.556245259238
1669921200000,10118.556245259238
1669924800000,10118.556245259238
1669928400000,10118.556245259238
1669932000000,10118.556245259238
1669935600000,10118.556245259238
1669939200000,10118.556245259238
1669942800000,10118.556245259238
1669946400000,10118.556245259238
1669950000000,10118.556245259238
1669953600000,10118.556245259238
1669957200000,10118.556245259238
1669960800000,10118.556245259238
1669964400000,10118.556245259238
1669968000000,10118.556245259238
1669971600000,10118.556245259238
1669975200000,10118.556245259238
1669978800000,10118.556245259238
1669982400000,10118.556245259238
1669986000000,10118.556245259238
1669989600000,10118.556245259238
1669993200000,10118.556245259238
1669996800000,10118.556245259238
1670000400000,10118.556245259238
1670004000000,10118.556245259238
1670007600000,10118.556245259238
1670011200000,10118.556245259238
1670014800000,10118.556245259238
1670018400000,10118.556245259238
1670022000000,10118.556245259238
1670025600000,10118.556245259238
1670029200000,10118.556245259238
1670032800000,10118.556245259238
1670036400000,10118.556245259238
1670040000000,10118.556245259238
1670043600000,10118.556245259238
1670047200000,10118.556245259238
1670050800000,10118.556245259238
1670054400000,10118.556245259238
1670058000000,10118.556245259238
1670061600000,10118.556245259238
1670065200000,10118.556245259238
1670068800000,10118.556245259238
1670072400000,10118.556245259238
1670076000000,10118.556245259238
1670079600000,10118.556245259238
1670083200000,10118.556245259238
1670086800000,10118.556245259238
1670090400000,10118.556245259238
1670094000000,10118.556245259238
1670097600000,10118.556245259238
1670101200000,10118.556245259238
1670104800000,10118.556245259238
1670108400000,10118.556245259238
1670112000000,10118.556245259238
1670115600000,10118.556245259238
1670119200000,10118.556245259238
1670122800000,10118.556245259238
1670126400000,10118.556245259238
1670130000000,10118.556245259238
1670133600000,10118.556245259238
1670137200000,10118.556245259238
1670140800000,10118.556245259238
1670144400000,10118.556245259238
1670148000000,10118.556245259238
1670151600000,10118.556245259238
1670155200000,10118.556245259238
1670158800000,10118.556245259238
1670162400000,10118.556245259238
1670166000000,10118.556245259238
1670169600000,10118.556245259238
1670173200000,10118.556245259238
1670176800000,10118.556245259238
1670180400000,10118.556245259238
1670184000000,10118.556245259238
1670187600000,10118.556245259238
1670191200000,10118.556245259238
1670194800000,10118.556245259238
1670198400000,10118.556245259238
1670202000000,10118.556245259238
1670205600000,10118.556245259238
1670209200000,10118.556245259238
1670212800000,10118.556245259238
1670216400000,10118.556245259238
1670220000000,10118.556245259238
1670223600000,10118.556245259238
1670227200000,10118.556245259238
1670230800000,10118.556245259238
1670234400000,10118.556245259238
1670238000000,10118.556245259238
1670241600000,10118.556245259238
1670245200000,10118.556245259238
1670248800000,10118.556245259238
1670252400000,10118.556245259238
1670256000000,10118.556245259238
1670259600000,10118.556245259238
1670263200000,10118.556245259238
1670266800000,10118.556245259238
1670270400000,10118.556245259238
1670274000000,10118.556245259238
1670277600000,10118.556245259238
1670281200000,10118.556245259238
1670284800000,10118.556245259238
1670288400000,10118.556245259238
1670292000000,10118.556245259238
1670295600000,10118.556245259238
1670299200000,10118.556245259238
1670302800000,10118.556245259238
1670306400000,10118.556245259238
1670310000000,10118.556245259238
1670313600000,10118.556245259238
1670317200000,10118.556245259238
1670320800000,10118.556245259238
1670324400000,10118.556245259238
1670328000000,10118.556245259238
1670331600000,10118.556245259238
1670335200000,10118.556245259238
1670338800000,10118.556245259238
1670342400000,10118.556245259238
1670346000000,10118.556245259238
1670349600000,10118.556245259238
1670353200000,10118.556245259238
1670356800000,10118.556245259238
1670360400000,10118.556245259238
1670364000000,10118.556245259238
1670367600000,10118.556245259238
1670371200000,10118.556245259238
1670374800000,10118.556245259238
1670378400000,10118.556245259238
1670382000000,10118.556245259238
1670385600000,10118.556245259238
1670389200000,10118.556245259238
1670392800000,10118.556245259238
1670396400000,10118.556245259238
1670400000000,10118.556245259238
1670403600000,10118.556245259238
1670407200000,10118.556245259238
1670410800000,10118.556245259238
1670414400000,10118.556245259238
1670418000000,10118.556245259238
1670421600000,10118.556245259238
1670425200000,10118.556245259238
1670428800000,10118.556245259238
1670432400000,10118.556245259238
1670436000000,10118.556245259238
1670439600000,10118.556245259238
1670443200000,10118.556245259238
1670446800000,10118.556245259238
1670450400000,10118.556245259238
1670454000000,10118.556245259238
1670457600000,10118.556245259238
1670461200000,10118.556245259238
1670464800000,10118.556245259238
1670468400000,10118.556245259238
1670472000000,10118.556245259238
1670475600000,10118.556245259238
1670479200000,10118.556245259238
1670482800000,10118.556245259238
1670486400000,10118.556245259238
1670490000000,10118.556245259238
1670493600000,10118.556245259238
1670497200000,10118.556245259238
1670500800000,10118.556245259238
1670504400000,10118.556245259238
1670508000000,10118.556245259238
1670511600000,10118.556245259238
1670515200000,10118.556245259238
1670518800000,10118.556245259238
1670522400000,10118.556245259238
1670526000000,10118.556245259238
1670529600000,10118.556245259238
1670533200000,10118.556245259238
1670536800000,10118.556245259238
1670540400000,10118.556245259238
1670544000000,10118.556245259238
1670547600000,10118.556245259238
1670551200000,10118.556245259238
1670554800000,10118.556245259238
1670558400000,10118.556245259238
1670562000000,10118.556245259238
1670565600000,10118.556245259238
1670569200000,10118.556245259238
1670572800000,10118.556245259238
1670576400000,10118.556245259238
1670580000000,10118.556245259238
1670583600000,10118.556245259238
1670587200000,10118.556245259238
1670590800000,10118.556245259238
1670594400000,10118.556245259238
1670598000000,10118.556245259238
1670601600000,10118.556245259238
1670605200000,10118.556245259238
1670608800000,10118.556245259238
1670612400000,10118.556245259238
1670616000000,10118.556245259238
1670619600000,10118.556245259238
1670623200000,10118.556245259238
1670626800000,10118.556245259238
1670630400000,10118.556245259238
1670634000000,10118.556245259238
1670637600000,10118.556245259238
1670641200000,10118.556245259238
1670644800000,10118.556245259238
1670648400000,10118.556245259238
1670652000000,10118.556245259238
1670655600000,10118.556245259238
1670659200000,10118.556245259238
1670662800000,10118.556245259238
1670666400000,10118.556245259238
1670670000000,10118.556245259238
1670673600000,10118.556245259238
1670677200000,10118.556245259238
1670680800000,10118.556245259238
1670684400000,10118.556245259238
1670688000000,10118.556245259238
1670691600000,10118.556245259238
1670695200000,10118.556245259238
1670698800000,10118.556245259238
1670702400000,10118.556245259238
1670706000000,10118.556245259238
1670709600000,10118.556245259238
1670713200000,10118.556245259238
1670716800000,10118.556245259238
1670720400000,10118.556245259238
1670724000000,10118.556245259238
1670727600000,10118.556245259238
1670731200000,10118.556245259238
1670734800000,10118.556245259238
1670738400000,10118.556245259238
1670742000000,10118.556245259238
1670745600000,10118.556245259238
1670749200000,10118.556245259238
1670752800000,10118.556245259238
1670756400000,10118.556245259238
1670760000000,10118.556245259238
1670763600000,10118.556245259238
1670767200000,10118.556245259238
1670770800000,10118.556245259238
1670774400000,10118.556245259238
1670778000000,10118.556245259238
1670781600000,10118.556245259238
1670785200000,10118.556245259238
1670788800000,10118.556245259238
1670792400000,10118.556245259238
1670796000000,10118.556245259238
1670799600000,10118.556245259238
1670803200000,10118.556245259238
1670806800000,10118.556245259238
1670810400000,10118.556245259238
1670814000000,10118.556245259238
1670817600000,10118.556245259238
1670821200000,10118.556245259238
1670824800000,10118.556245259238
1670828400000,10118.556245259238
1670832000000,10118.556245259238
1670835600000,10118.556245259238
1670839200000,10118.556245259238
1670842800000,10118.556245259238
1670846400000,10118.556245259238
1670850000000,10118.556245259238
1670853600000,10118.556245259238
1670857200000,10118.556245259238
1670860800000,10118.556245259238
1670864400000,10118.556245259238
1670868000000,10118.556245259238
1670871600000,10118.556245259238
1670875200000,10118.556245259238
1670878800000,10118.556245259238
1670882400000,10118.556245259238
1670886000000,10118.556245259238
1670889600000,10118.556245259238
1670893200000,10118.556245259238
1670896800000,10118.556245259238
1670900400000,10118.556245259238
1670904000000,10118.556245259238
1670907600000,10118.556245259238
1670911200000,10118.556245259238
1670914800000,10118.556245259238
1670918400000,10118.556245259238
1670922000000,10118.556245259238
1670925600000,10118.556245259238
1670929200000,10118.556245259238
1670932800000,10118.556245259238
1670936400000,10118.556245259238
1670940000000,10118.556245259238
1670943600000,10118.556245259238
1670947200000,10118.748372096708
1670950800000,10116.819552096707
1670954400000,10109.894772096708
1670958000000,10113.283382096708
1670961600000,10113.146362096708
1670965200000,10114.975052096708
1670968800000,10115.011942096708
1670972400000,10115.259632096708
1670976000000,10115.738086088679
1670979600000,10118.483756088679
1670983200000,10116.080636088678
1670986800000,10115.753896088678
1670990400000,10115.701196088678
1670994000000,10115.42715608868
1670997600000,10116.486426088679
1671001200000,10117.013426088679
1671004800000,10116.811951353679
1671008400000,10117.760551353678
1671012000000,10116.606421353677
1671015600000,10117.897571353678
1671019200000,10118.782931353679
1671022800000,10122.060871353679
1671026400000,10120.184751353678
1671030000000,10127.27290135368
1671033600000,10126.274859267678
1671037200000,10124.014029267679
1671040800000,10123.328929267678
1671044400000,10119.597769267679
1671048000000,10108.757379267678
1671051600000,10109.34234926768
1671055200000,10110.591339267678
1671058800000,10111.207929267679
1671062400000,10109.299770302678
1671066000000,10107.407840302678
1671069600000,10094.31637165962
1671073200000,10094.31637165962
1671076800000,10094.31637165962
1671080400000,10094.31637165962
1671084000000,10094.31637165962
1671087600000,10094.31637165962
1671091200000,10094.31637165962
1671094800000,10094.31637165962
1671098400000,10094.31637165962
1671102000000,10094.31637165962
1671105600000,10094.31637165962
1671109200000,10094.31637165962
1671112800000,10094.31637165962
1671116400000,10094.31637165962
1671120000000,10094.31637165962
1671123600000,10094.31637165962
1671127200000,10094.31637165962
1671130800000,10094.31637165962
1671134400000,10094.31637165962
1671138000000,10094.31637165962
1671141600000,10094.31637165962
1671145200000,10094.31637165962
1671148800000,10094.31637165962
1671152400000,10094.31637165962
1671156000000,10094.31637165962
1671159600000,10094.31637165962
1671163200000,10094.31637165962
1671166800000,10094.31637165962
1671170400000,10094.31637165962
1671174000000,10094.31637165962
1671177600000,10094.31637165962
1671181200000,10094.31637165962
1671184800000,10094.31637165962
1671188400000,10094.31637165962
1671192000000,10094.254290268897
1671195600000,10094.066850268897
1671199200000,10096.111650268898
1671202800000,10093.649370268897
1671206400000,10097.348975379939
1671210000000,10103.866775379938
1671213600000,10101.898655379937
1671217200000,10101.012575379938
1671220800000,10098.405455379938
1671224400000,10096.880375379938
1671228000000,10101.131855379937
1671231600000,10107.696515379937
1671235200000,10113.354406077491
1671238800000,10110.87508607749
1671242400000,10112.11474607749
1671246000000,10110.38518607749
1671249600000,10109.59708607749
1671253200000,10107.880306077492
1671256800000,10109.243506077491
1671260400000,10107.173146077492
1671264000000,10106.365426891547
1671267600000,10107.600826891547
1671271200000,10109.194066891547
1671274800000,10105.334506891546
1671278400000,10107.443206891547
1671282000000,10108.001266891546
1671285600000,10108.482646891547
1671289200000,10108.516726891547
1671292800000,10107.869315217895
1671296400000,10107.903395217894
1671300000000,10110.280475217894
1671303600000,10109.057855217894
1671307200000,10108.947095217894
1671310800000,10108.951355217894
1671314400000,10108.542395217893
1671318000000,10104.925655217894
1671321600000,10104.214514249985
1671325200000,10105.731074249985
1671328800000,10106.923874249984
1671332400000,10104.955754249984
1671336000000,10104.470114249985
1671339600000,10102.825754249985
1671343200000,10104.964274249984
1671346800000,10105.449914249984
1671350400000,10105.004184287687
1671354000000,10104.735804287688
1671357600000,10108.829664287689
1671361200000,10107.700764287689
1671364800000,10106.682624287689
1671368400000,10107.206604287689
1671372000000,10108.365324287688
1671375600000,10110.090624287688
1671379200000,10110.281549646686
1671382800000,10108.718129646686
1671386400000,10108.407149646686
1671390000000,10108.113209646686
1671393600000,10106.447549646686
1671397200000,10105.327169646685
1671400800000,10106.558309646685
1671404400000,10104.730769646685
1671408000000,10106.132247070056
1671411600000,10104.053367070055
1671415200000,10103.589027070055
1671418800000,10106.187627070056
1671422400000,10108.211127070055
1671426000000,10106.673267070055
1671429600000,10108.108887070055
1671433200000,10106.920347070056
1671436800000,10107.71557082456
1671440400000,10106.16919082456
1671444000000,10105.82413082456
1671447600000,10104.96361082456
1671451200000,10106.441830824559
1671454800000,10104.840070824559
1671458400000,10106.61649082456
1671462000000,10105.22773082456
1671465600000,10107.946851740364
1671469200000,10109.514531740364
1671472800000,10110.852171740364
1671476400000,10112.330391740363
1671480000000,10111.874571740364
1671483600000,10109.348391740363
1671487200000,10109.655111740363
1671490800000,10114.541331740364
1671494400000,10112.602592762429
1671498000000,10110.54927276243
1671501600000,10104.781232762429
1671505200000,10101.956852762429
1671508800000,10102.344512762429
1671512400000,10098.706738109096
1671516000000,10098.706738109096
1671519600000,10098.706738109096
1671523200000,10098.706738109096
1671526800000,10098.706738109096
1671530400000,10098.706738109096
1671534000000,10098.706738109096
1671537600000,10098.706738109096
1671541200000,10098.706738109096
1671544800000,10098.706738109096
1671548400000,10098.706738109096
1671552000000,10098.706738109096
1671555600000,10098.706738109096
1671559200000,10098.706738109096
1671562800000,10098.706738109096
1671566400000,10098.706738109096
1671570000000,10098.706738109096
1671573600000,10098.706738109096
1671577200000,10098.706738109096
1671580800000,10098.706738109096
1671584400000,10098.706738109096
1671588000000,10098.706738109096
1671591600000,10098.706738109096
1671595200000,10098.706738109096
1671598800000,10098.706738109096
1671602400000,10098.706738109096
1671606000000,10098.706738109096
1671609600000,10098.706738109096
1671613200000,10098.706738109096
1671616800000,10098.706738109096
1671620400000,10098.706738109096
1671624000000,10098.706738109096
1671627600000,10098.706738109096
1671631200000,10098.706738109096
1671634800000,10098.706738109096
1671638400000,10098.706738109096
1671642000000,10098.706738109096
1671645600000,10098.706738109096
1671649200000,10098.706738109096
1671652800000,10098.706738109096
1671656400000,10098.706738109096
1671660000000,10098.706738109096
1671663600000,10098.706738109096
1671667200000,10098.706738109096
1671670800000,10098.706738109096
1671674400000,10098.706738109096
1671678000000,10098.706738109096
1671681600000,10098.706738109096
1671685200000,10098.706738109096
1671688800000,10098.706738109096
1671692400000,10098.706738109096
1671696000000,10098.706738109096
1671699600000,10098.706738109096
1671703200000,10098.706738109096
1671706800000,10098.706738109096
1671710400000,10098.706738109096
1671714000000,10098.706738109096
1671717600000,10098.706738109096
1671721200000,10098.706738109096
1671724800000,10098.706738109096
1671728400000,10098.706738109096
1671732000000,10098.706738109096
1671735600000,10098.706738109096
1671739200000,10098.706738109096
1671742800000,10098.706738109096
1671746400000,10098.706738109096
1671750000000,10098.706738109096
1671753600000,10098.706738109096
1671757200000,10098.706738109096
1671760800000,10098.706738109096
1671764400000,10098.706738109096
1671768000000,10098.706738109096
1671771600000,10098.706738109096
1671775200000,10098.706738109096
1671778800000,10098.706738109096
1671782400000,10098.706738109096
1671786000000,10098.706738109096
1671789600000,10098.706738109096
1671793200000,10098.706738109096
1671796800000,10098.706738109096
1671800400000,10098.706738109096
1671804000000,10098.706738109096
1671807600000,10098.706738109096
1671811200000,10098.706738109096
1671814800000,10098.706738109096
1671818400000,10098.706738109096
1671822000000,10098.706738109096
1671825600000,10098.706738109096
1671829200000,10098.706738109096
1671832800000,10098.706738109096
1671836400000,10098.706738109096
1671840000000,10098.706738109096
1671843600000,10098.706738109096
1671847200000,10098.706738109096
1671850800000,10098.706738109096
1671854400000,10098.706738109096
1671858000000,10098.706738109096
1671861600000,10098.706738109096
1671865200000,10098.706738109096
1671868800000,10098.706738109096
1671872400000,10098.706738109096
1671876000000,10098.706738109096
1671879600000,10098.706738109096
1671883200000,10098.706738109096
1671886800000,10098.706738109096
1671890400000,10098.706738109096
1671894000000,10098.706738109096
1671897600000,10098.706738109096
1671901200000,10098.706738109096
1671904800000,10098.706738109096
1671908400000,10098.706738109096
1671912000000,10098.706738109096
1671915600000,10098.706738109096
1671919200000,10098.706738109096
1671922800000,10098.706738109096
1671926400000,10098.706738109096
1671930000000,10098.706738109096
1671933600000,10098.706738109096
1671937200000,10098.706738109096
1671940800000,10098.706738109096
1671944400000,10098.706738109096
1671948000000,10098.706738109096
1671951600000,10098.706738109096
1671955200000,10098.706738109096
1671958800000,10098.706738109096
1671962400000,10098.706738109096
1671966000000,10098.706738109096
1671969600000,10098.706738109096
1671973200000,10098.706738109096
1671976800000,10098.706738109096
1671980400000,10098.706738109096
1671984000000,10098.706738109096
1671987600000,10098.706738109096
1671991200000,10098.706738109096
1671994800000,10098.706738109096
1671998400000,10098.706738109096
1672002000000,10098.706738109096
1672005600000,10098.706738109096
1672009200000,10098.706738109096
1672012800000,10098.706738109096
1672016400000,10098.706738109096
1672020000000,10098.706738109096
1672023600000,10098.706738109096
1672027200000,10098.706738109096
1672030800000,10098.706738109096
1672034400000,10098.706738109096
1672038000000,10098.706738109096
1672041600000,10098.706738109096
1672045200000,10098.706738109096
1672048800000,10098.706738109096
1672052400000,10098.706738109096
1672056000000,10098.706738109096
1672059600000,10098.706738109096
1672063200000,10098.706738109096
1672066800000,10098.706738109096
1672070400000,10098.706738109096
1672074000000,10098.706738109096
1672077600000,10098.706738109096
1672081200000,10098.706738109096
1672084800000,10098.706738109096
1672088400000,10098.706738109096
1672092000000,10098.706738109096
1672095600000,10098.706738109096
1672099200000,10098.706738109096
1672102800000,10098.706738109096
1672106400000,10098.706738109096
1672110000000,10098.706738109096
1672113600000,10098.706738109096
1672117200000,10098.706738109096
1672120800000,10098.706738109096
1672124400000,10098.706738109096
1672128000000,10096.488368321403
1672131600000,10093.121968321402
1672135200000,10097.678768321402
1672138800000,10095.169968321403
1672142400000,10091.803568321404
1672146000000,10089.461168321403
1672149600000,10090.280368321402
1672153200000,10082.344368321403
1672156800000,10086.628834750387
1672160400000,10084.939234750387
1672164000000,10062.942262003467
1672167600000,10062.942262003467
1672171200000,10062.942262003467
1672174800000,10062.942262003467
1672178400000,10062.942262003467
1672182000000,10062.942262003467
1672185600000,10062.942262003467
1672189200000,10062.942262003467
1672192800000,10062.942262003467
1672196400000,10062.942262003467
1672200000000,10060.694972870117
1672203600000,10060.724072870116
1672207200000,10066.204572870116
1672210800000,10064.768972870115
1672214400000,10061.783768948131
1672218000000,10061.97776894813
1672221600000,10060.988368948132
1672225200000,10059.91166894813
1672228800000,10059.106568948131
1672232400000,10061.114468948132
1672236000000,10061.50246894813
1672239600000,10051.666668948132
1672243200000,10068.714401297235
1672246800000,10064.912001297236
1672250400000,10061.924401297236
1672254000000,10062.506401297236
1672257600000,10066.299101297236
1672261200000,10066.706501297236
1672264800000,10073.283101297236
1672268400000,10073.351001297237
1672272000000,10071.425702732791
1672275600000,10068.050102732792
1672279200000,10071.571202732792
1672282800000,10071.930102732791
1672286400000,10070.64000273279
1672290000000,10069.058902732791
1672293600000,10068.612702732791
1672297200000,10069.834902732791
1672300800000,10070.301696850516
1672304400000,10073.085596850515
1672308000000,10067.207396850516
1672311600000,10065.781496850515
1672315200000,10065.926996850516
1672318800000,10064.617496850515
1672322400000,10064.840596850516
1672326000000,10062.764796850515
1672329600000,10064.768926632729
1672333200000,10063.692226632727
1672336800000,10065.215126632727
1672340400000,10063.052026632728
1672344000000,10065.428526632728
1672347600000,10067.077526632727
1672351200000,10066.970826632729
1672354800000,10065.011426632727
1672358400000,10063.378259288125
1672362000000,10063.514059288125
1672365600000,10066.016659288127
1672369200000,10065.939059288126
1672372800000,10067.364959288127
1672376400000,10066.142759288126
1672380000000,10071.361359288127
1672383600000,10072.428359288126
1672387200000,10078.89578777254
1672390800000,10076.596887772539
1672394400000,10075.09338777254
1672398000000,10077.65418777254
1672401600000,10077.05278777254
1672405200000,10077.16918777254
1672408800000,10079.80758777254
1672412400000,10085.22018777254
1672416000000,10071.45149949254
1672419600000,10072.43119949254
1672423200000,10073.81829949254
1672426800000,10070.36509949254
1672430400000,10073.847399492539
1672434000000,10067.34839949254
1672437600000,10067.46479949254
1672441200000,10067.69759949254
1672444800000,10065.92833113254
1672448400000,10068.97413113254
1672452000000,10070.15753113254
1672455600000,10069.27483113254
1672459200000,10071.72893113254
1672462800000,10071.77743113254
1672466400000,10073.11603113254
1672470000000,10072.13633113254
1672473600000,10070.44430678254
1672477200000,10071.48220678254
1672480800000,10072.24850678254
1672484400000,10070.09510678254
1672488000000,10070.10480678254
1672491600000,10069.21240678254
1672495200000,10066.981406782541
1672498800000,10067.80590678254
1672502400000,10067.840700294342
1672506000000,10067.249000294341
1672509600000,10069.344200294343
1672513200000,10069.693400294342
1672516800000,10070.401500294342
1672520400000,10070.517900294342
1672524000000,10072.700400294341
1672527600000,10075.329100294342
1672531200000,10073.151814044342
1672534800000,10074.500114044342
1672538400000,10072.754114044343
1672542000000,10074.005414044343
1672545600000,10074.102414044342
1672549200000,10075.111214044342
1672552800000,10074.063614044342
1672556400000,10073.200314044341
1672560000000,10075.106553194342
1672563600000,10076.580953194341
1672567200000,10073.845553194342
1672570800000,10072.778553194343
1672574400000,10072.148053194342
1672578000000,10071.566053194341
1672581600000,10073.059853194341
1672585200000,10073.583653194342
1672588800000,10071.858448240679
1672592400000,10071.286148240679
1672596000000,10069.249148240679
1672599600000,10067.920248240678
1672603200000,10067.54194824068
1672606800000,10067.66804824068
1672610400000,10067.425548240679
1672614000000,10067.794148240679
1672617600000,10066.208473309398
1672621200000,10069.942973309398
1672624800000,10071.892673309398
1672628400000,10069.196073309398
1672632000000,10056.704175564506
1672635600000,10056.704175564506
1672639200000,10056.704175564506
1672642800000,10056.704175564506
1672646400000,10056.704175564506
1672650000000,10056.704175564506
1672653600000,10056.704175564506
1672657200000,10056.704175564506
1672660800000,10056.704175564506
1672664400000,10056.704175564506
1672668000000,10056.704175564506
1672671600000,10056.704175564506
1672675200000,10056.704175564506
1672678800000,10056.704175564506
1672682400000,10056.704175564506
1672686000000,10056.704175564506
1672689600000,10056.704175564506
1672693200000,10056.704175564506
1672696800000,10056.704175564506
1672700400000,10056.704175564506
1672704000000,10056.704175564506
1672707600000,10056.704175564506
1672711200000,10056.704175564506
1672714800000,10056.704175564506
1672718400000,10056.704175564506
1672722000000,10056.704175564506
1672725600000,10056.704175564506
1672729200000,10056.704175564506
1672732800000,10056.704175564506
1672736400000,10056.704175564506
1672740000000,10056.704175564506
1672743600000,10056.704175564506
1672747200000,10056.704175564506
1672750800000,10056.704175564506
1672754400000,10056.704175564506
1672758000000,10056.704175564506
1672761600000,10056.704175564506
1672765200000,10056.704175564506
1672768800000,10056.704175564506
1672772400000,10056.704175564506
1672776000000,10056.704175564506
1672779600000,10056.704175564506
1672783200000,10056.704175564506
1672786800000,10056.704175564506
1672790400000,10056.704175564506
1672794000000,10056.704175564506
1672797600000,10056.704175564506
1672801200000,10056.704175564506
1672804800000,10056.704175564506
1672808400000,10056.704175564506
1672812000000,10056.704175564506
1672815600000,10056.704175564506
1672819200000,10056.704175564506
1672822800000,10056.704175564506
1672826400000,10056.704175564506
1672830000000,10056.704175564506
1672833600000,10056.704175564506
1672837200000,10056.704175564506
1672840800000,10056.704175564506
1672844400000,10056.704175564506
1672848000000,10056.704175564506
1672851600000,10056.704175564506
1672855200000,10056.704175564506
1672858800000,10056.704175564506
1672862400000,10056.704175564506
1672866000000,10056.704175564506
1672869600000,10056.704175564506
1672873200000,10056.704175564506
1672876800000,10056.704175564506
1672880400000,10056.704175564506
1672884000000,10056.704175564506
1672887600000,10056.704175564506
1672891200000,10056.704175564506
1672894800000,10056.704175564506
1672898400000,10056.704175564506
1672902000000,10056.704175564506
1672905600000,10056.704175564506
1672909200000,10056.704175564506
1672912800000,10056.704175564506
1672916400000,10056.704175564506
1672920000000,10056.704175564506
1672923600000,10056.704175564506
1672927200000,10056.704175564506
1672930800000,10056.704175564506
1672934400000,10056.704175564506
1672938000000,10056.704175564506
1672941600000,10056.704175564506
1672945200000,10056.704175564506
1672948800000,10055.709729155782
1672952400000,10055.763729155782
1672956000000,10055.014479155781
1672959600000,10054.906479155783
1672963200000,10054.531786655783
1672966800000,10056.975286655783
1672970400000,10054.396786655783
1672974000000,10054.545286655783
1672977600000,10054.012036655782
1672981200000,10052.918536655783
1672984800000,10052.216536655782
1672988400000,10051.933036655782
1672992000000,10051.794833780783
1672995600000,10052.132333780783
1672999200000,10052.064833780783
1673002800000,10050.492083780784
1673006400000,10048.777583780784
1673010000000,10049.128583780783
1673013600000,10053.549833780784
1673017200000,10052.739833780783
1673020800000,10060.660371857773
1673024400000,10061.465621857775
1673028000000,10060.539921857775
1673031600000,10064.167921857774
1673035200000,10079.394271857775
1673038800000,10069.713171857773
1673042400000,10071.556721857774
1673046000000,10077.129321857774
1673049600000,10075.113734822024
1673053200000,10078.967634822024
1673056800000,10075.324734822025
1673060400000,10072.849484822023
1673064000000,10073.633684822023
1673067600000,10070.403334822024
1673071200000,10070.091884822023
1673074800000,10070.487284822022
1673078400000,10073.05759614384
1673082000000,10070.009196143841
1673085600000,10070.603146143842
1673089200000,10067.784796143842
1673092800000,10066.74509614384
1673096400000,10068.18874614384
1673100000000,10067.393346143841
1673103600000,10070.817596143841
1673107200000,10070.81509916303
1673110800000,10067.630599163029
1673114400000,10068.30044916303
1673118000000,10070.249899163031
1673121600000,10071.760699163031
1673125200000,10071.367349163029
1673128800000,10070.72134916303
1673132400000,10069.05839916303
1673136000000,10071.460383524356
1673139600000,10066.633383524357
1673143200000,10068.264183524356
1673146800000,10067.968233524356
1673150400000,10070.304083524356
1673154000000,10068.961033524356
1673157600000,10070.835233524354
1673161200000,10071.935633524356
1673164800000,10071.078706286287
1673168400000,10070.033006286289
1673172000000,10069.167856286287
1673175600000,10069.064056286288
1673179200000,10066.609506286288
1673182800000,10066.698456286287
1673186400000,10068.819806286287
1673190000000,10072.829156286287
1673193600000,10084.719535127599
1673197200000,10069.5154851276
1673200800000,10067.6939851276
1673204400000,10069.232885127598
1673208000000,10068.810135127598
1673211600000,10077.1889851276
1673215200000,10075.5333851276
1673218800000,10077.3825351276
1673222400000,10106.702209975572
1673226000000,10115.830759975574
1673229600000,10114.057159975573
1673233200000,10123.484159975571
1673236800000,10127.522109975573
1673240400000,10130.792659975574
1673244000000,10127.125409975572
1673247600000,10126.187909975572
1673251200000,10128.369575830618
1673254800000,10127.559675830618
1673258400000,10137.418375830617
1673262000000,10142.875025830619
1673265600000,10138.087675830619
1673269200000,10139.469825830618
1673272800000,10136.680625830619
1673276400000,10144.211575830619
1673280000000,10153.335118237643
1673283600000,10160.791518237642
1673287200000,10163.943718237642
1673290800000,10159.801068237643
1673294400000,10152.260018237643
1673298000000,10136.324268237642
1673301600000,10130.580668237644
1673305200000,10135.438368237643
1673308800000,10132.688138078222
1673312400000,10141.224488078222
1673316000000,10136.931388078221
1673319600000,10134.037988078222
1673323200000,10138.702388078222
1673326800000,10142.101488078222
1673330400000,10142.769488078222
1673334000000,10138.548238078223
1673337600000,10136.145993624812
1673341200000,10144.300443624814
1673344800000,10146.006493624813
1673348400000,10150.123443624812
1673352000000,10145.407093624814
1673355600000,10141.308743624813
1673359200000,10148.048993624812
1673362800000,10149.669893624812
1673366400000,10156.292701970171
1673370000000,10149.031751970171
1673373600000,10154.565801970171
1673377200000,10170.12515197017
1673380800000,10170.94595197017
1673384400000,10176.97855197017
1673388000000,10172.493251970169
1673391600000,10167.97210197017
1673395200000,10168.723155886362
1673398800000,10172.38955588636
1673402400000,10172.182955886363
1673406000000,10161.190905886362
1673409600000,10162.806205886362
1673413200000,10162.049655886362
1673416800000,10160.642605886362
1673420400000,10166.909255886361
1673424000000,10169.328008362583
1673427600000,10168.305608362583
1673431200000,10168.777058362584
1673434800000,10167.698308362584
1673438400000,10166.809608362584
1673442000000,10164.424358362585
1673445600000,10163.583658362584
1673449200000,10163.194258362584
1673452800000,10148.438674707533
1673456400000,10152.379124707533
1673460000000,10156.985674707534
1673463600000,10175.613124707534
1673467200000,10187.337724707533
1673470800000,10186.054674707533
1673474400000,10186.274324707532
1673478000000,10192.258124707534
1673481600000,10256.065292248619
1673485200000,10296.365042248619
1673488800000,10292.892492248619
1673492400000,10290.940642248617
1673496000000,10293.212842248618
1673499600000,10294.780092248617
1673503200000,10278.56274224862
1673506800000,10284.96054224862
1673510400000,10280.713580112282
1673514000000,10285.063880112282
1673517600000,10285.244730112283
1673521200000,10288.350830112284
1673524800000,10288.715630112283
1673528400000,10296.334680112283
1673532000000,10302.179230112282
1673535600000,10260.271580112283
1673539200000,10266.481076686743
1673542800000,10273.890226686744
1673546400000,10387.877076686742
1673550000000,10368.220276686743
1673553600000,10376.413726686744
1673557200000,10394.981326686744
1673560800000,10372.768526686743
1673564400000,10376.710226686742
1673568000000,10368.2829673939
1673571600000,10354.8758673939
1673575200000,10358.434717393899
1673578800000,10360.790017393898
1673582400000,10369.254567393898
1673586000000,10361.5328173939
1673589600000,10355.2021673939
1673593200000,10364.2171673939
1673596800000,10359.082144712549
1673600400000,10361.78589471255
1673604000000,10369.80734471255
1673607600000,10383.68959471255
1673611200000,10367.62294471255
1673614800000,10362.53849471255
1673618400000,10359.31094471255
1673622000000,10379.48064471255
1673625600000,10410.296708461867
1673629200000,10390.350558461867
1673632800000,10412.807508461867
1673636400000,10409.245158461867
1673640000000,10421.011358461867
1673643600000,10435.944308461867
1673647200000,10497.161908461867
1673650800000,10495.765708461866
1673654400000,10497.374660972853
1673658000000,10659.732110972853
1673661600000,10677.819160972853
1673665200000,10683.530160972852
1673668800000,10683.504110972854
1673672400000,10675.893010972854
1673676000000,10664.610510972852
1673679600000,10680.651510972853
1673683200000,10671.335100381393
1673686800000,10686.740050381393
1673690400000,10608.884150381393
1673694000000,10609.953650381394
1673697600000,10636.164150381393
1673701200000,10660.397300381394
1673704800000,10660.971600381394
1673708400000,10648.167450381394
1673712000000,10644.942102039886
1673715600000,10645.242252039887
1673719200000,10643.084602039888
1673722800000,10642.728052039887
1673726400000,10644.220202039887
1673730000000,10657.941502039886
1673733600000,10660.913102039885
1673737200000,10678.563352039886
1673740800000,10674.104859944462
1673744400000,10639.98055994446
1673748000000,10641.961159944463
1673751600000,10628.91675994446
1673755200000,10633.495459944463
1673758800000,10633.087909944463
1673762400000,10638.090359944463
1673766000000,10631.346809944464
1673769600000,10636.00551504304
1673773200000,10621.691915043039
1673776800000,10640.29756504304
1673780400000,10638.44961504304
1673784000000,10637.34661504304
1673787600000,10633.71231504304
1673791200000,10633.62056504304
1673794800000,10651.85461504304
1673798400000,10672.40908687617
1673802000000,10662.185636876171
1673805600000,10665.870036876171
1673809200000,10657.175886876172
1673812800000,10664.470236876172
1673816400000,10668.081986876172
1673820000000,10667.27053687617
1673823600000,10677.147336876173
1673827200000,10664.251277056763
1673830800000,10677.457027056764
1673834400000,10705.776277056764
1673838000000,10709.523027056764
1673841600000,10697.338377056763
1673845200000,10706.118077056764
1673848800000,10713.562477056763
1673852400000,10701.540577056763
1673856000000,10697.337436783393
1673859600000,10642.484536783393
1673863200000,10655.282136783393
1673866800000,10659.900636783394
1673870400000,10651.969736783394
1673874000000,10649.234286783394
1673877600000,10654.039336783395
1673881200000,10656.215436783394
1673884800000,10677.910130972563
1673888400000,10674.966530972562
1673892000000,10690.857130972563
1673895600000,10716.638730972563
1673899200000,10735.962430972564
1673902800000,10725.932080972563
1673906400000,10708.736680972564
1673910000000,10711.666730972564
1673913600000,10710.148753185247
1673917200000,10696.058153185248
1673920800000,10685.601153185247
1673924400000,10693.498153185246
1673928000000,10695.747603185247
1673931600000,10703.373653185246
1673935200000,10703.019153185247
1673938800000,10686.974153185249
1673942400000,10696.479569720248
1673946000000,10706.123419720247
1673949600000,10700.861219720247
1673953200000,10692.375519720246
1673956800000,10710.151919720247
1673960400000,10714.956569720249
1673964000000,10711.431419720248
1673967600000,10724.453869720248
1673971200000,10702.824101013897
1673974800000,10706.130801013896
1673978400000,10716.963751013898
1673982000000,10739.952201013897
1673985600000,10734.460551013897
1673989200000,10735.990051013898
1673992800000,10726.625851013898
1673996400000,10712.651401013898
1674000000000,10699.871117339639
1674003600000,10712.526917339637
1674007200000,10717.81521733964
1674010800000,10723.588317339638
1674014400000,10720.238717339638
1674018000000,10726.083117339638
1674021600000,10729.574367339637
1674025200000,10721.217317339639
1674028800000,10727.735507396661
1674032400000,10715.471907396663
1674036000000,10713.595357396662
1674039600000,10705.712957396663
1674043200000,10711.428257396661
1674046800000,10720.626107396662
1674050400000,10746.009307396662
1674054000000,10745.297307396662
1674057600000,10665.672773021617
1674061200000,10578.361571735795
1674064800000,10578.361571735795
1674068400000,10578.361571735795
1674072000000,10578.361571735795
1674075600000,10578.361571735795
1674079200000,10578.361571735795
1674082800000,10578.361571735795
1674086400000,10578.361571735795
1674090000000,10578.361571735795
1674093600000,10578.361571735795
1674097200000,10578.361571735795
1674100800000,10578.361571735795
1674104400000,10578.361571735795
1674108000000,10578.361571735795
1674111600000,10578.361571735795
1674115200000,10578.361571735795
1674118800000,10578.361571735795
1674122400000,10578.361571735795
1674126000000,10578.361571735795
1674129600000,10578.361571735795
1674133200000,10578.361571735795
1674136800000,10578.361571735795
1674140400000,10578.361571735795
1674144000000,10578.361571735795
1674147600000,10578.361571735795
1674151200000,10578.361571735795
1674154800000,10578.361571735795
1674158400000,10578.361571735795
1674162000000,10578.361571735795
1674165600000,10578.361571735795
1674169200000,10578.361571735795
1674172800000,10578.361571735795
1674176400000,10578.361571735795
1674180000000,10578.361571735795
1674183600000,10578.361571735795
1674187200000,10578.361571735795
1674190800000,10578.361571735795
1674194400000,10578.361571735795
1674198000000,10578.361571735795
1674201600000,10578.361571735795
1674205200000,10578.361571735795
1674208800000,10578.361571735795
1674212400000,10578.361571735795
1674216000000,10578.361571735795
1674219600000,10578.361571735795
1674223200000,10578.361571735795
1674226800000,10578.361571735795
1674230400000,10578.361571735795
1674234000000,10578.361571735795
1674237600000,10578.361571735795
1674241200000,10578.361571735795
1674244800000,10578.140833280315
1674248400000,10599.676013280314
1674252000000,10600.891853280315
1674255600000,10608.034763280315
1674259200000,10611.611915604068
1674262800000,10609.614795604066
1674266400000,10608.535595604068
1674270000000,10607.253265604068
1674273600000,10607.158435604068
1674277200000,10608.250905604069
1674280800000,10606.761475604068
1674284400000,10609.119105604068
1674288000000,10609.172987132748
1674291600000,10608.962977132747
1674295200000,10617.244787132748
1674298800000,10609.385497132747
1674302400000,10612.367607132748
1674306000000,10617.628507132747
1674309600000,10614.487837132747
1674313200000,10615.060167132748
1674316800000,10615.642993119189
1674320400000,10618.992763119188
1674324000000,10620.673913119188
1674327600000,10622.884103119188
1674331200000,10623.879783119188
1674334800000,10617.887863119187
1674338400000,10621.277743119188
1674342000000,10610.257813119188
1674345600000,10605.889587731763
1674349200000,10607.607857731764
1674352800000,10606.467727731762
1674356400000,10603.560897731762
1674360000000,10604.418337731762
1674363600000,10607.242847731764
1674367200000,10608.276067731764
1674370800000,10608.871307731762
1674374400000,10608.235410546353
1674378000000,10609.324270546353
1674381600000,10606.954930546352
1674385200000,10607.752700546353
1674388800000,10605.878240546352
1674392400000,10609.174480546351
1674396000000,10609.616800546353
1674399600000,10613.134050546352
1674403200000,10608.730335869117
1674406800000,10609.958895869118
1674410400000,10615.375385869116
1674414000000,10611.145375869117
1674417600000,10606.467355869117
1674421200000,10596.286335869117
1674424800000,10603.701455869117
1674428400000,10604.908505869116
1674432000000,10604.631823312597
1674435600000,10607.663203312595
1674439200000,10606.696973312595
1674442800000,10608.424653312595
1674446400000,10605.064593312596
1674450000000,10607.682623312596
1674453600000,10606.270493312597
1674457200000,10608.281203312597
1674460800000,10605.506168361595
1674464400000,10605.631258361596
1674468000000,10607.653618361595
1674471600000,10610.824838361596
1674475200000,10610.567778361596
1674478800000,10610.105888361595
1674482400000,10604.792498361596
1674486000000,10594.773569142428
1674489600000,10598.112831710245
1674493200000,10598.328831710245
1674496800000,10601.108031710244
1674500400000,10599.448431710245
1674504000000,10596.379431710244
1674507600000,10600.148631710244
1674511200000,10599.984831710244
1674514800000,10598.532231710245
1674518400000,10598.557588310243
1674522000000,10600.046188310243
1674525600000,10601.694988310244
1674529200000,10601.109988310243
1674532800000,10601.759788310244
1674536400000,10601.468188310244
1674540000000,10602.299788310243
1674543600000,10602.090988310243
1674547200000,10601.190894170244
1674550800000,10600.915494170244
1674554400000,10597.389294170245
1674558000000,10598.364894170245
1674561600000,10598.660094170244
1674565200000,10599.468294170245
1674568800000,10597.475694170244
1674572400000,10597.068894170245
1674576000000,10598.68363340812
1674579600000,10597.47043340812
1674583200000,10598.50723340812
1674586800000,10599.89863340812
1674590400000,10600.31443340812
1674594000000,10600.34143340812
1674597600000,10597.72963340812
1674601200000,10595.953033408121
1674604800000,10589.758669505996
1674608400000,10589.758669505996
1674612000000,10589.758669505996
1674615600000,10589.758669505996
1674619200000,10589.758669505996
1674622800000,10589.758669505996
1674626400000,10589.758669505996
1674630000000,10589.758669505996
1674633600000,10589.758669505996
1674637200000,10589.758669505996
1674640800000,10589.758669505996
1674644400000,10589.758669505996
1674648000000,10589.758669505996
1674651600000,10589.758669505996
1674655200000,10589.758669505996
1674658800000,10589.758669505996
1674662400000,10589.758669505996
1674666000000,10589.758669505996
1674669600000,10589.758669505996
1674673200000,10589.758669505996
1674676800000,10589.758669505996
1674680400000,10589.758669505996
1674684000000,10589.758669505996
1674687600000,10589.758669505996
1674691200000,10589.758669505996
1674694800000,10589.758669505996
1674698400000,10589.758669505996
1674702000000,10589.758669505996
1674705600000,10589.758669505996
1674709200000,10589.758669505996
1674712800000,10589.758669505996
1674716400000,10589.758669505996
1674720000000,10589.758669505996
1674723600000,10589.758669505996
1674727200000,10589.758669505996
1674730800000,10589.758669505996
1674734400000,10589.758669505996
1674738000000,10589.758669505996
1674741600000,10589.758669505996
1674745200000,10589.758669505996
1674748800000,10589.758669505996
1674752400000,10589.758669505996
1674756000000,10589.758669505996
1674759600000,10589.758669505996
1674763200000,10589.758669505996
1674766800000,10589.758669505996
1674770400000,10589.758669505996
1674774000000,10589.758669505996
1674777600000,10589.758669505996
1674781200000,10589.758669505996
1674784800000,10589.758669505996
1674788400000,10589.758669505996
1674792000000,10589.758669505996
1674795600000,10589.758669505996
1674799200000,10589.758669505996
1674802800000,10589.758669505996
1674806400000,10589.758669505996
1674810000000,10589.758669505996
1674813600000,10589.758669505996
1674817200000,10589.758669505996
1674820800000,10589.758669505996
1674824400000,10589.758669505996
1674828000000,10589.758669505996
1674831600000,10589.758669505996
1674835200000,10589.758669505996
1674838800000,10589.758669505996
1674842400000,10589.758669505996
1674846000000,10589.758669505996
1674849600000,10589.758669505996
1674853200000,10589.758669505996
1674856800000,10589.758669505996
1674860400000,10589.758669505996
1674864000000,10589.758669505996
1674867600000,10589.758669505996
1674871200000,10589.758669505996
1674874800000,10589.758669505996
1674878400000,10589.758669505996
1674882000000,10589.758669505996
1674885600000,10589.758669505996
1674889200000,10589.758669505996
1674892800000,10589.758669505996
1674896400000,10589.758669505996
1674900000000,10589.758669505996
1674903600000,10589.758669505996
1674907200000,10589.758669505996
1674910800000,10589.758669505996
1674914400000,10589.758669505996
1674918000000,10589.758669505996
1674921600000,10589.758669505996
1674925200000,10589.758669505996
1674928800000,10589.758669505996
1674932400000,10589.758669505996
1674936000000,10589.758669505996
1674939600000,10589.758669505996
1674943200000,10589.758669505996
1674946800000,10589.758669505996
1674950400000,10589.758669505996
1674954000000,10589.758669505996
1674957600000,10589.758669505996
1674961200000,10589.758669505996
1674964800000,10589.758669505996
1674968400000,10589.758669505996
1674972000000,10589.758669505996
1674975600000,10589.758669505996
1674979200000,10589.758669505996
1674982800000,10589.758669505996
1674986400000,10589.758669505996
1674990000000,10589.758669505996
1674993600000,10589.20447298601
1674997200000,10590.66967298601
1675000800000,10592.24647298601
1675004400000,10592.56327298601
1675008000000,10592.334585531951
1675011600000,10593.616185531951
1675015200000,10593.961785531952
1675018800000,10597.478985531952
1675022400000,10605.58618553195
1675026000000,10599.016185531951
1675029600000,10601.914185531952
1675033200000,10601.09698553195
1675036800000,10599.629118767387
1675040400000,10599.827118767385
1675044000000,10597.249518767387
1675047600000,10596.691518767386
1675051200000,10598.491518767387
1675054800000,10598.559918767387
1675058400000,10599.578718767387
1675062000000,10598.498718767387
1675065600000,10596.04838159551
1675069200000,10592.55278159551
1675072800000,10580.035471225174
1675076400000,10580.035471225174
1675080000000,10580.035471225174
1675083600000,10580.035471225174
1675087200000,10580.035471225174
1675090800000,10580.035471225174
1675094400000,10580.035471225174
1675098000000,10580.035471225174
1675101600000,10580.035471225174
1675105200000,10580.035471225174
1675108800000,10580.035471225174
1675112400000,10580.035471225174
1675116000000,10580.035471225174
1675119600000,10580.035471225174
1675123200000,10580.035471225174
1675126800000,10580.035471225174
1675130400000,10580.035471225174
1675134000000,10580.035471225174
1675137600000,10580.035471225174
1675141200000,10580.035471225174
1675144800000,10580.035471225174
1675148400000,10580.035471225174
1675152000000,10580.035471225174
1675155600000,10580.035471225174
1675159200000,10580.035471225174
1675162800000,10580.035471225174
1675166400000,10580.035471225174
1675170000000,10580.035471225174
1675173600000,10580.035471225174
1675177200000,10580.035471225174
1675180800000,10580.035471225174
1675184400000,10580.035471225174
1675188000000,10580.035471225174
1675191600000,10580.035471225174
1675195200000,10580.035471225174
1675198800000,10580.035471225174
1675202400000,10580.035471225174
1675206000000,10580.035471225174
1675209600000,10580.035471225174
1675213200000,10580.035471225174
1675216800000,10580.035471225174
1675220400000,10580.035471225174
1675224000000,10580.035471225174
1675227600000,10580.035471225174
1675231200000,10580.035471225174
1675234800000,10580.035471225174
1675238400000,10580.035471225174
1675242000000,10580.035471225174
1675245600000,10580.035471225174
1675249200000,10580.035471225174
1675252800000,10580.035471225174
1675256400000,10580.035471225174
1675260000000,10580.035471225174
1675263600000,10580.035471225174
1675267200000,10580.035471225174
1675270800000,10580.035471225174
1675274400000,10580.035471225174
1675278000000,10580.035471225174
1675281600000,10580.035471225174
1675285200000,10580.035471225174
1675288800000,10580.035471225174
1675292400000,10580.035471225174
1675296000000,10580.035471225174
1675299600000,10580.035471225174
1675303200000,10580.035471225174
1675306800000,10580.035471225174
1675310400000,10579.492695267338
1675314000000,10579.846895267337
1675317600000,10579.545055267337
1675321200000,10578.276095267338
1675324800000,10577.371638791337
1675328400000,10579.207318791337
1675332000000,10580.208318791338
1675335600000,10578.729918791338
1675339200000,10579.678558791338
1675342800000,10580.731918791338
1675346400000,10579.466038791337
1675350000000,10574.584238791338
1675353600000,10581.302379759338
1675357200000,10579.91637975934
1675360800000,10582.026179759338
1675364400000,10589.073219759339
1675368000000,10580.045739759338
1675371600000,10581.782859759338
1675375200000,10570.152779759339
1675378800000,10573.965819759338
1675382400000,10571.155515068924
1675386000000,10570.748955068922
1675389600000,10571.127795068924
1675393200000,10568.793155068923
1675396800000,10569.905035068923
1675400400000,10569.159675068924
1675404000000,10570.708915068923
1675407600000,10569.784915068924
1675411200000,10568.773508165721
1675414800000,10569.79606816572
1675418400000,10570.41514816572
1675422000000,10571.01574816572
1675425600000,10572.524948165721
1675429200000,10573.264148165721
1675432800000,10567.396748165722
1675436400000,10575.55874816572
1675440000000,10577.186112138745
1675443600000,10574.534232138745
1675447200000,10575.837072138744
1675450800000,10574.460312138744
1675454400000,10571.974752138743
1675458000000,10574.497272138744
1675461600000,10574.946952138744
1675465200000,10578.310312138745
1675468800000,10576.703670794745
1675472400000,10576.275550794746
1675476000000,10574.877230794746
1675479600000,10574.784830794746
1675483200000,10573.592870794746
1675486800000,10573.118550794745
1675490400000,10572.724310794745
1675494000000,10573.737630794745
1675497600000,10574.912396024833
1675501200000,10573.147556024833
1675504800000,10574.801516024834
1675508400000,10575.288156024833
1675512000000,10576.024276024833
1675515600000,10577.382556024833
1675519200000,10583.129836024833
1675522800000,10581.925556024833
1675526400000,10581.621244694697
1675530000000,10581.926164694696
1675533600000,10582.015484694697
1675537200000,10581.535004694697
1675540800000,10580.361524694697
1675544400000,10581.199284694696
1675548000000,10581.544244694696
1675551600000,10581.913844694696
1675555200000,10576.848278650697
1675558800000,10576.133718650697
1675562400000,10577.165518650696
1675566000000,10575.930438650697
1675569600000,10575.594718650696
1675573200000,10576.543358650697
1675576800000,10577.532038650697
1675580400000,10577.821558650696
1675584000000,10577.782499679306
1675587600000,10578.429299679305
1675591200000,10577.107979679306
1675594800000,10578.121299679306
1675598400000,10576.131619679305
1675602000000,10570.368939679305
1675605600000,10571.511619679306
1675609200000,10572.876059679305
1675612800000,10570.093446923305
1675616400000,10568.707446923307
1675620000000,10563.394728969173
1675623600000,10563.394728969173
1675627200000,10563.394728969173
1675630800000,10563.394728969173
1675634400000,10563.394728969173
1675638000000,10563.394728969173
1675641600000,10563.394728969173
1675645200000,10563.394728969173
1675648800000,10563.394728969173
1675652400000,10563.394728969173
1675656000000,10563.394728969173
1675659600000,10563.394728969173
1675663200000,10563.394728969173
1675666800000,10563.394728969173
1675670400000,10563.394728969173
1675674000000,10563.394728969173
1675677600000,10563.394728969173
1675681200000,10563.394728969173
1675684800000,10563.394728969173
1675688400000,10563.394728969173
1675692000000,10563.394728969173
1675695600000,10563.394728969173
1675699200000,10563.394728969173
1675702800000,10563.394728969173
1675706400000,10563.394728969173
1675710000000,10563.394728969173
1675713600000,10563.394728969173
1675717200000,10563.394728969173
1675720800000,10563.394728969173
1675724400000,10563.394728969173
1675728000000,10563.394728969173
1675731600000,10563.394728969173
1675735200000,10563.394728969173
1675738800000,10563.394728969173
1675742400000,10563.394728969173
1675746000000,10563.394728969173
1675749600000,10563.394728969173
1675753200000,10563.394728969173
1675756800000,10563.394728969173
1675760400000,10563.394728969173
1675764000000,10563.394728969173
1675767600000,10563.394728969173
1675771200000,10563.394728969173
1675774800000,10563.394728969173
1675778400000,10563.394728969173
1675782000000,10563.394728969173
1675785600000,10563.394728969173
1675789200000,10563.394728969173
1675792800000,10563.394728969173
1675796400000,10563.394728969173
1675800000000,10563.394728969173
1675803600000,10563.394728969173
1675807200000,10563.394728969173
1675810800000,10563.394728969173
1675814400000,10563.394728969173
1675818000000,10563.394728969173
1675821600000,10563.394728969173
1675825200000,10563.394728969173
1675828800000,10563.394728969173
1675832400000,10563.394728969173
1675836000000,10563.394728969173
1675839600000,10563.394728969173
1675843200000,10563.394728969173
1675846800000,10563.394728969173
1675850400000,10563.394728969173
1675854000000,10563.394728969173
1675857600000,10563.394728969173
1675861200000,10563.394728969173
1675864800000,10563.394728969173
1675868400000,10563.394728969173
1675872000000,10563.394728969173
1675875600000,10563.394728969173
1675879200000,10563.394728969173
1675882800000,10563.394728969173
1675886400000,10563.394728969173
1675890000000,10563.394728969173
1675893600000,10563.394728969173
1675897200000,10563.394728969173
1675900800000,10563.394728969173
1675904400000,10563.394728969173
1675908000000,10563.394728969173
1675911600000,10563.394728969173
1675915200000,10563.394728969173
1675918800000,10563.394728969173
1675922400000,10563.394728969173
1675926000000,10563.394728969173
1675929600000,10563.394728969173
1675933200000,10563.394728969173
1675936800000,10563.394728969173
1675940400000,10563.394728969173
1675944000000,10563.394728969173
1675947600000,10563.394728969173
1675951200000,10563.394728969173
1675954800000,10563.394728969173
1675958400000,10563.394728969173
1675962000000,10563.394728969173
1675965600000,10563.394728969173
1675969200000,10563.394728969173
1675972800000,10563.394728969173
1675976400000,10563.394728969173
1675980000000,10563.394728969173
1675983600000,10563.394728969173
1675987200000,10563.394728969173
1675990800000,10563.394728969173
1675994400000,10563.394728969173
1675998000000,10563.394728969173
1676001600000,10563.394728969173
1676005200000,10563.394728969173
1676008800000,10563.394728969173
1676012400000,10563.394728969173
1676016000000,10563.394728969173
1676019600000,10563.394728969173
1676023200000,10563.394728969173
1676026800000,10563.394728969173
1676030400000,10563.394728969173
1676034000000,10563.394728969173
1676037600000,10563.394728969173
1676041200000,10563.394728969173
1676044800000,10563.394728969173
1676048400000,10563.394728969173
1676052000000,10563.394728969173
1676055600000,10563.394728969173
1676059200000,10563.394728969173
1676062800000,10563.394728969173
1676066400000,10563.394728969173
1676070000000,10563.394728969173
1676073600000,10563.394728969173
1676077200000,10563.394728969173
1676080800000,10563.394728969173
1676084400000,10563.394728969173
1676088000000,10563.394728969173
1676091600000,10563.394728969173
1676095200000,10563.394728969173
1676098800000,10563.394728969173
1676102400000,10563.394728969173
1676106000000,10563.394728969173
1676109600000,10563.394728969173
1676113200000,10563.394728969173
1676116800000,10563.394728969173
1676120400000,10563.394728969173
1676124000000,10563.394728969173
1676127600000,10563.394728969173
1676131200000,10563.394728969173
1676134800000,10563.394728969173
1676138400000,10563.394728969173
1676142000000,10563.394728969173
1676145600000,10563.394728969173
1676149200000,10563.394728969173
1676152800000,10563.394728969173
1676156400000,10563.394728969173
1676160000000,10563.394728969173
1676163600000,10563.394728969173
1676167200000,10563.394728969173
1676170800000,10563.394728969173
1676174400000,10563.394728969173
1676178000000,10563.394728969173
1676181600000,10563.394728969173
1676185200000,10563.394728969173
1676188800000,10563.394728969173
1676192400000,10563.394728969173
1676196000000,10563.394728969173
1676199600000,10563.394728969173
1676203200000,10563.394728969173
1676206800000,10563.394728969173
1676210400000,10563.394728969173
1676214000000,10563.394728969173
1676217600000,10563.394728969173
1676221200000,10563.394728969173
1676224800000,10563.394728969173
1676228400000,10563.394728969173
1676232000000,10563.394728969173
1676235600000,10563.394728969173
1676239200000,10563.394728969173
1676242800000,10563.394728969173
1676246400000,10563.394728969173
1676250000000,10563.394728969173
1676253600000,10563.394728969173
1676257200000,10563.394728969173
1676260800000,10563.394728969173
1676264400000,10563.394728969173
1676268000000,10563.394728969173
1676271600000,10563.394728969173
1676275200000,10563.394728969173
1676278800000,10563.394728969173
1676282400000,10563.394728969173
1676286000000,10563.394728969173
1676289600000,10563.394728969173
1676293200000,10563.394728969173
1676296800000,10563.394728969173
1676300400000,10563.394728969173
1676304000000,10563.394728969173
1676307600000,10563.394728969173
1676311200000,10563.394728969173
1676314800000,10563.394728969173
1676318400000,10563.394728969173
1676322000000,10563.394728969173
1676325600000,10563.394728969173
1676329200000,10563.394728969173
1676332800000,10563.394728969173
1676336400000,10563.394728969173
1676340000000,10563.394728969173
1676343600000,10563.394728969173
1676347200000,10563.394728969173
1676350800000,10563.394728969173
1676354400000,10563.394728969173
1676358000000,10563.394728969173
1676361600000,10563.394728969173
1676365200000,10563.394728969173
1676368800000,10563.394728969173
1676372400000,10563.394728969173
1676376000000,10563.394728969173
1676379600000,10563.394728969173
1676383200000,10563.394728969173
1676386800000,10563.394728969173
1676390400000,10563.394728969173
1676394000000,10563.394728969173
1676397600000,10563.394728969173
1676401200000,10563.394728969173
1676404800000,10563.394728969173
1676408400000,10563.394728969173
1676412000000,10563.394728969173
1676415600000,10563.394728969173
1676419200000,10563.394728969173
1676422800000,10563.394728969173
1676426400000,10563.394728969173
1676430000000,10563.394728969173
1676433600000,10563.394728969173
1676437200000,10563.394728969173
1676440800000,10563.394728969173
1676444400000,10563.394728969173
1676448000000,10563.394728969173
1676451600000,10563.394728969173
1676455200000,10563.394728969173
1676458800000,10563.394728969173
1676462400000,10563.394728969173
1676466000000,10563.394728969173
1676469600000,10563.394728969173
1676473200000,10563.394728969173
1676476800000,10563.394728969173
1676480400000,10563.394728969173
1676484000000,10563.394728969173
1676487600000,10563.394728969173
1676491200000,10563.394728969173
1676494800000,10563.394728969173
1676498400000,10563.394728969173
1676502000000,10563.394728969173
1676505600000,10563.14123812782
1676509200000,10568.26553812782
1676512800000,10568.812738127821
1676516400000,10570.106638127821
1676520000000,10570.735404736757
1676523600000,10569.826564736757
1676527200000,10569.835144736757
1676530800000,10567.24590473676
1676534400000,10565.306550515745
1676538000000,10564.920970515745
1676541600000,10567.565630515743
1676545200000,10567.057050515743
1676548800000,10565.209410515743
1676552400000,10566.503270515745
1676556000000,10559.965090515743
1676559600000,10561.081490515744
1676563200000,10585.391563321678
1676566800000,10579.754503321677
1676570400000,10578.614323321677
1676574000000,10581.189083321678
1676577600000,10577.070403321679
1676581200000,10563.517143321678
1676584800000,10564.034503321678
1676588400000,10546.972903321679
1676592000000,10539.2425235596
1676595600000,10537.453651307016
1676599200000,10537.453651307016
1676602800000,10537.453651307016
1676606400000,10537.453651307016
1676610000000,10537.453651307016
1676613600000,10537.453651307016
1676617200000,10537.453651307016
1676620800000,10537.453651307016
1676624400000,10537.453651307016
1676628000000,10537.453651307016
1676631600000,10537.453651307016
1676635200000,10537.453651307016
1676638800000,10537.453651307016
1676642400000,10537.453651307016
1676646000000,10537.453651307016
1676649600000,10537.453651307016
1676653200000,10537.453651307016
1676656800000,10537.453651307016
1676660400000,10537.453651307016
1676664000000,10537.453651307016
1676667600000,10537.453651307016
1676671200000,10537.453651307016
1676674800000,10537.453651307016
1676678400000,10537.453651307016
1676682000000,10537.453651307016
1676685600000,10537.453651307016
1676689200000,10537.453651307016
1676692800000,10537.453651307016
1676696400000,10537.453651307016
1676700000000,10537.453651307016
1676703600000,10537.453651307016
1676707200000,10537.453651307016
1676710800000,10537.453651307016
1676714400000,10537.453651307016
1676718000000,10537.453651307016
1676721600000,10537.453651307016
1676725200000,10537.453651307016
1676728800000,10537.453651307016
1676732400000,10537.453651307016
1676736000000,10537.453651307016
1676739600000,10537.453651307016
1676743200000,10537.453651307016
1676746800000,10537.453651307016
1676750400000,10537.453651307016
1676754000000,10537.453651307016
1676757600000,10537.453651307016
1676761200000,10537.453651307016
1676764800000,10537.453651307016
1676768400000,10537.453651307016
1676772000000,10537.453651307016
1676775600000,10537.453651307016
1676779200000,10537.453651307016
1676782800000,10537.453651307016
1676786400000,10537.453651307016
1676790000000,10537.453651307016
1676793600000,10537.453651307016
1676797200000,10537.453651307016
1676800800000,10537.453651307016
1676804400000,10537.453651307016
1676808000000,10537.453651307016
1676811600000,10537.453651307016
1676815200000,10537.453651307016
1676818800000,10537.453651307016
1676822400000,10537.453651307016
1676826000000,10537.453651307016
1676829600000,10537.453651307016
1676833200000,10537.453651307016
1676836800000,10537.453651307016
1676840400000,10537.453651307016
1676844000000,10537.453651307016
1676847600000,10537.453651307016
1676851200000,10537.453651307016
1676854800000,10537.453651307016
1676858400000,10537.453651307016
1676862000000,10537.453651307016
1676865600000,10537.453651307016
1676869200000,10537.453651307016
1676872800000,10537.453651307016
1676876400000,10537.453651307016
1676880000000,10537.453651307016
1676883600000,10537.453651307016
1676887200000,10537.453651307016
1676890800000,10537.453651307016
1676894400000,10537.453651307016
1676898000000,10537.453651307016
1676901600000,10537.453651307016
1676905200000,10537.453651307016
1676908800000,10537.453651307016
1676912400000,10537.453651307016
1676916000000,10537.453651307016
1676919600000,10537.453651307016
1676923200000,10537.453651307016
1676926800000,10537.453651307016
1676930400000,10537.453651307016
1676934000000,10537.453651307016
1676937600000,10537.453651307016
1676941200000,10537.453651307016
1676944800000,10537.453651307016
1676948400000,10537.453651307016
1676952000000,10537.453651307016
1676955600000,10537.453651307016
1676959200000,10537.453651307016
1676962800000,10537.453651307016
1676966400000,10537.453651307016
1676970000000,10537.453651307016
1676973600000,10537.453651307016
1676977200000,10537.453651307016
1676980800000,10537.453651307016
1676984400000,10537.453651307016
1676988000000,10537.453651307016
1676991600000,10537.453651307016
1676995200000,10537.453651307016
1676998800000,10537.453651307016
1677002400000,10537.453651307016
1677006000000,10537.453651307016
1677009600000,10537.453651307016
1677013200000,10537.453651307016
1677016800000,10537.453651307016
1677020400000,10537.453651307016
1677024000000,10537.453651307016
1677027600000,10537.453651307016
1677031200000,10537.453651307016
1677034800000,10537.453651307016
1677038400000,10537.453651307016
1677042000000,10537.453651307016
1677045600000,10537.453651307016
1677049200000,10537.453651307016
1677052800000,10537.453651307016
1677056400000,10537.453651307016
1677060000000,10537.453651307016
1677063600000,10537.453651307016
1677067200000,10537.453651307016
1677070800000,10537.453651307016
1677074400000,10537.453651307016
1677078000000,10537.453651307016
1677081600000,10537.453651307016
1677085200000,10537.453651307016
1677088800000,10537.453651307016
1677092400000,10537.453651307016
1677096000000,10537.453651307016
1677099600000,10537.453651307016
1677103200000,10537.453651307016
1677106800000,10537.453651307016
1677110400000,10537.453651307016
1677114000000,10537.453651307016
1677117600000,10537.453651307016
1677121200000,10537.453651307016
1677124800000,10537.453651307016
1677128400000,10537.453651307016
1677132000000,10537.453651307016
1677135600000,10537.453651307016
1677139200000,10537.453651307016
1677142800000,10537.453651307016
1677146400000,10537.453651307016
1677150000000,10537.453651307016
1677153600000,10537.453651307016
1677157200000,10537.453651307016
1677160800000,10537.453651307016
1677164400000,10537.453651307016
1677168000000,10537.453651307016
1677171600000,10537.453651307016
1677175200000,10537.453651307016
1677178800000,10537.453651307016
1677182400000,10537.453651307016
1677186000000,10537.453651307016
1677189600000,10537.453651307016
1677193200000,10537.453651307016
1677196800000,10537.453651307016
1677200400000,10537.453651307016
1677204000000,10537.453651307016
1677207600000,10537.453651307016
1677211200000,10537.453651307016
1677214800000,10537.453651307016
1677218400000,10537.453651307016
1677222000000,10537.453651307016
1677225600000,10537.453651307016
1677229200000,10537.453651307016
1677232800000,10537.453651307016
1677236400000,10537.453651307016
1677240000000,10537.453651307016
1677243600000,10537.453651307016
1677247200000,10537.453651307016
1677250800000,10537.453651307016
1677254400000,10537.453651307016
1677258000000,10537.453651307016
1677261600000,10537.453651307016
1677265200000,10537.453651307016
1677268800000,10537.453651307016
1677272400000,10537.453651307016
1677276000000,10537.453651307016
1677279600000,10537.453651307016
1677283200000,10537.453651307016
1677286800000,10537.453651307016
1677290400000,10537.453651307016
1677294000000,10537.453651307016
1677297600000,10537.453651307016
1677301200000,10537.453651307016
1677304800000,10537.453651307016
1677308400000,10537.453651307016
1677312000000,10537.453651307016
1677315600000,10537.453651307016
1677319200000,10537.453651307016
1677322800000,10537.453651307016
1677326400000,10537.453651307016
1677330000000,10537.453651307016
1677333600000,10537.453651307016
1677337200000,10537.453651307016
1677340800000,10537.453651307016
1677344400000,10537.453651307016
1677348000000,10537.453651307016
1677351600000,10537.453651307016
1677355200000,10536.497843172376
1677358800000,10542.499523172375
1677362400000,10540.843043172375
1677366000000,10534.653683172375
1677369600000,10533.074795803435
1677373200000,10534.486475803436
1677376800000,10533.825515803435
1677380400000,10529.382395803435
1677384000000,10528.754844180923
1677387600000,10528.754844180923
1677391200000,10528.754844180923
1677394800000,10528.754844180923
1677398400000,10528.754844180923
1677402000000,10528.754844180923
1677405600000,10528.754844180923
1677409200000,10528.754844180923
1677412800000,10528.754844180923
1677416400000,10528.754844180923
1677420000000,10528.754844180923
1677423600000,10528.754844180923
1677427200000,10528.754844180923
1677430800000,10528.754844180923
1677434400000,10528.754844180923
1677438000000,10528.754844180923
1677441600000,10528.754844180923
1677445200000,10528.754844180923
1677448800000,10528.754844180923
1677452400000,10528.754844180923
1677456000000,10527.67491816947
1677459600000,10526.362508169472
1677463200000,10529.136158169471
1677466800000,10528.13493816947
1677470400000,10527.643348169471
1677474000000,10525.51462816947
1677477600000,10524.991468169472
1677481200000,10525.582278169471
1677484800000,10526.244704565637
1677488400000,10524.621104565636
1677492000000,10526.334904565638
1677495600000,10525.874884565637
1677499200000,10528.296754565637
1677502800000,10527.173764565638
1677506400000,10537.461074565637
1677510000000,10535.169994565636
1677513600000,10528.86095077038
1677517200000,10526.466140770379
1677520800000,10523.82779077038
1677524400000,10518.72698077038
1677528000000,10517.10789077038
1677531600000,10520.17469077038
1677535200000,10521.44651077038
1677538800000,10523.79171077038
1677542400000,10524.212022193751
1677546000000,10522.209582193751
1677549600000,10523.84671219375
1677553200000,10522.91314219375
1677556800000,10524.00907219375
1677560400000,10521.47896219375
1677564000000,10521.77211219375
1677567600000,10522.04722219375
1677571200000,10517.456634605975
1677574800000,10518.967484605973
1677578400000,10518.520994605973
1677582000000,10521.272094605974
1677585600000,10522.647644605973
1677589200000,10527.996504605973
1677592800000,10525.534044605974
1677596400000,10526.796844605973
1677600000000,10528.163140922412
1677603600000,10525.001630922412
1677607200000,10528.961410922411
1677610800000,10528.384130922412
1677614400000,10521.001294510745
1677618000000,10521.001294510745
1677621600000,10521.001294510745
1677625200000,10521.001294510745
1677628800000,10521.001294510745
1677632400000,10521.001294510745
1677636000000,10521.001294510745
1677639600000,10521.001294510745
1677643200000,10521.001294510745
1677646800000,10521.001294510745
1677650400000,10521.001294510745
1677654000000,10521.001294510745
1677657600000,10520.678245331757
1677661200000,10523.759895331757
1677664800000,10521.406635331758
1677668400000,10522.828935331758
1677672000000,10522.772905331758
1677675600000,10521.212685331757
1677679200000,10520.527395331757
1677682800000,10521.656615331758
1677686400000,10522.62390705939
1677690000000,10522.227387059389
1677693600000,10522.86957705939
1677697200000,10521.86965705939
1677700800000,10512.59022705939
1677704400000,10516.10718705939
1677708000000,10522.85233705939
1677711600000,10522.56787705939
1677715200000,10526.202738732896
1677718800000,10523.711558732897
1677722400000,10519.642918732898
1677726000000,10518.858498732898
1677729600000,10518.780918732897
1677733200000,10520.125638732898
1677736800000,10517.345688732898
1677740400000,10517.638768732897
1677744000000,10517.085201814896
1677747600000,10517.671361814897
1677751200000,10516.007701814897
1677754800000,10515.925811814895
1677758400000,10517.373971814895
1677762000000,10512.357131814897
1677765600000,10509.848711814897
1677769200000,10509.568561814896
1677772800000,10510.001256037394
1677776400000,10509.053056037394
1677780000000,10508.561716037393
1677783600000,10515.091366037394
1677787200000,10519.573766037394
1677790800000,10516.871396037393
1677794400000,10515.453406037394
1677798000000,10519.185866037395
1677801600000,10518.77410882914
1677805200000,10516.69237882914
1677808800000,10497.440280021345
1677812400000,10497.440280021345
1677816000000,10497.440280021345
1677819600000,10497.440280021345
1677823200000,10497.440280021345
1677826800000,10497.440280021345
1677830400000,10497.440280021345
1677834000000,10497.440280021345
1677837600000,10497.440280021345
1677841200000,10497.440280021345
1677844800000,10497.440280021345
1677848400000,10497.440280021345
1677852000000,10497.440280021345
1677855600000,10497.440280021345
1677859200000,10497.440280021345
1677862800000,10497.440280021345
1677866400000,10497.440280021345
1677870000000,10497.440280021345
1677873600000,10497.440280021345
1677877200000,10497.440280021345
1677880800000,10497.440280021345
1677884400000,10497.440280021345
1677888000000,10497.440280021345
1677891600000,10497.440280021345
1677895200000,10497.440280021345
1677898800000,10497.440280021345
1677902400000,10497.440280021345
1677906000000,10497.440280021345
1677909600000,10497.440280021345
1677913200000,10497.440280021345
1677916800000,10497.440280021345
1677920400000,10497.440280021345
1677924000000,10497.440280021345
1677927600000,10497.440280021345
1677931200000,10497.440280021345
1677934800000,10497.440280021345
1677938400000,10497.440280021345
1677942000000,10497.440280021345
1677945600000,10497.440280021345
1677949200000,10497.440280021345
1677952800000,10497.440280021345
1677956400000,10497.440280021345
1677960000000,10497.440280021345
1677963600000,10497.440280021345
1677967200000,10497.440280021345
1677970800000,10497.440280021345
1677974400000,10497.440280021345
1677978000000,10497.440280021345
1677981600000,10497.440280021345
1677985200000,10497.440280021345
1677988800000,10497.440280021345
1677992400000,10497.440280021345
1677996000000,10497.440280021345
1677999600000,10497.440280021345
1678003200000,10497.440280021345
1678006800000,10497.440280021345
1678010400000,10497.440280021345
1678014000000,10497.440280021345
1678017600000,10497.440280021345
1678021200000,10497.440280021345
1678024800000,10497.440280021345
1678028400000,10497.440280021345
1678032000000,10497.440280021345
1678035600000,10497.440280021345
1678039200000,10497.440280021345
1678042800000,10497.440280021345
1678046400000,10497.440280021345
1678050000000,10497.440280021345
1678053600000,10497.440280021345
1678057200000,10497.440280021345
1678060800000,10497.440280021345
1678064400000,10497.440280021345
1678068000000,10497.440280021345
1678071600000,10497.440280021345
1678075200000,10497.440280021345
1678078800000,10497.440280021345
1678082400000,10497.440280021345
1678086000000,10497.440280021345
1678089600000,10497.440280021345
1678093200000,10497.440280021345
1678096800000,10497.440280021345
1678100400000,10497.440280021345
1678104000000,10497.440280021345
1678107600000,10497.440280021345
1678111200000,10497.440280021345
1678114800000,10497.440280021345
1678118400000,10497.440280021345
1678122000000,10497.440280021345
1678125600000,10497.440280021345
1678129200000,10497.440280021345
1678132800000,10497.440280021345
1678136400000,10497.440280021345
1678140000000,10497.440280021345
1678143600000,10497.440280021345
1678147200000,10497.440280021345
1678150800000,10497.440280021345
1678154400000,10497.440280021345
1678158000000,10497.440280021345
1678161600000,10497.440280021345
1678165200000,10497.440280021345
1678168800000,10497.440280021345
1678172400000,10497.440280021345
1678176000000,10497.440280021345
1678179600000,10497.440280021345
1678183200000,10497.440280021345
1678186800000,10497.440280021345
1678190400000,10495.410227634678
1678194000000,10489.466327634678
1678197600000,10494.49897763468
1678201200000,10523.622577634678
1678204800000,10499.377532573697
1678208400000,10509.138832573695
1678212000000,10499.236082573696
1678215600000,10510.389032573696
1678219200000,10516.469082573696
1678222800000,10523.821132573696
1678226400000,10524.406832573695
1678230000000,10519.625032573696
1678233600000,10505.873424491014
1678237200000,10498.160724491016
1678240800000,10506.316874491014
1678244400000,10508.162574491014
1678248000000,10508.545274491014
1678251600000,10508.495074491015
1678255200000,10530.601824491014
1678258800000,10522.954774491014
1678262400000,10528.477239687645
1678266000000,10525.086239687644
1678269600000,10522.326739687644
1678273200000,10513.952239687645
1678276800000,10517.059889687644
1678280400000,10523.563589687643
1678284000000,10527.880289687644
1678287600000,10527.525439687644
1678291200000,10510.180325865009
1678294800000,10511.09927586501
1678298400000,10521.828225865009
1678302000000,10524.094275865009
1678305600000,10524.69232586501
1678309200000,10515.06732586501
1678312800000,10524.811375865009
1678316400000,10546.00602586501
1678320000000,10558.457363138543
1678323600000,10557.916263138542
1678327200000,10555.700163138543
1678330800000,10548.473013138542
1678334400000,10549.233063138543
1678338000000,10553.388263138542
1678341600000,10554.152313138542
1678345200000,10552.016363138542
1678348800000,10558.977218510363
1678352400000,10562.150218510364
1678356000000,10565.135118510363
1678359600000,10562.884718510362
1678363200000,10560.665868510363
1678366800000,10567.374668510363
1678370400000,10555.285118510363
1678374000000,10553.711568510364
1678377600000,10563.145839619134
1678381200000,10579.820789619132
1678384800000,10577.959989619132
1678388400000,10630.666489619134
1678392000000,10650.109039619134
1678395600000,10738.493439619133
1678399200000,10727.775689619133
1678402800000,10726.138089619133
1678406400000,10720.498538309726
1678410000000,10744.631738309727
1678413600000,10743.170138309724
1678417200000,10748.643088309725
1678420800000,10747.082888309726
1678424400000,10766.090888309725
1678428000000,10753.736988309725
1678431600000,10771.557088309726
1678435200000,10764.536186917532
1678438800000,10767.289286917532
1678442400000,10780.174336917531
1678446000000,10806.100736917533
1678449600000,10795.049736917532
1678453200000,10774.784536917532
1678456800000,10744.55848691753
1678460400000,10770.601636917532
1678464000000,10759.238971334566
1678467600000,10759.097071334567
1678471200000,10765.712571334567
1678474800000,10772.916021334566
1678478400000,10752.461421334567
1678482000000,10758.900621334566
1678485600000,10752.299671334567
1678489200000,10745.844671334566
1678492800000,10741.17067282655
1678496400000,10725.839722826551
1678500000000,10682.108358079438
1678503600000,10686.476358079439
1678507200000,10693.106358079438
1678510800000,10696.928358079438
1678514400000,10693.067358079437
1678518000000,10699.898858079438
1678521600000,10727.240734808134
1678525200000,10712.992734808133
1678528800000,10712.472734808134
1678532400000,10716.444234808134
1678536000000,10713.928734808134
1678539600000,10716.099734808133
1678543200000,10713.012234808133
1678546800000,10710.314734808133
1678550400000,10714.554716184943
1678554000000,10713.482216184942
1678557600000,10701.593716184943
1678561200000,10704.271716184943
1678564800000,10703.179716184943
1678568400000,10697.056716184943
1678572000000,10696.166216184944
1678575600000,10696.562716184942
1678579200000,10689.729713521156
1678582800000,10688.871713521155
1678586400000,10690.964713521156
1678590000000,10693.499713521156
1678593600000,10693.935213521156
1678597200000,10693.311213521156
1678600800000,10694.877713521157
1678604400000,10696.808213521155
1678608000000,10696.87635408447
1678611600000,10693.210354084471
1678615200000,10693.95785408447
1678618800000,10691.40985408447
1678622400000,10690.53885408447
1678626000000,10694.32835408447
1678629600000,10693.62635408447
1678633200000,10695.46585408447
1678636800000,10695.938549322367
1678640400000,10693.260549322367
1678644000000,10664.69942972813
1678647600000,10664.69942972813
1678651200000,10664.69942972813
1678654800000,10664.69942972813
1678658400000,10664.69942972813
1678662000000,10664.69942972813
1678665600000,10664.69942972813
1678669200000,10664.69942972813
1678672800000,10664.69942972813
1678676400000,10664.69942972813
1678680000000,10664.398358767718
1678683600000,10665.689438767718
1678687200000,10666.515648767718
1678690800000,10667.088108767717
1678694400000,10668.141551430146
1678698000000,10663.805471430147
1678701600000,10661.267971430147
1678705200000,10663.401501430148
1678708800000,10663.224891430147
1678712400000,10663.421801430148
1678716000000,10666.083131430147
1678719600000,10675.721571430147
1678723200000,10681.033617508616
1678726800000,10679.113227508617
1678730400000,10682.396937508616
1678734000000,10685.064577508616
1678737600000,10684.888587508616
1678741200000,10681.262007508616
1678744800000,10681.416337508617
1678748400000,10684.772427508615
1678752000000,10682.775865206193
1678755600000,10681.334835206191
1678759200000,10686.066535206193
1678762800000,10682.881735206192
1678766400000,10685.311615206192
1678770000000,10685.135315206193
1678773600000,10683.713395206192
1678777200000,10684.679395206193
1678780800000,10682.217935599789
1678784400000,10681.580325599789
1678788000000,10682.58182559979
1678791600000,10689.02378559979
1678795200000,10690.337165599789
1678798800000,10716.23888559979
1678802400000,10710.031435599789
1678806000000,10715.35997559979
1678809600000,10717.405947214145
1678813200000,10716.723467214146
1678816800000,10712.877647214145
1678820400000,10703.124497214145
1678824000000,10699.156407214146
1678827600000,10692.835937214146
1678831200000,10689.678177214146
1678834800000,10694.249377214144
1678838400000,10692.902340156537
1678842000000,10692.860660156537
1678845600000,10696.471540156537
1678849200000,10695.777640156537
1678852800000,10693.650370156538
1678856400000,10694.455070156539
1678860000000,10692.767750156538
1678863600000,10693.806860156537
1678867200000,10695.070104467615
1678870800000,10692.678584467616
1678874400000,10689.120134467616
1678878000000,10687.638684467616
1678881600000,10688.293054467616
1678885200000,10688.373424467616
1678888800000,10687.957224467615
1678892400000,10679.099659676145
1678896000000,10676.965621677797
1678899600000,10674.265621677796
1678903200000,10675.088221677797
1678906800000,10676.576821677796
1678910400000,10675.647121677797
1678914000000,10675.765921677797
1678917600000,10676.839621677796
1678921200000,10676.314021677797
1678924800000,10675.077163313086
1678928400000,10675.015063313085
1678932000000,10675.780063313085
1678935600000,10676.103163313086
1678939200000,10675.264363313085
1678942800000,10675.069963313086
1678946400000,10675.974463313085
1678950000000,10677.552163313085
1678953600000,10678.400309241693
1678957200000,10677.951209241694
1678960800000,10678.398509241693
1678964400000,10680.844709241694
1678968000000,10680.176909241694
1678971600000,10679.206709241693
1678975200000,10680.045509241694
1678978800000,10680.491009241694
1678982400000,10680.636016574887
1678986000000,10679.440816574886
1678989600000,10678.722616574885
1678993200000,10679.756716574886
1678996800000,10680.768316574886
1679000400000,10678.934116574887
1679004000000,10680.662116574886
1679007600000,10681.546816574886
1679011200000,10681.45296857766
1679014800000,10680.88146857766
1679018400000,10687.40376857766
1679022000000,10687.046468577659
1679025600000,10688.39826857766
1679029200000,10688.124668577659
1679032800000,10688.53236857766
1679036400000,10691.57256857766
1679040000000,10691.189125391606
1679043600000,10690.703125391607
1679047200000,10692.924325391607
1679050800000,10696.242625391606
1679054400000,10698.449425391605
1679058000000,10696.631425391606
1679061600000,10695.175225391606
1679065200000,10692.984625391606
1679068800000,10694.246053151606
1679072400000,10694.120953151607
1679076000000,10694.692453151607
1679079600000,10695.898453151605
1679083200000,10697.549053151606
1679086800000,10697.590453151606
1679090400000,10700.711653151606
1679094000000,10704.768853151607
1679097600000,10702.43264085364
1679101200000,10708.74500085364
1679104800000,10706.23886085364
1679108400000,10704.17816085364
1679112000000,10705.31600085364
1679115600000,10704.82508085364
1679119200000,10707.858440853639
1679122800000,10707.10508085364
1679126400000,10706.151023229566
1679130000000,10703.895743229567
1679133600000,10706.478863229566
1679137200000,10707.430823229566
1679140800000,10707.081803229565
1679144400000,10709.308343229564
1679148000000,10707.089783229565
1679151600000,10707.994343229566
1679155200000,10700.02828500987
1679158800000,10702.637145009872
1679162400000,10700.643585009871
1679166000000,10702.21852500987
1679169600000,10702.184865009871
1679173200000,10702.035165009871
1679176800000,10699.37104500987
1679180400000,10694.88292500987
1679184000000,10693.671776379342
1679187600000,10698.098336379342
1679191200000,10698.175856379343
1679194800000,10698.100136379342
1679198400000,10700.153516379343
1679202000000,10698.562076379343
1679205600000,10697.585756379342
1679209200000,10695.515036379342
1679212800000,10696.352404366895
1679216400000,10696.448764366896
1679220000000,10697.412004366895
1679223600000,10697.036824366896
1679227200000,10699.936444366896
1679230800000,10700.376604366897
1679234400000,10698.745744366895
1679238000000,10702.115824366894
1679241600000,10704.20558161045
1679245200000,10709.88626161045
1679248800000,10710.17822161045
1679252400000,10714.938681610449
1679256000000,10715.16446161045
1679259600000,10708.233621610449
1679263200000,10707.34688161045
1679266800000,10710.80234161045
1679270400000,10706.202320794451
1679274000000,10703.771300794451
1679277600000,10702.71458079445
1679281200000,10698.70328079445
1679284800000,10694.589200794451
1679288400000,10696.826540794451
1679292000000,10698.97532079445
1679295600000,10700.02508079445
1679299200000,10711.14191973039
1679302800000,10709.95961973039
1679306400000,10707.396359730388
1679310000000,10706.552579730389
1679313600000,10707.919439730389
1679317200000,10708.34447973039
1679320800000,10702.166579730389
1679324400000,10706.132939730389
1679328000000,10701.223163684854
1679331600000,10698.169523684854
1679335200000,10697.189843684853
1679338800000,10703.769623684855
1679342400000,10700.164043684854
1679346000000,10703.084963684854
1679349600000,10701.859343684853
1679353200000,10700.456363684854
1679356800000,10696.101120788262
1679360400000,10700.20704078826
1679364000000,10700.662860788261
1679367600000,10699.478160788261
1679371200000,10698.909360788262
1679374800000,10700.072580788263
1679378400000,10697.954040788261
1679382000000,10696.666320788261
1679385600000,10692.231316038258
1679389200000,10693.523716038258
1679392800000,10696.481116038258
1679396400000,10696.689016038257
1679400000000,10697.110216038258
1679403600000,10698.582616038258
1679407200000,10697.641216038259
1679410800000,10695.625216038257
1679414400000,10697.131979467675
1679418000000,10700.473679467674
1679421600000,10696.394879467674
1679425200000,10697.959979467674
1679428800000,10697.961779467674
1679432400000,10697.571179467674
1679436000000,10697.097779467675
1679439600000,10696.950179467674
1679443200000,10697.700101816054
1679446800000,10696.889201816053
1679450400000,10697.575001816054
1679454000000,10697.334701816053
1679457600000,10698.088901816054
1679461200000,10698.817001816054
1679464800000,10698.374201816054
1679468400000,10698.552401816054
1679472000000,10697.58488664848
1679475600000,10697.287886648479
1679479200000,10697.733386648479
1679482800000,10698.24908664848
1679486400000,10697.99348664848
1679490000000,10698.68558664848
1679493600000,10699.39838664848
1679497200000,10702.263986648479
1679500800000,10702.220562981236
1679504400000,10702.666062981236
1679508000000,10703.119662981237
1679511600000,10696.538862981237
1679515200000,10689.619748513769
1679518800000,10689.619748513769
1679522400000,10689.619748513769
1679526000000,10689.619748513769
1679529600000,10689.619748513769
1679533200000,10689.619748513769
1679536800000,10689.619748513769
1679540400000,10689.619748513769
1679544000000,10689.619748513769
1679547600000,10689.619748513769
1679551200000,10689.619748513769
1679554800000,10689.619748513769
1679558400000,10689.619748513769
1679562000000,10689.619748513769
1679565600000,10689.619748513769
1679569200000,10689.619748513769
1679572800000,10689.619748513769
1679576400000,10689.619748513769
1679580000000,10689.619748513769
1679583600000,10689.619748513769
1679587200000,10689.75355109231
1679590800000,10687.749071092308
1679594400000,10687.51243109231
1679598000000,10684.03591109231
1679601600000,10685.30611109231
1679605200000,10685.041631092308
1679608800000,10684.87633109231
1679612400000,10683.87583109231
1679616000000,10685.070974104308
1679619600000,10684.19923410431
1679623200000,10685.173634104309
1679626800000,10684.260134104308
1679630400000,10684.566374104308
1679634000000,10683.48409410431
1679637600000,10684.552454104309
1679641200000,10684.881314104308
1679644800000,10685.11943345231
1679648400000,10681.43237345231
1679652000000,10680.012533452309
1679655600000,10680.099533452309
1679659200000,10668.369516793911
1679662800000,10668.369516793911
1679666400000,10668.369516793911
1679670000000,10668.369516793911
1679673600000,10668.369516793911
1679677200000,10668.369516793911
1679680800000,10668.369516793911
1679684400000,10668.369516793911
1679688000000,10668.369516793911
1679691600000,10668.369516793911
1679695200000,10668.369516793911
1679698800000,10668.369516793911
1679702400000,10668.369516793911
1679706000000,10668.369516793911
1679709600000,10668.369516793911
1679713200000,10668.369516793911
1679716800000,10668.369516793911
1679720400000,10668.369516793911
1679724000000,10668.369516793911
1679727600000,10668.369516793911
1679731200000,10668.369516793911
1679734800000,10668.369516793911
1679738400000,10668.369516793911
1679742000000,10668.369516793911
1679745600000,10668.369516793911
1679749200000,10668.369516793911
1679752800000,10668.369516793911
1679756400000,10668.369516793911
1679760000000,10668.369516793911
1679763600000,10668.369516793911
1679767200000,10668.369516793911
1679770800000,10668.369516793911
1679774400000,10668.369516793911
1679778000000,10668.369516793911
1679781600000,10668.369516793911
1679785200000,10668.369516793911
1679788800000,10668.369516793911
1679792400000,10668.369516793911
1679796000000,10668.369516793911
1679799600000,10668.369516793911
1679803200000,10668.369516793911
1679806800000,10668.369516793911
1679810400000,10668.369516793911
1679814000000,10668.369516793911
1679817600000,10668.369516793911
1679821200000,10668.369516793911
1679824800000,10668.369516793911
1679828400000,10668.369516793911
1679832000000,10668.369516793911
1679835600000,10668.369516793911
1679839200000,10668.369516793911
1679842800000,10668.369516793911
1679846400000,10668.369516793911
1679850000000,10668.369516793911
1679853600000,10668.369516793911
1679857200000,10668.369516793911
1679860800000,10668.369516793911
1679864400000,10668.369516793911
1679868000000,10668.369516793911
1679871600000,10668.369516793911
1679875200000,10668.369516793911
1679878800000,10668.369516793911
1679882400000,10668.369516793911
1679886000000,10668.369516793911
1679889600000,10668.369516793911
1679893200000,10668.369516793911
1679896800000,10668.369516793911
1679900400000,10668.369516793911
1679904000000,10668.369516793911
1679907600000,10668.369516793911
1679911200000,10668.369516793911
1679914800000,10668.369516793911
1679918400000,10668.369516793911
1679922000000,10668.369516793911
1679925600000,10668.369516793911
1679929200000,10668.369516793911
1679932800000,10668.369516793911
1679936400000,10668.369516793911
1679940000000,10668.369516793911
1679943600000,10668.369516793911
1679947200000,10668.369516793911
1679950800000,10668.369516793911
1679954400000,10668.369516793911
1679958000000,10668.369516793911
1679961600000,10668.369516793911
1679965200000,10668.369516793911
1679968800000,10668.369516793911
1679972400000,10668.369516793911
1679976000000,10668.369516793911
1679979600000,10668.369516793911
1679983200000,10668.369516793911
1679986800000,10668.369516793911
1679990400000,10668.369516793911
1679994000000,10668.369516793911
1679997600000,10668.369516793911
1680001200000,10668.369516793911
1680004800000,10668.369516793911
1680008400000,10668.369516793911
1680012000000,10668.369516793911
1680015600000,10668.369516793911
1680019200000,10668.369516793911
1680022800000,10668.369516793911
1680026400000,10668.369516793911
1680030000000,10668.369516793911
1680033600000,10668.369516793911
1680037200000,10668.369516793911
1680040800000,10668.369516793911
1680044400000,10668.369516793911
1680048000000,10668.369516793911
1680051600000,10668.369516793911
1680055200000,10668.369516793911
1680058800000,10668.369516793911
1680062400000,10668.369516793911
1680066000000,10668.369516793911
1680069600000,10668.369516793911
1680073200000,10668.369516793911
1680076800000,10668.369516793911
1680080400000,10668.369516793911
1680084000000,10668.369516793911
1680087600000,10668.369516793911
1680091200000,10668.369516793911
1680094800000,10668.369516793911
1680098400000,10668.369516793911
1680102000000,10668.369516793911
1680105600000,10668.369516793911
1680109200000,10668.369516793911
1680112800000,10668.369516793911
1680116400000,10668.369516793911
1680120000000,10668.369516793911
1680123600000,10668.369516793911
1680127200000,10668.369516793911
1680130800000,10668.369516793911
1680134400000,10668.369516793911
1680138000000,10668.369516793911
1680141600000,10668.369516793911
1680145200000,10668.369516793911
1680148800000,10668.369516793911
1680152400000,10668.369516793911
1680156000000,10668.369516793911
1680159600000,10668.369516793911
1680163200000,10667.655667113784
1680166800000,10664.703667113783
1680170400000,10665.037667113784
1680174000000,10665.441667113784
1680177600000,10666.257667113783
1680181200000,10666.045667113784
1680184800000,10663.857667113783
1680188400000,10661.353667113783
1680192000000,10658.851313777042
1680195600000,10658.353313777043
1680199200000,10650.009313777042
1680202800000,10651.073313777042
1680206400000,10652.549313777043
1680210000000,10656.897313777043
1680213600000,10655.331313777042
1680217200000,10650.593313777043
1680220800000,10653.994509167283
1680224400000,10658.370509167284
1680228000000,10655.940509167283
1680231600000,10656.190509167283
1680235200000,10656.546509167283
1680238800000,10656.706509167283
1680242400000,10654.070509167283
1680246000000,10654.978509167282
1680249600000,10647.719248080764
1680253200000,10649.549248080764
1680256800000,10649.555248080764
1680260400000,10651.345248080763
1680264000000,10651.751248080764
1680267600000,10655.205248080763
1680271200000,10661.155248080764
1680274800000,10664.265248080763
1680278400000,10663.034270880764
1680282000000,10661.744270880763
1680285600000,10659.972270880764
1680289200000,10659.330270880764
1680292800000,10662.060270880764
1680296400000,10661.366270880764
1680300000000,10662.534270880764
1680303600000,10664.586270880764
1680307200000,10662.969352882454
1680310800000,10662.349352882453
1680314400000,10665.631352882454
1680318000000,10664.941352882453
1680321600000,10664.017352882453
1680325200000,10665.001352882453
1680328800000,10664.471352882454
1680332400000,10662.575352882453
1680336000000,10661.578520882453
1680339600000,10661.826520882452
1680343200000,10661.618520882454
1680346800000,10662.568520882453
1680350400000,10660.784520882453
1680354000000,10661.730520882453
1680357600000,10661.616520882453
1680361200000,10659.376520882453
1680364800000,10661.004327362452
1680368400000,10659.884327362452
1680372000000,10660.430327362452
1680375600000,10660.618327362452
1680379200000,10660.706327362452
1680382800000,10661.866327362452
1680386400000,10662.830327362451
1680390000000,10663.438327362452
1680393600000,10662.258574345933
1680397200000,10660.860574345932
1680400800000,10660.570574345933
1680404400000,10661.244574345932
1680408000000,10662.724574345932
1680411600000,10660.920574345932
1680415200000,10662.472574345933
1680418800000,10662.384574345931
1680422400000,10661.283420451611
1680426000000,10660.775420451611
1680429600000,10661.089420451612
1680433200000,10660.10342045161
1680436800000,10660.101420451612
1680440400000,10658.223420451612
1680444000000,10658.747420451611
1680447600000,10658.525420451611
1680451200000,10655.476038147768
1680454800000,10652.294111544785
1680458400000,10652.294111544785
1680462000000,10652.294111544785
1680465600000,10652.294111544785
1680469200000,10652.294111544785
1680472800000,10652.294111544785
1680476400000,10652.294111544785
1680480000000,10652.294111544785
1680483600000,10652.294111544785
1680487200000,10652.294111544785
1680490800000,10652.294111544785
1680494400000,10652.294111544785
1680498000000,10652.294111544785
1680501600000,10652.294111544785
1680505200000,10652.294111544785
1680508800000,10652.294111544785
1680512400000,10652.294111544785
1680516000000,10652.294111544785
1680519600000,10652.294111544785
1680523200000,10652.294111544785
1680526800000,10652.294111544785
1680530400000,10652.294111544785
1680534000000,10652.294111544785
1680537600000,10652.294111544785
1680541200000,10652.294111544785
1680544800000,10652.294111544785
1680548400000,10652.294111544785
1680552000000,10652.294111544785
1680555600000,10652.294111544785
1680559200000,10652.294111544785
1680562800000,10652.294111544785
1680566400000,10652.294111544785
1680570000000,10652.294111544785
1680573600000,10652.294111544785
1680577200000,10652.294111544785
1680580800000,10652.294111544785
1680584400000,10652.294111544785
1680588000000,10652.294111544785
1680591600000,10652.294111544785
1680595200000,10652.294111544785
1680598800000,10652.294111544785
1680602400000,10652.294111544785
1680606000000,10652.294111544785
1680609600000,10652.137230658609
1680613200000,10653.09423065861
1680616800000,10652.47713065861
1680620400000,10651.45743065861
1680624000000,10650.30697672916
1680627600000,10651.44547672916
1680631200000,10652.85127672916
1680634800000,10651.46857672916
1680638400000,10652.34637672916
1680642000000,10655.53747672916
1680645600000,10653.20107672916
1680649200000,10652.613676729161
1680652800000,10653.033401245952
1680656400000,10667.556701245952
1680660000000,10667.289401245951
1680663600000,10666.649201245951
1680667200000,10667.005601245952
1680670800000,10666.091501245952
1680674400000,10667.127701245952
1680678000000,10667.104601245952
1680681600000,10666.335386425952
1680685200000,10666.299086425952
1680688800000,10666.041686425951
1680692400000,10667.249486425952
1680696000000,10667.648786425952
1680699600000,10669.242686425952
1680703200000,10667.760986425952
1680706800000,10661.233586425951
1680710400000,10661.916793675951
1680714000000,10660.270093675952
1680717600000,10662.51409367595
1680721200000,10662.946393675951
1680724800000,10666.038493675951
1680728400000,10664.73169367595
1680732000000,10666.17049367595
1680735600000,10665.708493675951
1680739200000,10665.901348507836
1680742800000,10661.350648507834
1680746400000,10662.413248507835
1680750000000,10660.611448507834
1680753600000,10662.139348507835
1680757200000,10660.297948507834
1680760800000,10658.535748507835
1680764400000,10659.789748507836
1680768000000,10653.89350156534
1680771600000,10656.18700156534
1680775200000,10654.35880156534
1680778800000,10650.05560156534
1680782400000,10652.30620156534
1680786000000,10650.77500156534
1680789600000,10652.17090156534
1680793200000,10652.08180156534
1680796800000,10654.453159932573
1680800400000,10654.430059932572
1680804000000,10654.294759932573
1680807600000,10652.189359932572
1680811200000,10652.935159932573
1680814800000,10649.658259932572
1680818400000,10651.826359932573
1680822000000,10652.733859932572
1680825600000,10653.555865019593
1680829200000,10656.737065019594
1680832800000,10654.694365019594
1680836400000,10653.955165019594
1680840000000,10655.133265019593
1680843600000,10654.799965019592
1680847200000,10653.060865019594
1680850800000,10651.773865019593
1680854400000,10643.49346420756
1680858000000,10643.49346420756
1680861600000,10643.49346420756
1680865200000,10643.49346420756
1680868800000,10643.49346420756
1680872400000,10643.49346420756
1680876000000,10643.49346420756
1680879600000,10643.49346420756
1680883200000,10643.49346420756
1680886800000,10643.49346420756
1680890400000,10643.49346420756
1680894000000,10643.49346420756
1680897600000,10643.49346420756
1680901200000,10643.49346420756
1680904800000,10643.49346420756
1680908400000,10643.49346420756
1680912000000,10643.49346420756
1680915600000,10643.49346420756
1680919200000,10643.49346420756
1680922800000,10643.49346420756
1680926400000,10643.49346420756
1680930000000,10643.49346420756
1680933600000,10643.49346420756
1680937200000,10643.49346420756
1680940800000,10643.49346420756
1680944400000,10643.49346420756
1680948000000,10643.49346420756
1680951600000,10643.49346420756
1680955200000,10643.49346420756
1680958800000,10643.49346420756
1680962400000,10643.49346420756
1680966000000,10643.49346420756
1680969600000,10643.49346420756
1680973200000,10643.49346420756
1680976800000,10643.49346420756
1680980400000,10643.49346420756
1680984000000,10643.49346420756
1680987600000,10643.49346420756
1680991200000,10643.49346420756
1680994800000,10643.49346420756
1680998400000,10643.49346420756
1681002000000,10643.49346420756
1681005600000,10643.49346420756
1681009200000,10643.49346420756
1681012800000,10643.49346420756
1681016400000,10643.49346420756
1681020000000,10643.49346420756
1681023600000,10643.49346420756
1681027200000,10643.49346420756
1681030800000,10643.49346420756
1681034400000,10643.49346420756
1681038000000,10643.49346420756
1681041600000,10643.49346420756
1681045200000,10643.49346420756
1681048800000,10643.49346420756
1681052400000,10643.49346420756
1681056000000,10643.49346420756
1681059600000,10643.49346420756
1681063200000,10643.49346420756
1681066800000,10643.49346420756
1681070400000,10643.49346420756
1681074000000,10643.49346420756
1681077600000,10643.49346420756
1681081200000,10643.49346420756
1681084800000,10643.49346420756
1681088400000,10643.49346420756
1681092000000,10643.49346420756
1681095600000,10643.49346420756
1681099200000,10643.49346420756
1681102800000,10643.49346420756
1681106400000,10643.49346420756
1681110000000,10643.49346420756
1681113600000,10643.49346420756
1681117200000,10643.49346420756
1681120800000,10643.49346420756
1681124400000,10643.49346420756
1681128000000,10643.49346420756
1681131600000,10643.49346420756
1681135200000,10643.49346420756
1681138800000,10643.49346420756
1681142400000,10643.49346420756
1681146000000,10643.49346420756
1681149600000,10643.49346420756
1681153200000,10643.49346420756
1681156800000,10643.46840215448
1681160400000,10640.58120215448
1681164000000,10644.90840215448
1681167600000,10658.793602154481
1681171200000,10659.651743447637
1681174800000,10667.269343447637
1681178400000,10678.209743447636
1681182000000,10674.256943447637
1681185600000,10675.305148618663
1681189200000,10673.407808618664
1681192800000,10664.518148618663
1681196400000,10671.147708618662
1681200000000,10674.827823498359
1681203600000,10671.89226349836
1681207200000,10670.20056349836
1681210800000,10673.03884349836
1681214400000,10669.378663498359
1681218000000,10671.27352349836
1681221600000,10677.70352349836
1681225200000,10667.507243498358
1681228800000,10673.629260863368
1681232400000,10665.794300863368
1681236000000,10670.58248086337
1681239600000,10671.031000863368
1681243200000,10661.194040863369
1681246800000,10662.910240863368
1681250400000,10663.79196086337
1681254000000,10667.54354086337
1681257600000,10664.497088509514
1681261200000,10663.366548509513
1681264800000,10660.469908509514
1681268400000,10641.454355783302
1681272000000,10641.529955783302
1681275600000,10644.165155783303
1681279200000,10641.925955783303
1681282800000,10642.577555783302
1681286400000,10644.551910262402
1681290000000,10642.082310262402
1681293600000,10644.785910262402
1681297200000,10644.641910262402
1681300800000,10645.261110262403
1681304400000,10648.443510262403
1681308000000,10645.257510262403
1681311600000,10646.917110262402
1681315200000,10643.730275429134
1681318800000,10642.869875429134
1681322400000,10645.317875429135
1681326000000,10641.570275429134
1681329600000,10637.012675429134
1681333200000,10642.614275429134
1681336800000,10642.578275429134
1681340400000,10639.305875429134
1681344000000,10640.638193354134
1681347600000,10644.558593354133
1681351200000,10647.424193354134
1681354800000,10648.576193354134
1681358400000,10647.334193354134
1681362000000,10646.740193354133
1681365600000,10648.792193354133
1681369200000,10645.292993354135
1681372800000,10647.387094099535
1681376400000,10652.171494099533
1681380000000,10652.207494099534
1681383600000,10652.376694099534
1681387200000,10649.993451908718
1681390800000,10660.229651908718
1681394400000,10652.793251908717
1681398000000,10667.009451908718
1681401600000,10663.238215742207
1681405200000,10662.799215742209
1681408800000,10666.751215742208
1681412400000,10668.845415742207
1681416000000,10663.063815742207
1681419600000,10659.604015742207
1681423200000,10661.931615742209
1681426800000,10662.128615742207
1681430400000,10666.152849356844
1681434000000,10708.514249356844
1681437600000,10715.836849356843
1681441200000,10705.774649356843
1681444800000,10711.279449356844
1681448400000,10712.950849356843
1681452000000,10717.434649356845
1681455600000,10723.167849356843
1681459200000,10713.009169693447
1681462800000,10711.843769693447
1681466400000,10715.115569693447
1681470000000,10715.238569693445
1681473600000,10716.836969693446
1681477200000,10703.543969693446
1681480800000,10707.497769693446
1681484400000,10702.170969693447
1681488000000,10676.91191360168
1681491600000,10675.880513601678
1681495200000,10683.330113601678
1681498800000,10683.656713601678
1681502400000,10688.689913601678
1681506000000,10700.467913601678
1681509600000,10697.136113601679
1681513200000,10698.95351360168
1681516800000,10699.149262953593
1681520400000,10692.363862953593
1681524000000,10690.267262953594
1681527600000,10691.986462953593
1681531200000,10692.792862953593
1681534800000,10691.245462953593
1681538400000,10694.294262953594
1681542000000,10692.181062953592
1681545600000,10698.021157441804
1681549200000,10696.730757441805
1681552800000,10701.922557441805
1681556400000,10699.628357441805
1681560000000,10696.322757441805
1681563600000,10699.602557441805
1681567200000,10693.314557441805
1681570800000,10692.725957441806
1681574400000,10692.737670768085
1681578000000,10695.281870768084
1681581600000,10688.894070768085
1681585200000,10691.792870768086
1681588800000,10693.812070768085
1681592400000,10687.644870768085
1681596000000,10686.890470768085
1681599600000,10692.877470768084
1681603200000,10688.933693979276
1681606800000,10686.472493979276
1681610400000,10686.277293979276
1681614000000,10687.672893979276
1681617600000,10686.587893979276
1681621200000,10691.563693979277
1681624800000,10691.616093979275
1681628400000,10691.240693979275
1681632000000,10693.03937315903
1681635600000,10692.81337315903
1681639200000,10687.44917315903
1681642800000,10689.58397315903
1681646400000,10685.87337315903
1681650000000,10688.58557315903
1681653600000,10681.471886817211
1681657200000,10682.947486817211
1681660800000,10684.26350169721
1681664400000,10686.891701697212
1681668000000,10686.05190169721
1681671600000,10696.53750169721
1681675200000,10692.20590169721
1681678800000,10693.48090169721
1681682400000,10695.43250169721
1681686000000,10695.735101697212
1681689600000,10692.480671531137
1681693200000,10678.156471531136
1681696800000,10683.491071531136
1681700400000,10686.136271531137
1681704000000,10684.929271531137
1681707600000,10685.534471531137
1681711200000,10686.877471531136
1681714800000,10684.565471531136
1681718400000,10683.12080554745
1681722000000,10685.06900554745
1681725600000,10682.16200554745
1681729200000,10683.709005547451
1681732800000,10678.41180554745
1681736400000,10679.51680554745
1681740000000,10676.96340554745
1681743600000,10678.78920554745
1681747200000,10676.229978968868
1681750800000,10679.235578968868
1681754400000,10679.306978968867
1681758000000,10680.364378968869
1681761600000,10678.990778968868
1681765200000,10677.957178968867
1681768800000,10678.252978968867
1681772400000,10679.313778968868
1681776000000,10677.284854813119
1681779600000,10677.556854813118
1681783200000,10667.50295649199
1681786800000,10667.50295649199
1681790400000,10667.50295649199
1681794000000,10667.50295649199
1681797600000,10667.50295649199
1681801200000,10667.50295649199
1681804800000,10667.50295649199
1681808400000,10667.50295649199
1681812000000,10667.50295649199
1681815600000,10667.50295649199
1681819200000,10667.50295649199
1681822800000,10667.50295649199
1681826400000,10667.50295649199
1681830000000,10667.50295649199
1681833600000,10667.50295649199
1681837200000,10667.50295649199
1681840800000,10667.50295649199
1681844400000,10667.50295649199
1681848000000,10667.50295649199
1681851600000,10667.50295649199
1681855200000,10667.50295649199
1681858800000,10667.50295649199
1681862400000,10667.50295649199
1681866000000,10667.50295649199
1681869600000,10667.50295649199
1681873200000,10667.50295649199
1681876800000,10667.50295649199
1681880400000,10667.50295649199
1681884000000,10667.50295649199
1681887600000,10667.50295649199
1681891200000,10667.50295649199
1681894800000,10667.50295649199
1681898400000,10667.50295649199
1681902000000,10667.50295649199
1681905600000,10667.50295649199
1681909200000,10667.50295649199
1681912800000,10667.50295649199
1681916400000,10667.50295649199
1681920000000,10667.50295649199
1681923600000,10667.50295649199
1681927200000,10667.50295649199
1681930800000,10667.50295649199
1681934400000,10667.50295649199
1681938000000,10667.50295649199
1681941600000,10667.50295649199
1681945200000,10667.50295649199
1681948800000,10667.50295649199
1681952400000,10667.50295649199
1681956000000,10667.50295649199
1681959600000,10667.50295649199
1681963200000,10667.50295649199
1681966800000,10667.50295649199
1681970400000,10667.50295649199
1681974000000,10667.50295649199
1681977600000,10667.50295649199
1681981200000,10667.50295649199
1681984800000,10667.50295649199
1681988400000,10667.50295649199
1681992000000,10667.50295649199
1681995600000,10667.50295649199
1681999200000,10667.50295649199
1682002800000,10667.50295649199
1682006400000,10667.50295649199
1682010000000,10667.50295649199
1682013600000,10667.50295649199
1682017200000,10667.50295649199
1682020800000,10667.50295649199
1682024400000,10667.50295649199
1682028000000,10667.50295649199
1682031600000,10667.50295649199
1682035200000,10667.50295649199
1682038800000,10667.50295649199
1682042400000,10667.50295649199
1682046000000,10667.50295649199
1682049600000,10667.50295649199
1682053200000,10667.50295649199
1682056800000,10667.50295649199
1682060400000,10667.50295649199
1682064000000,10667.50295649199
1682067600000,10667.50295649199
1682071200000,10667.50295649199
1682074800000,10667.50295649199
1682078400000,10667.50295649199
1682082000000,10667.50295649199
1682085600000,10667.50295649199
1682089200000,10667.50295649199
1682092800000,10667.50295649199
1682096400000,10667.50295649199
1682100000000,10667.50295649199
1682103600000,10667.50295649199
1682107200000,10667.50295649199
1682110800000,10667.50295649199
1682114400000,10667.50295649199
1682118000000,10667.50295649199
1682121600000,10667.50295649199
1682125200000,10667.50295649199
1682128800000,10667.50295649199
1682132400000,10667.50295649199
1682136000000,10667.50295649199
1682139600000,10667.50295649199
1682143200000,10667.50295649199
1682146800000,10667.50295649199
1682150400000,10667.50295649199
1682154000000,10667.50295649199
1682157600000,10667.50295649199
1682161200000,10667.50295649199
1682164800000,10667.50295649199
1682168400000,10667.50295649199
1682172000000,10667.50295649199
1682175600000,10667.50295649199
1682179200000,10667.50295649199
1682182800000,10667.50295649199
1682186400000,10667.50295649199
1682190000000,10667.50295649199
1682193600000,10667.50295649199
1682197200000,10667.50295649199
1682200800000,10667.50295649199
1682204400000,10667.50295649199
1682208000000,10667.50295649199
1682211600000,10667.50295649199
1682215200000,10667.50295649199
1682218800000,10667.50295649199
1682222400000,10667.50295649199
1682226000000,10667.50295649199
1682229600000,10667.50295649199
1682233200000,10667.50295649199
1682236800000,10667.50295649199
1682240400000,10667.50295649199
1682244000000,10667.50295649199
1682247600000,10667.50295649199
1682251200000,10667.50295649199
1682254800000,10667.50295649199
1682258400000,10667.50295649199
1682262000000,10667.50295649199
1682265600000,10667.50295649199
1682269200000,10667.50295649199
1682272800000,10667.50295649199
1682276400000,10667.50295649199
1682280000000,10667.50295649199
1682283600000,10667.50295649199
1682287200000,10667.50295649199
1682290800000,10667.50295649199
1682294400000,10667.50295649199
1682298000000,10667.50295649199
1682301600000,10667.50295649199
1682305200000,10667.50295649199
1682308800000,10667.50295649199
1682312400000,10667.50295649199
1682316000000,10667.50295649199
1682319600000,10667.50295649199
1682323200000,10667.50295649199
1682326800000,10667.50295649199
1682330400000,10667.50295649199
1682334000000,10667.50295649199
1682337600000,10667.50295649199
1682341200000,10667.50295649199
1682344800000,10667.50295649199
1682348400000,10667.50295649199
1682352000000,10667.50295649199
1682355600000,10667.50295649199
1682359200000,10667.50295649199
1682362800000,10667.50295649199
1682366400000,10667.50295649199
1682370000000,10667.50295649199
1682373600000,10667.50295649199
1682377200000,10667.50295649199
1682380800000,10667.50295649199
1682384400000,10667.50295649199
1682388000000,10667.50295649199
1682391600000,10667.50295649199
1682395200000,10667.50295649199
1682398800000,10667.50295649199
1682402400000,10667.50295649199
1682406000000,10667.50295649199
1682409600000,10667.50295649199
1682413200000,10667.50295649199
1682416800000,10667.50295649199
1682420400000,10667.50295649199
1682424000000,10667.50295649199
1682427600000,10667.50295649199
1682431200000,10667.50295649199
1682434800000,10667.50295649199
1682438400000,10667.50295649199
1682442000000,10667.50295649199
1682445600000,10667.50295649199
1682449200000,10667.50295649199
1682452800000,10667.50295649199
1682456400000,10667.50295649199
1682460000000,10667.50295649199
1682463600000,10667.50295649199
1682467200000,10667.50295649199
1682470800000,10667.50295649199
1682474400000,10667.50295649199
1682478000000,10667.50295649199
1682481600000,10667.50295649199
1682485200000,10667.50295649199
1682488800000,10667.50295649199
1682492400000,10667.50295649199
1682496000000,10667.50295649199
1682499600000,10667.50295649199
1682503200000,10667.50295649199
1682506800000,10667.50295649199
1682510400000,10667.50295649199
1682514000000,10667.50295649199
1682517600000,10667.50295649199
1682521200000,10667.50295649199
1682524800000,10667.50295649199
1682528400000,10667.50295649199
1682532000000,10667.50295649199
1682535600000,10667.50295649199
1682539200000,10667.50295649199
1682542800000,10667.50295649199
1682546400000,10667.50295649199
1682550000000,10667.50295649199
1682553600000,10667.50295649199
1682557200000,10667.50295649199
1682560800000,10667.50295649199
1682564400000,10667.50295649199
1682568000000,10667.50295649199
1682571600000,10667.50295649199
1682575200000,10667.50295649199
1682578800000,10667.50295649199
1682582400000,10667.50295649199
1682586000000,10667.50295649199
1682589600000,10667.50295649199
1682593200000,10667.50295649199
1682596800000,10667.50295649199
1682600400000,10667.50295649199
1682604000000,10667.50295649199
1682607600000,10667.50295649199
1682611200000,10667.50295649199
1682614800000,10667.50295649199
1682618400000,10667.50295649199
1682622000000,10667.50295649199
1682625600000,10667.50295649199
1682629200000,10667.50295649199
1682632800000,10667.50295649199
1682636400000,10667.50295649199
1682640000000,10667.50295649199
1682643600000,10667.50295649199
1682647200000,10667.50295649199
1682650800000,10667.50295649199
1682654400000,10667.50295649199
1682658000000,10667.50295649199
1682661600000,10667.50295649199
1682665200000,10667.50295649199
1682668800000,10667.50295649199
1682672400000,10667.50295649199
1682676000000,10667.50295649199
1682679600000,10667.50295649199
1682683200000,10667.50295649199
1682686800000,10667.50295649199
1682690400000,10667.50295649199
1682694000000,10667.50295649199
1682697600000,10667.50295649199
1682701200000,10667.50295649199
1682704800000,10667.50295649199
1682708400000,10667.50295649199
1682712000000,10667.50295649199
1682715600000,10667.50295649199
1682719200000,10667.50295649199
1682722800000,10667.50295649199
1682726400000,10667.50295649199
1682730000000,10667.50295649199
1682733600000,10667.50295649199
1682737200000,10667.50295649199
1682740800000,10667.50295649199
1682744400000,10667.50295649199
1682748000000,10667.50295649199
1682751600000,10667.50295649199
1682755200000,10667.50295649199
1682758800000,10667.50295649199
1682762400000,10667.50295649199
1682766000000,10667.50295649199
1682769600000,10667.50295649199
1682773200000,10667.50295649199
1682776800000,10667.50295649199
1682780400000,10667.50295649199
1682784000000,10667.50295649199
1682787600000,10667.50295649199
1682791200000,10667.50295649199
1682794800000,10667.50295649199
1682798400000,10667.50295649199
1682802000000,10667.50295649199
1682805600000,10667.50295649199
1682809200000,10667.50295649199
1682812800000,10667.50295649199
1682816400000,10667.50295649199
1682820000000,10667.50295649199
1682823600000,10667.50295649199
1682827200000,10667.50295649199
1682830800000,10667.50295649199
1682834400000,10667.50295649199
1682838000000,10667.50295649199
1682841600000,10667.50295649199
1682845200000,10667.50295649199
1682848800000,10667.50295649199
1682852400000,10667.50295649199
1682856000000,10667.50295649199
1682859600000,10667.50295649199
1682863200000,10667.50295649199
1682866800000,10667.50295649199
1682870400000,10667.50295649199
1682874000000,10667.50295649199
1682877600000,10667.50295649199
1682881200000,10667.50295649199
1682884800000,10667.50295649199
1682888400000,10667.50295649199
1682892000000,10667.50295649199
1682895600000,10667.50295649199
1682899200000,10667.50295649199
1682902800000,10667.50295649199
1682906400000,10667.50295649199
1682910000000,10667.50295649199
1682913600000,10667.50295649199
1682917200000,10667.50295649199
1682920800000,10667.50295649199
1682924400000,10667.50295649199
1682928000000,10667.50295649199
1682931600000,10667.50295649199
1682935200000,10667.50295649199
1682938800000,10667.50295649199
1682942400000,10667.50295649199
1682946000000,10667.50295649199
1682949600000,10667.50295649199
1682953200000,10667.50295649199
1682956800000,10667.50295649199
1682960400000,10667.50295649199
1682964000000,10667.50295649199
1682967600000,10667.50295649199
1682971200000,10667.50295649199
1682974800000,10667.50295649199
1682978400000,10667.50295649199
1682982000000,10667.50295649199
1682985600000,10667.50295649199
1682989200000,10667.50295649199
1682992800000,10667.50295649199
1682996400000,10667.50295649199
1683000000000,10667.50295649199
1683003600000,10667.50295649199
1683007200000,10667.50295649199
1683010800000,10667.50295649199
1683014400000,10667.50295649199
1683018000000,10667.50295649199
1683021600000,10667.50295649199
1683025200000,10667.50295649199
1683028800000,10667.50295649199
1683032400000,10667.50295649199
1683036000000,10667.50295649199
1683039600000,10667.50295649199
1683043200000,10667.50295649199
1683046800000,10667.50295649199
1683050400000,10667.50295649199
1683054000000,10667.50295649199
1683057600000,10667.50295649199
1683061200000,10667.50295649199
1683064800000,10667.50295649199
1683068400000,10667.50295649199
1683072000000,10667.50295649199
1683075600000,10667.50295649199
1683079200000,10667.50295649199
1683082800000,10667.50295649199
1683086400000,10667.50295649199
1683090000000,10667.50295649199
1683093600000,10667.50295649199
1683097200000,10667.50295649199
1683100800000,10667.50295649199
1683104400000,10667.50295649199
1683108000000,10667.50295649199
1683111600000,10667.50295649199
1683115200000,10667.50295649199
1683118800000,10667.50295649199
1683122400000,10667.50295649199
1683126000000,10667.50295649199
1683129600000,10667.50295649199
1683133200000,10667.50295649199
1683136800000,10667.50295649199
1683140400000,10667.50295649199
1683144000000,10667.50295649199
1683147600000,10667.50295649199
1683151200000,10667.50295649199
1683154800000,10667.50295649199
1683158400000,10667.50295649199
1683162000000,10667.50295649199
1683165600000,10667.50295649199
1683169200000,10667.50295649199
1683172800000,10667.50295649199
1683176400000,10667.50295649199
1683180000000,10667.50295649199
1683183600000,10667.50295649199
1683187200000,10667.50295649199
1683190800000,10667.50295649199
1683194400000,10667.50295649199
1683198000000,10667.50295649199
1683201600000,10667.50295649199
1683205200000,10667.50295649199
1683208800000,10667.50295649199
1683212400000,10667.50295649199
1683216000000,10667.50295649199
1683219600000,10667.50295649199
1683223200000,10667.50295649199
1683226800000,10667.50295649199
1683230400000,10667.50295649199
1683234000000,10667.50295649199
1683237600000,10667.50295649199
1683241200000,10667.50295649199
1683244800000,10667.50295649199
1683248400000,10667.50295649199
1683252000000,10667.50295649199
1683255600000,10667.50295649199
1683259200000,10667.50295649199
1683262800000,10667.50295649199
1683266400000,10667.50295649199
1683270000000,10667.50295649199
1683273600000,10667.50295649199
1683277200000,10667.50295649199
1683280800000,10667.50295649199
1683284400000,10667.50295649199
1683288000000,10667.50295649199
1683291600000,10667.50295649199
1683295200000,10667.50295649199
1683298800000,10667.50295649199
1683302400000,10667.50295649199
1683306000000,10667.50295649199
1683309600000,10667.50295649199
1683313200000,10667.50295649199
1683316800000,10667.50295649199
1683320400000,10667.50295649199
1683324000000,10667.50295649199
1683327600000,10667.50295649199
1683331200000,10667.50295649199
1683334800000,10667.50295649199
1683338400000,10667.50295649199
1683342000000,10667.50295649199
1683345600000,10667.50295649199
1683349200000,10667.50295649199
1683352800000,10667.50295649199
1683356400000,10667.50295649199
1683360000000,10667.50295649199
1683363600000,10667.50295649199
1683367200000,10667.50295649199
1683370800000,10667.50295649199
1683374400000,10667.50295649199
1683378000000,10667.50295649199
1683381600000,10667.50295649199
1683385200000,10667.50295649199
1683388800000,10667.50295649199
1683392400000,10667.50295649199
1683396000000,10667.50295649199
1683399600000,10667.50295649199
1683403200000,10667.50295649199
1683406800000,10667.50295649199
1683410400000,10667.50295649199
1683414000000,10667.50295649199
1683417600000,10667.50295649199
1683421200000,10667.50295649199
1683424800000,10667.50295649199
1683428400000,10667.50295649199
1683432000000,10667.50295649199
1683435600000,10667.50295649199
1683439200000,10667.50295649199
1683442800000,10667.50295649199
1683446400000,10667.50295649199
1683450000000,10667.50295649199
1683453600000,10667.50295649199
1683457200000,10667.50295649199
1683460800000,10667.50295649199
1683464400000,10667.50295649199
1683468000000,10667.50295649199
1683471600000,10667.50295649199
1683475200000,10667.50295649199
1683478800000,10667.50295649199
1683482400000,10667.50295649199
1683486000000,10667.50295649199
1683489600000,10667.50295649199
1683493200000,10667.50295649199
1683496800000,10667.50295649199
1683500400000,10667.50295649199
1683504000000,10667.50295649199
1683507600000,10667.50295649199
1683511200000,10667.50295649199
1683514800000,10667.50295649199
1683518400000,10667.50295649199
1683522000000,10667.50295649199
1683525600000,10667.50295649199
1683529200000,10667.50295649199
1683532800000,10667.03216463271
1683536400000,10673.23616463271
1683540000000,10668.421764632709
1683543600000,10667.56496463271
1683547200000,10667.67056463271
1683550800000,10671.58496463271
1683554400000,10669.031364632709
1683558000000,10665.536964632709
1683561600000,10668.61106912974
1683565200000,10669.592669129739
1683568800000,10677.27266912974
1683572400000,10679.39426912974
1683576000000,10680.91826912974
1683579600000,10677.46466912974
1683583200000,10677.36626912974
1683586800000,10675.06706912974
1683590400000,10674.22019098582
1683594000000,10676.22899098582
1683597600000,10673.47379098582
1683601200000,10675.11299098582
1683604800000,10674.79139098582
1683608400000,10675.30259098582
1683612000000,10677.47699098582
1683615600000,10676.99219098582
1683619200000,10674.51999954183
1683622800000,10676.74479954183
1683626400000,10676.15439954183
1683630000000,10675.83519954183
1683633600000,10673.04879954183
1683637200000,10672.06239954183
1683640800000,10675.56879954183
1683644400000,10676.797599541831
1683648000000,10680.263284042083
1683651600000,10672.960084042083
1683655200000,10675.472884042083
1683658800000,10676.089684042083
1683662400000,10673.135284042082
1683666000000,10674.640084042083
1683669600000,10675.775284042082
1683673200000,10675.943284042081
1683676800000,10675.219349987474
1683680400000,10672.015349987474
1683684000000,10673.359349987473
1683687600000,10673.856149987474
1683691200000,10673.781749987475
1683694800000,10673.433749987475
1683698400000,10674.379349987474
1683702000000,10675.816949987475
1683705600000,10676.880568080795
1683709200000,10676.441368080794
1683712800000,10676.410168080794
1683716400000,10675.733368080795
1683720000000,10674.557368080794
1683723600000,10660.062307560038
1683727200000,10660.062307560038
1683730800000,10660.062307560038
1683734400000,10660.062307560038
1683738000000,10660.062307560038
1683741600000,10660.062307560038
1683745200000,10660.062307560038
1683748800000,10660.062307560038
1683752400000,10660.062307560038
1683756000000,10660.062307560038
1683759600000,10660.062307560038
1683763200000,10660.062307560038
1683766800000,10660.062307560038
1683770400000,10660.062307560038
1683774000000,10660.062307560038
1683777600000,10660.062307560038
1683781200000,10660.062307560038
1683784800000,10660.062307560038
1683788400000,10660.062307560038
1683792000000,10660.062307560038
1683795600000,10660.062307560038
1683799200000,10660.062307560038
1683802800000,10660.062307560038
1683806400000,10659.642607324706
1683810000000,10660.479367324706
1683813600000,10663.800717324704
1683817200000,10666.255947324706
1683820800000,10663.754898888496
1683824400000,10666.644118888496
1683828000000,10680.043698888496
1683831600000,10675.152188888496
1683835200000,10679.569638888495
1683838800000,10671.856898888494
1683842400000,10671.400218888495
1683846000000,10675.814698888496
1683849600000,10672.077898518328
1683853200000,10670.305468518327
1683856800000,10677.222378518327
1683860400000,10688.674138518327
1683864000000,10694.819418518327
1683867600000,10688.894138518328
1683871200000,10706.682668518328
1683874800000,10700.738568518329
1683878400000,10699.250776639894
1683882000000,10699.072936639894
1683885600000,10695.827026639894
1683889200000,10696.194346639895
1683892800000,10697.209496639894
1683896400000,10692.922056639894
1683900000000,10692.202626639895
1683903600000,10696.171476639895
1683907200000,10697.266578232986
1683910800000,10695.871948232987
1683914400000,10695.344408232986
1683918000000,10696.791638232988
1683921600000,10686.865948232986
1683925200000,10683.841138232987
1683928800000,10673.047328232986
1683932400000,10675.798918232986
1683936000000,10671.831250853365
1683939600000,10669.534350853366
1683943200000,10670.061800853366
1683946800000,10672.587690853366
1683950400000,10671.774130853366
1683954000000,10673.911790853366
1683957600000,10676.880400853366
1683961200000,10676.573020853366
1683964800000,10674.109930668006
1683968400000,10672.552120668006
1683972000000,10670.323370668006
1683975600000,10671.631430668005
1683979200000,10672.638290668006
1683982800000,10672.666690668006
1683986400000,10672.992900668007
1683990000000,10678.638590668006
1683993600000,10676.880913836336
1683997200000,10676.854883836337
1684000800000,10677.335243836336
1684004400000,10678.104333836336
1684008000000,10675.604883836337
1684011600000,10671.237123836336
1684015200000,10673.122073836337
1684018800000,10671.465783836338
1684022400000,10677.001391985508
1684026000000,10675.773431985508
1684029600000,10678.118761985508
1684033200000,10674.648551985507
1684036800000,10672.284811985508
1684040400000,10672.641911985509
1684044000000,10672.105521985508
1684047600000,10670.779271985508
1684051200000,10671.882195382132
1684054800000,10672.638335382131
1684058400000,10672.55316538213
1684062000000,10673.037785382132
1684065600000,10673.80202538213
1684069200000,10667.525190602246
1684072800000,10666.777590602245
1684076400000,10665.204690602246
1684080000000,10659.691015438324
1684083600000,10659.691015438324
1684087200000,10659.691015438324
1684090800000,10659.691015438324
1684094400000,10659.691015438324
1684098000000,10659.691015438324
1684101600000,10659.691015438324
1684105200000,10659.691015438324
1684108800000,10659.691015438324
1684112400000,10659.691015438324
1684116000000,10659.691015438324
1684119600000,10659.691015438324
1684123200000,10659.691015438324
1684126800000,10659.691015438324
1684130400000,10659.691015438324
1684134000000,10659.691015438324
1684137600000,10659.691015438324
1684141200000,10659.691015438324
1684144800000,10659.691015438324
1684148400000,10659.691015438324
1684152000000,10659.691015438324
1684155600000,10659.691015438324
1684159200000,10659.691015438324
1684162800000,10659.691015438324
1684166400000,10659.691015438324
1684170000000,10659.691015438324
1684173600000,10659.691015438324
1684177200000,10659.691015438324
1684180800000,10659.691015438324
1684184400000,10659.691015438324
1684188000000,10659.691015438324
1684191600000,10659.691015438324
1684195200000,10659.691015438324
1684198800000,10659.691015438324
1684202400000,10659.691015438324
1684206000000,10659.691015438324
1684209600000,10659.691015438324
1684213200000,10659.691015438324
1684216800000,10659.691015438324
1684220400000,10659.691015438324
1684224000000,10659.691015438324
1684227600000,10659.691015438324
1684231200000,10659.691015438324
1684234800000,10659.691015438324
1684238400000,10659.691015438324
1684242000000,10659.691015438324
1684245600000,10659.691015438324
1684249200000,10659.691015438324
1684252800000,10659.691015438324
1684256400000,10659.691015438324
1684260000000,10659.691015438324
1684263600000,10659.691015438324
1684267200000,10659.691015438324
1684270800000,10659.691015438324
1684274400000,10659.691015438324
1684278000000,10659.691015438324
1684281600000,10659.691015438324
1684285200000,10659.691015438324
1684288800000,10659.691015438324
1684292400000,10659.691015438324
1684296000000,10659.691015438324
1684299600000,10659.691015438324
1684303200000,10659.691015438324
1684306800000,10659.691015438324
1684310400000,10659.691015438324
1684314000000,10659.691015438324
1684317600000,10659.691015438324
1684321200000,10659.691015438324
1684324800000,10659.691015438324
1684328400000,10659.691015438324
1684332000000,10659.691015438324
1684335600000,10659.691015438324
1684339200000,10659.691015438324
1684342800000,10659.691015438324
1684346400000,10659.691015438324
1684350000000,10659.691015438324
1684353600000,10659.691015438324
1684357200000,10659.691015438324
1684360800000,10659.691015438324
1684364400000,10659.691015438324
1684368000000,10659.691015438324
1684371600000,10659.691015438324
1684375200000,10659.691015438324
1684378800000,10659.691015438324
1684382400000,10659.691015438324
1684386000000,10659.691015438324
1684389600000,10659.691015438324
1684393200000,10659.691015438324
1684396800000,10659.691015438324
1684400400000,10659.691015438324
1684404000000,10659.691015438324
1684407600000,10659.691015438324
1684411200000,10659.691015438324
1684414800000,10659.691015438324
1684418400000,10659.691015438324
1684422000000,10659.691015438324
1684425600000,10659.691015438324
1684429200000,10659.691015438324
1684432800000,10659.691015438324
1684436400000,10659.691015438324
1684440000000,10659.691015438324
1684443600000,10659.691015438324
1684447200000,10659.691015438324
1684450800000,10659.691015438324
1684454400000,10659.691015438324
1684458000000,10659.691015438324
1684461600000,10659.691015438324
1684465200000,10659.691015438324
1684468800000,10659.691015438324
1684472400000,10659.691015438324
1684476000000,10659.691015438324
1684479600000,10659.691015438324
1684483200000,10659.691015438324
1684486800000,10659.691015438324
1684490400000,10659.691015438324
1684494000000,10659.691015438324
1684497600000,10659.691015438324
1684501200000,10659.691015438324
1684504800000,10659.691015438324
1684508400000,10659.691015438324
1684512000000,10659.691015438324
1684515600000,10659.691015438324
1684519200000,10659.691015438324
1684522800000,10659.691015438324
1684526400000,10659.691015438324
1684530000000,10659.691015438324
1684533600000,10659.691015438324
1684537200000,10659.691015438324
1684540800000,10659.691015438324
1684544400000,10659.691015438324
1684548000000,10659.691015438324
1684551600000,10659.691015438324
1684555200000,10659.691015438324
1684558800000,10659.691015438324
1684562400000,10659.691015438324
1684566000000,10659.691015438324
1684569600000,10659.691015438324
1684573200000,10659.691015438324
1684576800000,10659.691015438324
1684580400000,10659.691015438324
1684584000000,10659.691015438324
1684587600000,10659.691015438324
1684591200000,10659.691015438324
1684594800000,10659.691015438324
1684598400000,10659.691015438324
1684602000000,10659.691015438324
1684605600000,10659.691015438324
1684609200000,10659.691015438324
1684612800000,10659.691015438324
1684616400000,10659.691015438324
1684620000000,10659.691015438324
1684623600000,10659.691015438324
1684627200000,10659.691015438324
1684630800000,10659.691015438324
1684634400000,10659.691015438324
1684638000000,10659.691015438324
1684641600000,10659.691015438324
1684645200000,10659.691015438324
1684648800000,10659.691015438324
1684652400000,10659.691015438324
1684656000000,10659.691015438324
1684659600000,10659.691015438324
1684663200000,10659.691015438324
1684666800000,10659.691015438324
1684670400000,10659.691015438324
1684674000000,10659.691015438324
1684677600000,10659.691015438324
1684681200000,10659.691015438324
1684684800000,10659.691015438324
1684688400000,10659.691015438324
1684692000000,10659.691015438324
1684695600000,10659.691015438324
1684699200000,10659.691015438324
1684702800000,10659.691015438324
1684706400000,10659.691015438324
1684710000000,10659.691015438324
1684713600000,10659.691015438324
1684717200000,10659.691015438324
1684720800000,10659.691015438324
1684724400000,10659.691015438324
1684728000000,10659.691015438324
1684731600000,10659.691015438324
1684735200000,10659.691015438324
1684738800000,10659.691015438324
1684742400000,10659.691015438324
1684746000000,10659.691015438324
1684749600000,10659.691015438324
1684753200000,10659.691015438324
1684756800000,10659.691015438324
1684760400000,10659.691015438324
1684764000000,10659.691015438324
1684767600000,10659.691015438324
1684771200000,10659.691015438324
1684774800000,10659.691015438324
1684778400000,10659.691015438324
1684782000000,10659.691015438324
1684785600000,10659.691015438324
1684789200000,10659.691015438324
1684792800000,10659.691015438324
1684796400000,10659.691015438324
1684800000000,10659.691015438324
1684803600000,10659.691015438324
1684807200000,10659.691015438324
1684810800000,10659.691015438324
1684814400000,10659.650816938145
1684818000000,10653.569856938146
1684821600000,10655.175916938146
1684825200000,10652.582926938145
1684828800000,10650.200872420819
1684832400000,10650.200872420819
1684836000000,10650.200872420819
1684839600000,10650.200872420819
1684843200000,10650.200872420819
1684846800000,10650.200872420819
1684850400000,10650.200872420819
1684854000000,10650.200872420819
1684857600000,10650.200872420819
1684861200000,10650.200872420819
1684864800000,10650.200872420819
1684868400000,10650.200872420819
1684872000000,10650.200872420819
1684875600000,10650.200872420819
1684879200000,10650.200872420819
1684882800000,10650.200872420819
1684886400000,10650.200872420819
1684890000000,10650.200872420819
1684893600000,10650.200872420819
1684897200000,10650.200872420819
1684900800000,10650.200872420819
1684904400000,10650.200872420819
1684908000000,10650.200872420819
1684911600000,10650.200872420819
1684915200000,10650.200872420819
1684918800000,10650.200872420819
1684922400000,10650.200872420819
1684926000000,10650.200872420819
1684929600000,10650.200872420819
1684933200000,10650.200872420819
1684936800000,10650.200872420819
1684940400000,10650.200872420819
1684944000000,10649.628942653711
1684947600000,10652.148642653712
1684951200000,10649.252122653712
1684954800000,10652.634422653711
1684958400000,10648.384323669403
1684962000000,10637.741143669404
1684965600000,10641.467323669403
1684969200000,10643.070043669402
1684972800000,10643.198709644304
1684976400000,10647.923829644304
1684980000000,10660.779189644305
1684983600000,10658.144949644306
1684987200000,10656.870829644304
1684990800000,10656.189529644304
1684994400000,10651.299149644305
1684998000000,10651.900029644305
1685001600000,10658.042741665386
1685005200000,10653.197301665385
1685008800000,10651.377881665385
1685012400000,10651.963321665386
1685016000000,10647.319041665385
1685019600000,10639.048321665385
1685023200000,10639.729621665385
1685026800000,10642.457081665385
1685030400000,10651.02308596522
1685034000000,10644.835645965219
1685037600000,10637.05502596522
1685041200000,10639.54508596522
1685044800000,10633.51540596522
1685048400000,10634.06470596522
1685052000000,10635.11050596522
1685055600000,10635.50708596522
1685059200000,10635.590510980815
1685062800000,10636.899510980817
1685066400000,10638.983410980814
1685070000000,10639.632050980816
1685073600000,10636.790090980816
1685077200000,10636.249310980817
1685080800000,10641.806870980816
1685084400000,10635.403290980816
1685088000000,10630.260680957472
1685091600000,10632.119380957472
1685095200000,10634.15444095747
1685098800000,10633.07942095747
1685102400000,10633.508660957472
1685106000000,10632.92724095747
1685109600000,10624.28572095747
1685113200000,10609.63348902829
1685116800000,10609.63348902829
1685120400000,10609.63348902829
1685124000000,10609.63348902829
1685127600000,10609.63348902829
1685131200000,10609.63348902829
1685134800000,10609.63348902829
1685138400000,10609.63348902829
1685142000000,10609.63348902829
1685145600000,10609.63348902829
1685149200000,10609.63348902829
1685152800000,10609.63348902829
1685156400000,10609.63348902829
1685160000000,10609.63348902829
1685163600000,10609.63348902829
1685167200000,10609.63348902829
1685170800000,10609.63348902829
1685174400000,10609.63348902829
1685178000000,10609.63348902829
1685181600000,10609.63348902829
1685185200000,10609.63348902829
1685188800000,10609.63348902829
1685192400000,10609.63348902829
1685196000000,10609.63348902829
1685199600000,10609.63348902829
1685203200000,10609.63348902829
1685206800000,10609.63348902829
1685210400000,10609.63348902829
1685214000000,10609.63348902829
1685217600000,10609.63348902829
1685221200000,10609.63348902829
1685224800000,10609.63348902829
1685228400000,10609.63348902829
1685232000000,10609.63348902829
1685235600000,10609.63348902829
1685239200000,10609.63348902829
1685242800000,10609.63348902829
1685246400000,10609.63348902829
1685250000000,10609.63348902829
1685253600000,10609.63348902829
1685257200000,10609.63348902829
1685260800000,10609.63348902829
1685264400000,10609.63348902829
1685268000000,10609.63348902829
1685271600000,10609.63348902829
1685275200000,10609.63348902829
1685278800000,10609.63348902829
1685282400000,10609.63348902829
1685286000000,10609.63348902829
1685289600000,10609.63348902829
1685293200000,10609.63348902829
1685296800000,10609.63348902829
1685300400000,10609.63348902829
1685304000000,10609.63348902829
1685307600000,10609.63348902829
1685311200000,10609.63348902829
1685314800000,10609.63348902829
1685318400000,10609.636240582719
1685322000000,10611.630540582717
1685325600000,10613.573040582718
1685329200000,10609.449760582718
1685332800000,10606.725080582717
1685336400000,10603.803560582717
1685340000000,10606.792420582718
1685343600000,10605.958440582717
1685347200000,10604.337115353734
1685350800000,10603.839835353734
1685354400000,10606.020615353735
1685358000000,10604.917275353733
1685361600000,10605.492255353734
1685365200000,10602.601815353733
1685368800000,10603.798395353733
1685372400000,10600.659315353734
1685376000000,10597.624397901734
1685379600000,10593.040097901734
1685383200000,10598.525717901734
1685386800000,10598.815797901734
1685390400000,10599.059257901734
1685394000000,10599.437397901735
1685397600000,10597.909297901735
1685401200000,10599.297537901733
1685404800000,10599.98173204555
1685408400000,10600.20447204555
1685412000000,10602.53029204555
1685415600000,10603.41607204555
1685419200000,10604.441712045551
1685422800000,10602.67533204555
1685426400000,10603.01721204555
1685430000000,10605.65901204555
1685433600000,10603.30740828619
1685437200000,10604.902848286189
1685440800000,10607.00592828619
1685444400000,10606.715848286189
1685448000000,10610.984168286188
1685451600000,10607.927968286189
1685455200000,10604.358948286188
1685458800000,10602.338748286189
1685462400000,10603.388566499669
1685466000000,10604.30542649967
1685469600000,10604.20182649967
1685473200000,10607.175146499669
1685476800000,10606.574266499669
1685480400000,10605.186026499669
1685484000000,10605.65222649967
1685487600000,10605.807626499669
1685491200000,10603.232616953574
1685494800000,10605.734556953574
1685498400000,10602.730156953574
1685502000000,10600.031376953573
1685505600000,10602.051576953574
1685509200000,10588.687176953574
1685512800000,10581.902298358922
1685516400000,10581.902298358922
1685520000000,10581.902298358922
1685523600000,10581.902298358922
1685527200000,10581.902298358922
1685530800000,10581.902298358922
1685534400000,10581.902298358922
1685538000000,10581.902298358922
1685541600000,10581.902298358922
1685545200000,10581.902298358922
1685548800000,10581.902298358922
1685552400000,10581.902298358922
1685556000000,10581.902298358922
1685559600000,10581.902298358922
1685563200000,10581.902298358922
1685566800000,10581.902298358922
1685570400000,10581.902298358922
1685574000000,10581.902298358922
1685577600000,10581.902298358922
1685581200000,10581.902298358922
1685584800000,10581.902298358922
1685588400000,10581.902298358922
1685592000000,10581.902298358922
1685595600000,10581.902298358922
1685599200000,10581.902298358922
1685602800000,10581.902298358922
1685606400000,10581.902298358922
1685610000000,10581.902298358922
1685613600000,10581.902298358922
1685617200000,10581.902298358922
1685620800000,10581.902298358922
1685624400000,10581.902298358922
1685628000000,10581.902298358922
1685631600000,10581.902298358922
1685635200000,10581.902298358922
1685638800000,10581.902298358922
1685642400000,10581.902298358922
1685646000000,10581.902298358922
1685649600000,10581.902298358922
1685653200000,10581.902298358922
1685656800000,10581.902298358922
1685660400000,10581.902298358922
1685664000000,10581.902298358922
1685667600000,10581.902298358922
1685671200000,10581.902298358922
1685674800000,10581.902298358922
1685678400000,10581.902298358922
1685682000000,10581.902298358922
1685685600000,10581.902298358922
1685689200000,10581.902298358922
1685692800000,10581.902298358922
1685696400000,10581.902298358922
1685700000000,10581.902298358922
1685703600000,10581.902298358922
1685707200000,10581.902298358922
1685710800000,10581.902298358922
1685714400000,10581.902298358922
1685718000000,10581.902298358922
1685721600000,10581.902298358922
1685725200000,10581.902298358922
1685728800000,10581.902298358922
1685732400000,10581.902298358922
1685736000000,10581.902298358922
1685739600000,10581.902298358922
1685743200000,10581.902298358922
1685746800000,10581.902298358922
1685750400000,10581.902298358922
1685754000000,10581.902298358922
1685757600000,10581.902298358922
1685761200000,10581.902298358922
1685764800000,10581.902298358922
1685768400000,10581.902298358922
1685772000000,10581.902298358922
1685775600000,10581.902298358922
1685779200000,10581.902298358922
1685782800000,10581.902298358922
1685786400000,10581.902298358922
1685790000000,10581.902298358922
1685793600000,10581.902298358922
1685797200000,10581.902298358922
1685800800000,10581.902298358922
1685804400000,10581.902298358922
1685808000000,10581.902298358922
1685811600000,10581.902298358922
1685815200000,10581.902298358922
1685818800000,10581.902298358922
1685822400000,10581.902298358922
1685826000000,10581.902298358922
1685829600000,10581.902298358922
1685833200000,10581.902298358922
1685836800000,10581.902298358922
1685840400000,10581.902298358922
1685844000000,10581.902298358922
1685847600000,10581.902298358922
1685851200000,10581.902298358922
1685854800000,10581.902298358922
1685858400000,10581.902298358922
1685862000000,10581.902298358922
1685865600000,10581.902298358922
1685869200000,10581.902298358922
1685872800000,10581.902298358922
1685876400000,10581.902298358922
1685880000000,10581.902298358922
1685883600000,10581.902298358922
1685887200000,10581.902298358922
1685890800000,10581.902298358922
1685894400000,10581.902298358922
1685898000000,10581.902298358922
1685901600000,10581.902298358922
1685905200000,10581.902298358922
1685908800000,10581.902298358922
1685912400000,10581.902298358922
1685916000000,10581.902298358922
1685919600000,10581.902298358922
1685923200000,10581.902298358922
1685926800000,10581.902298358922
1685930400000,10581.902298358922
1685934000000,10581.902298358922
1685937600000,10581.902298358922
1685941200000,10581.902298358922
1685944800000,10581.902298358922
1685948400000,10581.902298358922
1685952000000,10581.902298358922
1685955600000,10581.902298358922
1685959200000,10581.902298358922
1685962800000,10581.902298358922
1685966400000,10581.902298358922
1685970000000,10581.902298358922
1685973600000,10581.902298358922
1685977200000,10581.902298358922
1685980800000,10587.116998077401
1685984400000,10592.298948077401
1685988000000,10593.245578077402
1685991600000,10604.8439380774
1685995200000,10601.447188077402
1685998800000,10602.7127780774
1686002400000,10600.531748077401
1686006000000,10598.3816980774
1686009600000,10594.823433281841
1686013200000,10596.91782328184
1686016800000,10602.96404328184
1686020400000,10592.827753281841
1686024000000,10594.741343281841
1686027600000,10588.40776328184
1686031200000,10591.68889328184
1686034800000,10591.80144328184
1686038400000,10593.6379512481
1686042000000,10593.256141248099
1686045600000,10590.2655012481
1686049200000,10590.0350812481
1686052800000,10595.0042312481
1686056400000,10605.0392612481
1686060000000,10589.7545912481
1686063600000,10568.593431248099
1686067200000,10562.828653042108
1686070800000,10541.177656713973
1686074400000,10541.177656713973
1686078000000,10541.177656713973
1686081600000,10541.177656713973
1686085200000,10541.177656713973
1686088800000,10541.177656713973
1686092400000,10541.177656713973
1686096000000,10540.387795410203
1686099600000,10541.150395410203
1686103200000,10538.684035410202
1686106800000,10538.133475410203
1686110400000,10537.954915410202
1686114000000,10538.702635410204
1686117600000,10539.197395410203
1686121200000,10537.780075410203
1686124800000,10537.282548102203
1686128400000,10536.501348102203
1686132000000,10526.766108102202
1686135600000,10530.541908102203
1686139200000,10534.875708102203
1686142800000,10532.989668102202
1686146400000,10532.721828102203
1686150000000,10523.514828102203
1686153600000,10522.920464685374
1686157200000,10521.515544685373
1686160800000,10518.640914685373
1686164400000,10518.582944685373
1686168000000,10517.591838490858
1686171600000,10517.591838490858
1686175200000,10517.591838490858
1686178800000,10517.591838490858
1686182400000,10516.69102026525
1686186000000,10515.67312026525
1686189600000,10514.71840026525
1686193200000,10515.14662026525
1686196800000,10516.01008026525
1686200400000,10514.50780026525
1686204000000,10515.40987026525
1686207600000,10514.05150026525
1686211200000,10513.41967774686
1686214800000,10513.74259774686
1686218400000,10514.29366774686
1686222000000,10511.78050774686
1686225600000,10512.49654774686
1686229200000,10511.98057774686
1686232800000,10512.21223774686
1686236400000,10508.43196774686
1686240000000,10508.066820699018
1686243600000,10508.066820699018
1686247200000,10508.066820699018
1686250800000,10508.066820699018
1686254400000,10507.61561637092
1686258000000,10505.60087637092
1686261600000,10506.01289637092
1686265200000,10506.74999637092
1686268800000,10508.040654984929
1686272400000,10508.879814984928
1686276000000,10509.609354984928
1686279600000,10512.157074984929
1686283200000,10511.291454984928
1686286800000,10510.947474984929
1686290400000,10510.826514984929
1686294000000,10511.336814984928
1686297600000,10511.86141838555
1686301200000,10509.55939838555
1686304800000,10508.65597838555
1686308400000,10508.82229838555
1686312000000,10508.57281838555
1686315600000,10504.98937838555
1686319200000,10507.04569838555
1686322800000,10508.24773838555
1686326400000,10510.397003289585
1686330000000,10510.612463289584
1686333600000,10509.977423289585
1686337200000,10510.990463289585
1686340800000,10513.712063289584
1686344400000,10511.417603289585
1686348000000,10511.621723289585
1686351600000,10511.118983289585
1686355200000,10510.400996134907
1686358800000,10512.215396134907
1686362400000,10511.644616134907
1686366000000,10514.506076134907
1686369600000,10515.443516134907
1686373200000,10530.499256134908
1686376800000,10543.733036134907
1686380400000,10546.647416134907
1686384000000,10552.424089035228
1686387600000,10548.334129035227
1686391200000,10549.044769035228
1686394800000,10547.177449035227
1686398400000,10545.616309035227
1686402000000,10548.012829035228
1686405600000,10547.513869035227
1686409200000,10546.875049035227
1686412800000,10549.113777683853
1686416400000,10550.504817683854
1686420000000,10541.107737683853
1686423600000,10549.797957683853
1686427200000,10546.755057683853
1686430800000,10546.913817683853
1686434400000,10546.853337683853
1686438000000,10543.118697683853
1686441600000,10544.472396542287
1686445200000,10545.954156542286
1686448800000,10544.547996542287
1686452400000,10544.619816542287
1686456000000,10543.928076542286
1686459600000,10542.775176542287
1686463200000,10541.992716542287
1686466800000,10541.985156542287
1686470400000,10543.421915857898
1686474000000,10545.005735857898
1686477600000,10546.203995857899
1686481200000,10544.344235857898
1686484800000,10543.641155857898
1686488400000,10545.516035857898
1686492000000,10547.394695857898
1686495600000,10546.854155857898
1686499200000,10547.958260261159
1686502800000,10543.51298026116
1686506400000,10542.609560261159
1686510000000,10541.50958026116
1686513600000,10539.921980261159
1686517200000,10537.20038026116
1686520800000,10539.298280261159
1686524400000,10542.81746026116
1686528000000,10543.443692038863
1686531600000,10544.717552038865
1686535200000,10546.626452038863
1686538800000,10551.899552038863
1686542400000,10550.017112038864
1686546000000,10548.108212038864
1686549600000,10549.775192038864
1686553200000,10548.066632038865
1686556800000,10549.640425010448
1686560400000,10546.389625010448
1686564000000,10545.149785010448
1686567600000,10545.327445010449
1686571200000,10546.499245010447
1686574800000,10545.970045010448
1686578400000,10549.145245010448
1686582000000,10549.772725010449
1686585600000,10551.564120604507
1686589200000,10550.520840604506
1686592800000,10550.426340604507
1686596400000,10549.972740604506
1686600000000,10551.284400604507
1686603600000,10548.937020604506
1686607200000,10546.487580604507
1686610800000,10547.417460604507
1686614400000,10547.614048582473
1686618000000,10550.596468582473
1686621600000,10548.475888582472
1686625200000,10543.841608582472
1686628800000,10545.425428582472
1686632400000,10545.621988582472
1686636000000,10544.805508582473
1686639600000,10544.786608582473
1686643200000,10545.40138475369
1686646800000,10543.02754475369
1686650400000,10544.99314475369
1686654000000,10544.10484475369
1686657600000,10543.71928475369
1686661200000,10547.89996475369
1686664800000,10549.24186475369
1686668400000,10548.96214475369
1686672000000,10551.976200288223
1686675600000,10549.424700288224
1686679200000,10550.055960288224
1686682800000,10548.158400288225
1686686400000,10548.147060288224
1686690000000,10549.386900288224
1686693600000,10548.581760288223
1686697200000,10550.173140288223
1686700800000,10548.813089574945
1686704400000,10547.229269574946
1686708000000,10545.819329574944
1686711600000,10545.842009574944
1686715200000,10546.057469574946
1686718800000,10547.958809574944
1686722400000,10549.013429574945
1686726000000,10547.996609574944
1686729600000,10548.296735680131
1686733200000,10546.91325568013
1686736800000,10546.45587568013
1686740400000,10546.00227568013
1686744000000,10546.14213568013
1686747600000,10546.47099568013
1686751200000,10548.71631568013
1686754800000,10548.38367568013
1686758400000,10548.594603852018
1686762000000,10549.823103852019
1686765600000,10548.197703852018
1686769200000,10551.595923852019
1686772800000,10552.877343852018
1686776400000,10586.980503852019
1686780000000,10581.51462385202
1686783600000,10582.667523852018
1686787200000,10582.476763842647
1686790800000,10577.776723842648
1686794400000,10584.194343842648
1686798000000,10583.489623842646
1686801600000,10583.558203842647
1686805200000,10584.937723842648
1686808800000,10586.803043842647
1686812400000,10592.075383842648
1686816000000,10590.133056010223
1686819600000,10590.452216010222
1686823200000,10591.506836010221
1686826800000,10593.477476010223
1686830400000,10586.711176010222
1686834000000,10590.773896010223
1686837600000,10584.506516010222
1686841200000,10587.719116010223
1686844800000,10590.323583913938
1686848400000,10588.167903913938
1686852000000,10578.936503913937
1686855600000,10566.96646391394
1686859200000,10564.796703913938
1686862800000,10563.146463913938
1686866400000,10555.49844975606
1686870000000,10556.08434975606
1686873600000,10556.064001723958
1686877200000,10557.863281723958
1686880800000,10556.789761723958
1686884400000,10555.980841723958
1686888000000,10555.058521723959
1686891600000,10555.00182172396
1686895200000,10553.30460172396
1686898800000,10553.584321723958
1686902400000,10553.487419523753
1686906000000,10553.755799523753
1686909600000,10554.099779523753
1686913200000,10553.816279523753
1686916800000,10556.277059523753
1686920400000,10554.821759523753
1686924000000,10556.413139523753
1686927600000,10552.103939523753
1686931200000,10550.27375271482
1686934800000,10547.05319271482
1686938400000,10542.24885610217
1686942000000,10542.24885610217
1686945600000,10542.24885610217
1686949200000,10542.24885610217
1686952800000,10542.24885610217
1686956400000,10542.24885610217
1686960000000,10542.24885610217
1686963600000,10542.24885610217
1686967200000,10542.24885610217
1686970800000,10542.24885610217
1686974400000,10542.24885610217
1686978000000,10542.24885610217
1686981600000,10542.24885610217
1686985200000,10542.24885610217
1686988800000,10542.24885610217
1686992400000,10542.24885610217
1686996000000,10542.24885610217
1686999600000,10542.24885610217
1687003200000,10542.24885610217
1687006800000,10542.24885610217
1687010400000,10542.24885610217
1687014000000,10542.24885610217
1687017600000,10542.24885610217
1687021200000,10542.24885610217
1687024800000,10542.24885610217
1687028400000,10542.24885610217
1687032000000,10542.24885610217
1687035600000,10542.24885610217
1687039200000,10542.24885610217
1687042800000,10542.24885610217
1687046400000,10542.24885610217
1687050000000,10542.24885610217
1687053600000,10542.24885610217
1687057200000,10542.24885610217
1687060800000,10542.24885610217
1687064400000,10542.24885610217
1687068000000,10542.24885610217
1687071600000,10542.24885610217
1687075200000,10542.24885610217
1687078800000,10542.24885610217
1687082400000,10542.24885610217
1687086000000,10542.24885610217
1687089600000,10542.24885610217
1687093200000,10542.24885610217
1687096800000,10542.24885610217
1687100400000,10542.24885610217
1687104000000,10542.24885610217
1687107600000,10542.24885610217
1687111200000,10542.24885610217
1687114800000,10542.24885610217
1687118400000,10542.24885610217
1687122000000,10542.24885610217
1687125600000,10542.24885610217
1687129200000,10542.24885610217
1687132800000,10542.24885610217
1687136400000,10542.24885610217
1687140000000,10542.24885610217
1687143600000,10542.24885610217
1687147200000,10542.24885610217
1687150800000,10542.24885610217
1687154400000,10542.24885610217
1687158000000,10542.24885610217
1687161600000,10542.24885610217
1687165200000,10542.24885610217
1687168800000,10542.24885610217
1687172400000,10542.24885610217
1687176000000,10542.24885610217
1687179600000,10542.24885610217
1687183200000,10542.24885610217
1687186800000,10542.24885610217
1687190400000,10542.24885610217
1687194000000,10542.24885610217
1687197600000,10542.24885610217
1687201200000,10542.24885610217
1687204800000,10542.24885610217
1687208400000,10542.24885610217
1687212000000,10542.24885610217
1687215600000,10542.24885610217
1687219200000,10542.24885610217
1687222800000,10542.24885610217
1687226400000,10542.24885610217
1687230000000,10542.24885610217
1687233600000,10542.24885610217
1687237200000,10542.24885610217
1687240800000,10542.24885610217
1687244400000,10542.24885610217
1687248000000,10542.24885610217
1687251600000,10542.24885610217
1687255200000,10542.24885610217
1687258800000,10542.24885610217
1687262400000,10542.24885610217
1687266000000,10542.24885610217
1687269600000,10542.24885610217
1687273200000,10542.24885610217
1687276800000,10542.24885610217
1687280400000,10542.24885610217
1687284000000,10542.24885610217
1687287600000,10542.24885610217
1687291200000,10541.706518607498
1687294800000,10545.986018607498
1687298400000,10546.013018607498
1687302000000,10547.838218607498
1687305600000,10549.809732619593
1687309200000,10552.474632619593
1687312800000,10562.696832619593
1687316400000,10563.253032619594
1687320000000,10561.020132619593
1687323600000,10562.758932619594
1687327200000,10567.208532619594
1687330800000,10564.681332619593
1687334400000,10565.507909539594
1687338000000,10564.465709539594
1687341600000,10566.355709539594
1687345200000,10563.985109539593
1687348800000,10566.658109539594
1687352400000,10565.305409539593
1687356000000,10576.637309539594
1687359600000,10584.137909539593
1687363200000,10590.605457330756
1687366800000,10600.773657330756
1687370400000,10597.439157330755
1687374000000,10598.732457330756
1687377600000,10597.832740284404
1687381200000,10593.168620284405
1687384800000,10590.965920284405
1687388400000,10600.884000284404
1687392000000,10596.826655838086
1687395600000,10607.556575838085
1687399200000,10608.425035838085
1687402800000,10620.776115838084
1687406400000,10612.343155838085
1687410000000,10613.779055838084
1687413600000,10610.634995838085
1687417200000,10606.015435838086
1687420800000,10605.609263520086
1687424400000,10604.289103520085
1687428000000,10604.656603520085
1687431600000,10605.584043520084
1687435200000,10593.900083520084
1687438800000,10602.302343520085
1687442400000,10604.882263520085
1687446000000,10586.389963520085
1687449600000,10588.5605343777
1687453200000,10592.6985143777
1687456800000,10599.4424543777
1687460400000,10599.3653343777
1687464000000,10602.3481143777
1687467600000,10600.1467343777
1687471200000,10595.455294377702
1687474800000,10590.5792543777
1687478400000,10588.638693012952
1687482000000,10592.754473012952
1687485600000,10590.22789301295
1687489200000,10593.11555301295
1687492800000,10595.042453012951
1687496400000,10593.913273012951
1687500000000,10595.866733012952
1687503600000,10593.837653012952
1687507200000,10592.552336055673
1687510800000,10595.195796055672
1687514400000,10598.374656055672
1687518000000,10595.796816055674
1687521600000,10597.240476055673
1687525200000,10595.830416055673
1687528800000,10593.248976055673
1687532400000,10601.170736055674
1687536000000,10637.241025021356
1687539600000,10632.658425021356
1687543200000,10638.555045021356
1687546800000,10625.931945021355
1687550400000,10623.020665021357
1687554000000,10625.172085021357
1687557600000,10612.038445021355
1687561200000,10613.803005021357
1687564800000,10614.630113345356
1687568400000,10607.780333345356
1687572000000,10612.546893345356
1687575600000,10617.464393345355
1687579200000,10617.073953345356
1687582800000,10616.272493345356
1687586400000,10616.096133345356
1687590000000,10614.000873345354
1687593600000,10609.665238205356
1687597200000,10611.836518205355
1687600800000,10612.272978205356
1687604400000,10615.986778205355
1687608000000,10614.892618205356
1687611600000,10617.175118205356
1687615200000,10614.162978205355
1687618800000,10615.547318205356
1687622400000,10601.746036944658
1687626000000,10605.757916944658
1687629600000,10609.29623694466
1687633200000,10612.981576944658
1687636800000,10610.940756944658
1687640400000,10606.397756944658
1687644000000,10606.317456944658
1687647600000,10606.657256944658
1687651200000,10606.786095632757
1687654800000,10604.794075632757
1687658400000,10609.164035632757
1687662000000,10611.077415632757
1687665600000,10618.396135632756
1687669200000,10624.831235632757
1687672800000,10625.268855632756
1687676400000,10627.420935632757
1687680000000,10621.026490518729
1687683600000,10623.10889051873
1687687200000,10621.874950518728
1687690800000,10619.495970518728
1687694400000,10622.74081051873
1687698000000,10620.71093051873
1687701600000,10619.22931051873
1687705200000,10609.64757051873
1687708800000,10610.636486949228
1687712400000,10612.288366949228
1687716000000,10609.454826949228
1687719600000,10608.263486949229
1687723200000,10607.770266949228
1687726800000,10607.249606949226
1687730400000,10609.001906949226
1687734000000,10611.485666949227
1687737600000,10610.732882031229
1687741200000,10605.570002031227
1687744800000,10598.768338123895
1687748400000,10599.230738123895
1687752000000,10599.505458123895
1687755600000,10598.863538123895
1687759200000,10598.893458123894
1687762800000,10604.311698123895
1687766400000,10603.184175146189
1687770000000,10603.290255146188
1687773600000,10600.349935146189
1687777200000,10598.522095146189
1687780800000,10599.68897514619
1687784400000,10600.64369514619
1687788000000,10606.10545514619
1687791600000,10600.47505514619
1687795200000,10602.157941187927
1687798800000,10589.298068525832
1687802400000,10589.298068525832
1687806000000,10589.298068525832
1687809600000,10589.298068525832
1687813200000,10589.298068525832
1687816800000,10589.298068525832
1687820400000,10589.298068525832
1687824000000,10589.298068525832
1687827600000,10589.298068525832
1687831200000,10589.298068525832
1687834800000,10589.298068525832
1687838400000,10589.298068525832
1687842000000,10589.298068525832
1687845600000,10589.298068525832
1687849200000,10589.298068525832
1687852800000,10589.298068525832
1687856400000,10589.298068525832
1687860000000,10589.298068525832
1687863600000,10589.298068525832
1687867200000,10589.298068525832
1687870800000,10589.298068525832
1687874400000,10589.298068525832
1687878000000,10589.298068525832
1687881600000,10589.298068525832
1687885200000,10589.298068525832
1687888800000,10589.298068525832
1687892400000,10589.298068525832
1687896000000,10589.298068525832
1687899600000,10589.298068525832
1687903200000,10589.298068525832
1687906800000,10589.298068525832
1687910400000,10589.298068525832
1687914000000,10589.298068525832
1687917600000,10589.298068525832
1687921200000,10589.298068525832
1687924800000,10589.298068525832
1687928400000,10589.298068525832
1687932000000,10589.298068525832
1687935600000,10589.298068525832
1687939200000,10589.298068525832
1687942800000,10589.298068525832
1687946400000,10589.298068525832
1687950000000,10589.298068525832
1687953600000,10589.298068525832
1687957200000,10589.298068525832
1687960800000,10589.298068525832
1687964400000,10589.298068525832
1687968000000,10589.298068525832
1687971600000,10589.298068525832
1687975200000,10589.298068525832
1687978800000,10589.298068525832
1687982400000,10589.298068525832
1687986000000,10589.298068525832
1687989600000,10589.298068525832
1687993200000,10589.298068525832
1687996800000,10589.298068525832
1688000400000,10589.298068525832
1688004000000,10589.298068525832
1688007600000,10589.298068525832
1688011200000,10589.298068525832
1688014800000,10589.298068525832
1688018400000,10589.298068525832
1688022000000,10589.298068525832
1688025600000,10589.298068525832
1688029200000,10589.298068525832
1688032800000,10589.298068525832
1688036400000,10589.298068525832
1688040000000,10589.298068525832
1688043600000,10589.298068525832
1688047200000,10589.298068525832
1688050800000,10589.298068525832
1688054400000,10589.298068525832
1688058000000,10589.298068525832
1688061600000,10589.298068525832
1688065200000,10589.298068525832
1688068800000,10589.298068525832
1688072400000,10589.298068525832
1688076000000,10589.298068525832
1688079600000,10589.298068525832
1688083200000,10589.298068525832
1688086800000,10589.298068525832
1688090400000,10589.298068525832
1688094000000,10589.298068525832
1688097600000,10589.298068525832
1688101200000,10589.298068525832
1688104800000,10589.298068525832
1688108400000,10589.298068525832
1688112000000,10589.298068525832
1688115600000,10589.298068525832
1688119200000,10589.298068525832
1688122800000,10589.298068525832
1688126400000,10589.298068525832
1688130000000,10589.298068525832
1688133600000,10589.298068525832
1688137200000,10589.298068525832
1688140800000,10589.298068525832
1688144400000,10589.298068525832
1688148000000,10589.298068525832
1688151600000,10589.298068525832
1688155200000,10588.920666848448
1688158800000,10589.038166848448
1688162400000,10590.170866848448
1688166000000,10590.812416848448
1688169600000,10590.865684831611
1688173200000,10590.60248483161
1688176800000,10589.55438483161
1688180400000,10587.648534831611
1688184000000,10587.378284831611
1688187600000,10586.17038483161
1688191200000,10586.92943483161
1688194800000,10587.263134831612
1688198400000,10587.222720289214
1688202000000,10586.010120289213
1688205600000,10586.308570289213
1688209200000,10588.009970289213
1688212800000,10587.805520289214
1688216400000,10589.055720289214
1688220000000,10587.692720289213
1688223600000,10587.934770289214
1688227200000,10587.842598633983
1688230800000,10586.839148633982
1688234400000,10587.036548633983
1688238000000,10587.849648633983
1688241600000,10587.833198633984
1688245200000,10587.821448633982
1688248800000,10587.967148633983
1688252400000,10587.830848633983
1688256000000,10588.100532753982
1688259600000,10587.484832753982
1688263200000,10586.949032753982
1688266800000,10586.678782753983
1688270400000,10585.625982753983
1688274000000,10585.868032753982
1688277600000,10585.672982753982
1688281200000,10585.710582753984
1688284800000,10585.759597639422
1688288400000,10585.287247639422
1688292000000,10586.499847639423
1688295600000,10586.476347639422
1688299200000,10587.052097639422
1688302800000,10586.546847639422
1688306400000,10585.933497639422
1688310000000,10588.741747639422
1688313600000,10586.656873912509
1688317200000,10586.417173912509
1688320800000,10583.31517391251
1688324400000,10584.819173912509
1688328000000,10585.582923912509
1688331600000,10586.999973912509
1688335200000,10588.184373912509
1688338800000,10591.96787391251
1688342400000,10591.355988197509
1688346000000,10590.643938197509
1688349600000,10592.883488197509
1688353200000,10594.12898819751
1688356800000,10593.983288197509
1688360400000,10593.62373819751
1688364000000,10593.113788197508
1688367600000,10593.50623819751
1688371200000,10598.6417443718
1688374800000,10596.6865443718
1688378400000,10595.7277443718
1688382000000,10597.0155443718
1688385600000,10597.1071943718
1688389200000,10598.1129943718
1688392800000,10597.5348943718
1688396400000,10596.4397943718
1688400000000,10598.193644601703
1688403600000,10596.691994601702
1688407200000,10597.359394601703
1688410800000,10599.392144601703
1688414400000,10595.391485832306
1688418000000,10588.875485832305
1688421600000,10585.875335832305
1688425200000,10589.192435832307
1688428800000,10589.39937525091
1688432400000,10587.24822525091
1688436000000,10594.498525250912
1688439600000,10593.002025250911
1688443200000,10593.51897525091
1688446800000,10585.254875250912
1688450400000,10581.14047525091
1688454000000,10583.22512525091
1688457600000,10579.822597695587
1688461200000,10579.973647695588
1688464800000,10583.643547695587
1688468400000,10584.951647695587
1688472000000,10587.201147695587
1688475600000,10586.022297695587
1688479200000,10583.427647695587
1688482800000,10582.454297695587
1688486400000,10581.949685795587
1688490000000,10580.861785795587
1688493600000,10577.454435795587
1688497200000,10578.809435795587
1688500800000,10561.979875549849
1688504400000,10564.043175549848
1688508000000,10564.010275549848
1688511600000,10563.89747554985
1688515200000,10562.74748612985
1688518800000,10562.79213612985
1688522400000,10563.42428612985
1688526000000,10564.145736129849
1688529600000,10563.92718612985
1688533200000,10562.93783612985
1688536800000,10562.488986129849
1688540400000,10562.99188612985
1688544000000,10562.598586839851
1688547600000,10555.664869247583
1688551200000,10555.664869247583
1688554800000,10555.664869247583
1688558400000,10555.664869247583
1688562000000,10555.664869247583
1688565600000,10555.664869247583
1688569200000,10555.664869247583
1688572800000,10555.664869247583
1688576400000,10555.664869247583
1688580000000,10555.664869247583
1688583600000,10555.664869247583
1688587200000,10555.664869247583
1688590800000,10555.664869247583
1688594400000,10555.664869247583
1688598000000,10555.664869247583
1688601600000,10555.664869247583
1688605200000,10555.664869247583
1688608800000,10555.664869247583
1688612400000,10555.664869247583
1688616000000,10555.664869247583
1688619600000,10555.664869247583
1688623200000,10555.664869247583
1688626800000,10555.664869247583
1688630400000,10555.664869247583
1688634000000,10555.664869247583
1688637600000,10555.664869247583
1688641200000,10555.664869247583
1688644800000,10555.664869247583
1688648400000,10555.664869247583
1688652000000,10555.664869247583
1688655600000,10555.664869247583
1688659200000,10555.664869247583
1688662800000,10555.664869247583
1688666400000,10555.664869247583
1688670000000,10555.664869247583
1688673600000,10555.664869247583
1688677200000,10555.664869247583
1688680800000,10555.664869247583
1688684400000,10555.664869247583
1688688000000,10555.664869247583
1688691600000,10555.664869247583
1688695200000,10555.664869247583
1688698800000,10555.664869247583
1688702400000,10555.664869247583
1688706000000,10555.664869247583
1688709600000,10555.664869247583
1688713200000,10555.664869247583
1688716800000,10555.664869247583
1688720400000,10555.664869247583
1688724000000,10555.664869247583
1688727600000,10555.664869247583
1688731200000,10555.664869247583
1688734800000,10555.664869247583
1688738400000,10555.664869247583
1688742000000,10555.664869247583
1688745600000,10555.664869247583
1688749200000,10555.664869247583
1688752800000,10555.664869247583
1688756400000,10555.664869247583
1688760000000,10555.664869247583
1688763600000,10555.664869247583
1688767200000,10555.664869247583
1688770800000,10555.664869247583
1688774400000,10555.664869247583
1688778000000,10555.664869247583
1688781600000,10555.664869247583
1688785200000,10555.664869247583
1688788800000,10555.664869247583
1688792400000,10555.664869247583
1688796000000,10555.664869247583
1688799600000,10555.664869247583
1688803200000,10555.664869247583
1688806800000,10555.664869247583
1688810400000,10555.664869247583
1688814000000,10555.664869247583
1688817600000,10555.664869247583
1688821200000,10555.664869247583
1688824800000,10555.664869247583
1688828400000,10555.664869247583
1688832000000,10555.664869247583
1688835600000,10555.664869247583
1688839200000,10555.664869247583
1688842800000,10555.664869247583
1688846400000,10555.664869247583
1688850000000,10555.664869247583
1688853600000,10555.664869247583
1688857200000,10555.664869247583
1688860800000,10555.664869247583
1688864400000,10555.664869247583
1688868000000,10555.664869247583
1688871600000,10555.664869247583
1688875200000,10555.664869247583
1688878800000,10555.664869247583
1688882400000,10555.664869247583
1688886000000,10555.664869247583
1688889600000,10555.664869247583
1688893200000,10555.664869247583
1688896800000,10555.664869247583
1688900400000,10555.664869247583
1688904000000,10555.664869247583
1688907600000,10555.664869247583
1688911200000,10555.664869247583
1688914800000,10555.664869247583
1688918400000,10555.664869247583
1688922000000,10555.664869247583
1688925600000,10555.664869247583
1688929200000,10555.664869247583
1688932800000,10555.664869247583
1688936400000,10555.664869247583
1688940000000,10555.664869247583
1688943600000,10555.664869247583
1688947200000,10555.664869247583
1688950800000,10555.664869247583
1688954400000,10555.664869247583
1688958000000,10555.664869247583
1688961600000,10555.664869247583
1688965200000,10555.664869247583
1688968800000,10555.664869247583
1688972400000,10555.664869247583
1688976000000,10555.664869247583
1688979600000,10555.664869247583
1688983200000,10555.664869247583
1688986800000,10555.664869247583
1688990400000,10555.664869247583
1688994000000,10555.664869247583
1688997600000,10555.664869247583
1689001200000,10555.664869247583
1689004800000,10555.664869247583
1689008400000,10555.664869247583
1689012000000,10555.664869247583
1689015600000,10555.664869247583
1689019200000,10555.664869247583
1689022800000,10555.664869247583
1689026400000,10555.664869247583
1689030000000,10555.664869247583
1689033600000,10555.664869247583
1689037200000,10555.664869247583
1689040800000,10555.664869247583
1689044400000,10555.664869247583
1689048000000,10555.664869247583
1689051600000,10555.664869247583
1689055200000,10555.664869247583
1689058800000,10555.664869247583
1689062400000,10555.664869247583
1689066000000,10555.664869247583
1689069600000,10555.664869247583
1689073200000,10555.664869247583
1689076800000,10555.664869247583
1689080400000,10555.664869247583
1689084000000,10555.664869247583
1689087600000,10555.664869247583
1689091200000,10555.664869247583
1689094800000,10555.664869247583
1689098400000,10555.664869247583
1689102000000,10555.664869247583
1689105600000,10555.664869247583
1689109200000,10555.664869247583
1689112800000,10555.664869247583
1689116400000,10555.664869247583
1689120000000,10555.664869247583
1689123600000,10555.664869247583
1689127200000,10555.664869247583
1689130800000,10555.664869247583
1689134400000,10555.664869247583
1689138000000,10555.664869247583
1689141600000,10555.664869247583
1689145200000,10555.664869247583
1689148800000,10555.664869247583
1689152400000,10555.664869247583
1689156000000,10555.664869247583
1689159600000,10555.664869247583
1689163200000,10555.664869247583
1689166800000,10555.664869247583
1689170400000,10555.664869247583
1689174000000,10555.664869247583
1689177600000,10555.664869247583
1689181200000,10555.664869247583
1689184800000,10555.664869247583
1689188400000,10555.664869247583
1689192000000,10555.664869247583
1689195600000,10555.664869247583
1689199200000,10555.664869247583
1689202800000,10555.664869247583
1689206400000,10555.664869247583
1689210000000,10555.664869247583
1689213600000,10555.664869247583
1689217200000,10555.664869247583
1689220800000,10555.664869247583
1689224400000,10555.664869247583
1689228000000,10555.664869247583
1689231600000,10555.664869247583
1689235200000,10555.664869247583
1689238800000,10555.664869247583
1689242400000,10555.664869247583
1689246000000,10555.664869247583
1689249600000,10555.664869247583
1689253200000,10555.664869247583
1689256800000,10555.664869247583
1689260400000,10555.664869247583
1689264000000,10555.664869247583
1689267600000,10555.664869247583
1689271200000,10555.664869247583
1689274800000,10555.664869247583
1689278400000,10555.141785036754
1689282000000,10543.013405036754
1689285600000,10539.110735036755
1689289200000,10545.317675036755
1689292800000,10552.948322172637
1689296400000,10558.720982172636
1689300000000,10556.443452172636
1689303600000,10556.760332172636
1689307200000,10555.198652172638
1689310800000,10553.528852172636
1689314400000,10552.033132172637
1689318000000,10549.251352172636
1689321600000,10539.71722761754
1689325200000,10545.862407617542
1689328800000,10543.71903761754
1689332400000,10539.44743761754
1689336000000,10541.850027617542
1689339600000,10537.470887617541
1689343200000,10544.226627617541
1689346800000,10545.681377617542
1689350400000,10544.754732863672
1689354000000,10540.148462863672
1689357600000,10511.025820152085
1689361200000,10498.239742692087
1689364800000,10498.239742692087
1689368400000,10498.239742692087
1689372000000,10498.239742692087
1689375600000,10498.239742692087
1689379200000,10498.239742692087
1689382800000,10498.239742692087
1689386400000,10498.239742692087
1689390000000,10498.239742692087
1689393600000,10498.239742692087
1689397200000,10498.239742692087
1689400800000,10498.239742692087
1689404400000,10498.239742692087
1689408000000,10498.239742692087
1689411600000,10498.239742692087
1689415200000,10498.239742692087
1689418800000,10498.239742692087
1689422400000,10498.239742692087
1689426000000,10498.239742692087
1689429600000,10498.239742692087
1689433200000,10498.239742692087
1689436800000,10498.239742692087
1689440400000,10498.239742692087
1689444000000,10498.239742692087
1689447600000,10498.239742692087
1689451200000,10498.239742692087
1689454800000,10498.239742692087
1689458400000,10498.239742692087
1689462000000,10498.239742692087
1689465600000,10498.239742692087
1689469200000,10498.239742692087
1689472800000,10498.239742692087
1689476400000,10498.239742692087
1689480000000,10498.239742692087
1689483600000,10498.239742692087
1689487200000,10498.239742692087
1689490800000,10498.239742692087
1689494400000,10498.239742692087
1689498000000,10498.239742692087
1689501600000,10498.239742692087
1689505200000,10498.239742692087
1689508800000,10498.239742692087
1689512400000,10498.239742692087
1689516000000,10498.239742692087
1689519600000,10498.239742692087
1689523200000,10498.239742692087
1689526800000,10498.239742692087
1689530400000,10498.239742692087
1689534000000,10498.239742692087
1689537600000,10498.239742692087
1689541200000,10498.239742692087
1689544800000,10498.239742692087
1689548400000,10498.239742692087
1689552000000,10498.239742692087
1689555600000,10498.239742692087
1689559200000,10498.239742692087
1689562800000,10498.239742692087
1689566400000,10498.239742692087
1689570000000,10498.239742692087
1689573600000,10498.239742692087
1689577200000,10498.239742692087
1689580800000,10498.239742692087
1689584400000,10498.239742692087
1689588000000,10498.239742692087
1689591600000,10498.239742692087
1689595200000,10498.239742692087
1689598800000,10498.239742692087
1689602400000,10498.239742692087
1689606000000,10498.239742692087
1689609600000,10498.239742692087
1689613200000,10498.239742692087
1689616800000,10498.239742692087
1689620400000,10498.239742692087
1689624000000,10498.239742692087
1689627600000,10498.239742692087
1689631200000,10498.239742692087
1689634800000,10498.239742692087
1689638400000,10498.239742692087
1689642000000,10498.239742692087
1689645600000,10498.239742692087
1689649200000,10498.239742692087
1689652800000,10498.239742692087
1689656400000,10498.239742692087
1689660000000,10498.239742692087
1689663600000,10498.239742692087
1689667200000,10498.239742692087
1689670800000,10498.239742692087
1689674400000,10498.239742692087
1689678000000,10498.239742692087
1689681600000,10498.239742692087
1689685200000,10498.239742692087
1689688800000,10498.239742692087
1689692400000,10498.239742692087
1689696000000,10498.239742692087
1689699600000,10498.239742692087
1689703200000,10498.239742692087
1689706800000,10498.239742692087
1689710400000,10498.239742692087
1689714000000,10498.239742692087
1689717600000,10498.239742692087
1689721200000,10498.239742692087
1689724800000,10498.239742692087
1689728400000,10498.239742692087
1689732000000,10498.239742692087
1689735600000,10498.239742692087
1689739200000,10498.239742692087
1689742800000,10498.239742692087
1689746400000,10498.239742692087
1689750000000,10498.239742692087
1689753600000,10498.239742692087
1689757200000,10498.239742692087
1689760800000,10498.239742692087
1689764400000,10498.239742692087
1689768000000,10498.239742692087
1689771600000,10498.239742692087
1689775200000,10498.239742692087
1689778800000,10498.239742692087
1689782400000,10498.239742692087
1689786000000,10498.239742692087
1689789600000,10498.239742692087
1689793200000,10498.239742692087
1689796800000,10498.239742692087
1689800400000,10498.239742692087
1689804000000,10498.239742692087
1689807600000,10498.239742692087
1689811200000,10498.239742692087
1689814800000,10498.239742692087
1689818400000,10498.239742692087
1689822000000,10498.239742692087
1689825600000,10498.239742692087
1689829200000,10498.239742692087
1689832800000,10498.239742692087
1689836400000,10498.239742692087
1689840000000,10498.239742692087
1689843600000,10498.239742692087
1689847200000,10498.239742692087
1689850800000,10498.239742692087
1689854400000,10498.239742692087
1689858000000,10498.239742692087
1689861600000,10498.239742692087
1689865200000,10498.239742692087
1689868800000,10498.239742692087
1689872400000,10498.239742692087
1689876000000,10498.239742692087
1689879600000,10498.239742692087
1689883200000,10498.239742692087
1689886800000,10498.239742692087
1689890400000,10498.239742692087
1689894000000,10498.239742692087
1689897600000,10498.239742692087
1689901200000,10498.239742692087
1689904800000,10498.239742692087
1689908400000,10498.239742692087
1689912000000,10498.239742692087
1689915600000,10498.239742692087
1689919200000,10498.239742692087
1689922800000,10498.239742692087
1689926400000,10498.239742692087
1689930000000,10498.239742692087
1689933600000,10498.239742692087
1689937200000,10498.239742692087
1689940800000,10498.239742692087
1689944400000,10498.239742692087
1689948000000,10498.239742692087
1689951600000,10498.239742692087
1689955200000,10498.239742692087
1689958800000,10498.239742692087
1689962400000,10498.239742692087
1689966000000,10498.239742692087
1689969600000,10498.239742692087
1689973200000,10498.239742692087
1689976800000,10498.239742692087
1689980400000,10498.239742692087
1689984000000,10498.239742692087
1689987600000,10498.239742692087
1689991200000,10498.239742692087
1689994800000,10498.239742692087
1689998400000,10498.239742692087
1690002000000,10498.239742692087
1690005600000,10498.239742692087
1690009200000,10498.239742692087
1690012800000,10498.239742692087
1690016400000,10498.239742692087
1690020000000,10498.239742692087
1690023600000,10498.239742692087
1690027200000,10498.239742692087
1690030800000,10498.239742692087
1690034400000,10498.239742692087
1690038000000,10498.239742692087
1690041600000,10498.239742692087
1690045200000,10498.239742692087
1690048800000,10498.239742692087
1690052400000,10498.239742692087
1690056000000,10498.239742692087
1690059600000,10498.239742692087
1690063200000,10498.239742692087
1690066800000,10498.239742692087
1690070400000,10498.239742692087
1690074000000,10498.239742692087
1690077600000,10498.239742692087
1690081200000,10498.239742692087
1690084800000,10498.239742692087
1690088400000,10498.239742692087
1690092000000,10498.239742692087
1690095600000,10498.239742692087
1690099200000,10498.239742692087
1690102800000,10498.239742692087
1690106400000,10498.239742692087
1690110000000,10498.239742692087
1690113600000,10498.239742692087
1690117200000,10498.239742692087
1690120800000,10498.239742692087
1690124400000,10498.239742692087
1690128000000,10498.239742692087
1690131600000,10498.239742692087
1690135200000,10498.239742692087
1690138800000,10498.239742692087
1690142400000,10498.239742692087
1690146000000,10498.239742692087
1690149600000,10498.239742692087
1690153200000,10498.239742692087
1690156800000,10498.239742692087
1690160400000,10498.239742692087
1690164000000,10498.239742692087
1690167600000,10498.239742692087
1690171200000,10498.239742692087
1690174800000,10498.239742692087
1690178400000,10498.239742692087
1690182000000,10498.239742692087
1690185600000,10498.239742692087
1690189200000,10498.239742692087
1690192800000,10498.239742692087
1690196400000,10498.239742692087
1690200000000,10498.239742692087
1690203600000,10498.239742692087
1690207200000,10498.239742692087
1690210800000,10498.239742692087
1690214400000,10498.239742692087
1690218000000,10498.239742692087
1690221600000,10498.239742692087
1690225200000,10498.239742692087
1690228800000,10498.239742692087
1690232400000,10498.239742692087
1690236000000,10498.239742692087
1690239600000,10498.239742692087
1690243200000,10498.239742692087
1690246800000,10498.239742692087
1690250400000,10498.239742692087
1690254000000,10498.239742692087
1690257600000,10498.239742692087
1690261200000,10498.239742692087
1690264800000,10498.239742692087
1690268400000,10498.239742692087
1690272000000,10498.239742692087
1690275600000,10498.239742692087
1690279200000,10498.239742692087
1690282800000,10498.239742692087
1690286400000,10498.239742692087
1690290000000,10498.239742692087
1690293600000,10498.239742692087
1690297200000,10498.239742692087
1690300800000,10498.239742692087
1690304400000,10498.239742692087
1690308000000,10498.239742692087
1690311600000,10498.239742692087
1690315200000,10498.239742692087
1690318800000,10498.239742692087
1690322400000,10498.239742692087
1690326000000,10498.239742692087
1690329600000,10498.239742692087
1690333200000,10498.239742692087
1690336800000,10498.239742692087
1690340400000,10498.239742692087
1690344000000,10498.239742692087
1690347600000,10498.239742692087
1690351200000,10498.239742692087
1690354800000,10498.239742692087
1690358400000,10498.239742692087
1690362000000,10498.239742692087
1690365600000,10498.239742692087
1690369200000,10498.239742692087
1690372800000,10498.239742692087
1690376400000,10498.239742692087
1690380000000,10498.239742692087
1690383600000,10498.239742692087
1690387200000,10498.239742692087
1690390800000,10498.239742692087
1690394400000,10498.239742692087
1690398000000,10498.239742692087
1690401600000,10498.239742692087
1690405200000,10498.239742692087
1690408800000,10498.239742692087
1690412400000,10498.239742692087
1690416000000,10498.239742692087
1690419600000,10498.239742692087
1690423200000,10498.239742692087
1690426800000,10498.239742692087
1690430400000,10498.239742692087
1690434000000,10498.239742692087
1690437600000,10498.239742692087
1690441200000,10498.239742692087
1690444800000,10498.239742692087
1690448400000,10498.239742692087
1690452000000,10498.239742692087
1690455600000,10498.239742692087
1690459200000,10498.239742692087
1690462800000,10498.239742692087
1690466400000,10498.239742692087
1690470000000,10498.239742692087
1690473600000,10498.239742692087
1690477200000,10498.239742692087
1690480800000,10498.239742692087
1690484400000,10498.239742692087
1690488000000,10498.239742692087
1690491600000,10498.239742692087
1690495200000,10498.239742692087
1690498800000,10498.239742692087
1690502400000,10497.04649171187
1690506000000,10496.64861171187
1690509600000,10495.441251711869
1690513200000,10496.175271711869
1690516800000,10495.544151711869
1690520400000,10495.187431711869
1690524000000,10498.81637171187
1690527600000,10497.60215171187
1690531200000,10497.999769939917
1690534800000,10495.015669939918
1690538400000,10492.168769939917
1690542000000,10492.943949939918
1690545600000,10491.890898489597
1690549200000,10491.890898489597
1690552800000,10491.890898489597
1690556400000,10491.890898489597
1690560000000,10491.890898489597
1690563600000,10491.890898489597
1690567200000,10491.890898489597
1690570800000,10491.890898489597
1690574400000,10491.890898489597
1690578000000,10491.890898489597
1690581600000,10491.890898489597
1690585200000,10491.890898489597
1690588800000,10491.890898489597
1690592400000,10491.890898489597
1690596000000,10491.890898489597
1690599600000,10491.890898489597
1690603200000,10491.890898489597
1690606800000,10491.890898489597
1690610400000,10491.890898489597
1690614000000,10491.890898489597
1690617600000,10491.890898489597
1690621200000,10491.890898489597
1690624800000,10491.890898489597
1690628400000,10491.890898489597
1690632000000,10491.890898489597
1690635600000,10491.890898489597
1690639200000,10491.890898489597
1690642800000,10491.890898489597
1690646400000,10491.890898489597
1690650000000,10491.890898489597
1690653600000,10491.890898489597
1690657200000,10491.890898489597
1690660800000,10491.890898489597
1690664400000,10491.890898489597
1690668000000,10491.890898489597
1690671600000,10491.890898489597
1690675200000,10491.890898489597
1690678800000,10491.890898489597
1690682400000,10491.890898489597
1690686000000,10491.890898489597
1690689600000,10491.890898489597
1690693200000,10491.890898489597
1690696800000,10491.890898489597
1690700400000,10491.890898489597
1690704000000,10491.890898489597
1690707600000,10491.890898489597
1690711200000,10491.890898489597
1690714800000,10491.890898489597
1690718400000,10491.890898489597
1690722000000,10491.890898489597
1690725600000,10491.890898489597
1690729200000,10491.890898489597
1690732800000,10490.629602671796
1690736400000,10490.328602671796
1690740000000,10492.471722671797
1690743600000,10490.725922671796
1690747200000,10471.351876016333
1690750800000,10464.758596016332
1690754400000,10469.741636016333
1690758000000,10474.343876016332
1690761600000,10468.937508024703
1690765200000,10454.434468024703
1690768800000,10455.565988024702
1690772400000,10458.460068024702
1690776000000,10460.266148024702
1690779600000,10466.391588024702
1690783200000,10466.119588024703
1690786800000,10463.094948024704
1690790400000,10464.850076136252
1690794000000,10460.498076136251
1690797600000,10461.596956136253
1690801200000,10460.465436136252
1690804800000,10459.563463428907
1690808400000,10459.563463428907
1690812000000,10459.563463428907
1690815600000,10459.563463428907
1690819200000,10456.280593891379
1690822800000,10454.80094389138
1690826400000,10453.527143891379
1690830000000,10456.83084389138
1690833600000,10460.96374389138
1690837200000,10462.498543891379
1690840800000,10456.930893891378
1690844400000,10459.358043891378
1690848000000,10458.060256281264
1690851600000,10447.865956281263
1690855200000,10461.530806281264
1690858800000,10506.884606281263
1690862400000,10515.479556281263
1690866000000,10513.081406281262
1690869600000,10506.100656281262
1690873200000,10502.480656281263
1690876800000,10500.097636892866
1690880400000,10494.698536892865
1690884000000,10501.518086892866
1690887600000,10500.434186892866
1690891200000,10507.280536892866
1690894800000,10505.573536892865
1690898400000,10504.056736892866
1690902000000,10512.485036892866
1690905600000,10499.081874972866
1690909200000,10499.736474972866
1690912800000,10493.746174972866
1690916400000,10450.245263636443
1690920000000,10452.966863636444
1690923600000,10453.373213636443
1690927200000,10455.801863636443
1690930800000,10452.343163636444
1690934400000,10439.338704342514
1690938000000,10439.338704342514
1690941600000,10439.338704342514
1690945200000,10439.338704342514
1690948800000,10439.338704342514
1690952400000,10439.338704342514
1690956000000,10439.338704342514
1690959600000,10439.338704342514
1690963200000,10439.338704342514
1690966800000,10439.338704342514
1690970400000,10439.338704342514
1690974000000,10439.338704342514
1690977600000,10439.338704342514
1690981200000,10439.338704342514
1690984800000,10439.338704342514
1690988400000,10439.338704342514
1690992000000,10439.338704342514
1690995600000,10439.338704342514
1690999200000,10439.338704342514
1691002800000,10439.338704342514
1691006400000,10439.338704342514
1691010000000,10439.338704342514
1691013600000,10439.338704342514
1691017200000,10439.338704342514
1691020800000,10439.338704342514
1691024400000,10439.338704342514
1691028000000,10439.338704342514
1691031600000,10439.338704342514
1691035200000,10439.338704342514
1691038800000,10439.338704342514
1691042400000,10439.338704342514
1691046000000,10439.338704342514
1691049600000,10439.338704342514
1691053200000,10439.338704342514
1691056800000,10439.338704342514
1691060400000,10439.338704342514
1691064000000,10439.338704342514
1691067600000,10439.338704342514
1691071200000,10439.338704342514
1691074800000,10439.338704342514
1691078400000,10439.338704342514
1691082000000,10439.338704342514
1691085600000,10439.338704342514
1691089200000,10439.338704342514
1691092800000,10439.338704342514
1691096400000,10439.338704342514
1691100000000,10439.338704342514
1691103600000,10439.338704342514
1691107200000,10439.338704342514
1691110800000,10439.338704342514
1691114400000,10439.338704342514
1691118000000,10439.338704342514
1691121600000,10439.338704342514
1691125200000,10439.338704342514
1691128800000,10439.338704342514
1691132400000,10439.338704342514
1691136000000,10439.338704342514
1691139600000,10439.338704342514
1691143200000,10439.338704342514
1691146800000,10439.338704342514
1691150400000,10439.338704342514
1691154000000,10439.338704342514
1691157600000,10439.338704342514
1691161200000,10439.338704342514
1691164800000,10439.338704342514
1691168400000,10439.338704342514
1691172000000,10439.338704342514
1691175600000,10439.338704342514
1691179200000,10439.338704342514
1691182800000,10439.338704342514
1691186400000,10439.338704342514
1691190000000,10439.338704342514
1691193600000,10439.338704342514
1691197200000,10439.338704342514
1691200800000,10439.338704342514
1691204400000,10439.338704342514
1691208000000,10439.338704342514
1691211600000,10439.338704342514
1691215200000,10439.338704342514
1691218800000,10439.338704342514
1691222400000,10439.338704342514
1691226000000,10439.338704342514
1691229600000,10439.338704342514
1691233200000,10439.338704342514
1691236800000,10439.338704342514
1691240400000,10439.338704342514
1691244000000,10439.338704342514
1691247600000,10439.338704342514
1691251200000,10439.338704342514
1691254800000,10439.338704342514
1691258400000,10439.338704342514
1691262000000,10439.338704342514
1691265600000,10439.338704342514
1691269200000,10439.338704342514
1691272800000,10439.338704342514
1691276400000,10439.338704342514
1691280000000,10439.338704342514
1691283600000,10439.338704342514
1691287200000,10439.338704342514
1691290800000,10439.338704342514
1691294400000,10439.338704342514
1691298000000,10439.338704342514
1691301600000,10439.338704342514
1691305200000,10439.338704342514
1691308800000,10439.338704342514
1691312400000,10439.338704342514
1691316000000,10439.338704342514
1691319600000,10439.338704342514
1691323200000,10439.338704342514
1691326800000,10439.338704342514
1691330400000,10439.338704342514
1691334000000,10439.338704342514
1691337600000,10439.338704342514
1691341200000,10439.338704342514
1691344800000,10439.338704342514
1691348400000,10439.338704342514
1691352000000,10439.338704342514
1691355600000,10439.338704342514
1691359200000,10439.338704342514
1691362800000,10439.338704342514
1691366400000,10439.338704342514
1691370000000,10439.338704342514
1691373600000,10439.338704342514
1691377200000,10439.338704342514
1691380800000,10439.338704342514
1691384400000,10439.338704342514
1691388000000,10439.338704342514
1691391600000,10439.338704342514
1691395200000,10439.338704342514
1691398800000,10439.338704342514
1691402400000,10439.338704342514
1691406000000,10439.338704342514
1691409600000,10439.338704342514
1691413200000,10439.338704342514
1691416800000,10439.338704342514
1691420400000,10439.338704342514
1691424000000,10441.11970676797
1691427600000,10440.59770676797
1691431200000,10441.47466676797
1691434800000,10432.91386676797
1691438400000,10428.18454676797
1691442000000,10426.83778676797
1691445600000,10430.30386676797
1691449200000,10426.47238676797
1691452800000,10426.558423886294
1691456400000,10419.594943886295
1691460000000,10428.437623886295
1691463600000,10425.744103886294
1691467200000,10424.178103886296
1691470800000,10420.952143886294
1691474400000,10418.697103886294
1691478000000,10421.181823886294
1691481600000,10424.849377513328
1691485200000,10425.162577513329
1691488800000,10424.39001751333
1691492400000,10420.234897513328
1691496000000,10416.904537513328
1691499600000,10409.88994816918
1691503200000,10409.88994816918
1691506800000,10409.88994816918
1691510400000,10409.88994816918
1691514000000,10409.88994816918
1691517600000,10409.88994816918
1691521200000,10409.88994816918
1691524800000,10409.88994816918
1691528400000,10409.88994816918
1691532000000,10409.88994816918
1691535600000,10409.88994816918
1691539200000,10409.88994816918
1691542800000,10409.88994816918
1691546400000,10409.88994816918
1691550000000,10409.88994816918
1691553600000,10409.88994816918
1691557200000,10409.88994816918
1691560800000,10409.88994816918
1691564400000,10409.88994816918
1691568000000,10409.88994816918
1691571600000,10409.88994816918
1691575200000,10409.88994816918
1691578800000,10409.88994816918
1691582400000,10409.88994816918
1691586000000,10409.88994816918
1691589600000,10409.88994816918
1691593200000,10409.88994816918
1691596800000,10409.88994816918
1691600400000,10409.88994816918
1691604000000,10409.88994816918
1691607600000,10409.88994816918
1691611200000,10409.88994816918
1691614800000,10409.88994816918
1691618400000,10409.88994816918
1691622000000,10409.88994816918
1691625600000,10409.88994816918
1691629200000,10409.88994816918
1691632800000,10409.88994816918
1691636400000,10409.88994816918
1691640000000,10409.88994816918
1691643600000,10409.88994816918
1691647200000,10409.88994816918
1691650800000,10409.88994816918
1691654400000,10409.88994816918
1691658000000,10409.88994816918
1691661600000,10409.88994816918
1691665200000,10409.88994816918
1691668800000,10409.88994816918
1691672400000,10409.88994816918
1691676000000,10409.88994816918
1691679600000,10409.88994816918
1691683200000,10409.88994816918
1691686800000,10409.88994816918
1691690400000,10409.88994816918
1691694000000,10409.88994816918
1691697600000,10409.88994816918
1691701200000,10409.88994816918
1691704800000,10409.88994816918
1691708400000,10409.88994816918
1691712000000,10409.88994816918
1691715600000,10409.88994816918
1691719200000,10409.88994816918
1691722800000,10409.88994816918
1691726400000,10409.88994816918
1691730000000,10409.88994816918
1691733600000,10409.88994816918
1691737200000,10409.88994816918
1691740800000,10409.88994816918
1691744400000,10409.88994816918
1691748000000,10409.88994816918
1691751600000,10409.88994816918
1691755200000,10409.88994816918
1691758800000,10409.88994816918
1691762400000,10409.88994816918
1691766000000,10409.88994816918
1691769600000,10409.88994816918
1691773200000,10409.88994816918
1691776800000,10409.88994816918
1691780400000,10409.88994816918
1691784000000,10409.88994816918
1691787600000,10409.88994816918
1691791200000,10409.88994816918
1691794800000,10409.88994816918
1691798400000,10409.88994816918
1691802000000,10409.88994816918
1691805600000,10409.88994816918
1691809200000,10409.88994816918
1691812800000,10409.88994816918
1691816400000,10409.88994816918
1691820000000,10409.88994816918
1691823600000,10409.88994816918
1691827200000,10409.88994816918
1691830800000,10409.88994816918
1691834400000,10409.88994816918
1691838000000,10409.88994816918
1691841600000,10409.88994816918
1691845200000,10409.88994816918
1691848800000,10409.88994816918
1691852400000,10409.88994816918
1691856000000,10409.88994816918
1691859600000,10409.88994816918
1691863200000,10409.88994816918
1691866800000,10409.88994816918
1691870400000,10409.88994816918
1691874000000,10409.88994816918
1691877600000,10409.88994816918
1691881200000,10409.88994816918
1691884800000,10409.88994816918
1691888400000,10409.88994816918
1691892000000,10409.88994816918
1691895600000,10409.88994816918
1691899200000,10409.88994816918
1691902800000,10409.88994816918
1691906400000,10409.88994816918
1691910000000,10409.88994816918
1691913600000,10409.88994816918
1691917200000,10409.88994816918
1691920800000,10409.88994816918
1691924400000,10409.88994816918
1691928000000,10409.88994816918
1691931600000,10409.88994816918
1691935200000,10409.88994816918
1691938800000,10409.88994816918
1691942400000,10409.88994816918
1691946000000,10409.88994816918
1691949600000,10409.88994816918
1691953200000,10409.88994816918
1691956800000,10409.88994816918
1691960400000,10409.88994816918
1691964000000,10409.88994816918
1691967600000,10409.88994816918
1691971200000,10409.88994816918
1691974800000,10409.88994816918
1691978400000,10409.88994816918
1691982000000,10409.88994816918
1691985600000,10409.88994816918
1691989200000,10409.88994816918
1691992800000,10409.88994816918
1691996400000,10409.88994816918
1692000000000,10409.88994816918
1692003600000,10409.88994816918
1692007200000,10409.88994816918
1692010800000,10409.88994816918
1692014400000,10409.88994816918
1692018000000,10409.88994816918
1692021600000,10409.88994816918
1692025200000,10409.88994816918
1692028800000,10409.88994816918
1692032400000,10409.88994816918
1692036000000,10409.88994816918
1692039600000,10409.88994816918
1692043200000,10409.88994816918
1692046800000,10409.88994816918
1692050400000,10409.88994816918
1692054000000,10409.88994816918
1692057600000,10409.88994816918
1692061200000,10409.88994816918
1692064800000,10409.88994816918
1692068400000,10409.88994816918
1692072000000,10409.88994816918
1692075600000,10409.88994816918
1692079200000,10409.88994816918
1692082800000,10409.88994816918
1692086400000,10409.88994816918
1692090000000,10409.88994816918
1692093600000,10409.88994816918
1692097200000,10409.88994816918
1692100800000,10409.88994816918
1692104400000,10409.88994816918
1692108000000,10409.88994816918
1692111600000,10409.88994816918
1692115200000,10409.88994816918
1692118800000,10409.88994816918
1692122400000,10409.88994816918
1692126000000,10409.88994816918
1692129600000,10409.88994816918
1692133200000,10409.88994816918
1692136800000,10409.88994816918
1692140400000,10409.88994816918
1692144000000,10409.88994816918
1692147600000,10409.88994816918
1692151200000,10409.88994816918
1692154800000,10409.88994816918
1692158400000,10409.88994816918
1692162000000,10409.88994816918
1692165600000,10409.88994816918
1692169200000,10409.88994816918
1692172800000,10409.88994816918
1692176400000,10409.88994816918
1692180000000,10409.88994816918
1692183600000,10409.88994816918
1692187200000,10409.88994816918
1692190800000,10409.88994816918
1692194400000,10409.88994816918
1692198000000,10409.88994816918
1692201600000,10409.88994816918
1692205200000,10409.88994816918
1692208800000,10409.88994816918
1692212400000,10409.88994816918
1692216000000,10409.88994816918
1692219600000,10409.88994816918
1692223200000,10409.88994816918
1692226800000,10409.88994816918
1692230400000,10406.678982341904
1692234000000,10423.071902341904
1692237600000,10420.016762341904
1692241200000,10424.616142341903
1692244800000,10418.746062341903
1692248400000,10418.677262341904
1692252000000,10412.721342341903
1692255600000,10413.458882341904
1692259200000,10419.236256075585
1692262800000,10429.062816075584
1692266400000,10426.296236075585
1692270000000,10434.313956075586
1692273600000,10433.742256075586
1692277200000,10435.714056075585
1692280800000,10442.021796075585
1692284400000,10450.155176075585
1692288000000,10505.009319550461
1692291600000,10503.622859550462
1692295200000,10503.28245955046
1692298800000,10514.297259550462
1692302400000,10508.593059550461
1692306000000,10534.985879550462
1692309600000,10703.20635955046
1692313200000,10622.458639550463
1692316800000,10626.857899719396
1692320400000,10605.176759719396
1692324000000,10618.194879719396
1692327600000,10635.171079719395
1692331200000,10638.732019719397
1692334800000,10653.077859719397
1692338400000,10633.564699719396
1692342000000,10621.737939719394
1692345600000,10627.969678211874
1692349200000,10616.069798211873
1692352800000,10630.629878211874
1692356400000,10631.984958211873
1692360000000,10626.773198211873
1692363600000,10641.075058211873
1692367200000,10650.886498211874
1692370800000,10667.608618211872
1692374400000,10675.088980311944
1692378000000,10681.867700311945
1692381600000,10673.241040311945
1692385200000,10665.478260311946
1692388800000,10673.136660311944
1692392400000,10671.293680311945
1692396000000,10670.403460311943
1692399600000,10670.581640311946
1692403200000,10671.776697615323
1692406800000,10663.902677615324
1692410400000,10675.093097615323
1692414000000,10676.404177615323
1692417600000,10677.610217615324
1692421200000,10675.498697615323
1692424800000,10683.981777615325
1692428400000,10688.976117615322
1692432000000,10678.002513089052
1692435600000,10677.827313089052
1692439200000,10674.614333089052
1692442800000,10678.965433089052
1692446400000,10679.278573089052
1692450000000,10680.276433089051
1692453600000,10678.487053089051
1692457200000,10673.564733089052
1692460800000,10646.574043648658
1692464400000,10636.692963648657
1692468000000,10656.275463648657
1692471600000,10651.995663648659
1692475200000,10653.489123648658
1692478800000,10662.968803648657
1692482400000,10665.488423648658
1692486000000,10667.185803648657
1692489600000,10662.192926432353
1692493200000,10654.462726432354
1692496800000,10664.919606432353
1692500400000,10661.702346432354
1692504000000,10662.657786432354
1692507600000,10663.042506432355
1692511200000,10666.829966432353
1692514800000,10668.847026432353
1692518400000,10665.244430458137
1692522000000,10661.371690458136
1692525600000,10659.252970458136
1692529200000,10655.983710458135
1692532800000,10652.830770458137
1692536400000,10650.826870458137
1692540000000,10655.052070458136
1692543600000,10663.030190458136
1692547200000,10659.754752414749
1692550800000,10663.985892414748
1692554400000,10655.75119241475
1692558000000,10654.356472414749
1692561600000,10651.339272414749
1692565200000,10636.613232414747
1692568800000,10644.50875241475
1692572400000,10643.520652414749
1692576000000,10643.416440543899
1692579600000,10649.410960543899
1692583200000,10647.3907805439
1692586800000,10652.9743805439
1692590400000,10655.0732405439
1692594000000,10657.935220543899
1692597600000,10653.3905005439
1692601200000,10661.911040543899
1692604800000,10663.611204281531
1692608400000,10661.71102428153
1692612000000,10663.952944281531
1692615600000,10671.292584281531
1692619200000,10660.714444281532
1692622800000,10664.011484281531
1692626400000,10653.60466428153
1692630000000,10654.93094428153
1692633600000,10678.565410063817
1692637200000,10673.998490063816
1692640800000,10666.427570063817
1692644400000,10667.594170063816
1692648000000,10656.461030063816
1692651600000,10657.586030063816
1692655200000,10653.283050063816
1692658800000,10661.841770063815
1692662400000,10660.851166094702
1692666000000,10663.136186094704
1692669600000,10669.739646094704
1692673200000,10667.468386094703
1692676800000,10668.185706094704
1692680400000,10671.737066094704
1692684000000,10669.264966094705
1692687600000,10667.174226094705
1692691200000,10662.568039685124
1692694800000,10667.521139685123
1692698400000,10668.968259685123
1692702000000,10668.858059685122
1692705600000,10669.592859685123
1692709200000,10669.536719685124
1692712800000,10679.715879685122
1692716400000,10678.308699685123
1692720000000,10687.045628334214
1692723600000,10683.069528334212
1692727200000,10712.196588334213
1692730800000,10698.437388334212
1692734400000,10712.496248334213
1692738000000,10704.636668334215
1692741600000,10741.224248334214
1692745200000,10718.812968334212
1692748800000,10693.268781021921
1692752400000,10694.40124102192
1692756000000,10693.975941021921
1692759600000,10694.551421021923
1692763200000,10699.304621021922
1692766800000,10690.556521021921
1692770400000,10689.572641021923
1692774000000,10684.021661021921
1692777600000,10683.993157794652
1692781200000,10685.727037794653
1692784800000,10684.991597794653
1692788400000,10690.254077794654
1692792000000,10693.704597794653
1692795600000,10701.011797794652
1692799200000,10685.652017794653
1692802800000,10678.538977794653
1692806400000,10668.593880051043
1692810000000,10646.337378514705
1692813600000,10646.337378514705
1692817200000,10646.337378514705
1692820800000,10646.337378514705
1692824400000,10646.337378514705
1692828000000,10646.337378514705
1692831600000,10646.337378514705
1692835200000,10646.337378514705
1692838800000,10646.337378514705
1692842400000,10646.337378514705
1692846000000,10646.337378514705
1692849600000,10646.337378514705
1692853200000,10646.337378514705
1692856800000,10646.337378514705
1692860400000,10646.337378514705
1692864000000,10646.337378514705
1692867600000,10646.337378514705
1692871200000,10646.337378514705
1692874800000,10646.337378514705
1692878400000,10646.337378514705
1692882000000,10646.337378514705
1692885600000,10646.337378514705
1692889200000,10646.337378514705
1692892800000,10646.337378514705
1692896400000,10646.337378514705
1692900000000,10646.337378514705
1692903600000,10646.337378514705
1692907200000,10646.337378514705
1692910800000,10646.337378514705
1692914400000,10646.337378514705
1692918000000,10646.337378514705
1692921600000,10646.337378514705
1692925200000,10646.337378514705
1692928800000,10646.337378514705
1692932400000,10646.337378514705
1692936000000,10646.337378514705
1692939600000,10646.337378514705
1692943200000,10646.337378514705
1692946800000,10646.337378514705
1692950400000,10646.337378514705
1692954000000,10646.337378514705
1692957600000,10646.337378514705
1692961200000,10646.337378514705
1692964800000,10646.337378514705
1692968400000,10646.337378514705
1692972000000,10646.337378514705
1692975600000,10646.337378514705
1692979200000,10646.337378514705
1692982800000,10646.337378514705
1692986400000,10646.337378514705
1692990000000,10646.337378514705
1692993600000,10646.337378514705
1692997200000,10646.337378514705
1693000800000,10646.337378514705
1693004400000,10646.337378514705
1693008000000,10646.337378514705
1693011600000,10646.337378514705
1693015200000,10646.337378514705
1693018800000,10646.337378514705
1693022400000,10646.337378514705
1693026000000,10646.337378514705
1693029600000,10646.337378514705
1693033200000,10646.337378514705
1693036800000,10646.337378514705
1693040400000,10646.337378514705
1693044000000,10646.337378514705
1693047600000,10646.337378514705
1693051200000,10646.337378514705
1693054800000,10646.337378514705
1693058400000,10646.337378514705
1693062000000,10646.337378514705
1693065600000,10646.337378514705
1693069200000,10646.337378514705
1693072800000,10646.337378514705
1693076400000,10646.337378514705
1693080000000,10646.337378514705
1693083600000,10646.337378514705
1693087200000,10646.337378514705
1693090800000,10646.337378514705
1693094400000,10646.337378514705
1693098000000,10646.337378514705
1693101600000,10646.337378514705
1693105200000,10646.337378514705
1693108800000,10646.337378514705
1693112400000,10646.337378514705
1693116000000,10646.337378514705
1693119600000,10646.337378514705
1693123200000,10646.337378514705
1693126800000,10646.337378514705
1693130400000,10646.337378514705
1693134000000,10646.337378514705
1693137600000,10646.337378514705
1693141200000,10646.337378514705
1693144800000,10646.337378514705
1693148400000,10646.337378514705
1693152000000,10646.337378514705
1693155600000,10646.337378514705
1693159200000,10646.337378514705
1693162800000,10646.337378514705
1693166400000,10646.337378514705
1693170000000,10646.337378514705
1693173600000,10646.337378514705
1693177200000,10646.337378514705
1693180800000,10646.337378514705
1693184400000,10646.337378514705
1693188000000,10646.337378514705
1693191600000,10646.337378514705
1693195200000,10646.337378514705
1693198800000,10646.337378514705
1693202400000,10646.337378514705
1693206000000,10646.337378514705
1693209600000,10646.337378514705
1693213200000,10646.337378514705
1693216800000,10646.337378514705
1693220400000,10646.337378514705
1693224000000,10646.337378514705
1693227600000,10646.337378514705
1693231200000,10646.337378514705
1693234800000,10646.337378514705
1693238400000,10646.337378514705
1693242000000,10646.337378514705
1693245600000,10646.337378514705
1693249200000,10646.337378514705
1693252800000,10646.337378514705
1693256400000,10646.337378514705
1693260000000,10646.337378514705
1693263600000,10646.337378514705
1693267200000,10646.337378514705
1693270800000,10646.337378514705
1693274400000,10646.337378514705
1693278000000,10646.337378514705
1693281600000,10646.337378514705
1693285200000,10646.337378514705
1693288800000,10646.337378514705
1693292400000,10646.337378514705
1693296000000,10646.337378514705
1693299600000,10646.337378514705
1693303200000,10646.337378514705
1693306800000,10646.337378514705
1693310400000,10646.337378514705
1693314000000,10646.337378514705
1693317600000,10646.337378514705
1693321200000,10646.337378514705
1693324800000,10646.337378514705
1693328400000,10646.337378514705
1693332000000,10646.337378514705
1693335600000,10646.337378514705
1693339200000,10646.337378514705
1693342800000,10646.337378514705
1693346400000,10646.337378514705
1693350000000,10646.337378514705
1693353600000,10646.337378514705
1693357200000,10646.337378514705
1693360800000,10646.337378514705
1693364400000,10646.337378514705
1693368000000,10646.337378514705
1693371600000,10646.337378514705
1693375200000,10646.337378514705
1693378800000,10646.337378514705
1693382400000,10646.337378514705
1693386000000,10646.337378514705
1693389600000,10646.337378514705
1693393200000,10646.337378514705
1693396800000,10646.337378514705
1693400400000,10646.337378514705
1693404000000,10646.337378514705
1693407600000,10646.337378514705
1693411200000,10646.337378514705
1693414800000,10646.337378514705
1693418400000,10646.337378514705
1693422000000,10646.337378514705
1693425600000,10646.337378514705
1693429200000,10646.337378514705
1693432800000,10646.337378514705
1693436400000,10646.337378514705
1693440000000,10646.337378514705
1693443600000,10646.337378514705
1693447200000,10646.337378514705
1693450800000,10646.337378514705
1693454400000,10646.337378514705
1693458000000,10646.337378514705
1693461600000,10646.337378514705
1693465200000,10646.337378514705
1693468800000,10646.337378514705
1693472400000,10646.337378514705
1693476000000,10646.337378514705
1693479600000,10646.337378514705
1693483200000,10646.337378514705
1693486800000,10646.337378514705
1693490400000,10646.337378514705
1693494000000,10646.337378514705
1693497600000,10646.337378514705
1693501200000,10646.337378514705
1693504800000,10646.337378514705
1693508400000,10646.337378514705
1693512000000,10646.337378514705
1693515600000,10646.337378514705
1693519200000,10646.337378514705
1693522800000,10646.337378514705
1693526400000,10646.337378514705
1693530000000,10646.337378514705
1693533600000,10646.337378514705
1693537200000,10646.337378514705
1693540800000,10646.337378514705
1693544400000,10646.337378514705
1693548000000,10646.337378514705
1693551600000,10646.337378514705
1693555200000,10646.337378514705
1693558800000,10646.337378514705
1693562400000,10646.337378514705
1693566000000,10646.337378514705
1693569600000,10646.337378514705
1693573200000,10646.337378514705
1693576800000,10646.337378514705
1693580400000,10646.337378514705
1693584000000,10646.337378514705
1693587600000,10646.337378514705
1693591200000,10646.337378514705
1693594800000,10646.337378514705
1693598400000,10644.971686897328
1693602000000,10640.129136897329
1693605600000,10639.24798689733
1693609200000,10640.99708689733
1693612800000,10639.171818162678
1693616400000,10639.52366816268
1693620000000,10639.686418162679
1693623600000,10639.413668162679
1693627200000,10638.122818162678
1693630800000,10638.272918162676
1693634400000,10637.182368162677
1693638000000,10637.792668162678
1693641600000,10638.504375119217
1693645200000,10639.246725119216
1693648800000,10637.614725119216
1693652400000,10636.891625119217
1693656000000,10637.025825119217
1693659600000,10637.155125119216
1693663200000,10636.175725119216
1693666800000,10635.133525119216
1693670400000,10634.41378581085
1693674000000,10635.91323581085
1693677600000,10637.83783581085
1693681200000,10638.48398581085
1693684800000,10637.584835810849
1693688400000,10637.02133581085
1693692000000,10636.204135810849
1693695600000,10635.71288581085
1693699200000,10635.483280699695
1693702800000,10636.498930699694
1693706400000,10637.268730699694
1693710000000,10636.694630699694
1693713600000,10635.675330699694
1693717200000,10636.103830699694
1693720800000,10635.211130699694
1693724400000,10635.218680699694
1693728000000,10634.530492586593
1693731600000,10637.313042586593
1693735200000,10636.417542586592
1693738800000,10635.487292586593
1693742400000,10635.311892586593
1693746000000,10637.993092586594
1693749600000,10636.306592586594
1693753200000,10634.873792586595
1693756800000,10636.980101842437
1693760400000,10639.704801842438
1693764000000,10637.496601842437
1693767600000,10634.040951842437
1693771200000,10632.576601842438
1693774800000,10630.041351842438
1693778400000,10634.123751842439
1693782000000,10634.754451842438
1693785600000,10634.22814060354
1693789200000,10635.84109060354
1693792800000,10636.40664060354
1693796400000,10633.00799060354
1693800000000,10633.12544060354
1693803600000,10633.22449060354
1693807200000,10635.10919060354
1693810800000,10633.819240603541
1693814400000,10633.17661205222
1693818000000,10632.86816205222
1693821600000,10634.07886205222
1693825200000,10635.45596205222
1693828800000,10637.113662052221
1693832400000,10638.495112052222
1693836000000,10636.67511205222
1693839600000,10638.44361205222
1693843200000,10639.836844397265
1693846800000,10638.517244397266
1693850400000,10636.872144397266
1693854000000,10637.282244397265
1693857600000,10636.834344397266
1693861200000,10639.027894397266
1693864800000,10644.769844397266
1693868400000,10641.444594397266
1693872000000,10638.763802787618
1693875600000,10640.707652787618
1693879200000,10642.154652787618
1693882800000,10646.495902787618
1693886400000,10645.204302787617
1693890000000,10643.381402787618
1693893600000,10641.808452787618
1693897200000,10643.477502787619
1693900800000,10641.960804044735
1693904400000,10642.152004044736
1693908000000,10638.778454044736
1693911600000,10637.982804044736
1693915200000,10637.220554044736
1693918800000,10636.347154044735
1693922400000,10639.804104044735
1693926000000,10640.315404044735
1693929600000,10633.663762855387
1693933200000,10633.849362855388
1693936800000,10633.614162855387
1693940400000,10633.790162855388
1693944000000,10634.671762855387
1693947600000,10634.340562855388
1693951200000,10634.079762855388
1693954800000,10633.457362855388
1693958400000,10633.254927549611
1693962000000,10632.834127549611
1693965600000,10633.28532754961
1693969200000,10632.01972754961
1693972800000,10633.29332754961
1693976400000,10633.62772754961
1693980000000,10633.83732754961
1693983600000,10633.42612754961
1693987200000,10634.15875946241
1693990800000,10633.75395946241
1693994400000,10633.82595946241
1693998000000,10634.08675946241
1694001600000,10634.08035946241
1694005200000,10634.47715946241
1694008800000,10634.35395946241
1694012400000,10635.952359462412
1694016000000,10636.58189632649
1694019600000,10636.19629632649
1694023200000,10628.300431268464
1694026800000,10628.300431268464
1694030400000,10628.300431268464
1694034000000,10628.300431268464
1694037600000,10628.300431268464
1694041200000,10628.300431268464
1694044800000,10628.300431268464
1694048400000,10628.300431268464
1694052000000,10628.300431268464
1694055600000,10628.300431268464
1694059200000,10628.300431268464
1694062800000,10628.300431268464
1694066400000,10628.300431268464
1694070000000,10628.300431268464
1694073600000,10628.300431268464
1694077200000,10628.300431268464
1694080800000,10628.300431268464
1694084400000,10628.300431268464
1694088000000,10628.300431268464
1694091600000,10628.300431268464
1694095200000,10628.300431268464
1694098800000,10628.300431268464
1694102400000,10628.300431268464
1694106000000,10628.300431268464
1694109600000,10628.300431268464
1694113200000,10628.300431268464
1694116800000,10628.300431268464
1694120400000,10628.300431268464
1694124000000,10628.300431268464
1694127600000,10628.300431268464
1694131200000,10628.300431268464
1694134800000,10628.300431268464
1694138400000,10628.300431268464
1694142000000,10628.300431268464
1694145600000,10628.300431268464
1694149200000,10628.300431268464
1694152800000,10628.300431268464
1694156400000,10628.300431268464
1694160000000,10628.300431268464
1694163600000,10628.300431268464
1694167200000,10628.300431268464
1694170800000,10628.300431268464
1694174400000,10628.300431268464
1694178000000,10628.300431268464
1694181600000,10628.300431268464
1694185200000,10628.300431268464
1694188800000,10628.300431268464
1694192400000,10628.300431268464
1694196000000,10628.300431268464
1694199600000,10628.300431268464
1694203200000,10628.300431268464
1694206800000,10628.300431268464
1694210400000,10628.300431268464
1694214000000,10628.300431268464
1694217600000,10628.300431268464
1694221200000,10628.300431268464
1694224800000,10628.300431268464
1694228400000,10628.300431268464
1694232000000,10628.300431268464
1694235600000,10628.300431268464
1694239200000,10628.300431268464
1694242800000,10628.300431268464
1694246400000,10628.300431268464
1694250000000,10628.300431268464
1694253600000,10628.300431268464
1694257200000,10628.300431268464
1694260800000,10628.300431268464
1694264400000,10628.300431268464
1694268000000,10628.300431268464
1694271600000,10628.300431268464
1694275200000,10628.300431268464
1694278800000,10628.300431268464
1694282400000,10628.300431268464
1694286000000,10628.300431268464
1694289600000,10628.300431268464
1694293200000,10628.300431268464
1694296800000,10628.300431268464
1694300400000,10628.300431268464
1694304000000,10628.300431268464
1694307600000,10628.300431268464
1694311200000,10628.300431268464
1694314800000,10628.300431268464
1694318400000,10628.300431268464
1694322000000,10628.300431268464
1694325600000,10628.300431268464
1694329200000,10628.300431268464
1694332800000,10628.300431268464
1694336400000,10628.300431268464
1694340000000,10628.300431268464
1694343600000,10628.300431268464
1694347200000,10628.300431268464
1694350800000,10628.300431268464
1694354400000,10628.300431268464
1694358000000,10628.300431268464
1694361600000,10628.300431268464
1694365200000,10628.300431268464
1694368800000,10628.300431268464
1694372400000,10628.300431268464
1694376000000,10628.094886023218
1694379600000,10624.117836023219
1694383200000,10619.717256023217
1694386800000,10624.293446023217
1694390400000,10625.965060089593
1694394000000,10633.898500089592
1694397600000,10635.313710089593
1694401200000,10631.326330089592
1694404800000,10631.522600089593
1694408400000,10631.822170089592
1694412000000,10626.295620089593
1694415600000,10628.093040089592
1694419200000,10631.535633205827
1694422800000,10637.785283205827
1694426400000,10651.265933205828
1694430000000,10654.964073205827
1694433600000,10658.651883205828
1694437200000,10651.172963205827
1694440800000,10656.255323205827
1694444400000,10688.846473205827
1694448000000,10681.342353054117
1694451600000,10681.999143054116
1694455200000,10676.468173054116
1694458800000,10687.533223054117
1694462400000,10713.728833054118
1694466000000,10705.550463054116
1694469600000,10699.157563054117
1694473200000,10695.506123054116
1694476800000,10690.166703439327
1694480400000,10681.523093439328
1694484000000,10690.979373439326
1694487600000,10681.667763439327
1694491200000,10630.362688668818
1694494800000,10630.362688668818
1694498400000,10630.362688668818
1694502000000,10630.362688668818
1694505600000,10630.362688668818
1694509200000,10630.362688668818
1694512800000,10630.362688668818
1694516400000,10630.362688668818
1694520000000,10630.362688668818
1694523600000,10630.362688668818
1694527200000,10630.362688668818
1694530800000,10630.362688668818
1694534400000,10630.362688668818
1694538000000,10630.362688668818
1694541600000,10630.362688668818
1694545200000,10630.362688668818
1694548800000,10630.362688668818
1694552400000,10630.362688668818
1694556000000,10630.362688668818
1694559600000,10630.362688668818
1694563200000,10630.362688668818
1694566800000,10630.362688668818
1694570400000,10630.362688668818
1694574000000,10630.362688668818
1694577600000,10630.362688668818
1694581200000,10630.362688668818
1694584800000,10630.362688668818
1694588400000,10630.362688668818
1694592000000,10630.362688668818
1694595600000,10630.362688668818
1694599200000,10630.362688668818
1694602800000,10630.362688668818
1694606400000,10630.362688668818
1694610000000,10630.362688668818
1694613600000,10630.362688668818
1694617200000,10630.362688668818
1694620800000,10630.362688668818
1694624400000,10630.362688668818
1694628000000,10630.362688668818
1694631600000,10630.362688668818
1694635200000,10630.362688668818
1694638800000,10630.362688668818
1694642400000,10630.362688668818
1694646000000,10630.362688668818
1694649600000,10630.362688668818
1694653200000,10630.362688668818
1694656800000,10630.362688668818
1694660400000,10630.362688668818
1694664000000,10630.362688668818
1694667600000,10630.362688668818
1694671200000,10630.362688668818
1694674800000,10630.362688668818
1694678400000,10630.362688668818
1694682000000,10630.362688668818
1694685600000,10630.362688668818
1694689200000,10630.362688668818
1694692800000,10630.362688668818
1694696400000,10630.362688668818
1694700000000,10630.362688668818
1694703600000,10630.362688668818
1694707200000,10630.362688668818
1694710800000,10630.362688668818
1694714400000,10630.362688668818
1694718000000,10630.362688668818
1694721600000,10630.362688668818
1694725200000,10630.362688668818
1694728800000,10630.362688668818
1694732400000,10630.362688668818
1694736000000,10630.362688668818
1694739600000,10630.362688668818
1694743200000,10630.362688668818
1694746800000,10630.362688668818
1694750400000,10630.362688668818
1694754000000,10630.362688668818
1694757600000,10630.362688668818
1694761200000,10630.362688668818
1694764800000,10630.362688668818
1694768400000,10630.362688668818
1694772000000,10630.362688668818
1694775600000,10630.362688668818
1694779200000,10630.362688668818
1694782800000,10630.362688668818
1694786400000,10630.362688668818
1694790000000,10630.362688668818
1694793600000,10630.362688668818
1694797200000,10630.362688668818
1694800800000,10630.362688668818
1694804400000,10630.362688668818
1694808000000,10630.362688668818
1694811600000,10630.362688668818
1694815200000,10630.362688668818
1694818800000,10630.362688668818
1694822400000,10630.362688668818
1694826000000,10630.362688668818
1694829600000,10630.362688668818
1694833200000,10630.362688668818
1694836800000,10630.362688668818
1694840400000,10630.362688668818
1694844000000,10630.362688668818
1694847600000,10630.362688668818
1694851200000,10630.362688668818
1694854800000,10630.362688668818
1694858400000,10630.362688668818
1694862000000,10630.362688668818
1694865600000,10630.362688668818
1694869200000,10630.362688668818
1694872800000,10630.362688668818
1694876400000,10630.362688668818
1694880000000,10630.362688668818
1694883600000,10630.362688668818
1694887200000,10630.362688668818
1694890800000,10630.362688668818
1694894400000,10630.362688668818
1694898000000,10630.362688668818
1694901600000,10630.362688668818
1694905200000,10630.362688668818
1694908800000,10630.362688668818
1694912400000,10630.362688668818
1694916000000,10630.362688668818
1694919600000,10630.362688668818
1694923200000,10630.362688668818
1694926800000,10630.362688668818
1694930400000,10630.362688668818
1694934000000,10630.362688668818
1694937600000,10630.362688668818
1694941200000,10630.362688668818
1694944800000,10630.362688668818
1694948400000,10630.362688668818
1694952000000,10630.362688668818
1694955600000,10630.362688668818
1694959200000,10630.362688668818
1694962800000,10630.362688668818
1694966400000,10630.362688668818
1694970000000,10630.362688668818
1694973600000,10630.362688668818
1694977200000,10630.362688668818
1694980800000,10630.362688668818
1694984400000,10630.362688668818
1694988000000,10630.362688668818
1694991600000,10630.362688668818
1694995200000,10630.362688668818
1694998800000,10630.362688668818
1695002400000,10630.362688668818
1695006000000,10630.362688668818
1695009600000,10630.362688668818
1695013200000,10630.362688668818
1695016800000,10630.362688668818
1695020400000,10630.362688668818
1695024000000,10630.362688668818
1695027600000,10630.362688668818
1695031200000,10630.362688668818
1695034800000,10630.362688668818
1695038400000,10630.362688668818
1695042000000,10630.362688668818
1695045600000,10630.362688668818
1695049200000,10630.362688668818
1695052800000,10630.362688668818
1695056400000,10630.362688668818
1695060000000,10630.362688668818
1695063600000,10630.362688668818
1695067200000,10630.362688668818
1695070800000,10630.362688668818
1695074400000,10630.362688668818
1695078000000,10630.362688668818
1695081600000,10630.362688668818
1695085200000,10630.362688668818
1695088800000,10630.362688668818
1695092400000,10630.362688668818
1695096000000,10630.362688668818
1695099600000,10630.362688668818
1695103200000,10630.362688668818
1695106800000,10630.362688668818
1695110400000,10630.362688668818
1695114000000,10630.362688668818
1695117600000,10630.362688668818
1695121200000,10630.362688668818
1695124800000,10630.362688668818
1695128400000,10630.362688668818
1695132000000,10630.362688668818
1695135600000,10630.362688668818
1695139200000,10630.362688668818
1695142800000,10630.362688668818
1695146400000,10630.362688668818
1695150000000,10630.362688668818
1695153600000,10630.362688668818
1695157200000,10630.362688668818
1695160800000,10630.362688668818
1695164400000,10630.362688668818
1695168000000,10630.362688668818
1695171600000,10630.362688668818
1695175200000,10630.362688668818
1695178800000,10630.362688668818
1695182400000,10630.362688668818
1695186000000,10630.362688668818
1695189600000,10630.362688668818
1695193200000,10630.362688668818
1695196800000,10630.362688668818
1695200400000,10630.362688668818
1695204000000,10630.362688668818
1695207600000,10630.362688668818
1695211200000,10630.362688668818
1695214800000,10630.362688668818
1695218400000,10630.362688668818
1695222000000,10630.362688668818
1695225600000,10630.362688668818
1695229200000,10630.362688668818
1695232800000,10630.362688668818
1695236400000,10630.362688668818
1695240000000,10630.362688668818
1695243600000,10630.362688668818
1695247200000,10630.362688668818
1695250800000,10630.362688668818
1695254400000,10630.362688668818
1695258000000,10630.362688668818
1695261600000,10630.362688668818
1695265200000,10630.362688668818
1695268800000,10630.362688668818
1695272400000,10630.362688668818
1695276000000,10630.362688668818
1695279600000,10630.362688668818
1695283200000,10630.362688668818
1695286800000,10630.362688668818
1695290400000,10630.362688668818
1695294000000,10630.362688668818
1695297600000,10630.362688668818
1695301200000,10630.362688668818
1695304800000,10630.362688668818
1695308400000,10630.362688668818
1695312000000,10630.362688668818
1695315600000,10630.362688668818
1695319200000,10630.362688668818
1695322800000,10630.362688668818
1695326400000,10630.362688668818
1695330000000,10630.362688668818
1695333600000,10630.362688668818
1695337200000,10630.362688668818
1695340800000,10630.362688668818
1695344400000,10630.362688668818
1695348000000,10630.362688668818
1695351600000,10630.362688668818
1695355200000,10630.362688668818
1695358800000,10630.362688668818
1695362400000,10630.362688668818
1695366000000,10630.362688668818
1695369600000,10630.362688668818
1695373200000,10630.362688668818
1695376800000,10630.362688668818
1695380400000,10630.362688668818
1695384000000,10630.362688668818
1695387600000,10630.362688668818
1695391200000,10630.362688668818
1695394800000,10630.362688668818
1695398400000,10630.362688668818
1695402000000,10630.362688668818
1695405600000,10630.362688668818
1695409200000,10630.362688668818
1695412800000,10630.362688668818
1695416400000,10630.362688668818
1695420000000,10630.362688668818
1695423600000,10630.362688668818
1695427200000,10630.362688668818
1695430800000,10630.362688668818
1695434400000,10630.362688668818
1695438000000,10630.362688668818
1695441600000,10630.362688668818
1695445200000,10630.362688668818
1695448800000,10630.362688668818
1695452400000,10630.362688668818
1695456000000,10630.362688668818
1695459600000,10630.362688668818
1695463200000,10630.362688668818
1695466800000,10630.362688668818
1695470400000,10630.362688668818
1695474000000,10630.362688668818
1695477600000,10630.362688668818
1695481200000,10630.362688668818
1695484800000,10630.362688668818
1695488400000,10630.362688668818
1695492000000,10630.362688668818
1695495600000,10630.362688668818
1695499200000,10630.362688668818
1695502800000,10630.362688668818
1695506400000,10630.362688668818
1695510000000,10630.362688668818
1695513600000,10630.362688668818
1695517200000,10630.362688668818
1695520800000,10630.362688668818
1695524400000,10630.362688668818
1695528000000,10630.362688668818
1695531600000,10630.362688668818
1695535200000,10630.362688668818
1695538800000,10630.362688668818
1695542400000,10630.362688668818
1695546000000,10630.362688668818
1695549600000,10630.362688668818
1695553200000,10630.362688668818
1695556800000,10630.362688668818
1695560400000,10630.362688668818
1695564000000,10630.362688668818
1695567600000,10630.362688668818
1695571200000,10630.362688668818
1695574800000,10630.362688668818
1695578400000,10630.362688668818
1695582000000,10630.362688668818
1695585600000,10630.362688668818
1695589200000,10630.362688668818
1695592800000,10630.362688668818
1695596400000,10630.362688668818
1695600000000,10630.362688668818
1695603600000,10630.362688668818
1695607200000,10630.362688668818
1695610800000,10630.362688668818
1695614400000,10630.362688668818
1695618000000,10630.362688668818
1695621600000,10630.362688668818
1695625200000,10630.362688668818
1695628800000,10630.362688668818
1695632400000,10630.362688668818
1695636000000,10630.362688668818
1695639600000,10630.362688668818
1695643200000,10630.362688668818
1695646800000,10630.362688668818
1695650400000,10630.362688668818
1695654000000,10630.362688668818
1695657600000,10630.362688668818
1695661200000,10630.362688668818
1695664800000,10630.362688668818
1695668400000,10630.362688668818
1695672000000,10630.362688668818
1695675600000,10630.362688668818
1695679200000,10630.362688668818
1695682800000,10630.362688668818
1695686400000,10630.362688668818
1695690000000,10630.362688668818
1695693600000,10630.362688668818
1695697200000,10630.362688668818
1695700800000,10630.362688668818
1695704400000,10630.362688668818
1695708000000,10630.362688668818
1695711600000,10630.362688668818
1695715200000,10630.362688668818
1695718800000,10630.362688668818
1695722400000,10630.362688668818
1695726000000,10630.362688668818
1695729600000,10630.362688668818
1695733200000,10630.362688668818
1695736800000,10630.362688668818
1695740400000,10630.362688668818
1695744000000,10630.362688668818
1695747600000,10630.362688668818
1695751200000,10630.362688668818
1695754800000,10630.362688668818
1695758400000,10630.362688668818
1695762000000,10630.362688668818
1695765600000,10630.362688668818
1695769200000,10630.362688668818
1695772800000,10630.362688668818
1695776400000,10630.362688668818
1695780000000,10630.362688668818
1695783600000,10630.362688668818
1695787200000,10630.362688668818
1695790800000,10630.362688668818
1695794400000,10630.362688668818
1695798000000,10630.362688668818
1695801600000,10630.362688668818
1695805200000,10630.362688668818
1695808800000,10630.362688668818
1695812400000,10630.362688668818
1695816000000,10630.356523091361
1695819600000,10627.414323091361
1695823200000,10620.580523091361
1695826800000,10594.472549968603
1695830400000,10594.472549968603
1695834000000,10594.472549968603
1695837600000,10594.472549968603
1695841200000,10594.472549968603
1695844800000,10594.472549968603
1695848400000,10594.472549968603
1695852000000,10594.472549968603
1695855600000,10594.472549968603
1695859200000,10594.472549968603
1695862800000,10594.472549968603
1695866400000,10594.472549968603
1695870000000,10594.472549968603
1695873600000,10594.472549968603
1695877200000,10594.472549968603
1695880800000,10594.472549968603
1695884400000,10594.472549968603
1695888000000,10594.472549968603
1695891600000,10594.472549968603
1695895200000,10594.472549968603
1695898800000,10594.472549968603
1695902400000,10594.472549968603
1695906000000,10594.472549968603
1695909600000,10594.472549968603
1695913200000,10594.472549968603
1695916800000,10594.472549968603
1695920400000,10594.472549968603
1695924000000,10594.472549968603
1695927600000,10594.472549968603
1695931200000,10594.472549968603
1695934800000,10594.472549968603
1695938400000,10594.472549968603
1695942000000,10594.472549968603
1695945600000,10594.472549968603
1695949200000,10594.472549968603
1695952800000,10594.472549968603
1695956400000,10594.472549968603
1695960000000,10594.472549968603
1695963600000,10594.472549968603
1695967200000,10594.472549968603
1695970800000,10594.472549968603
1695974400000,10594.472549968603
1695978000000,10594.472549968603
1695981600000,10594.472549968603
1695985200000,10594.472549968603
1695988800000,10594.472549968603
1695992400000,10594.472549968603
1695996000000,10594.472549968603
1695999600000,10594.472549968603
1696003200000,10594.472549968603
1696006800000,10594.472549968603
1696010400000,10594.472549968603
1696014000000,10594.472549968603
1696017600000,10594.472549968603
1696021200000,10594.472549968603
1696024800000,10594.472549968603
1696028400000,10594.472549968603
1696032000000,10594.472549968603
1696035600000,10594.472549968603
1696039200000,10594.472549968603
1696042800000,10594.472549968603
1696046400000,10594.472549968603
1696050000000,10594.472549968603
1696053600000,10594.472549968603
1696057200000,10594.472549968603
1696060800000,10594.472549968603
1696064400000,10594.472549968603
1696068000000,10594.472549968603
1696071600000,10594.472549968603
1696075200000,10594.472549968603
1696078800000,10594.472549968603
1696082400000,10594.472549968603
1696086000000,10594.472549968603
1696089600000,10594.472549968603
1696093200000,10594.472549968603
1696096800000,10594.472549968603
1696100400000,10594.472549968603
1696104000000,10592.491256443376
1696107600000,10594.970576443377
1696111200000,10588.578836443377
1696114800000,10589.767976443376
1696118400000,10586.17003995407
1696122000000,10589.21577995407
1696125600000,10590.19255995407
1696129200000,10590.21011995407
1696132800000,10591.17425995407
1696136400000,10591.80229995407
1696140000000,10594.870739954069
1696143600000,10596.54913995407
1696147200000,10596.084437020436
1696150800000,10597.321697020436
1696154400000,10603.962897020434
1696158000000,10602.703677020436
1696161600000,10603.737997020435
1696165200000,10603.206437020435
1696168800000,10602.654157020435
1696172400000,10597.811657020437
1696176000000,10599.54461294871
1696179600000,10596.24281294871
1696183200000,10590.78659294871
1696186800000,10593.359232948711
1696190400000,10594.15183294871
1696194000000,10593.348552948712
1696197600000,10598.796652948711
1696201200000,10655.508572948711
1696204800000,10656.496498476024
1696208400000,10649.635018476023
1696212000000,10649.999098476024
1696215600000,10653.218918476025
1696219200000,10659.136258476025
1696222800000,10655.289738476025
1696226400000,10647.849878476025
1696230000000,10656.916698476023
1696233600000,10665.120554035186
1696237200000,10668.110814035186
1696240800000,10666.606314035185
1696244400000,10668.228374035187
1696248000000,10660.592414035187
1696251600000,10667.047314035188
1696255200000,10669.818534035187
1696258800000,10659.339774035187
1696262400000,10637.44054918922
1696266000000,10631.080177425025
1696269600000,10631.731477425026
1696273200000,10615.140367050548
1696276800000,10615.140367050548
1696280400000,10615.140367050548
1696284000000,10615.140367050548
1696287600000,10615.140367050548
1696291200000,10615.140367050548
1696294800000,10615.140367050548
1696298400000,10615.140367050548
1696302000000,10615.140367050548
1696305600000,10615.140367050548
1696309200000,10615.140367050548
1696312800000,10615.140367050548
1696316400000,10615.140367050548
1696320000000,10615.140367050548
1696323600000,10615.140367050548
1696327200000,10615.140367050548
1696330800000,10615.140367050548
1696334400000,10615.140367050548
1696338000000,10615.140367050548
1696341600000,10615.140367050548
1696345200000,10615.140367050548
1696348800000,10615.140367050548
1696352400000,10615.140367050548
1696356000000,10615.140367050548
1696359600000,10615.140367050548
1696363200000,10615.140367050548
1696366800000,10615.140367050548
1696370400000,10615.140367050548
1696374000000,10615.140367050548
1696377600000,10615.140367050548
1696381200000,10615.140367050548
1696384800000,10615.140367050548
1696388400000,10615.140367050548
1696392000000,10615.140367050548
1696395600000,10615.140367050548
1696399200000,10615.140367050548
1696402800000,10615.140367050548
1696406400000,10615.140367050548
1696410000000,10615.140367050548
1696413600000,10615.140367050548
1696417200000,10615.140367050548
1696420800000,10615.140367050548
1696424400000,10615.140367050548
1696428000000,10615.140367050548
1696431600000,10615.140367050548
1696435200000,10615.140367050548
1696438800000,10615.140367050548
1696442400000,10615.140367050548
1696446000000,10615.140367050548
1696449600000,10615.140367050548
1696453200000,10615.140367050548
1696456800000,10615.140367050548
1696460400000,10615.140367050548
1696464000000,10615.140367050548
1696467600000,10615.140367050548
1696471200000,10615.140367050548
1696474800000,10615.140367050548
1696478400000,10615.140367050548
1696482000000,10615.140367050548
1696485600000,10615.140367050548
1696489200000,10615.140367050548
1696492800000,10615.140367050548
1696496400000,10615.140367050548
1696500000000,10615.140367050548
1696503600000,10615.140367050548
1696507200000,10615.140367050548
1696510800000,10615.140367050548
1696514400000,10615.140367050548
1696518000000,10615.140367050548
1696521600000,10614.104214540897
1696525200000,10616.234134540897
1696528800000,10614.740694540898
1696532400000,10614.320534540897
1696536000000,10614.607574540898
1696539600000,10614.740694540898
1696543200000,10615.934614540898
1696546800000,10615.185814540897
1696550400000,10616.77955342552
1696554000000,10614.928353425521
1696557600000,10612.69859342552
1696561200000,10612.28675342552
1696564800000,10611.93731342552
1696568400000,10612.561313425522
1696572000000,10613.13955342552
1696575600000,10612.873313425522
1696579200000,10609.195099128132
1696582800000,10607.801499128132
1696586400000,10607.776539128134
1696590000000,10608.816539128133
1696593600000,10607.739099128134
1696597200000,10616.354459128133
1696600800000,10610.010459128132
1696604400000,10607.976219128133
1696608000000,10603.463535203455
1696611600000,10603.463535203455
1696615200000,10603.463535203455
1696618800000,10603.463535203455
1696622400000,10603.463535203455
1696626000000,10603.463535203455
1696629600000,10603.463535203455
1696633200000,10603.463535203455
1696636800000,10603.463535203455
1696640400000,10603.463535203455
1696644000000,10603.463535203455
1696647600000,10603.463535203455
1696651200000,10603.463535203455
1696654800000,10603.463535203455
1696658400000,10603.463535203455
1696662000000,10603.463535203455
1696665600000,10603.463535203455
1696669200000,10603.463535203455
1696672800000,10603.463535203455
1696676400000,10603.463535203455
1696680000000,10603.463535203455
1696683600000,10603.463535203455
1696687200000,10603.463535203455
1696690800000,10603.463535203455
1696694400000,10603.463535203455
1696698000000,10603.463535203455
1696701600000,10603.463535203455
1696705200000,10603.463535203455
1696708800000,10603.463535203455
1696712400000,10603.463535203455
1696716000000,10603.463535203455
1696719600000,10603.463535203455
1696723200000,10603.463535203455
1696726800000,10603.463535203455
1696730400000,10603.463535203455
1696734000000,10603.463535203455
1696737600000,10603.463535203455
1696741200000,10603.463535203455
1696744800000,10603.463535203455
1696748400000,10603.463535203455
1696752000000,10602.784951054147
1696755600000,10602.554071054148
1696759200000,10605.237271054148
1696762800000,10608.850231054148
1696766400000,10609.068631054148
1696770000000,10607.383831054149
1696773600000,10601.948791054148
1696777200000,10599.452791054147
1696780800000,10601.143616374686
1696784400000,10599.733376374686
1696788000000,10600.500896374686
1696791600000,10597.568096374685
1696795200000,10598.354336374685
1696798800000,10597.905056374686
1696802400000,10600.095296374686
1696806000000,10600.981376374686
1696809600000,10599.916343539931
1696813200000,10605.020663539932
1696816800000,10600.471703539932
1696820400000,10600.690103539931
1696824000000,10599.336023539932
1696827600000,10600.33442353993
1696831200000,10602.93026353993
1696834800000,10603.036343539932
1696838400000,10607.40213816344
1696842000000,10612.34421816344
1696845600000,10625.97237816344
1696849200000,10623.619898163439
1696852800000,10627.53861816344
1696856400000,10628.18133816344
1696860000000,10624.081658163439
1696863600000,10626.62757816344
1696867200000,10629.38715235671
1696870800000,10640.76267235671
1696874400000,10632.781712356711
1696878000000,10635.25899235671
1696881600000,10632.107792356712
1696885200000,10634.828432356711
1696888800000,10633.69899235671
1696892400000,10634.47275235671
1696896000000,10633.486205963796
1696899600000,10634.397245963797
1696903200000,10633.342685963797
1696906800000,10627.651805963797
1696910400000,10630.484765963796
1696914000000,10630.715645963797
1696917600000,10629.380285963796
1696921200000,10626.491165963796
1696924800000,10626.566538284329
1696928400000,10627.702218284328
1696932000000,10627.365258284328
1696935600000,10629.599178284328
1696939200000,10634.204298284329
1696942800000,10636.207338284328
1696946400000,10636.157418284329
1696950000000,10637.842218284328
1696953600000,10641.353076287574
1696957200000,10642.276596287573
1696960800000,10644.398196287573
1696964400000,10642.557396287573
1696968000000,10642.376436287574
1696971600000,10644.947316287573
1696975200000,10642.594836287573
1696978800000,10640.847636287574
1696982400000,10641.225383864929
1696986000000,10637.088263864927
1696989600000,10637.281703864928
1696993200000,10646.548103864929
1696996800000,10645.743143864927
1697000400000,10645.986503864928
1697004000000,10647.459143864928
1697007600000,10647.970823864927
1697011200000,10647.87966492703
1697014800000,10643.16846492703
1697018400000,10635.76782492703
1697022000000,10635.54942492703
1697025600000,10638.31998492703
1697029200000,10638.13902492703
1697032800000,10637.302864927029
1697036400000,10639.04382492703
1697040000000,10645.94754549642
1697043600000,10650.533945496418
1697047200000,10649.72274549642
1697050800000,10647.145625496418
1697054400000,10644.056825496418
1697058000000,10643.68242549642
1697061600000,10642.378265496418
1697065200000,10641.96642549642
1697068800000,10642.660969687704
1697072400000,10645.194409687705
1697076000000,10646.361289687704
1697079600000,10642.480009687704
1697083200000,10645.088329687704
1697086800000,10645.362889687704
1697090400000,10643.391049687705
1697094000000,10644.458089687705
1697097600000,10645.632412395287
1697101200000,10647.747772395287
1697104800000,10656.745852395288
1697108400000,10653.944092395288
1697112000000,10650.586972395287
1697115600000,10652.845852395287
1697119200000,10654.324732395287
1697122800000,10656.115612395288
1697126400000,10657.868798474212
1697130000000,10666.267838474212
1697133600000,10665.394238474213
1697137200000,10664.414558474213
1697140800000,10664.227358474212
1697144400000,10661.001278474212
1697148000000,10659.553598474213
1697151600000,10658.904638474212
1697155200000,10658.796555568166
1697158800000,10655.601675568165
1697162400000,10656.337995568165
1697166000000,10656.600075568165
1697169600000,10659.245835568167
1697173200000,10657.267755568166
1697176800000,10657.929195568166
1697180400000,10658.453355568166
1697184000000,10652.57142939274
1697187600000,10653.91926939274
1697191200000,10656.03462939274
1697194800000,10655.41062939274
1697198400000,10654.54326939274
1697202000000,10650.64326939274
1697205600000,10653.482469392738
1697209200000,10657.881669392738
1697212800000,10659.005770996024
1697216400000,10653.732970996023
1697220000000,10655.673610996024
1697223600000,10656.828010996023
1697227200000,10655.317930996023
1697230800000,10645.920490996023
1697234400000,10635.807058037419
1697238000000,10635.807058037419
1697241600000,10635.807058037419
1697245200000,10635.807058037419
1697248800000,10635.807058037419
1697252400000,10635.807058037419
1697256000000,10635.807058037419
1697259600000,10635.807058037419
1697263200000,10635.807058037419
1697266800000,10635.807058037419
1697270400000,10635.807058037419
1697274000000,10635.807058037419
1697277600000,10635.807058037419
1697281200000,10635.807058037419
1697284800000,10635.807058037419
1697288400000,10635.807058037419
1697292000000,10635.807058037419
1697295600000,10635.807058037419
1697299200000,10635.807058037419
1697302800000,10635.807058037419
1697306400000,10635.807058037419
1697310000000,10635.807058037419
1697313600000,10635.807058037419
1697317200000,10635.807058037419
1697320800000,10635.807058037419
1697324400000,10635.807058037419
1697328000000,10635.807058037419
1697331600000,10635.807058037419
1697335200000,10635.807058037419
1697338800000,10635.807058037419
1697342400000,10635.807058037419
1697346000000,10635.807058037419
1697349600000,10635.807058037419
1697353200000,10635.807058037419
1697356800000,10635.807058037419
1697360400000,10635.807058037419
1697364000000,10635.807058037419
1697367600000,10635.807058037419
1697371200000,10635.807058037419
1697374800000,10635.807058037419
1697378400000,10635.807058037419
1697382000000,10635.807058037419
1697385600000,10635.807058037419
1697389200000,10635.807058037419
1697392800000,10635.807058037419
1697396400000,10635.807058037419
1697400000000,10635.807058037419
1697403600000,10635.807058037419
1697407200000,10635.807058037419
1697410800000,10635.807058037419
1697414400000,10635.807058037419
1697418000000,10635.807058037419
1697421600000,10635.807058037419
1697425200000,10635.807058037419
1697428800000,10635.807058037419
1697432400000,10635.807058037419
1697436000000,10635.807058037419
1697439600000,10635.807058037419
1697443200000,10635.807058037419
1697446800000,10635.807058037419
1697450400000,10635.807058037419
1697454000000,10635.807058037419
1697457600000,10635.807058037419
1697461200000,10635.807058037419
1697464800000,10635.807058037419
1697468400000,10635.807058037419
1697472000000,10635.807058037419
1697475600000,10635.807058037419
1697479200000,10635.807058037419
1697482800000,10635.807058037419
1697486400000,10635.41699776952
1697490000000,10633.39469776952
1697493600000,10634.41109776952
1697497200000,10636.02599776952
1697500800000,10636.031077412144
1697504400000,10631.041477412145
1697508000000,10631.875177412145
1697511600000,10632.931477412145
1697515200000,10630.648777412145
1697518800000,10628.937277412146
1697522400000,10629.873877412145
1697526000000,10629.707977412145
1697529600000,10634.130070683259
1697533200000,10634.53537068326
1697536800000,10634.449270683259
1697540400000,10636.15447068326
1697544000000,10634.314870683258
1697547600000,10630.480270683258
1697551200000,10631.702470683258
1697554800000,10634.636170683258
1697558400000,10634.752877375979
1697562000000,10637.965877375978
1697565600000,10634.437877375978
1697569200000,10633.224077375979
1697572800000,10635.802877375978
1697576400000,10634.439977375978
1697580000000,10635.011177375978
1697583600000,10634.001077375979
1697587200000,10633.544302810176
1697590800000,10633.076002810176
1697594400000,10632.708502810177
1697598000000,10635.142402810177
1697601600000,10635.856402810177
1697605200000,10640.423902810177
1697608800000,10639.415902810177
1697612400000,10638.783802810176
1697616000000,10635.433176765313
1697619600000,10636.823376765313
1697623200000,10631.674176765313
1697626800000,10632.890076765312
1697630400000,10632.782976765313
1697634000000,10631.756076765312
1697637600000,10631.478876765312
1697641200000,10629.561576765313
1697644800000,10630.368728810341
1697648400000,10632.40992881034
1697652000000,10632.124328810341
1697655600000,10631.355728810342
1697659200000,10629.877328810342
1697662800000,10630.39812881034
1697666400000,10630.56402881034
1697670000000,10632.70392881034
1697673600000,10631.58443974709
1697677200000,10633.48703974709
1697680800000,10630.31183974709
1697684400000,10629.48443974709
1697688000000,10630.54913974709
1697691600000,10630.96703974709
1697695200000,10631.80493974709
1697698800000,10631.37023974709
1697702400000,10632.081650393666
1697706000000,10631.842250393665
1697709600000,10633.740650393665
1697713200000,10635.153950393666
1697716800000,10634.849450393665
1697720400000,10634.696150393665
1697724000000,10634.929250393665
1697727600000,10640.681150393666
1697731200000,10639.705794255775
1697734800000,10638.044694255776
1697738400000,10636.763694255775
1697742000000,10639.090494255775
1697745600000,10640.787294255775
1697749200000,10639.980894255774
1697752800000,10638.288294255775
1697756400000,10638.848994255775
1697760000000,10640.362271839516
1697763600000,10638.713771839517
1697767200000,10638.940571839516
1697770800000,10646.259071839517
1697774400000,10651.460771839516
1697778000000,10653.172271839516
1697781600000,10650.738371839516
1697785200000,10652.271371839517
1697788800000,10651.415276424586
1697792400000,10660.976576424588
1697796000000,10663.185776424587
1697799600000,10663.677176424588
1697803200000,10664.607476424588
1697806800000,10657.595576424586
1697810400000,10659.970676424588
1697814000000,10657.864376424586
1697817600000,10657.97370856591
1697821200000,10656.709508565911
1697824800000,10657.280708565911
1697828400000,10656.543608565911
1697832000000,10657.444508565912
1697835600000,10658.656208565912
1697839200000,10659.111908565912
1697842800000,10660.42230856591
1697846400000,10660.446879886525
1697850000000,10659.558579886525
1697853600000,10657.007079886525
1697857200000,10656.652179886525
1697860800000,10659.067179886524
1697864400000,10657.739979886524
1697868000000,10658.575779886525
1697871600000,10660.753479886525
1697875200000,10660.936215865291
1697878800000,10659.90721586529
1697882400000,10664.432715865292
1697886000000,10662.534315865292
1697889600000,10663.557015865292
1697893200000,10662.57001586529
1697896800000,10662.756915865291
1697900400000,10665.856515865291
1697904000000,10666.271397049668
1697907600000,10664.513697049668
1697911200000,10672.233297049668
1697914800000,10671.781797049667
1697918400000,10669.554887235056
1697922000000,10663.018387235055
1697925600000,10662.743707235055
1697929200000,10663.343507235057
1697932800000,10661.349183080065
1697936400000,10665.254063080065
1697940000000,10661.849663080064
1697943600000,10657.498223080065
1697947200000,10661.250623080065
1697950800000,10665.635923080064
1697954400000,10671.932483080065
1697958000000,10673.282483080064
1697961600000,10659.21776545471
1697965200000,10659.03670545471
1697968800000,10660.98276545471
1697972400000,10662.56414545471
1697976000000,10660.71020545471
1697979600000,10661.98584545471
1697983200000,10665.782545454711
1697986800000,10659.801905454711
1697990400000,10656.864590722984
1697994000000,10661.449630722984
1697997600000,10665.254410722986
1698001200000,10663.694090722985
1698004800000,10663.323050722985
1698008400000,10665.868830722986
1698012000000,10661.356390722985
1698015600000,10682.597590722984
1698019200000,10680.825334143721
1698022800000,10689.46175414372
1698026400000,10695.711494143721
1698030000000,10699.047214143722
1698033600000,10716.138034143722
1698037200000,10711.29431414372
1698040800000,10714.882654143721
1698044400000,10706.667194143722
1698048000000,10700.500792174495
1698051600000,10705.617532174494
1698055200000,10695.394532174494
1698058800000,10698.209212174495
1698062400000,10702.111452174495
1698066000000,10702.880692174494
1698069600000,10698.137332174494
1698073200000,10705.331452174494
1698076800000,10707.029610207748
1698080400000,10719.589910207747
1698084000000,10715.957730207747
1698087600000,10728.712230207748
1698091200000,10734.142930207749
1698094800000,10738.640950207748
1698098400000,10744.327250207749
1698102000000,10829.651790207748
1698105600000,10803.247037451349
1698109200000,10816.299577451347
1698112800000,10835.211777451348
1698116400000,10869.560697451348
1698120000000,10849.38821745135
1698123600000,10861.056417451347
1698127200000,10846.791177451347
1698130800000,10847.638357451347
1698134400000,10843.69115321307
1698138000000,10851.71921321307
1698141600000,10861.13425321307
1698145200000,10864.15215321307
1698148800000,10874.15623321307
1698152400000,10872.78791321307
1698156000000,10865.256633213072
1698159600000,10858.49839321307
1698163200000,10822.965075639804
1698166800000,10830.342235639806
1698170400000,10820.395875639806
1698174000000,10823.598955639805
1698177600000,10823.997015639805
1698181200000,10815.168015639805
1698184800000,10829.735995639803
1698188400000,10837.122855639804
1698192000000,10829.013561963618
1698195600000,10835.51190196362
1698199200000,10845.051221963618
1698202800000,10835.89788196362
1698206400000,10834.01050196362
1698210000000,10838.70240196362
1698213600000,10830.20086196362
1698217200000,10835.75150196362
1698220800000,10821.746810603649
1698224400000,10820.731430603648
1698228000000,10828.805710603649
1698231600000,10833.688490603648
1698235200000,10837.974110603647
1698238800000,10839.172490603649
1698242400000,10844.199030603648
1698246000000,10859.624950603647
1698249600000,10859.176073911567
1698253200000,10842.697913911567
1698256800000,10848.343573911567
1698260400000,10847.207013911566
1698264000000,10849.075513911566
1698267600000,10844.171253911565
1698271200000,10842.815153911566
1698274800000,10845.269273911566
1698278400000,10841.495546782457
1698282000000,10848.551026782457
1698285600000,10848.085166782457
1698289200000,10851.956746782458
1698292800000,10864.913786782457
1698296400000,10856.980726782458
1698300000000,10849.472926782457
1698303600000,10858.071006782457
1698307200000,10879.907845741434
1698310800000,10874.466605741434
1698314400000,10869.249225741434
1698318000000,10862.723105741436
1698321600000,10847.977645741434
1698325200000,10857.422245741434
1698328800000,10847.762485741434
1698332400000,10837.762705741434
1698336000000,10827.137537340797
1698339600000,10816.437717340797
1698343200000,10828.935977340798
1698346800000,10829.536017340797
1698350400000,10835.221557340798
1698354000000,10840.239377340798
1698357600000,10841.799357340797
1698361200000,10847.568857340797
1698364800000,10843.016313901235
1698368400000,10838.019273901235
1698372000000,10821.165553901234
1698375600000,10835.045693901235
1698379200000,10835.802613901235
1698382800000,10836.908153901235
1698386400000,10836.827413901236
1698390000000,10840.475573901236
1698393600000,10825.25385010171
1698397200000,10832.76579010171
1698400800000,10836.48507010171
1698404400000,10831.762770101708
1698408000000,10829.749790101709
1698411600000,10836.62015010171
1698415200000,10837.367790101709
1698418800000,10821.09035010171
1698422400000,10827.808022292365
1698426000000,10821.595762292365
1698429600000,10787.731198242614
1698433200000,10787.731198242614
1698436800000,10787.731198242614
1698440400000,10787.731198242614
1698444000000,10787.731198242614
1698447600000,10787.731198242614
1698451200000,10787.731198242614
1698454800000,10787.731198242614
1698458400000,10787.731198242614
1698462000000,10787.731198242614
1698465600000,10787.731198242614
1698469200000,10787.731198242614
1698472800000,10787.731198242614
1698476400000,10787.731198242614
1698480000000,10787.731198242614
1698483600000,10787.731198242614
1698487200000,10787.731198242614
1698490800000,10787.731198242614
1698494400000,10787.731198242614
1698498000000,10787.731198242614
1698501600000,10787.731198242614
1698505200000,10787.731198242614
1698508800000,10787.731198242614
1698512400000,10787.731198242614
1698516000000,10787.731198242614
1698519600000,10787.731198242614
1698523200000,10787.731198242614
1698526800000,10787.731198242614
1698530400000,10787.731198242614
1698534000000,10787.731198242614
1698537600000,10787.731198242614
1698541200000,10787.731198242614
1698544800000,10787.731198242614
1698548400000,10787.731198242614
1698552000000,10787.731198242614
1698555600000,10787.731198242614
1698559200000,10787.731198242614
1698562800000,10787.731198242614
1698566400000,10787.731198242614
1698570000000,10787.731198242614
1698573600000,10787.731198242614
1698577200000,10787.731198242614
1698580800000,10787.731198242614
1698584400000,10787.731198242614
1698588000000,10787.731198242614
1698591600000,10787.731198242614
1698595200000,10787.731198242614
1698598800000,10787.731198242614
1698602400000,10787.731198242614
1698606000000,10787.731198242614
1698609600000,10787.731198242614
1698613200000,10787.731198242614
1698616800000,10787.731198242614
1698620400000,10787.731198242614
1698624000000,10787.731198242614
1698627600000,10787.731198242614
1698631200000,10787.731198242614
1698634800000,10787.731198242614
1698638400000,10787.731198242614
1698642000000,10787.731198242614
1698645600000,10787.731198242614
1698649200000,10787.731198242614
1698652800000,10787.731198242614
1698656400000,10787.731198242614
1698660000000,10787.731198242614
1698663600000,10787.731198242614
1698667200000,10787.731198242614
1698670800000,10787.731198242614
1698674400000,10787.731198242614
1698678000000,10787.731198242614
1698681600000,10787.731198242614
1698685200000,10787.731198242614
1698688800000,10787.731198242614
1698692400000,10787.731198242614
1698696000000,10787.731198242614
1698699600000,10787.731198242614
1698703200000,10787.731198242614
1698706800000,10787.731198242614
1698710400000,10787.731198242614
1698714000000,10787.731198242614
1698717600000,10787.731198242614
1698721200000,10787.731198242614
1698724800000,10787.731198242614
1698728400000,10787.731198242614
1698732000000,10787.731198242614
1698735600000,10787.731198242614
1698739200000,10787.731198242614
1698742800000,10787.731198242614
1698746400000,10787.731198242614
1698750000000,10787.731198242614
1698753600000,10787.731198242614
1698757200000,10787.731198242614
1698760800000,10787.731198242614
1698764400000,10787.731198242614
1698768000000,10787.731198242614
1698771600000,10787.731198242614
1698775200000,10787.731198242614
1698778800000,10787.731198242614
1698782400000,10787.731198242614
1698786000000,10787.731198242614
1698789600000,10787.731198242614
1698793200000,10787.731198242614
1698796800000,10787.731198242614
1698800400000,10787.731198242614
1698804000000,10787.731198242614
1698807600000,10787.731198242614
1698811200000,10787.731198242614
1698814800000,10787.731198242614
1698818400000,10787.731198242614
1698822000000,10787.731198242614
1698825600000,10787.731198242614
1698829200000,10787.731198242614
1698832800000,10787.731198242614
1698836400000,10787.731198242614
1698840000000,10787.731198242614
1698843600000,10787.731198242614
1698847200000,10787.731198242614
1698850800000,10787.731198242614
1698854400000,10787.731198242614
1698858000000,10787.731198242614
1698861600000,10787.731198242614
1698865200000,10787.731198242614
1698868800000,10787.731198242614
1698872400000,10787.731198242614
1698876000000,10787.731198242614
1698879600000,10787.731198242614
1698883200000,10787.559045094564
1698886800000,10787.551045094564
1698890400000,10790.231045094564
1698894000000,10791.719045094564
1698897600000,10790.031907731858
1698901200000,10784.915907731858
1698904800000,10773.589907731859
1698908400000,10775.682907731858
1698912000000,10774.984098257191
1698915600000,10775.592098257192
1698919200000,10777.013098257192
1698922800000,10777.269098257191
1698926400000,10777.567098257192
1698930000000,10776.919098257193
1698933600000,10766.933098257192
1698937200000,10762.664098257192
1698940800000,10754.426704732232
1698944400000,10741.179716727393
1698948000000,10741.179716727393
1698951600000,10741.179716727393
1698955200000,10741.179716727393
1698958800000,10741.179716727393
1698962400000,10741.179716727393
1698966000000,10741.179716727393
1698969600000,10741.179716727393
1698973200000,10741.179716727393
1698976800000,10741.179716727393
1698980400000,10741.179716727393
1698984000000,10741.179716727393
1698987600000,10741.179716727393
1698991200000,10741.179716727393
1698994800000,10741.179716727393
1698998400000,10741.179716727393
1699002000000,10741.179716727393
1699005600000,10741.179716727393
1699009200000,10741.179716727393
1699012800000,10741.179716727393
1699016400000,10741.179716727393
1699020000000,10741.179716727393
1699023600000,10741.179716727393
1699027200000,10741.179716727393
1699030800000,10741.179716727393
1699034400000,10741.179716727393
1699038000000,10741.179716727393
1699041600000,10741.179716727393
1699045200000,10741.179716727393
1699048800000,10741.179716727393
1699052400000,10741.179716727393
1699056000000,10741.179716727393
1699059600000,10741.179716727393
1699063200000,10741.179716727393
1699066800000,10741.179716727393
1699070400000,10741.179716727393
1699074000000,10741.179716727393
1699077600000,10741.179716727393
1699081200000,10741.179716727393
1699084800000,10741.179716727393
1699088400000,10741.179716727393
1699092000000,10741.179716727393
1699095600000,10741.179716727393
1699099200000,10741.179716727393
1699102800000,10741.179716727393
1699106400000,10741.179716727393
1699110000000,10741.179716727393
1699113600000,10741.179716727393
1699117200000,10741.179716727393
1699120800000,10741.179716727393
1699124400000,10741.179716727393
1699128000000,10741.179716727393
1699131600000,10741.179716727393
1699135200000,10741.179716727393
1699138800000,10741.179716727393
1699142400000,10741.179716727393
1699146000000,10741.179716727393
1699149600000,10741.179716727393
1699153200000,10741.179716727393
1699156800000,10740.21693614418
1699160400000,10737.910366144179
1699164000000,10738.644816144179
1699167600000,10736.671726144179
1699171200000,10738.339690140516
1699174800000,10736.418210140517
1699178400000,10739.963420140517
1699182000000,10739.903870140517
1699185600000,10740.161920140516
1699189200000,10740.912250140516
1699192800000,10733.619360140516
1699196400000,10735.961660140516
1699200000000,10734.005444228516
1699203600000,10737.495074228516
1699207200000,10743.954264228516
1699210800000,10741.870014228516
1699214400000,10740.381264228516
1699218000000,10739.039404228517
1699221600000,10732.036324228517
1699225200000,10739.801644228517
1699228800000,10740.893688008517
1699232400000,10742.727828008516
1699236000000,10739.051608008516
1699239600000,10738.868988008517
1699243200000,10739.575648008517
1699246800000,10735.502428008516
1699250400000,10734.605208008516
1699254000000,10735.462728008515
1699257600000,10735.51120321979
1699261200000,10738.47282321979
1699264800000,10739.584423219789
1699268400000,10742.486493219789
1699272000000,10743.33210321979
1699275600000,10746.66293321979
1699279200000,10743.88393321979
1699282800000,10748.83849321979
1699286400000,10744.701689986718
1699290000000,10742.105309986719
1699293600000,10743.17720998672
1699297200000,10741.470109986718
1699300800000,10744.79299998672
1699304400000,10742.002089986718
1699308000000,10741.30336998672
1699311600000,10745.718009986718
1699315200000,10744.689723285046
1699318800000,10740.699873285046
1699322400000,10741.350953285046
1699326000000,10735.657973285046
1699329600000,10740.072613285045
1699333200000,10741.275523285045
1699336800000,10741.962333285046
1699340400000,10741.791623285046
1699344000000,10740.716047462045
1699347600000,10739.350367462044
1699351200000,10733.458887462044
1699354800000,10731.930437462044
1699358400000,10733.927347462044
1699362000000,10735.090557462045
1699365600000,10732.907057462045
1699369200000,10734.745167462044
1699372800000,10728.890867837556
1699376400000,10727.505337837556
1699380000000,10733.674717837555
1699383600000,10742.234037837556
1699387200000,10742.071267837555
1699390800000,10743.738667837555
1699394400000,10740.352257837556
1699398000000,10735.163467837556
1699401600000,10738.244752371556
1699405200000,10739.229312371555
1699408800000,10739.606462371556
1699412400000,10739.332532371556
1699416000000,10736.752032371556
1699419600000,10738.566322371556
1699423200000,10735.239462371555
1699426800000,10735.183882371555
1699430400000,10733.43409132452
1699434000000,10735.33572132452
1699437600000,10737.79712132452
1699441200000,10738.45217132452
1699444800000,10736.34410132452
1699448400000,10737.638321324519
1699452000000,10740.46893132452
1699455600000,10738.23779132452
1699459200000,10739.07190341052
1699462800000,10743.49845341052
1699466400000,10740.48919341052
1699470000000,10744.30436341052
1699473600000,10743.45866299124
1699477200000,10741.404232991239
1699480800000,10737.797882991239
1699484400000,10742.56032299124
1699488000000,10736.485303525904
1699491600000,10748.415183525904
1699495200000,10749.291343525903
1699498800000,10766.631853525903
1699502400000,10770.180593525905
1699506000000,10777.197463525905
1699509600000,10772.474643525906
1699513200000,10778.826903525905
1699516800000,10769.537130393428
1699520400000,10773.24322039343
1699524000000,10776.251450393427
1699527600000,10773.925930393429
1699531200000,10774.484040393429
1699534800000,10776.392530393428
1699538400000,10789.309650393428
1699542000000,10838.131930393429
1699545600000,10836.847937378141
1699549200000,10780.973606936794
1699552800000,10783.208716936793
1699556400000,10773.732326936793
1699560000000,10780.052566936793
1699563600000,10787.567776936794
1699567200000,10797.826256936793
1699570800000,10810.466736936793
1699574400000,10821.342856487849
1699578000000,10812.374626487848
1699581600000,10816.07863648785
1699585200000,10821.958206487849
1699588800000,10821.00937648785
1699592400000,10824.832486487849
1699596000000,10822.12097648785
1699599600000,10816.896456487848
1699603200000,10814.489846485323
1699606800000,10811.421036485324
1699610400000,10813.358396485324
1699614000000,10808.427656485324
1699617600000,10809.987866485324
1699621200000,10806.001986485324
1699624800000,10804.660126485323
1699628400000,10805.084916485324
1699632000000,10808.108218941366
1699635600000,10810.430668941366
1699639200000,10811.304068941366
1699642800000,10809.882808941367
1699646400000,10807.65582391834
1699650000000,10806.21337391834
1699653600000,10809.34979391834
1699657200000,10806.75742391834
1699660800000,10802.969521868323
1699664400000,10803.955571868322
1699668000000,10789.823301868322
1699671600000,10789.717481868323
1699675200000,10788.603651868323
1699678800000,10787.539241868322
1699682400000,10792.074931868323
1699686000000,10792.816541868322
1699689600000,10791.70244644705
1699693200000,10788.75867644705
1699696800000,10793.31124644705
1699700400000,10793.120646447049
1699704000000,10791.58317644705
1699707600000,10793.67926644705
1699711200000,10795.47082644705
1699714800000,10803.706466447049
1699718400000,10797.280999427521
1699722000000,10803.38333942752
1699725600000,10797.607499427522
1699729200000,10800.136749427522
1699732800000,10800.434209427522
1699736400000,10791.39524942752
1699740000000,10785.569399427523
1699743600000,10784.432169427522
1699747200000,10791.979905665388
1699750800000,10770.508095028648
1699754400000,10770.893295028649
1699758000000,10770.304095028649
1699761600000,10771.409295028649
1699765200000,10771.51489502865
1699768800000,10772.765295028648
1699772400000,10773.497295028648
1699776000000,10773.104578427046
1699779600000,10772.724178427046
1699783200000,10772.408578427046
1699786800000,10772.666578427046
1699790400000,10772.262178427045
1699794000000,10771.402978427046
1699797600000,10772.395378427045
1699801200000,10773.518578427045
1699804800000,10773.368334766528
1699808400000,10772.632734766528
1699812000000,10772.446734766529
1699815600000,10773.231534766528
1699819200000,10772.54153476653
1699822800000,10773.11273476653
1699826400000,10773.495534766529
1699830000000,10773.69353476653
1699833600000,10772.101845886536
1699837200000,10772.413845886536
1699840800000,10773.687045886536
1699844400000,10772.841045886536
1699848000000,10770.297045886537
1699851600000,10770.231045886536
1699855200000,10769.981445886537
1699858800000,10770.825045886537
1699862400000,10770.771903972553
1699866000000,10771.310703972553
1699869600000,10771.062303972552
1699873200000,10770.829503972553
1699876800000,10768.805103972552
1699880400000,10770.553503972553
1699884000000,10769.306703972552
1699887600000,10764.969114000021
1699891200000,10764.969114000021
1699894800000,10764.969114000021
1699898400000,10764.969114000021
1699902000000,10764.969114000021
1699905600000,10764.969114000021
1699909200000,10764.969114000021
1699912800000,10764.969114000021
1699916400000,10764.969114000021
1699920000000,10764.969114000021
1699923600000,10764.969114000021
1699927200000,10764.969114000021
1699930800000,10764.969114000021
1699934400000,10764.969114000021
1699938000000,10764.969114000021
1699941600000,10764.969114000021
1699945200000,10764.969114000021
1699948800000,10764.969114000021
1699952400000,10764.969114000021
1699956000000,10764.969114000021
1699959600000,10764.969114000021
1699963200000,10764.969114000021
1699966800000,10764.969114000021
1699970400000,10764.969114000021
1699974000000,10764.969114000021
1699977600000,10764.969114000021
1699981200000,10764.969114000021
1699984800000,10764.969114000021
1699988400000,10764.969114000021
1699992000000,10764.969114000021
1699995600000,10764.969114000021
1699999200000,10764.969114000021
1700002800000,10764.969114000021
1700006400000,10764.969114000021
1700010000000,10764.969114000021
1700013600000,10764.969114000021
1700017200000,10764.969114000021
1700020800000,10764.969114000021
1700024400000,10764.969114000021
1700028000000,10764.969114000021
1700031600000,10764.969114000021
1700035200000,10764.969114000021
1700038800000,10764.969114000021
1700042400000,10764.969114000021
1700046000000,10764.969114000021
1700049600000,10764.969114000021
1700053200000,10764.969114000021
1700056800000,10764.969114000021
1700060400000,10764.969114000021
1700064000000,10764.969114000021
1700067600000,10764.969114000021
1700071200000,10764.969114000021
1700074800000,10764.969114000021
1700078400000,10764.41820314425
1700082000000,10764.08820314425
1700085600000,10766.287803144252
1700089200000,10767.652203144251
1700092800000,10768.506740287403
1700096400000,10767.333140287405
1700100000000,10763.331140287404
1700103600000,10764.219140287403
1700107200000,10763.815940287404
1700110800000,10763.391140287404
1700114400000,10763.599940287404
1700118000000,10765.126340287405
1700121600000,10763.854416465889
1700125200000,10761.869616465889
1700128800000,10762.462416465889
1700132400000,10761.88521646589
1700136000000,10761.23961646589
1700139600000,10759.462416465889
1700143200000,10756.072416465888
1700146800000,10754.543616465888
1700150400000,10751.207910480287
1700154000000,10752.833910480287
1700157600000,10749.925110480288
1700161200000,10747.40808124989
1700164800000,10747.40808124989
1700168400000,10747.40808124989
1700172000000,10747.40808124989
1700175600000,10747.40808124989
1700179200000,10747.40808124989
1700182800000,10747.40808124989
1700186400000,10747.40808124989
1700190000000,10747.40808124989
1700193600000,10747.40808124989
1700197200000,10747.40808124989
1700200800000,10747.40808124989
1700204400000,10747.40808124989
1700208000000,10747.40808124989
1700211600000,10747.40808124989
1700215200000,10747.40808124989
1700218800000,10747.40808124989
1700222400000,10747.40808124989
1700226000000,10747.40808124989
1700229600000,10747.40808124989
1700233200000,10747.40808124989
1700236800000,10747.40808124989
1700240400000,10747.40808124989
1700244000000,10747.40808124989
1700247600000,10747.40808124989
1700251200000,10747.40808124989
1700254800000,10747.40808124989
1700258400000,10747.40808124989
1700262000000,10747.40808124989
1700265600000,10747.40808124989
1700269200000,10747.40808124989
1700272800000,10747.40808124989
1700276400000,10747.40808124989
1700280000000,10747.40808124989
1700283600000,10747.40808124989
1700287200000,10747.40808124989
1700290800000,10747.40808124989
1700294400000,10747.40808124989
1700298000000,10747.40808124989
1700301600000,10747.40808124989
1700305200000,10747.40808124989
1700308800000,10747.40808124989
1700312400000,10747.40808124989
1700316000000,10747.40808124989
1700319600000,10747.40808124989
1700323200000,10747.40808124989
1700326800000,10747.40808124989
1700330400000,10747.40808124989
1700334000000,10747.40808124989
1700337600000,10747.40808124989
1700341200000,10747.40808124989
1700344800000,10747.40808124989
1700348400000,10747.40808124989
1700352000000,10747.40808124989
1700355600000,10747.40808124989
1700359200000,10747.40808124989
1700362800000,10747.40808124989
1700366400000,10747.40808124989
1700370000000,10747.40808124989
1700373600000,10747.40808124989
1700377200000,10747.40808124989
1700380800000,10747.40808124989
1700384400000,10747.40808124989
1700388000000,10747.40808124989
1700391600000,10747.40808124989
1700395200000,10747.40808124989
1700398800000,10747.40808124989
1700402400000,10747.40808124989
1700406000000,10747.40808124989
1700409600000,10747.40808124989
1700413200000,10747.40808124989
1700416800000,10747.40808124989
1700420400000,10747.40808124989
1700424000000,10747.40808124989
1700427600000,10747.40808124989
1700431200000,10747.40808124989
1700434800000,10747.40808124989
1700438400000,10747.40808124989
1700442000000,10747.40808124989
1700445600000,10747.40808124989
1700449200000,10747.40808124989
1700452800000,10747.40808124989
1700456400000,10747.40808124989
1700460000000,10747.40808124989
1700463600000,10747.40808124989
1700467200000,10747.40808124989
1700470800000,10747.40808124989
1700474400000,10747.40808124989
1700478000000,10747.40808124989
1700481600000,10747.40808124989
1700485200000,10747.40808124989
1700488800000,10747.40808124989
1700492400000,10747.40808124989
1700496000000,10747.40808124989
1700499600000,10747.40808124989
1700503200000,10747.40808124989
1700506800000,10747.40808124989
1700510400000,10747.40808124989
1700514000000,10747.40808124989
1700517600000,10747.40808124989
1700521200000,10747.40808124989
1700524800000,10747.40808124989
1700528400000,10747.40808124989
1700532000000,10747.40808124989
1700535600000,10747.40808124989
1700539200000,10747.40808124989
1700542800000,10747.40808124989
1700546400000,10747.40808124989
1700550000000,10747.40808124989
1700553600000,10747.40808124989
1700557200000,10747.40808124989
1700560800000,10747.40808124989
1700564400000,10747.40808124989
1700568000000,10747.40808124989
1700571600000,10747.40808124989
1700575200000,10747.40808124989
1700578800000,10747.40808124989
1700582400000,10747.40808124989
1700586000000,10747.40808124989
1700589600000,10747.40808124989
1700593200000,10747.40808124989
1700596800000,10747.40808124989
1700600400000,10747.40808124989
1700604000000,10747.40808124989
1700607600000,10747.40808124989
1700611200000,10747.40808124989
1700614800000,10747.40808124989
1700618400000,10747.40808124989
1700622000000,10747.40808124989
1700625600000,10747.40808124989
1700629200000,10747.40808124989
1700632800000,10747.40808124989
1700636400000,10747.40808124989
1700640000000,10747.40808124989
1700643600000,10747.40808124989
1700647200000,10747.40808124989
1700650800000,10747.40808124989
1700654400000,10747.40808124989
1700658000000,10747.40808124989
1700661600000,10747.40808124989
1700665200000,10747.40808124989
1700668800000,10747.40808124989
1700672400000,10747.40808124989
1700676000000,10747.40808124989
1700679600000,10747.40808124989
1700683200000,10747.40808124989
1700686800000,10747.40808124989
1700690400000,10747.40808124989
1700694000000,10747.40808124989
1700697600000,10747.40808124989
1700701200000,10747.40808124989
1700704800000,10747.40808124989
1700708400000,10747.40808124989
1700712000000,10747.40808124989
1700715600000,10747.40808124989
1700719200000,10747.40808124989
1700722800000,10747.40808124989
1700726400000,10747.40808124989
1700730000000,10747.40808124989
1700733600000,10747.40808124989
1700737200000,10747.40808124989
1700740800000,10747.40808124989
1700744400000,10747.40808124989
1700748000000,10747.40808124989
1700751600000,10747.40808124989
1700755200000,10747.40808124989
1700758800000,10747.40808124989
1700762400000,10747.40808124989
1700766000000,10747.40808124989
1700769600000,10747.40808124989
1700773200000,10747.40808124989
1700776800000,10747.40808124989
1700780400000,10747.40808124989
1700784000000,10747.40808124989
1700787600000,10747.40808124989
1700791200000,10747.40808124989
1700794800000,10747.40808124989
1700798400000,10747.40808124989
1700802000000,10747.40808124989
1700805600000,10747.40808124989
1700809200000,10747.40808124989
1700812800000,10747.40808124989
1700816400000,10747.40808124989
1700820000000,10747.40808124989
1700823600000,10747.40808124989
1700827200000,10747.40808124989
1700830800000,10747.40808124989
1700834400000,10747.40808124989
1700838000000,10747.40808124989
1700841600000,10747.544969539187
1700845200000,10736.566769539188
1700848800000,10738.996869539187
1700852400000,10737.167169539189
1700856000000,10738.092469539188
1700859600000,10738.671969539188
1700863200000,10738.594069539187
1700866800000,10735.991069539188
1700870400000,10736.715527379189
1700874000000,10737.177227379188
1700877600000,10738.222227379189
1700881200000,10738.796027379189
1700884800000,10738.355227379188
1700888400000,10737.868827379189
1700892000000,10738.805527379189
1700895600000,10738.71432737919
1700899200000,10738.355616583754
1700902800000,10737.588016583755
1700906400000,10737.094016583755
1700910000000,10736.299816583754
1700913600000,10735.454316583755
1700917200000,10736.721616583754
1700920800000,10736.816616583754
1700924400000,10735.815316583754
1700928000000,10736.47329320724
1700931600000,10737.11929320724
1700935200000,10737.73299320724
1700938800000,10738.63359320724
1700942400000,10738.81409320724
1700946000000,10738.05789320724
1700949600000,10737.81279320724
1700953200000,10736.691793207241
1700956800000,10737.602336592481
1700960400000,10736.81003659248
1700964000000,10735.860036592481
1700967600000,10736.98293659248
1700971200000,10736.82903659248
1700974800000,10737.317336592481
1700978400000,10737.69163659248
1700982000000,10737.955736592481
1700985600000,10737.749064022884
1700989200000,10737.213264022885
1700992800000,10737.338664022885
1700996400000,10736.259464022885
1701000000000,10735.529864022885
1701003600000,10727.018462900634
1701007200000,10727.018462900634
1701010800000,10727.018462900634
1701014400000,10727.018462900634
1701018000000,10727.018462900634
1701021600000,10727.018462900634
1701025200000,10727.018462900634
1701028800000,10727.018462900634
1701032400000,10727.018462900634
1701036000000,10727.018462900634
1701039600000,10727.018462900634
1701043200000,10727.018462900634
1701046800000,10727.018462900634
1701050400000,10727.018462900634
1701054000000,10727.018462900634
1701057600000,10727.018462900634
1701061200000,10727.018462900634
1701064800000,10727.018462900634
1701068400000,10727.018462900634
1701072000000,10727.018462900634
1701075600000,10727.018462900634
1701079200000,10727.018462900634
1701082800000,10727.018462900634
1701086400000,10727.018462900634
1701090000000,10727.018462900634
1701093600000,10727.018462900634
1701097200000,10727.018462900634
1701100800000,10727.018462900634
1701104400000,10727.018462900634
1701108000000,10727.018462900634
1701111600000,10727.018462900634
1701115200000,10727.018462900634
1701118800000,10727.018462900634
1701122400000,10727.018462900634
1701126000000,10727.018462900634
1701129600000,10727.018462900634
1701133200000,10727.018462900634
1701136800000,10727.018462900634
1701140400000,10727.018462900634
1701144000000,10727.018462900634
1701147600000,10727.018462900634
1701151200000,10727.018462900634
1701154800000,10727.018462900634
1701158400000,10727.018462900634
1701162000000,10727.018462900634
1701165600000,10727.018462900634
1701169200000,10727.018462900634
1701172800000,10727.018462900634
1701176400000,10727.018462900634
1701180000000,10727.018462900634
1701183600000,10727.018462900634
1701187200000,10727.018462900634
1701190800000,10727.018462900634
1701194400000,10727.018462900634
1701198000000,10727.018462900634
1701201600000,10727.018462900634
1701205200000,10727.018462900634
1701208800000,10727.018462900634
1701212400000,10727.018462900634
1701216000000,10727.018462900634
1701219600000,10727.018462900634
1701223200000,10727.018462900634
1701226800000,10727.018462900634
1701230400000,10727.018462900634
1701234000000,10727.018462900634
1701237600000,10727.018462900634
1701241200000,10727.018462900634
1701244800000,10727.018462900634
1701248400000,10727.018462900634
1701252000000,10727.018462900634
1701255600000,10727.018462900634
1701259200000,10727.018462900634
1701262800000,10727.018462900634
1701266400000,10727.018462900634
1701270000000,10727.018462900634
1701273600000,10727.018462900634
1701277200000,10727.018462900634
1701280800000,10727.018462900634
1701284400000,10727.018462900634
1701288000000,10727.018462900634
1701291600000,10727.018462900634
1701295200000,10727.018462900634
1701298800000,10727.018462900634
1701302400000,10727.018462900634
1701306000000,10727.018462900634
1701309600000,10727.018462900634
1701313200000,10727.018462900634
1701316800000,10727.018462900634
1701320400000,10727.018462900634
1701324000000,10727.018462900634
1701327600000,10727.018462900634
1701331200000,10727.018462900634
1701334800000,10727.018462900634
1701338400000,10727.018462900634
1701342000000,10727.018462900634
1701345600000,10727.018462900634
1701349200000,10727.018462900634
1701352800000,10727.018462900634
1701356400000,10727.018462900634
1701360000000,10727.018462900634
1701363600000,10727.018462900634
1701367200000,10727.018462900634
1701370800000,10727.018462900634
1701374400000,10727.018462900634
1701378000000,10727.018462900634
1701381600000,10727.018462900634
1701385200000,10727.018462900634
1701388800000,10727.018462900634
1701392400000,10727.018462900634
1701396000000,10727.018462900634
1701399600000,10727.018462900634
1701403200000,10727.018462900634
1701406800000,10727.018462900634
1701410400000,10727.018462900634
1701414000000,10727.018462900634
1701417600000,10726.600065214345
1701421200000,10728.083265214345
1701424800000,10739.231265214345
1701428400000,10733.387265214345
1701432000000,10734.966465214346
1701435600000,10729.216065214345
1701439200000,10729.160865214346
1701442800000,10728.496065214345
1701446400000,10729.956701614345
1701450000000,10739.995901614346
1701453600000,10739.043101614345
1701457200000,10736.794301614345
1701460800000,10738.599101614345
1701464400000,10738.167101614345
1701468000000,10739.009501614346
1701471600000,10736.513501614345
1701475200000,10736.334778924556
1701478800000,10736.665978924557
1701482400000,10737.419578924557
1701486000000,10737.124378924556
1701489600000,10738.386778924556
1701493200000,10739.274778924557
1701496800000,10737.232378924557
1701500400000,10738.177978924557
1701504000000,10736.834040476877
1701507600000,10736.615640476877
1701511200000,10738.278840476876
1701514800000,10737.496440476876
1701518400000,10737.503640476876
1701522000000,10738.473240476877
1701525600000,10739.582040476877
1701529200000,10738.082040476877
1701532800000,10738.816117982025
1701536400000,10737.512917982025
1701540000000,10739.039317982024
1701543600000,10741.259317982025
1701547200000,10752.193992708302
1701550800000,10755.316392708302
1701554400000,10761.659592708304
1701558000000,10752.543192708303
1701561600000,10755.21698679729
1701565200000,10757.53178679729
1701568800000,10758.40778679729
1701572400000,10754.123786797289
1701576000000,10752.81338679729
1701579600000,10750.383386797288
1701583200000,10752.762986797288
1701586800000,10751.54738679729
1701590400000,10756.307918724198
1701594000000,10752.650318724198
1701597600000,10756.489118724197
1701601200000,10758.079118724198
1701604800000,10753.935518724198
1701608400000,10748.943518724198
1701612000000,10760.171918724198
1701615600000,10753.415918724198
1701619200000,10761.1339276442
1701622800000,10758.247927644199
1701626400000,10752.389527644198
1701630000000,10756.1539276442
1701633600000,10760.547127644199
1701637200000,10759.4659276442
1701640800000,10767.877927644198
1701644400000,10783.5451276442
1701648000000,10779.467821126991
1701651600000,10790.48982112699
1701655200000,10801.958221126992
1701658800000,10801.88022112699
1701662400000,10802.61942112699
1701666000000,10813.264621126991
1701669600000,10834.07262112699
1701673200000,10834.21302112699
1701676800000,10834.56540087992
1701680400000,10843.703400879918
1701684000000,10836.390600879919
1701687600000,10850.083800879918
1701691200000,10833.14100087992
1701694800000,10842.283800879919
1701698400000,10836.372600879919
1701702000000,10830.394200879919
1701705600000,10817.033501079919
1701709200000,10827.69670107992
1701712800000,10825.57750107992
1701716400000,10831.93510107992
1701720000000,10840.58710107992
1701723600000,10835.41750107992
1701727200000,10839.297101079921
1701730800000,10835.38270107992
1701734400000,10840.590347974192
1701738000000,10846.013147974194
1701741600000,10839.041147974192
1701745200000,10832.947547974192
1701748800000,10835.600747974193
1701752400000,10832.154347974192
1701756000000,10838.670347974192
1701759600000,10833.066347974192
1701763200000,10817.517865840184
1701766800000,10819.160665840183
1701770400000,10823.667865840183
1701774000000,10818.649465840184
1701777600000,10823.539465840184
1701781200000,10831.068265840184
1701784800000,10824.000265840185
1701788400000,10842.301465840183
1701792000000,10845.342992033933
1701795600000,10859.057792033933
1701799200000,10894.366592033932
1701802800000,10897.727792033931
1701806400000,10899.279392033932
1701810000000,10895.564192033931
1701813600000,10897.166192033932
1701817200000,10911.738992033932
1701820800000,10910.984229500491
1701824400000,10919.525829500491
1701828000000,10908.214629500491
1701831600000,10906.59702950049
1701835200000,10900.25022950049
1701838800000,10899.377829500492
1701842400000,10892.46942950049
1701846000000,10895.253429500492
1701849600000,10892.280566300491
1701853200000,10901.344166300492
1701856800000,10901.386166300492
1701860400000,10906.09496630049
1701864000000,10890.19496630049
1701867600000,10900.270166300492
1701871200000,10900.699766300491
1701874800000,10896.023366300491
1701878400000,10890.857150660491
1701882000000,10897.317950660492
1701885600000,10899.030350660492
1701889200000,10901.17595066049
1701892800000,10898.86235066049
1701896400000,10891.26515066049
1701900000000,10890.194750660492
1701903600000,10882.016750660492
1701907200000,10882.594503257491
1701910800000,10886.61090325749
1701914400000,10890.28530325749
1701918000000,10892.56650325749
1701921600000,10891.39890325749
1701925200000,10898.567703257491
1701928800000,10900.35570325749
1701932400000,10895.00970325749
1701936000000,10895.560920543816
1701939600000,10883.847720543816
1701943200000,10876.986120543817
1701946800000,10872.102120543817
1701950400000,10869.318120543816
1701954000000,10880.527320543817
1701957600000,10877.384520543816
1701961200000,10888.293720543817
1701964800000,10911.81010267616
1701968400000,10919.28130267616
1701972000000,10910.55730267616
1701975600000,10907.58610267616
1701979200000,10907.28130267616
1701982800000,10910.660502676159
1701986400000,10923.59530267616
1701990000000,10909.071702676158
1701993600000,10915.659634364767
1701997200000,10919.778034364766
1702000800000,10920.578434364768
1702004400000,10929.085234364768
1702008000000,10923.573634364768
1702011600000,10924.293634364769
1702015200000,10925.761234364769
1702018800000,10923.762034364767
1702022400000,10912.488352379709
1702026000000,10912.406752379708
1702029600000,10908.077152379708
1702033200000,10917.949552379707
1702036800000,10925.973952379709
1702040400000,10926.765952379707
1702044000000,10918.989952379707
1702047600000,10935.145552379709
1702051200000,10925.405636607355
1702054800000,10926.182036607355
1702058400000,10923.420836607354
1702062000000,10922.842436607354
1702065600000,10928.902436607355
1702069200000,10942.470836607356
1702072800000,10950.276836607356
1702076400000,10941.111236607354
1702080000000,10937.642949897288
1702083600000,10937.725749897287
1702087200000,10933.055349897288
1702090800000,10933.698549897288
1702094400000,10936.909749897288
1702098000000,10941.935349897289
1702101600000,10943.394549897288
1702105200000,10941.569349897287
1702108800000,10945.192570456262
1702112400000,10931.028970456262
1702116000000,10928.079370456262
1702119600000,10927.772170456261
1702123200000,10925.888170456261
1702126800000,10928.204170456262
1702130400000,10933.44697045626
1702134000000,10927.854970456261
1702137600000,10934.772861822481
1702141200000,10929.657261822482
1702144800000,10925.20886182248
1702148400000,10929.022461822482
1702152000000,10928.139261822482
1702155600000,10928.49926182248
1702159200000,10928.906061822481
1702162800000,10928.18966182248
1702166400000,10918.5064772904
1702170000000,10923.3172772904
1702173600000,10923.954477290401
1702177200000,10919.9884772904
1702180800000,10923.874077290402
1702184400000,10928.174877290403
1702188000000,10927.433277290402
1702191600000,10926.239277290402
1702195200000,10928.188046387366
1702198800000,10919.678846387365
1702202400000,10909.447646387365
1702206000000,10916.154446387365
1702209600000,10916.358446387365
1702213200000,10924.649246387366
1702216800000,10921.250846387366
1702220400000,10922.687246387364
1702224000000,10926.38622568016
1702227600000,10922.27742568016
1702231200000,10920.989825680159
1702234800000,10925.51622568016
1702238400000,10923.42222568016
1702242000000,10935.13302568016
1702245600000,10925.95662568016
1702249200000,10926.76062568016
1702252800000,10921.518629106415
1702256400000,10912.387829106416
1702260000000,10899.881063035202
1702263600000,10891.27957769768
1702267200000,10891.27957769768
1702270800000,10891.27957769768
1702274400000,10891.27957769768
1702278000000,10891.27957769768
1702281600000,10891.27957769768
1702285200000,10891.27957769768
1702288800000,10891.27957769768
1702292400000,10891.27957769768
1702296000000,10891.27957769768
1702299600000,10891.27957769768
1702303200000,10891.27957769768
1702306800000,10891.27957769768
1702310400000,10891.27957769768
1702314000000,10891.27957769768
1702317600000,10891.27957769768
1702321200000,10891.27957769768
1702324800000,10891.27957769768
1702328400000,10891.27957769768
1702332000000,10891.27957769768
1702335600000,10891.27957769768
1702339200000,10891.27957769768
1702342800000,10891.27957769768
1702346400000,10891.27957769768
1702350000000,10891.27957769768
1702353600000,10891.27957769768
1702357200000,10891.27957769768
1702360800000,10891.27957769768
1702364400000,10891.27957769768
1702368000000,10891.27957769768
1702371600000,10891.27957769768
1702375200000,10891.27957769768
1702378800000,10891.27957769768
1702382400000,10891.27957769768
1702386000000,10891.27957769768
1702389600000,10891.27957769768
1702393200000,10891.27957769768
1702396800000,10891.27957769768
1702400400000,10891.27957769768
1702404000000,10891.27957769768
1702407600000,10891.27957769768
1702411200000,10891.27957769768
1702414800000,10891.27957769768
1702418400000,10891.27957769768
1702422000000,10891.27957769768
1702425600000,10891.27957769768
1702429200000,10891.27957769768
1702432800000,10891.27957769768
1702436400000,10891.27957769768
1702440000000,10891.27957769768
1702443600000,10891.27957769768
1702447200000,10891.27957769768
1702450800000,10891.27957769768
1702454400000,10891.27957769768
1702458000000,10891.27957769768
1702461600000,10891.27957769768
1702465200000,10891.27957769768
1702468800000,10891.27957769768
1702472400000,10891.27957769768
1702476000000,10891.27957769768
1702479600000,10891.27957769768
1702483200000,10891.27957769768
1702486800000,10891.27957769768
1702490400000,10891.27957769768
1702494000000,10891.27957769768
1702497600000,10891.27957769768
1702501200000,10891.27957769768
1702504800000,10891.27957769768
1702508400000,10891.27957769768
1702512000000,10891.27957769768
1702515600000,10891.27957769768
1702519200000,10891.27957769768
1702522800000,10891.27957769768
1702526400000,10891.27957769768
1702530000000,10891.27957769768
1702533600000,10891.27957769768
1702537200000,10891.27957769768
1702540800000,10891.27957769768
1702544400000,10891.27957769768
1702548000000,10891.27957769768
1702551600000,10891.27957769768
1702555200000,10891.27957769768
1702558800000,10891.27957769768
1702562400000,10891.27957769768
1702566000000,10891.27957769768
1702569600000,10891.27957769768
1702573200000,10891.27957769768
1702576800000,10891.27957769768
1702580400000,10891.27957769768
1702584000000,10891.27957769768
1702587600000,10891.27957769768
1702591200000,10891.27957769768
1702594800000,10891.27957769768
1702598400000,10891.27957769768
1702602000000,10891.27957769768
1702605600000,10891.27957769768
1702609200000,10891.27957769768
1702612800000,10891.27957769768
1702616400000,10891.27957769768
1702620000000,10891.27957769768
1702623600000,10891.27957769768
1702627200000,10891.27957769768
1702630800000,10891.27957769768
1702634400000,10891.27957769768
1702638000000,10891.27957769768
1702641600000,10891.27957769768
1702645200000,10891.27957769768
1702648800000,10891.27957769768
1702652400000,10891.27957769768
1702656000000,10891.27957769768
1702659600000,10891.27957769768
1702663200000,10891.27957769768
1702666800000,10891.27957769768
1702670400000,10891.27957769768
1702674000000,10891.27957769768
1702677600000,10891.27957769768
1702681200000,10891.27957769768
1702684800000,10891.27957769768
1702688400000,10891.27957769768
1702692000000,10891.27957769768
1702695600000,10891.27957769768
1702699200000,10891.27957769768
1702702800000,10891.27957769768
1702706400000,10891.27957769768
1702710000000,10891.27957769768
1702713600000,10891.27957769768
1702717200000,10891.27957769768
1702720800000,10891.27957769768
1702724400000,10891.27957769768
1702728000000,10891.27957769768
1702731600000,10891.27957769768
1702735200000,10891.27957769768
1702738800000,10891.27957769768
1702742400000,10891.27957769768
1702746000000,10891.27957769768
1702749600000,10891.27957769768
1702753200000,10891.27957769768
1702756800000,10891.27957769768
1702760400000,10891.27957769768
1702764000000,10891.27957769768
1702767600000,10891.27957769768
1702771200000,10891.27957769768
1702774800000,10891.27957769768
1702778400000,10891.27957769768
1702782000000,10891.27957769768
1702785600000,10891.27957769768
1702789200000,10891.27957769768
1702792800000,10891.27957769768
1702796400000,10891.27957769768
1702800000000,10891.27957769768
1702803600000,10891.27957769768
1702807200000,10891.27957769768
1702810800000,10891.27957769768
1702814400000,10891.27957769768
1702818000000,10891.27957769768
1702821600000,10891.27957769768
1702825200000,10891.27957769768
1702828800000,10891.27957769768
1702832400000,10891.27957769768
1702836000000,10891.27957769768
1702839600000,10891.27957769768
1702843200000,10891.27957769768
1702846800000,10891.27957769768
1702850400000,10891.27957769768
1702854000000,10891.27957769768
1702857600000,10891.27957769768
1702861200000,10891.27957769768
1702864800000,10891.27957769768
1702868400000,10891.27957769768
1702872000000,10891.27957769768
1702875600000,10891.27957769768
1702879200000,10891.27957769768
1702882800000,10891.27957769768
1702886400000,10891.27957769768
1702890000000,10891.27957769768
1702893600000,10891.27957769768
1702897200000,10891.27957769768
1702900800000,10891.27957769768
1702904400000,10891.27957769768
1702908000000,10891.27957769768
1702911600000,10891.27957769768
1702915200000,10891.27957769768
1702918800000,10891.27957769768
1702922400000,10891.27957769768
1702926000000,10891.27957769768
1702929600000,10891.27957769768
1702933200000,10891.27957769768
1702936800000,10891.27957769768
1702940400000,10891.27957769768
1702944000000,10891.27957769768
1702947600000,10891.27957769768
1702951200000,10891.27957769768
1702954800000,10891.27957769768
1702958400000,10891.27957769768
1702962000000,10891.27957769768
1702965600000,10891.27957769768
1702969200000,10891.27957769768
1702972800000,10891.27957769768
1702976400000,10891.27957769768
1702980000000,10891.27957769768
1702983600000,10891.27957769768
1702987200000,10891.27957769768
1702990800000,10891.27957769768
1702994400000,10891.27957769768
1702998000000,10891.27957769768
1703001600000,10891.27957769768
1703005200000,10891.27957769768
1703008800000,10891.27957769768
1703012400000,10891.27957769768
1703016000000,10891.27957769768
1703019600000,10891.27957769768
1703023200000,10891.27957769768
1703026800000,10891.27957769768
1703030400000,10891.27957769768
1703034000000,10891.27957769768
1703037600000,10891.27957769768
1703041200000,10891.27957769768
1703044800000,10891.27957769768
1703048400000,10891.27957769768
1703052000000,10891.27957769768
1703055600000,10891.27957769768
1703059200000,10891.27957769768
1703062800000,10891.27957769768
1703066400000,10891.27957769768
1703070000000,10891.27957769768
1703073600000,10891.27957769768
1703077200000,10891.27957769768
1703080800000,10891.27957769768
1703084400000,10891.27957769768
1703088000000,10891.27957769768
1703091600000,10891.27957769768
1703095200000,10891.27957769768
1703098800000,10891.27957769768
1703102400000,10891.27957769768
1703106000000,10891.27957769768
1703109600000,10891.27957769768
1703113200000,10891.27957769768
1703116800000,10891.27957769768
1703120400000,10891.27957769768
1703124000000,10891.27957769768
1703127600000,10891.27957769768
1703131200000,10891.27957769768
1703134800000,10891.27957769768
1703138400000,10891.27957769768
1703142000000,10891.27957769768
1703145600000,10891.27957769768
1703149200000,10891.27957769768
1703152800000,10891.27957769768
1703156400000,10891.27957769768
1703160000000,10891.27957769768
1703163600000,10891.27957769768
1703167200000,10891.27957769768
1703170800000,10891.27957769768
1703174400000,10891.27957769768
1703178000000,10891.27957769768
1703181600000,10891.27957769768
1703185200000,10891.27957769768
1703188800000,10891.27957769768
1703192400000,10891.27957769768
1703196000000,10891.27957769768
1703199600000,10891.27957769768
1703203200000,10891.27957769768
1703206800000,10891.27957769768
1703210400000,10891.27957769768
1703214000000,10891.27957769768
1703217600000,10891.27957769768
1703221200000,10891.27957769768
1703224800000,10891.27957769768
1703228400000,10891.27957769768
1703232000000,10891.27957769768
1703235600000,10891.27957769768
1703239200000,10891.27957769768
1703242800000,10891.27957769768
1703246400000,10891.27957769768
1703250000000,10891.27957769768
1703253600000,10891.27957769768
1703257200000,10891.27957769768
1703260800000,10891.27957769768
1703264400000,10891.27957769768
1703268000000,10891.27957769768
1703271600000,10891.27957769768
1703275200000,10891.27957769768
1703278800000,10891.27957769768
1703282400000,10891.27957769768
1703286000000,10891.27957769768
1703289600000,10891.27957769768
1703293200000,10891.27957769768
1703296800000,10891.27957769768
1703300400000,10891.27957769768
1703304000000,10891.27957769768
1703307600000,10891.27957769768
1703311200000,10891.27957769768
1703314800000,10891.27957769768
1703318400000,10891.27957769768
1703322000000,10891.27957769768
1703325600000,10891.27957769768
1703329200000,10891.27957769768
1703332800000,10891.27957769768
1703336400000,10891.27957769768
1703340000000,10891.27957769768
1703343600000,10891.27957769768
1703347200000,10891.27957769768
1703350800000,10891.27957769768
1703354400000,10891.27957769768
1703358000000,10891.27957769768
1703361600000,10891.27957769768
1703365200000,10891.27957769768
1703368800000,10891.27957769768
1703372400000,10891.27957769768
1703376000000,10891.27957769768
1703379600000,10891.27957769768
1703383200000,10891.27957769768
1703386800000,10891.27957769768
1703390400000,10891.27957769768
1703394000000,10891.27957769768
1703397600000,10891.27957769768
1703401200000,10891.27957769768
1703404800000,10891.27957769768
1703408400000,10891.27957769768
1703412000000,10891.27957769768
1703415600000,10891.27957769768
1703419200000,10891.27957769768
1703422800000,10891.27957769768
1703426400000,10891.27957769768
1703430000000,10891.27957769768
1703433600000,10891.27957769768
1703437200000,10891.27957769768
1703440800000,10891.27957769768
1703444400000,10891.27957769768
1703448000000,10891.27957769768
1703451600000,10891.27957769768
1703455200000,10891.27957769768
1703458800000,10891.27957769768
1703462400000,10891.27957769768
1703466000000,10891.27957769768
1703469600000,10891.27957769768
1703473200000,10891.27957769768
1703476800000,10891.27957769768
1703480400000,10891.27957769768
1703484000000,10891.27957769768
1703487600000,10891.27957769768
1703491200000,10891.27957769768
1703494800000,10891.27957769768
1703498400000,10891.27957769768
1703502000000,10891.27957769768
1703505600000,10891.27957769768
1703509200000,10891.27957769768
1703512800000,10891.27957769768
1703516400000,10891.27957769768
1703520000000,10891.27957769768
1703523600000,10891.27957769768
1703527200000,10891.27957769768
1703530800000,10891.27957769768
1703534400000,10891.27957769768
1703538000000,10891.27957769768
1703541600000,10891.27957769768
1703545200000,10891.27957769768
1703548800000,10891.27957769768
1703552400000,10891.27957769768
1703556000000,10891.27957769768
1703559600000,10891.27957769768
1703563200000,10891.27957769768
1703566800000,10891.27957769768
1703570400000,10891.27957769768
1703574000000,10891.27957769768
1703577600000,10891.27957769768
1703581200000,10891.27957769768
1703584800000,10891.27957769768
1703588400000,10891.27957769768
1703592000000,10891.27957769768
1703595600000,10891.27957769768
1703599200000,10891.27957769768
1703602800000,10891.27957769768
1703606400000,10891.27957769768
1703610000000,10891.27957769768
1703613600000,10891.27957769768
1703617200000,10891.27957769768
1703620800000,10891.27957769768
1703624400000,10891.27957769768
1703628000000,10891.27957769768
1703631600000,10891.27957769768
1703635200000,10891.27957769768
1703638800000,10891.27957769768
1703642400000,10891.27957769768
1703646000000,10891.27957769768
1703649600000,10891.27957769768
1703653200000,10891.27957769768
1703656800000,10891.27957769768
1703660400000,10891.27957769768
1703664000000,10891.27957769768
1703667600000,10891.27957769768
1703671200000,10891.27957769768
1703674800000,10891.27957769768
1703678400000,10891.27957769768
1703682000000,10891.27957769768
1703685600000,10891.27957769768
1703689200000,10891.27957769768
1703692800000,10891.27957769768
1703696400000,10891.27957769768
1703700000000,10891.27957769768
1703703600000,10891.27957769768
1703707200000,10891.27957769768
1703710800000,10891.27957769768
1703714400000,10891.27957769768
1703718000000,10891.27957769768
1703721600000,10891.27957769768
1703725200000,10891.27957769768
1703728800000,10891.27957769768
1703732400000,10891.27957769768
1703736000000,10890.533759404236
1703739600000,10888.484579404236
1703743200000,10884.657539404236
1703746800000,10882.270399404237
1703750400000,10882.550884125214
1703754000000,10882.879324125215
1703757600000,10883.300584125214
1703761200000,10886.344604125215
1703764800000,10887.329924125215
1703768400000,10879.875764125214
1703772000000,10886.442184125215
1703775600000,10881.027684125214
1703779200000,10876.639625373758
1703782800000,10879.869285373758
1703786400000,10876.572985373758
1703790000000,10877.901025373758
1703793600000,10877.627325373758
1703797200000,10874.852245373759
1703800800000,10873.640825373759
1703804400000,10876.006545373759
1703808000000,10873.88025186179
1703811600000,10871.985771861791
1703815200000,10871.20989186179
1703818800000,10872.956811861792
1703822400000,10875.001231861792
1703826000000,10874.90127186179
1703829600000,10876.54585186179
1703833200000,10875.198771861791
1703836800000,10870.7825004937
1703840400000,10872.7602804937
1703844000000,10878.3175804937
1703847600000,10878.0748204937
1703851200000,10879.7217804937
1703854800000,10877.9677204937
1703858400000,10877.5155204937
1703862000000,10881.6662404937
1703865600000,10869.150470876788
1703869200000,10862.144355642453
1703872800000,10862.144355642453
1703876400000,10862.144355642453
1703880000000,10862.144355642453
1703883600000,10862.144355642453
1703887200000,10862.144355642453
1703890800000,10862.144355642453
1703894400000,10862.144355642453
1703898000000,10862.144355642453
1703901600000,10862.144355642453
1703905200000,10862.144355642453
1703908800000,10862.144355642453
1703912400000,10862.144355642453
1703916000000,10862.144355642453
1703919600000,10862.144355642453
1703923200000,10862.144355642453
1703926800000,10862.144355642453
1703930400000,10862.144355642453
1703934000000,10862.144355642453
1703937600000,10862.144355642453
1703941200000,10862.144355642453
1703944800000,10862.144355642453
1703948400000,10862.144355642453
1703952000000,10862.144355642453
1703955600000,10862.144355642453
1703959200000,10862.144355642453
1703962800000,10862.144355642453
1703966400000,10862.144355642453
1703970000000,10862.144355642453
1703973600000,10862.144355642453
1703977200000,10862.144355642453
1703980800000,10862.144355642453
1703984400000,10862.144355642453
1703988000000,10862.144355642453
1703991600000,10862.144355642453
1703995200000,10862.144355642453
1703998800000,10862.144355642453
1704002400000,10862.144355642453
1704006000000,10862.144355642453
1704009600000,10862.144355642453
1704013200000,10862.144355642453
1704016800000,10862.144355642453
1704020400000,10862.144355642453
1704024000000,10862.144355642453
1704027600000,10862.144355642453
1704031200000,10862.144355642453
1704034800000,10862.144355642453
1704038400000,10862.144355642453
1704042000000,10862.144355642453
1704045600000,10862.144355642453
1704049200000,10862.144355642453
1704052800000,10862.144355642453
1704056400000,10862.144355642453
1704060000000,10862.144355642453
1704063600000,10862.144355642453
1704067200000,10862.144355642453
1704070800000,10862.144355642453
1704074400000,10862.144355642453
1704078000000,10862.144355642453
1704081600000,10862.144355642453
1704085200000,10862.144355642453
1704088800000,10862.144355642453
1704092400000,10862.144355642453
1704096000000,10862.144355642453
1704099600000,10862.144355642453
1704103200000,10862.144355642453
1704106800000,10862.144355642453
1704110400000,10862.144355642453
1704114000000,10862.144355642453
1704117600000,10862.144355642453
1704121200000,10862.144355642453
1704124800000,10862.144355642453
1704128400000,10862.144355642453
1704132000000,10862.144355642453
1704135600000,10862.144355642453
1704139200000,10862.144355642453
1704142800000,10862.144355642453
1704146400000,10862.144355642453
1704150000000,10862.144355642453
1704153600000,10861.237960205277
1704157200000,10879.703960205277
1704160800000,10875.635960205278
1704164400000,10883.645960205278
1704168000000,10885.029960205278
1704171600000,10880.287960205278
1704175200000,10880.655960205278
1704178800000,10881.127960205278
1704182400000,10886.867884073778
1704186000000,10892.627884073778
1704189600000,10891.171884073778
1704193200000,10889.817884073778
1704196800000,10885.847884073777
1704200400000,10883.227884073778
1704204000000,10890.875884073777
1704207600000,10883.125884073777
1704211200000,10881.740042756386
1704214800000,10882.578042756386
1704218400000,10876.060042756386
1704222000000,10879.796042756387
1704225600000,10876.086042756386
1704229200000,10872.484042756387
1704232800000,10878.070042756386
1704236400000,10875.744042756385
1704240000000,10876.279722353353
1704243600000,10878.877722353353
1704247200000,10882.825722353353
1704250800000,10881.817722353353
1704254400000,10881.153722353352
1704258000000,10878.751722353352
1704261600000,10879.963722353352
1704265200000,10882.007722353354
1704268800000,10876.625492752673
1704272400000,10880.235492752674
1704276000000,10882.329492752673
1704279600000,10879.163492752674
1704283200000,10855.056407558435
1704286800000,10855.056407558435
1704290400000,10855.056407558435
1704294000000,10855.056407558435
1704297600000,10855.056407558435
1704301200000,10855.056407558435
1704304800000,10855.056407558435
1704308400000,10855.056407558435
1704312000000,10855.056407558435
1704315600000,10855.056407558435
1704319200000,10855.056407558435
1704322800000,10855.056407558435
1704326400000,10855.056407558435
1704330000000,10855.056407558435
1704333600000,10855.056407558435
1704337200000,10855.056407558435
1704340800000,10855.056407558435
1704344400000,10855.056407558435
1704348000000,10855.056407558435
1704351600000,10855.056407558435
1704355200000,10855.056407558435
1704358800000,10855.056407558435
1704362400000,10855.056407558435
1704366000000,10855.056407558435
1704369600000,10855.056407558435
1704373200000,10855.056407558435
1704376800000,10855.056407558435
1704380400000,10855.056407558435
1704384000000,10855.056407558435
1704387600000,10855.056407558435
1704391200000,10855.056407558435
1704394800000,10855.056407558435
1704398400000,10855.056407558435
1704402000000,10855.056407558435
1704405600000,10855.056407558435
1704409200000,10855.056407558435
1704412800000,10855.056407558435
1704416400000,10855.056407558435
1704420000000,10855.056407558435
1704423600000,10855.056407558435
1704427200000,10855.056407558435
1704430800000,10855.056407558435
1704434400000,10855.056407558435
1704438000000,10855.056407558435
1704441600000,10855.056407558435
1704445200000,10855.056407558435
1704448800000,10855.056407558435
1704452400000,10855.056407558435
1704456000000,10855.056407558435
1704459600000,10855.056407558435
1704463200000,10855.056407558435
1704466800000,10855.056407558435
1704470400000,10855.056407558435
1704474000000,10855.056407558435
1704477600000,10855.056407558435
1704481200000,10855.056407558435
1704484800000,10855.056407558435
1704488400000,10855.056407558435
1704492000000,10855.056407558435
1704495600000,10855.056407558435
1704499200000,10855.056407558435
1704502800000,10855.056407558435
1704506400000,10855.056407558435
1704510000000,10855.056407558435
1704513600000,10855.056407558435
1704517200000,10855.056407558435
1704520800000,10855.056407558435
1704524400000,10855.056407558435
1704528000000,10855.056407558435
1704531600000,10855.056407558435
1704535200000,10855.056407558435
1704538800000,10855.056407558435
1704542400000,10855.056407558435
1704546000000,10855.056407558435
1704549600000,10855.056407558435
1704553200000,10855.056407558435
1704556800000,10855.056407558435
1704560400000,10855.056407558435
1704564000000,10855.056407558435
1704567600000,10855.056407558435
1704571200000,10855.056407558435
1704574800000,10855.056407558435
1704578400000,10855.056407558435
1704582000000,10855.056407558435
1704585600000,10855.056407558435
1704589200000,10855.056407558435
1704592800000,10855.056407558435
1704596400000,10855.056407558435
1704600000000,10855.056407558435
1704603600000,10855.056407558435
1704607200000,10855.056407558435
1704610800000,10855.056407558435
1704614400000,10855.056407558435
1704618000000,10855.056407558435
1704621600000,10855.056407558435
1704625200000,10855.056407558435
1704628800000,10855.056407558435
1704632400000,10855.056407558435
1704636000000,10855.056407558435
1704639600000,10855.056407558435
1704643200000,10855.056407558435
1704646800000,10855.056407558435
1704650400000,10855.056407558435
1704654000000,10855.056407558435
1704657600000,10855.056407558435
1704661200000,10855.056407558435
1704664800000,10855.056407558435
1704668400000,10855.056407558435
1704672000000,10855.056407558435
1704675600000,10855.056407558435
1704679200000,10855.056407558435
1704682800000,10855.056407558435
1704686400000,10855.056407558435
1704690000000,10855.056407558435
1704693600000,10855.056407558435
1704697200000,10855.056407558435
1704700800000,10855.056407558435
1704704400000,10855.056407558435
1704708000000,10855.056407558435
1704711600000,10855.056407558435
1704715200000,10855.056407558435
1704718800000,10855.056407558435
1704722400000,10855.056407558435
1704726000000,10855.056407558435
1704729600000,10855.056407558435
1704733200000,10855.056407558435
1704736800000,10855.056407558435
1704740400000,10855.056407558435
1704744000000,10854.574433482994
1704747600000,10852.272233482994
1704751200000,10855.187333482994
1704754800000,10854.075833482993
1704758400000,10854.19465816878
1704762000000,10851.12655816878
1704765600000,10851.20485816878
1704769200000,10852.34515816878
1704772800000,10853.71945816878
1704776400000,10852.68625816878
1704780000000,10852.020258168779
1704783600000,10852.88245816878
1704787200000,10852.68910329367
1704790800000,10850.74690329367
1704794400000,10849.765003293669
1704798000000,10849.34290329367
1704801600000,10851.202303293669
1704805200000,10849.211503293669
1704808800000,10853.05630329367
1704812400000,10850.603803293669
1704816000000,10853.250818043669
1704819600000,10853.48841804367
1704823200000,10851.28881804367
1704826800000,10851.22581804367
1704830400000,10853.177918043668
1704834000000,10851.592118043669
1704837600000,10830.464105601508
1704841200000,10830.464105601508
1704844800000,10830.464105601508
1704848400000,10830.464105601508
1704852000000,10830.464105601508
1704855600000,10830.464105601508
1704859200000,10830.464105601508
1704862800000,10830.464105601508
1704866400000,10830.464105601508
1704870000000,10830.464105601508
1704873600000,10830.464105601508
1704877200000,10830.464105601508
1704880800000,10830.464105601508
1704884400000,10830.464105601508
1704888000000,10830.464105601508
1704891600000,10830.464105601508
1704895200000,10830.464105601508
1704898800000,10830.464105601508
1704902400000,10829.532167603826
1704906000000,10824.559097603826
1704909600000,10827.740057603825
1704913200000,10827.710447603826
1704916800000,10832.480477603825
1704920400000,10834.069547603825
1704924000000,10841.198507603825
1704927600000,10843.980437603825
1704931200000,10848.4644571545
1704934800000,10851.708867154499
1704938400000,10846.8782071545
1704942000000,10848.833877154499
1704945600000,10852.733937154499
1704949200000,10852.6986871545
1704952800000,10850.8431271545
1704956400000,10848.303717154498
1704960000000,10850.112896100596
1704963600000,10853.107736100597
1704967200000,10852.681916100597
1704970800000,10855.988366100597
1704974400000,10859.488997515946
1704978000000,10858.684577515947
1704981600000,10857.486317515948
1704985200000,10869.947297515946
1704988800000,10850.174343513934
1704992400000,10843.534803513934
1704996000000,10846.726203513934
1704999600000,10849.264173513933
1705003200000,10852.439913513934
1705006800000,10845.427203513935
1705010400000,10845.604263513935
1705014000000,10848.783273513935
1705017600000,10849.234186517497
1705021200000,10846.656406517497
1705024800000,10844.602156517498
1705028400000,10845.847756517496
1705032000000,10843.040776517497
1705035600000,10843.044856517497
1705039200000,10846.738756517496
1705042800000,10847.751376517497
1705046400000,10842.968960805705
1705050000000,10843.185920805705
1705053600000,10846.643720805705
1705057200000,10847.761670805705
1705060800000,10851.556550805704
1705064400000,10850.527550805706
1705068000000,10853.548250805705
1705071600000,10856.413670805705
1705075200000,10841.19080854975
1705078800000,10836.015561668404
1705082400000,10832.501841668403
1705086000000,10831.558551668404
1705089600000,10830.313521668404
1705093200000,10828.560891668403
1705096800000,10821.251451668404
1705100400000,10812.08065389469
1705104000000,10812.08065389469
1705107600000,10812.08065389469
1705111200000,10812.08065389469
1705114800000,10812.08065389469
1705118400000,10812.08065389469
1705122000000,10812.08065389469
1705125600000,10812.08065389469
1705129200000,10812.08065389469
1705132800000,10812.08065389469
1705136400000,10812.08065389469
1705140000000,10812.08065389469
1705143600000,10812.08065389469
1705147200000,10812.08065389469
1705150800000,10812.08065389469
1705154400000,10812.08065389469
1705158000000,10812.08065389469
1705161600000,10812.08065389469
1705165200000,10812.08065389469
1705168800000,10812.08065389469
1705172400000,10812.08065389469
1705176000000,10812.08065389469
1705179600000,10812.08065389469
1705183200000,10812.08065389469
1705186800000,10812.08065389469
1705190400000,10812.08065389469
1705194000000,10812.08065389469
1705197600000,10812.08065389469
1705201200000,10812.08065389469
1705204800000,10812.08065389469
1705208400000,10812.08065389469
1705212000000,10812.08065389469
1705215600000,10812.08065389469
1705219200000,10812.08065389469
1705222800000,10812.08065389469
1705226400000,10812.08065389469
1705230000000,10812.08065389469
1705233600000,10812.08065389469
1705237200000,10812.08065389469
1705240800000,10812.08065389469
1705244400000,10812.08065389469
1705248000000,10812.08065389469
1705251600000,10812.08065389469
1705255200000,10812.08065389469
1705258800000,10812.08065389469
1705262400000,10812.08065389469
1705266000000,10812.08065389469
1705269600000,10812.08065389469
1705273200000,10812.08065389469
1705276800000,10811.391240434643
1705280400000,10807.089240434643
1705284000000,10806.640140434642
1705287600000,10805.478240434642
1705291200000,10804.044540434643
1705294800000,10804.083240434642
1705298400000,10802.712540434643
1705302000000,10803.428040434643
1705305600000,10802.804086544642
1705309200000,10803.213586544642
1705312800000,10802.644786544643
1705316400000,10804.214386544643
1705320000000,10803.137986544643
1705323600000,10803.042586544643
1705327200000,10801.494586544643
1705330800000,10807.071886544643
1705334400000,10806.690537486413
1705338000000,10804.356837486413
1705341600000,10802.784537486412
1705345200000,10799.13276016957
1705348800000,10799.13276016957
1705352400000,10799.13276016957
1705356000000,10799.13276016957
1705359600000,10799.13276016957
1705363200000,10799.13276016957
1705366800000,10799.13276016957
1705370400000,10799.13276016957
1705374000000,10799.13276016957
1705377600000,10799.13276016957
1705381200000,10799.13276016957
1705384800000,10799.13276016957
1705388400000,10799.13276016957
1705392000000,10799.13276016957
1705395600000,10799.13276016957
1705399200000,10799.13276016957
1705402800000,10799.13276016957
1705406400000,10799.13276016957
1705410000000,10799.13276016957
1705413600000,10799.13276016957
1705417200000,10799.13276016957
1705420800000,10799.13276016957
1705424400000,10799.13276016957
1705428000000,10799.13276016957
1705431600000,10799.13276016957
1705435200000,10799.13276016957
1705438800000,10799.13276016957
1705442400000,10799.13276016957
1705446000000,10799.13276016957
1705449600000,10799.13276016957
1705453200000,10799.13276016957
1705456800000,10799.13276016957
1705460400000,10799.13276016957
1705464000000,10799.13276016957
1705467600000,10799.13276016957
1705471200000,10799.13276016957
1705474800000,10799.13276016957
1705478400000,10799.13276016957
1705482000000,10799.13276016957
1705485600000,10799.13276016957
1705489200000,10799.13276016957
1705492800000,10799.13276016957
1705496400000,10799.13276016957
1705500000000,10799.13276016957
1705503600000,10799.13276016957
1705507200000,10799.13276016957
1705510800000,10799.13276016957
1705514400000,10799.13276016957
1705518000000,10799.13276016957
1705521600000,10799.13276016957
1705525200000,10799.13276016957
1705528800000,10799.13276016957
1705532400000,10799.13276016957
1705536000000,10799.13276016957
1705539600000,10799.13276016957
1705543200000,10799.13276016957
1705546800000,10799.13276016957
1705550400000,10799.13276016957
1705554000000,10799.13276016957
1705557600000,10799.13276016957
1705561200000,10799.13276016957
1705564800000,10799.13276016957
1705568400000,10799.13276016957
1705572000000,10799.13276016957
1705575600000,10799.13276016957
1705579200000,10799.13276016957
1705582800000,10799.13276016957
1705586400000,10799.13276016957
1705590000000,10799.13276016957
1705593600000,10799.13276016957
1705597200000,10799.13276016957
1705600800000,10799.13276016957
1705604400000,10799.13276016957
1705608000000,10799.055787627063
1705611600000,10799.931987627064
1705615200000,10796.386887627064
1705618800000,10794.150887627064
1705622400000,10795.241993678655
1705626000000,10795.002793678656
1705629600000,10795.334293678654
1705633200000,10797.380493678655
1705636800000,10798.287893678655
1705640400000,10797.688593678655
1705644000000,10795.997293678654
1705647600000,10792.500293678655
1705651200000,10794.962860148655
1705654800000,10794.689860148654
1705658400000,10793.636860148654
1705662000000,10792.758060148653
1705665600000,10792.595560148655
1705669200000,10794.228360148654
1705672800000,10793.250760148654
1705676400000,10798.562560148654
1705680000000,10799.97682850852
1705683600000,10806.65752850852
1705687200000,10795.32932850852
1705690800000,10789.09322850852
1705694400000,10788.465328508519
1705698000000,10789.50272850852
1705701600000,10790.66362850852
1705705200000,10789.92392850852
1705708800000,10790.11718923852
1705712400000,10792.41168923852
1705716000000,10790.76198923852
1705719600000,10790.98558923852
1705723200000,10790.54618923852
1705726800000,10790.83088923852
1705730400000,10790.60468923852
1705734000000,10790.26668923852
1705737600000,10790.52493423852
1705741200000,10791.06703423852
1705744800000,10792.09663423852
1705748400000,10791.99913423852
1705752000000,10791.26333423852
1705755600000,10791.13073423852
1705759200000,10790.67183423852
1705762800000,10791.98093423852
1705766400000,10791.698273009622
1705770000000,10791.569573009623
1705773600000,10791.462973009622
1705777200000,10791.078173009622
1705780800000,10790.877973009623
1705784400000,10789.280273009623
1705788000000,10789.375173009623
1705791600000,10789.161973009623
1705795200000,10790.092375729624
1705798800000,10790.804775729623
1705802400000,10790.349775729623
1705806000000,10789.889575729623
1705809600000,10790.213275729624
1705813200000,10790.137875729622
1705816800000,10790.839875729624
1705820400000,10791.237675729622
1705824000000,10790.554718065447
1705827600000,10790.242718065447
1705831200000,10789.256018065445
1705834800000,10788.823118065446
1705838400000,10790.003518065447
1705842000000,10789.547218065445
1705845600000,10788.001518065446
1705849200000,10788.829618065445
1705852800000,10790.703766575447
1705856400000,10791.305666575447
1705860000000,10790.484066575445
1705863600000,10790.361866575446
1705867200000,10789.814566575445
1705870800000,10791.150966575446
1705874400000,10789.096966575446
1705878000000,10790.928666575446
1705881600000,10791.496218730186
1705885200000,10790.626518730187
1705888800000,10794.776118730188
1705892400000,10794.893118730188
1705896000000,10796.948418730188
1705899600000,10802.849118730188
1705903200000,10797.425518730188
1705906800000,10796.770318730187
1705910400000,10799.291071406647
1705914000000,10800.167271406648
1705917600000,10802.23167140665
1705921200000,10802.742571406648
1705924800000,10801.588171406649
1705928400000,10800.484471406648
1705932000000,10799.801971406649
1705935600000,10802.804971406647
1705939200000,10802.662969115343
1705942800000,10805.772569115343
1705946400000,10803.244069115344
1705950000000,10807.562669115343
1705953600000,10814.073069115344
1705957200000,10810.438269115344
1705960800000,10814.867369115344
1705964400000,10813.785769115344
1705968000000,10817.665705115303
1705971600000,10814.445605115303
1705975200000,10814.810905115304
1705978800000,10811.931405115303
1705982400000,10812.279805115304
1705986000000,10811.313905115303
1705989600000,10811.586905115304
1705993200000,10812.087405115304
1705996800000,10815.09011639703
1706000400000,10819.836416397031
1706004000000,10825.595416397031
1706007600000,10826.240216397031
1706011200000,10826.247398027303
1706014800000,10823.160648027302
1706018400000,10831.722898027303
1706022000000,10830.950848027302
1706025600000,10822.078851797363
1706029200000,10818.034001797363
1706032800000,10821.783801797363
1706036400000,10829.002151797362
1706040000000,10830.651251797362
1706043600000,10824.745151797362
1706047200000,10825.688351797362
1706050800000,10816.910501797363
1706054400000,10808.519609926203
1706058000000,10805.435809926204
1706061600000,10813.611209926203
1706065200000,10813.768409926204
1706068800000,10818.046559926202
1706072400000,10817.179859926204
1706076000000,10812.528459926203
1706079600000,10811.232459926203
1706083200000,10808.298278639844
1706086800000,10809.372778639843
1706090400000,10808.256628639843
1706094000000,10798.17641009762
1706097600000,10800.02816009762
1706101200000,10802.14766009762
1706104800000,10803.77666009762
1706108400000,10803.45941009762
1706112000000,10802.32617942081
1706115600000,10801.19667942081
1706119200000,10801.84692942081
1706122800000,10806.04767942081
1706126400000,10807.06017942081
1706130000000,10808.81517942081
1706133600000,10806.76542942081
1706137200000,10805.49417942081
1706140800000,10802.466454320811
1706144400000,10802.77920432081
1706148000000,10806.63795432081
1706151600000,10807.37595432081
1706155200000,10806.20145432081
1706158800000,10807.33320432081
1706162400000,10807.42095432081
1706166000000,10804.997704320811
1706169600000,10803.652814109226
1706173200000,10804.253564109225
1706176800000,10804.951064109226
1706180400000,10801.603064109226
1706184000000,10803.425564109226
1706187600000,10808.591564109225
1706191200000,10808.206814109226
1706194800000,10807.570064109226
1706198400000,10812.5400371038
1706202000000,10813.0620371038
1706205600000,10809.2707871038
1706209200000,10807.3222871038
1706212800000,10806.3997871038
1706216400000,10804.8810371038
1706220000000,10805.8620371038
1706223600000,10805.1262871038
1706227200000,10805.977192328799
1706230800000,10806.8839423288
1706234400000,10804.3571923288
1706238000000,10803.6439423288
1706241600000,10804.355304756853
1706245200000,10804.355304756853
1706248800000,10804.355304756853
1706252400000,10804.355304756853
1706256000000,10803.607372151702
1706259600000,10800.713552151703
1706263200000,10801.171012151703
1706266800000,10793.234852151703
1706270400000,10788.665345684847
1706274000000,10788.665345684847
1706277600000,10788.665345684847
1706281200000,10788.665345684847
1706284800000,10788.665345684847
1706288400000,10788.665345684847
1706292000000,10788.665345684847
1706295600000,10788.665345684847
1706299200000,10788.665345684847
1706302800000,10788.665345684847
1706306400000,10788.665345684847
1706310000000,10788.665345684847
1706313600000,10788.665345684847
1706317200000,10788.665345684847
1706320800000,10788.665345684847
1706324400000,10788.665345684847
1706328000000,10788.665345684847
1706331600000,10788.665345684847
1706335200000,10788.665345684847
1706338800000,10788.665345684847
1706342400000,10788.665345684847
1706346000000,10788.665345684847
1706349600000,10788.665345684847
1706353200000,10788.665345684847
1706356800000,10788.665345684847
1706360400000,10788.665345684847
1706364000000,10788.665345684847
1706367600000,10788.665345684847
1706371200000,10788.665345684847
1706374800000,10788.665345684847
1706378400000,10788.665345684847
1706382000000,10788.665345684847
1706385600000,10788.665345684847
1706389200000,10788.665345684847
1706392800000,10788.665345684847
1706396400000,10788.665345684847
1706400000000,10788.665345684847
1706403600000,10788.665345684847
1706407200000,10788.665345684847
1706410800000,10788.665345684847
1706414400000,10788.665345684847
1706418000000,10788.665345684847
1706421600000,10788.665345684847
1706425200000,10788.665345684847
1706428800000,10788.665345684847
1706432400000,10788.665345684847
1706436000000,10788.665345684847
1706439600000,10788.665345684847
1706443200000,10788.665345684847
1706446800000,10788.665345684847
1706450400000,10788.665345684847
1706454000000,10788.665345684847
1706457600000,10788.665345684847
1706461200000,10788.665345684847
1706464800000,10788.665345684847
1706468400000,10788.665345684847
1706472000000,10788.665345684847
1706475600000,10788.665345684847
1706479200000,10788.665345684847
1706482800000,10788.665345684847
1706486400000,10788.665345684847
1706490000000,10788.665345684847
1706493600000,10788.665345684847
1706497200000,10788.665345684847
1706500800000,10788.665345684847
1706504400000,10788.665345684847
1706508000000,10788.665345684847
1706511600000,10788.665345684847
1706515200000,10788.665345684847
1706518800000,10788.665345684847
1706522400000,10788.665345684847
1706526000000,10788.665345684847
1706529600000,10788.665345684847
1706533200000,10788.665345684847
1706536800000,10788.665345684847
1706540400000,10788.665345684847
1706544000000,10788.665345684847
1706547600000,10788.665345684847
1706551200000,10788.665345684847
1706554800000,10788.665345684847
1706558400000,10788.665345684847
1706562000000,10788.665345684847
1706565600000,10788.665345684847
1706569200000,10788.665345684847
1706572800000,10788.665345684847
1706576400000,10788.665345684847
1706580000000,10788.665345684847
1706583600000,10788.665345684847
1706587200000,10788.665345684847
1706590800000,10788.665345684847
1706594400000,10788.665345684847
1706598000000,10788.665345684847
1706601600000,10788.665345684847
1706605200000,10788.665345684847
1706608800000,10788.665345684847
1706612400000,10788.665345684847
1706616000000,10788.665345684847
1706619600000,10788.665345684847
1706623200000,10788.665345684847
1706626800000,10788.665345684847
1706630400000,10788.665345684847
1706634000000,10788.665345684847
1706637600000,10788.665345684847
1706641200000,10788.665345684847
1706644800000,10788.665345684847
1706648400000,10788.665345684847
1706652000000,10788.665345684847
1706655600000,10788.665345684847
1706659200000,10788.665345684847
1706662800000,10788.665345684847
1706666400000,10788.665345684847
1706670000000,10788.665345684847
1706673600000,10788.665345684847
1706677200000,10788.665345684847
1706680800000,10788.665345684847
1706684400000,10788.665345684847
1706688000000,10788.665345684847
1706691600000,10788.665345684847
1706695200000,10788.665345684847
1706698800000,10788.665345684847
1706702400000,10788.421833391421
1706706000000,10786.754403391422
1706709600000,10784.426403391422
1706713200000,10785.645693391421
1706716800000,10778.671907288412
1706720400000,10778.671907288412
1706724000000,10778.671907288412
1706727600000,10778.671907288412
1706731200000,10778.671907288412
1706734800000,10778.671907288412
1706738400000,10778.671907288412
1706742000000,10778.671907288412
1706745600000,10777.141098236485
1706749200000,10778.441418236485
1706752800000,10787.819718236486
1706756400000,10783.859418236485
1706760000000,10784.630838236486
1706763600000,10783.134438236486
1706767200000,10781.516778236486
1706770800000,10780.193238236487
1706774400000,10781.08043421769
1706778000000,10780.551534217691
1706781600000,10781.774454217692
1706785200000,10781.887974217692
1706788800000,10782.143394217692
1706792400000,10781.392614217692
1706796000000,10780.770834217692
1706799600000,10774.684614217691
1706803200000,10776.191031841692
1706806800000,10775.543451841691
1706810400000,10772.74415184169
1706814000000,10774.52951184169
1706817600000,10772.966031841692
1706821200000,10774.083171841692
1706824800000,10772.715771841691
1706828400000,10774.48307184169
1706832000000,10772.442383465033
1706835600000,10771.018223465033
1706839200000,10772.127623465034
1706842800000,10773.544043465034
1706846400000,10773.443423465033
1706850000000,10774.181303465033
1706853600000,10772.638463465033
1706857200000,10770.966623465034
1706860800000,10770.168129220156
1706864400000,10771.158849220155
1706868000000,10771.233669220155
1706871600000,10770.833769220157
1706875200000,10767.865837400544
1706878800000,10766.770627400545
1706882400000,10759.206037400545
1706886000000,10760.272947400545
1706889600000,10767.19749058785
1706893200000,10763.49473058785
1706896800000,10754.71145058785
1706900400000,10755.73285058785
1706904000000,10759.71905058785
1706907600000,10756.87719058785
1706911200000,10757.13046058785
1706914800000,10763.70586058785
1706918400000,10763.575680200855
1706922000000,10766.123010200854
1706925600000,10768.738120200853
1706929200000,10767.366940200853
1706932800000,10766.193010200854
1706936400000,10767.370990200854
1706940000000,10767.370560200854
1706943600000,10765.408960200853
1706947200000,10763.223888901384
1706950800000,10760.908368901384
1706954400000,10763.469188901385
1706958000000,10762.889268901385
1706961600000,10758.909058901383
1706965200000,10760.430768901384
1706968800000,10760.781428901384
1706972400000,10758.607208901383
1706976000000,10761.256889211476
1706979600000,10760.948239211475
1706983200000,10763.830479211476
1706986800000,10758.217909211477
1706990400000,10758.952109153777
1706994000000,10759.450189153777
1706997600000,10757.989909153777
1707001200000,10757.664459153777
1707004800000,10756.933471595534
1707008400000,10757.649461595533
1707012000000,10759.712531595533
1707015600000,10759.194641595534
1707019200000,10758.973901595533
1707022800000,10757.261751595533
1707026400000,10758.040001595533
1707030000000,10755.091141595534
1707033600000,10755.292571699298
1707037200000,10755.136921699299
1707040800000,10759.370601699298
1707044400000,10758.159361699298
1707048000000,10760.018671699298
1707051600000,10758.940441699298
1707055200000,10759.458331699298
1707058800000,10757.655621699298
1707062400000,10758.314983947215
1707066000000,10759.305483947215
1707069600000,10759.879973947216
1707073200000,10756.540573947215
1707076800000,10746.680766347194
1707080400000,10746.680766347194
1707084000000,10746.680766347194
1707087600000,10746.680766347194
1707091200000,10746.680766347194
1707094800000,10746.680766347194
1707098400000,10746.680766347194
1707102000000,10746.680766347194
1707105600000,10746.680766347194
1707109200000,10746.680766347194
1707112800000,10746.680766347194
1707116400000,10746.680766347194
1707120000000,10746.680766347194
1707123600000,10746.680766347194
1707127200000,10746.680766347194
1707130800000,10746.680766347194
1707134400000,10746.014803868618
1707138000000,10744.084523868618
1707141600000,10746.677773868618
1707145200000,10739.705313868617
1707148800000,10728.525149646208
1707152400000,10726.833149646207
1707156000000,10726.821149646208
1707159600000,10727.248349646208
1707163200000,10725.270749646208
1707166800000,10734.918749646207
1707170400000,10736.109149646207
1707174000000,10733.550749646207
1707177600000,10727.648417406208
1707181200000,10730.806817406208
1707184800000,10729.030817406207
1707188400000,10723.678817406208
1707192000000,10723.844417406208
1707195600000,10724.638817406207
1707199200000,10726.309217406208
1707202800000,10726.222817406207
1707206400000,10722.32719723756
1707210000000,10718.100797237561
1707213600000,10720.55119723756
1707217200000,10725.95359723756
1707220800000,10724.06719723756
1707224400000,10724.94799723756
1707228000000,10722.44239723756
1707231600000,10722.44719723756
1707235200000,10713.72613207416
1707238800000,10713.72613207416
1707242400000,10713.72613207416
1707246000000,10713.72613207416
1707249600000,10713.418591958432
1707253200000,10714.779791958434
1707256800000,10713.966351958434
1707260400000,10714.307471958433
1707264000000,10710.931810495804
1707267600000,10712.824370495802
1707271200000,10712.404530495804
1707274800000,10711.912530495803
1707278400000,10708.586610495802
1707282000000,10707.264770495804
1707285600000,10708.547250495803
1707289200000,10707.678050495802
1707292800000,10707.259739015786
1707296400000,10707.777979015787
1707300000000,10710.313419015787
1707303600000,10705.275339015787
1707307200000,10707.499179015787
1707310800000,10710.828379015788
1707314400000,10710.625019015786
1707318000000,10708.283099015787
1707321600000,10709.397624480342
1707325200000,10718.827624480342
1707328800000,10723.593464480342
1707332400000,10725.643464480341
1707336000000,10726.653704480343
1707339600000,10732.134584480342
1707343200000,10729.326904480342
1707346800000,10728.520024480342
1707350400000,10727.943821716297
1707354000000,10736.293941716296
1707357600000,10738.787101716296
1707361200000,10737.365941716296
1707364800000,10734.793501716296
1707368400000,10730.504461716297
1707372000000,10730.499821716296
1707375600000,10727.686501716296
1707379200000,10730.38968175479
1707382800000,10734.37984175479
1707386400000,10733.60248175479
1707390000000,10736.32328175479
1707393600000,10735.24428175479
1707397200000,10733.47652175479
1707400800000,10739.48712175479
1707404400000,10749.40188175479
1707408000000,10760.440791761726
1707411600000,10741.392391761727
1707415200000,10742.782671761726
1707418800000,10750.215951761727
1707422400000,10747.213671761727
1707426000000,10750.716431761726
1707429600000,10749.140151761727
1707433200000,10747.224031761727
1707436800000,10746.892499520021
1707440400000,10747.053419520022
1707444000000,10751.11409952002
1707447600000,10779.95077952002
1707451200000,10772.80117952002
1707454800000,10769.61201952002
1707458400000,10777.346699520022
1707462000000,10775.027859520022
1707465600000,10777.227309608195
1707469200000,10796.594909608195
1707472800000,10788.521469608197
1707476400000,10796.007989608195
1707480000000,10812.320509608195
1707483600000,10820.853149608196
1707487200000,10823.935669608196
1707490800000,10806.559509608196
1707494400000,10810.428062578852
1707498000000,10809.902382578854
1707501600000,10827.606142578852
1707505200000,10822.010262578851
1707508800000,10817.055702578853
1707512400000,10818.129822578852
1707516000000,10821.464062578852
1707519600000,10813.010182578853
1707523200000,10808.113972867606
1707526800000,10805.793492867606
1707530400000,10814.529812867606
1707534000000,10818.414532867606
1707537600000,10821.665012867606
1707541200000,10820.016052867606
1707544800000,10817.229532867606
1707548400000,10817.963932867608
1707552000000,10811.444299476896
1707555600000,10807.591259476896
1707559200000,10805.426699476895
1707562800000,10797.539019476897
1707566400000,10806.341619476896
1707570000000,10810.262019476895
1707573600000,10812.278579476895
1707577200000,10811.527019476895
1707580800000,10812.81477884302
1707584400000,10811.137538843019
1707588000000,10807.618178843019
1707591600000,10813.16209884302
1707595200000,10818.53033884302
1707598800000,10832.743018843019
1707602400000,10831.68001884302
1707606000000,10828.06389884302
1707609600000,10826.039140044217
1707613200000,10826.895060044217
1707616800000,10825.688980044217
1707620400000,10828.017460044217
1707624000000,10854.139260044216
1707627600000,10842.909140044218
1707631200000,10844.003940044217
1707634800000,10846.596460044217
1707638400000,10843.636931535817
1707642000000,10841.558691535816
1707645600000,10840.928971535817
1707649200000,10842.950811535817
1707652800000,10848.401531535817
1707656400000,10844.258051535817
1707660000000,10836.135971535816
1707663600000,10839.952291535817
1707667200000,10836.656032098854
1707670800000,10835.623392098852
1707674400000,10840.162752098853
1707678000000,10837.981152098853
1707681600000,10840.548712098853
1707685200000,10831.822152098852
1707688800000,10833.542672098853
1707692400000,10833.016752098853
1707696000000,10839.239331708928
1707699600000,10848.552771708928
1707703200000,10846.274331708928
1707706800000,10835.173811708928
1707710400000,10833.076931708927
1707714000000,10830.422571708928
1707717600000,10830.339971708929
1707721200000,10833.127211708928
1707724800000,10835.898285149444
1707728400000,10829.566445149443
1707732000000,10821.853205149444
1707735600000,10821.977085149443
1707739200000,10823.141845149445
1707742800000,10827.327325149445
1707746400000,10824.493165149444
1707750000000,10854.748925149443
1707753600000,10890.461817009445
1707757200000,10882.255777009445
1707760800000,10907.729257009443
1707764400000,10908.310417009445
1707768000000,10903.402217009445
1707771600000,10923.008977009446
1707775200000,10915.687857009443
1707778800000,10924.429457009444
1707782400000,10927.64435738622
1707786000000,10933.038197386219
1707789600000,10936.08615738622
1707793200000,10924.78535738622
1707796800000,10917.21527738622
1707800400000,10920.708317386221
1707804000000,10925.84231738622
1707807600000,10923.48723738622
1707811200000,10923.184233137054
1707814800000,10930.531233137053
1707818400000,10937.590033137054
1707822000000,10927.774873137054
1707825600000,10932.528073137053
1707829200000,10929.316593137053
1707832800000,10912.752113137054
1707836400000,10891.306993137054
1707840000000,10891.177237490308
1707843600000,10875.953437490307
1707847200000,10888.198677490307
1707850800000,10895.919077490307
1707854400000,10889.801237490308
1707858000000,10901.770357490306
1707861600000,10908.612197490309
1707865200000,10905.076157490308
1707868800000,10911.797610807656
1707872400000,10904.749690807655
1707876000000,10900.098850807657
1707879600000,10906.808930807656
1707883200000,10908.907490807656
1707886800000,10902.423250807657
1707890400000,10910.836890807655
1707894000000,10914.804770807656
1707897600000,10920.709439929626
1707901200000,10961.439999929626
1707904800000,10988.478999929626
1707908400000,10985.528279929626
1707912000000,10992.470639929625
1707915600000,10986.644599929625
1707919200000,10998.135039929626
1707922800000,10999.906839929625
1707926400000,10992.602761310529
1707930000000,10986.52740131053
1707933600000,10989.92960131053
1707937200000,10988.298441310528
1707940800000,10996.621361310528
1707944400000,10995.364401310528
1707948000000,11005.01692131053
1707951600000,11001.02484131053
1707955200000,11002.830203973243
1707958800000,11027.558163973243
1707962400000,11007.200723973243
1707966000000,11013.998123973244
1707969600000,11023.394283973243
1707973200000,11018.377843973243
1707976800000,11006.180803973244
1707980400000,11008.631323973244
1707984000000,11002.190865904853
1707987600000,11009.860945904855
1707991200000,11015.643145904853
1707994800000,11022.649425904854
1707998400000,11022.620105904854
1708002000000,11022.642265904855
1708005600000,11022.740385904855
1708009200000,11048.464625904853
1708012800000,11023.142381139525
1708016400000,11031.902301139524
1708020000000,11019.246741139525
1708023600000,11022.963981139525
1708027200000,11026.769181139525
1708030800000,11014.739621139524
1708034400000,11001.599941139526
1708038000000,11010.863661139525
1708041600000,11020.310860239117
1708045200000,11025.353460239116
1708048800000,11027.977420239116
1708052400000,11034.359260239116
1708056000000,11037.271620239117
1708059600000,11031.786500239115
1708063200000,11031.192740239116
1708066800000,11024.491900239114
1708070400000,11014.427676305932
1708074000000,11018.018916305933
1708077600000,11013.792036305931
1708081200000,11029.957236305932
1708084800000,11028.058196305932
1708088400000,11039.572636305931
1708092000000,11039.767836305931
1708095600000,11010.936596305932
1708099200000,11003.936507907069
1708102800000,11010.519667907067
1708106400000,11007.63102790707
1708110000000,11008.131307907068
1708113600000,10997.466707907068
1708117200000,11005.249547907068
1708120800000,11011.570307907068
1708124400000,11010.800307907068
1708128000000,11018.322516108401
1708131600000,11013.836916108401
1708135200000,11010.5859961084
1708138800000,11009.380116108401
1708142400000,11011.668996108401
1708146000000,11012.871396108401
1708149600000,11008.494876108402
1708153200000,11008.833196108402
1708156800000,11010.334113387784
1708160400000,11001.767513387784
1708164000000,10998.932193387784
1708167600000,11003.504953387785
1708171200000,11002.024873387783
1708174800000,11002.862113387784
1708178400000,10981.448433387784
1708182000000,10955.787934690274
1708185600000,10955.787934690274
1708189200000,10955.787934690274
1708192800000,10955.787934690274
1708196400000,10955.787934690274
1708200000000,10955.787934690274
1708203600000,10955.787934690274
1708207200000,10955.787934690274
1708210800000,10955.787934690274
1708214400000,10955.787934690274
1708218000000,10955.787934690274
1708221600000,10955.787934690274
1708225200000,10955.787934690274
1708228800000,10955.787934690274
1708232400000,10955.787934690274
1708236000000,10955.787934690274
1708239600000,10955.787934690274
1708243200000,10955.787934690274
1708246800000,10955.787934690274
1708250400000,10955.787934690274
1708254000000,10955.787934690274
1708257600000,10955.787934690274
1708261200000,10955.787934690274
1708264800000,10955.787934690274
1708268400000,10955.787934690274
1708272000000,10955.787934690274
1708275600000,10955.787934690274
1708279200000,10955.787934690274
1708282800000,10955.787934690274
1708286400000,10955.787934690274
1708290000000,10955.787934690274
1708293600000,10955.787934690274
1708297200000,10955.787934690274
1708300800000,10954.942310813403
1708304400000,10952.712310813404
1708308000000,10952.223940813403
1708311600000,10955.323640813403
1708315200000,10955.881140813402
1708318800000,10958.784600813402
1708322400000,10960.894180813402
1708326000000,10963.405160813403
1708329600000,10964.326042282744
1708333200000,10956.206432282745
1708336800000,10959.034972282743
1708340400000,10960.761982282744
1708344000000,10959.403042282744
1708347600000,10957.644632282743
1708351200000,10953.838992282745
1708354800000,10953.653692282745
1708358400000,10956.0388025597
1708362000000,10946.5491925597
1708365600000,10964.3469825597
1708369200000,10957.7053625597
1708372800000,10957.933422559701
1708376400000,10956.3496425597
1708380000000,10966.026212559702
1708383600000,10965.3232025597
1708387200000,10958.816543039162
1708390800000,10954.866723039162
1708394400000,10951.64766303916
1708398000000,10954.286973039161
1708401600000,10947.049493039161
1708405200000,10953.989853039162
1708408800000,10956.721693039162
1708412400000,10957.829673039161
1708416000000,10954.909319576927
1708419600000,10952.110209576926
1708423200000,10948.391459576927
1708426800000,10959.106259576927
1708430400000,10964.651649576927
1708434000000,10962.106179576927
1708437600000,10985.561379576928
1708441200000,10960.309869576926
1708444800000,10951.155569184803
1708448400000,10932.265604554907
1708452000000,10938.754904554906
1708455600000,10942.300604554906
1708459200000,10954.391664554905
1708462800000,10952.650034554907
1708466400000,10955.241294554906
1708470000000,10957.671994554907
1708473600000,10961.009623684447
1708477200000,10957.987973684449
1708480800000,10958.063793684449
1708484400000,10959.600263684448
1708488000000,10958.808613684449
1708491600000,10957.430473684448
1708495200000,10952.383983684447
1708498800000,10945.424153684447
1708502400000,10943.203712415176
1708506000000,10943.589502415176
1708509600000,10936.292942415175
1708513200000,10939.149572415175
1708516800000,10935.184632415176
1708520400000,10939.448392415175
1708524000000,10936.741172415175
1708527600000,10933.318122415176
1708531200000,10937.545857035311
1708534800000,10941.64905703531
1708538400000,10934.11834703531
1708542000000,10933.420357035311
1708545600000,10937.42766703531
1708549200000,10936.89246703531
1708552800000,10940.50729703531
1708556400000,10943.457587035311
1708560000000,10949.546169415311
1708563600000,10943.29547941531
1708567200000,10937.86988941531
1708570800000,10939.78099941531
1708574400000,10942.40570941531
1708578000000,10941.39105941531
1708581600000,10942.45030941531
1708585200000,10947.38529941531
1708588800000,10955.38440753531
1708592400000,10961.554817535309
1708596000000,10962.49810753531
1708599600000,10956.314317535309
1708603200000,10955.31527753531
1708606800000,10952.75969753531
1708610400000,10944.53099753531
1708614000000,10949.871847535309
1708617600000,10953.44679777631
1708621200000,10951.79659777631
1708624800000,10953.67871777631
1708628400000,10955.08361777631
1708632000000,10953.77014777631
1708635600000,10959.14444777631
1708639200000,10954.72012777631
1708642800000,10954.86953777631
1708646400000,10950.626456924123
1708650000000,10955.030706924124
1708653600000,10952.597776924124
1708657200000,10944.152766924124
1708660800000,10946.536636924124
1708664400000,10946.427366924125
1708668000000,10947.961606924124
1708671600000,10948.969566924125
1708675200000,10941.897456618948
1708678800000,10940.336456618948
1708682400000,10943.257756618948
1708686000000,10943.683686618948
1708689600000,10944.227806618948
1708693200000,10941.223996618948
1708696800000,10943.632396618948
1708700400000,10944.102926618949
1708704000000,10937.67569153295
1708707600000,10941.77889153295
1708711200000,10944.541861532949
1708714800000,10944.70911153295
1708718400000,10944.63329153295
1708722000000,10946.27680153295
1708725600000,10944.24750153295
1708729200000,10939.84102153295
1708732800000,10939.967622599983
1708736400000,10941.434962599982
1708740000000,10937.608282599984
1708743600000,10939.262942599984
1708747200000,10941.562072599983
1708750800000,10945.257182599982
1708754400000,10945.014112599983
1708758000000,10945.114462599982
1708761600000,10948.616345511846
1708765200000,10945.900205511845
1708768800000,10947.461205511845
1708772400000,10947.166845511845
1708776000000,10947.835845511845
1708779600000,10947.278345511846
1708783200000,10949.316565511845
1708786800000,10947.724345511846
1708790400000,10946.864535338846
1708794000000,10948.748885338846
1708797600000,10956.576185338847
1708801200000,10953.563455338846
1708804800000,10953.625895338846
1708808400000,10953.703945338846
1708812000000,10954.098655338847
1708815600000,10954.149945338846
1708819200000,10954.874820441844
1708822800000,10955.960830441845
1708826400000,10959.914620441845
1708830000000,10963.090140441846
1708833600000,10962.467970441845
1708837200000,10961.096520441844
1708840800000,10964.240820441844
1708844400000,10964.541870441844
1708848000000,10963.492874084635
1708851600000,10961.046564084636
1708855200000,10961.334234084636
1708858800000,10961.914034084635
1708862400000,10965.691654084636
1708866000000,10966.791044084635
1708869600000,10965.069484084635
1708873200000,10972.259004084635
1708876800000,10965.815872606649
1708880400000,10965.650852606648
1708884000000,10970.20451260665
1708887600000,10970.72856260665
1708891200000,10975.37588260665
1708894800000,10979.10667260665
1708898400000,10981.44817260665
1708902000000,10980.054422606649
1708905600000,10980.967975514186
1708909200000,10981.826525514187
1708912800000,10980.421625514187
1708916400000,10977.116765514187
1708920000000,10979.933255514186
1708923600000,10979.377985514187
1708927200000,10980.194165514187
1708930800000,10981.175365514187
1708934400000,10975.762256243112
1708938000000,10976.645336243113
1708941600000,10965.595686243112
1708945200000,10968.311826243113
1708948800000,10968.650786243112
1708952400000,10970.071296243112
1708956000000,10969.727876243112
1708959600000,10978.919936243112
1708963200000,10985.563041840047
1708966800000,11000.533601840047
1708970400000,11000.337341840046
1708974000000,10999.501581840046
1708977600000,11028.580061840046
1708981200000,11027.825991840047
1708984800000,11034.309061840047
1708988400000,11032.955031840047
1708992000000,11028.602636988766
1708995600000,11027.935306988767
1708999200000,11061.806466988766
1709002800000,11085.609756988766
1709006400000,11060.881266988767
1709010000000,11062.395666988767
1709013600000,11073.129896988765
1709017200000,11078.582256988766
1709020800000,11072.254695398879
1709024400000,11074.608355398877
1709028000000,11089.424265398877
1709031600000,11087.511635398878
1709035200000,11087.581075398877
1709038800000,11091.58156539888
1709042400000,11102.890485398879
1709046000000,11098.180715398878
1709049600000,11086.135492420155
1709053200000,11093.824242420156
1709056800000,11082.964612420155
1709060400000,11095.655112420154
1709064000000,11101.221872420156
1709067600000,11093.193502420156
1709071200000,11088.484662420155
1709074800000,11094.573312420156
1709078400000,11093.681350404428
1709082000000,11096.717710404426
1709085600000,11087.695930404427
1709089200000,11092.095540404427
1709092800000,11092.618200404428
1709096400000,11102.522600404427
1709100000000,11098.342620404426
1709103600000,11100.990210404427
1709107200000,11133.09971481051
1709110800000,11158.349034810512
1709114400000,11166.09610481051
1709118000000,11164.459584810511
1709121600000,11144.60071481051
1709125200000,11158.34581481051
1709128800000,11190.548444810509
1709132400000,11199.91985481051
1709136000000,11201.23854863025
1709139600000,11241.82222863025
1709143200000,11162.562649773154
1709146800000,11162.873449773153
1709150400000,11156.317249773154
1709154000000,11141.247649773153
1709157600000,11145.435049773154
1709161200000,11160.672649773152
1709164800000,11182.444539392009
1709168400000,11167.645979392008
1709172000000,11165.163359392009
1709175600000,11169.801279392008
1709179200000,11167.39201939201
1709182800000,11187.877379392008
1709186400000,11194.50021939201
1709190000000,11205.92757939201
1709193600000,11198.548262957336
1709197200000,11199.271782957336
1709200800000,11197.394662957337
1709204400000,11197.369462957337
1709208000000,11209.270582957335
1709211600000,11196.105962957336
1709215200000,11204.958302957337
1709218800000,11200.226862957335
1709222400000,11199.348708956457
1709226000000,11181.278068956457
1709229600000,11156.441088956457
1709233200000,11148.273348956456
1709236800000,11165.788048956458
1709240400000,11168.495088956457
1709244000000,11156.246908956457
1709247600000,11151.385268956457
1709251200000,11149.80190358493
1709254800000,11158.59810358493
1709258400000,11153.62670358493
1709262000000,11147.78716358493
1709265600000,11150.381783584931
1709269200000,11161.24060358493
1709272800000,11153.740663584931
1709276400000,11162.34870358493
1709280000000,11155.552157909025
1709283600000,11174.110977909024
1709287200000,11176.767477909025
1709290800000,11173.043337909025
1709294400000,11171.049877909025
1709298000000,11180.200417909025
1709301600000,11186.087837909025
1709305200000,11173.775817909023
1709308800000,11157.102818672118
1709312400000,11158.833778672119
1709316000000,11170.788238672118
1709319600000,11181.404578672118
1709323200000,11179.981058672118
1709326800000,11187.690298672118
1709330400000,11183.522358672119
1709334000000,11187.779198672119
1709337600000,11183.030272244348
1709341200000,11182.091852244348
1709344800000,11179.334692244349
1709348400000,11177.20403224435
1709352000000,11180.54779224435
1709355600000,11174.00335224435
1709359200000,11172.53433224435
1709362800000,11174.464092244349
1709366400000,11173.642778719184
1709370000000,11172.153598719186
1709373600000,11166.208498719185
1709377200000,11170.320298719183
1709380800000,11166.659438719185
1709384400000,11173.539038719186
1709388000000,11165.612098719186
1709391600000,11167.440358719185
1709395200000,11165.441488884586
1709398800000,11167.743368884587
1709402400000,11165.410548884585
1709406000000,11173.143728884586
1709409600000,11174.340168884584
1709413200000,11167.478908884585
1709416800000,11167.770808884585
1709420400000,11162.238708884586
1709424000000,11169.765970505508
1709427600000,11166.68093050551
1709431200000,11166.51853050551
1709434800000,11165.436890505509
1709438400000,11170.057590505508
1709442000000,11173.442650505509
1709445600000,11168.133150505508
1709449200000,11165.925910505508
1709452800000,11156.678456309679
1709456400000,11154.276056309678
1709460000000,11157.432356309679
1709463600000,11156.28155630968
1709467200000,11159.908256309678
1709470800000,11168.92145630968
1709474400000,11170.458656309678
1709478000000,11166.300656309679
1709481600000,11166.366916085415
1709485200000,11179.993816085414
1709488800000,11175.823216085415
1709492400000,11180.105116085415
1709496000000,11179.029916085416
1709499600000,11179.141216085414
1709503200000,11179.815316085414
1709506800000,11179.355416085415
1709510400000,11186.919817930548
1709514000000,11194.834717930547
1709517600000,11193.803617930547
1709521200000,11196.157717930548
1709524800000,11192.308417930548
1709528400000,11195.972917930549
1709532000000,11189.744317930548
1709535600000,11196.739417930548
1709539200000,11204.351291400526
1709542800000,11229.376991400526
1709546400000,11230.636991400526
1709550000000,11227.138391400526
1709553600000,11229.288791400526
1709557200000,11228.270291400526
1709560800000,11226.554591400525
1709564400000,11247.409691400526
1709568000000,11255.457774706303
1709571600000,11255.130174706303
1709575200000,11260.501074706302
1709578800000,11262.626574706303
1709582400000,11276.755374706303
1709586000000,11278.154874706303
1709589600000,11279.493774706301
1709593200000,11291.408874706303
1709596800000,11300.598087313181
1709600400000,11295.513087313182
1709604000000,11310.937887313183
1709607600000,11298.420387313183
1709611200000,11314.022487313183
1709614800000,11294.451687313183
1709618400000,11247.537098061715
1709622000000,11247.745898061716
1709625600000,11241.71549412763
1709629200000,11242.464294127629
1709632800000,11242.94129412763
1709636400000,11247.41249412763
1709640000000,11250.64529412763
1709643600000,11254.657494127629
1709647200000,11257.973094127628
1709650800000,11263.810494127629
1709654400000,11260.912270770128
1709658000000,11239.850470770129
1709661600000,11216.953925419277
1709665200000,11216.953925419277
1709668800000,11216.953925419277
1709672400000,11216.953925419277
1709676000000,11216.953925419277
1709679600000,11216.953925419277
1709683200000,11216.953925419277
1709686800000,11216.953925419277
1709690400000,11216.953925419277
1709694000000,11216.953925419277
1709697600000,11216.953925419277
1709701200000,11216.953925419277
1709704800000,11216.953925419277
1709708400000,11216.953925419277
1709712000000,11216.734222510431
1709715600000,11218.196522510432
1709719200000,11217.496872510432
1709722800000,11218.645922510432
1709726400000,11220.134122510432
1709730000000,11218.414572510432
1709733600000,11218.429972510432
1709737200000,11216.916572510432
1709740800000,11217.036400072539
1709744400000,11217.346500072537
1709748000000,11218.557850072537
1709751600000,11219.242800072538
1709755200000,11218.957200072538
1709758800000,11219.168950072537
1709762400000,11218.809850072537
1709766000000,11217.680050072539
1709769600000,11217.974604892393
1709773200000,11218.424704892393
1709776800000,11218.203154892393
1709780400000,11216.632004892394
1709784000000,11216.301954892395
1709787600000,11216.562004892394
1709791200000,11215.573604892394
1709794800000,11216.154954892394
1709798400000,11216.773567327946
1709802000000,11216.624117327947
1709805600000,11216.508617327947
1709809200000,11217.032917327946
1709812800000,11216.773567327946
1709816400000,11216.403617327947
1709820000000,11217.429817327946
1709823600000,11217.313967327946
1709827200000,11218.65138276448
1709830800000,11218.21598276448
1709834400000,11219.037432764479
1709838000000,11219.95443276448
1709841600000,11219.73743276448
1709845200000,11221.602232764479
1709848800000,11219.691232764479
1709852400000,11219.13753276448
1709856000000,11219.478359585171
1709859600000,11220.803809585172
1709863200000,11220.54375958517
1709866800000,11220.589959585172
1709870400000,11220.47340958517
1709874000000,11220.48285958517
1709877600000,11220.155259585172
1709881200000,11221.641359585172
1709884800000,11220.8216897341
1709888400000,11222.0060897341
1709892000000,11221.4726897341
1709895600000,11222.054739734102
1709899200000,11222.250039734101
1709902800000,11222.091839734101
1709906400000,11222.7120397341
1709910000000,11223.085139734101
1709913600000,11220.672373031366
1709917200000,11220.361573031365
1709920800000,11221.650273031366
1709924400000,11221.448323031365
1709928000000,11221.31023461477
1709931600000,11222.15238461477
1709935200000,11217.02648461477
1709938800000,11216.682484614768
1709942400000,11216.484449043917
1709946000000,11216.813899043917
1709949600000,11215.947049043916
1709953200000,11217.937499043917
1709956800000,11217.997899043918
1709960400000,11218.555499043918
1709964000000,11218.092699043917
1709967600000,11219.709999043916
1709971200000,11218.723752735606
1709974800000,11218.404202735606
1709978400000,11218.039302735606
1709982000000,11217.608152735605
1709985600000,11218.058352735607
1709989200000,11219.114552735606
1709992800000,11218.458202735606
1709996400000,11217.176902735606
1710000000000,11218.141860315538
1710003600000,11216.349160315538
1710007200000,11216.166260315538
1710010800000,11216.868060315539
1710014400000,11216.577410315538
1710018000000,11217.293210315538
1710021600000,11217.983110315537
1710025200000,11217.677860315538
1710028800000,11217.629018255937
1710032400000,11217.733768255937
1710036000000,11221.448818255938
1710039600000,11220.466468255938
1710043200000,11221.925768255938
1710046800000,11223.151318255937
1710050400000,11222.848418255937
1710054000000,11222.862418255938
1710057600000,11223.14323397013
1710061200000,11224.37653397013
1710064800000,11224.92673397013
1710068400000,11224.41893397013
1710072000000,11223.26443397013
1710075600000,11223.955783970128
1710079200000,11221.040733970129
1710082800000,11220.40678397013
1710086400000,11220.26011154983
1710090000000,11221.400711549828
1710093600000,11221.868111549828
1710097200000,11220.44916154983
1710100800000,11221.074511549828
1710104400000,11220.966161549828
1710108000000,11219.208211549829
1710111600000,11213.57623378842
1710115200000,11215.6482742115
1710118800000,11207.438154865893
1710122400000,11207.438154865893
1710126000000,11207.438154865893
1710129600000,11207.438154865893
1710133200000,11207.438154865893
1710136800000,11207.438154865893
1710140400000,11207.438154865893
1710144000000,11208.751781554762
1710147600000,11208.02878155476
1710151200000,11211.52530155476
1710154800000,11209.924881554762
1710158400000,11209.482721554761
1710162000000,11213.40700155476
1710165600000,11209.74946155476
1710169200000,11213.42298155476
1710172800000,11211.246893378138
1710176400000,11215.023773378138
1710180000000,11214.612453378139
1710183600000,11215.963693378138
1710187200000,11211.918973378139
1710190800000,11212.654373378138
1710194400000,11215.393173378137
1710198000000,11216.521213378137
1710201600000,11215.422395125544
1710205200000,11214.002795125545
1710208800000,11215.570655125546
1710212400000,11213.868675125545
1710216000000,11209.779755125544
1710219600000,11210.832775125546
1710223200000,11211.871875125546
1710226800000,11212.195355125545
1710230400000,11212.13712405603
1710234000000,11206.824284056029
1710237600000,11208.973944056028
1710241200000,11209.09894405603
1710244800000,11210.855524056029
1710248400000,11211.265784056028
1710252000000,11211.83520405603
1710255600000,11201.536344056029
1710259200000,11207.366509930387
1710262800000,11196.342669930385
1710266400000,11184.88017740083
1710270000000,11184.88017740083
1710273600000,11184.88017740083
1710277200000,11184.88017740083
1710280800000,11184.88017740083
1710284400000,11184.88017740083
1710288000000,11184.88017740083
1710291600000,11184.88017740083
1710295200000,11184.88017740083
1710298800000,11184.88017740083
1710302400000,11184.88017740083
1710306000000,11184.88017740083
1710309600000,11184.88017740083
1710313200000,11184.88017740083
1710316800000,11184.740484054135
1710320400000,11187.909084054134
1710324000000,11186.863884054135
1710327600000,11186.564484054135
1710331200000,11185.845084054135
1710334800000,11183.925084054135
1710338400000,11180.728884054135
1710342000000,11181.664884054135
1710345600000,11182.14132170891
1710349200000,11184.78492170891
1710352800000,11184.00012170891
1710356400000,11185.792921708911
1710360000000,11186.24712170891
1710363600000,11185.87452170891
1710367200000,11186.22912170891
1710370800000,11184.37332170891
1710374400000,11184.872903713058
1710378000000,11183.392103713057
1710381600000,11183.984903713057
1710385200000,11184.844703713057
1710388800000,11186.116103713057
1710392400000,11184.767303713057
1710396000000,11185.415303713056
1710399600000,11188.670903713057
1710403200000,11186.052510750213
1710406800000,11186.605110750213
1710410400000,11186.599710750213
1710414000000,11184.215310750213
1710417600000,11183.366310750213
1710421200000,11183.397510750214
1710424800000,11177.534310750214
1710428400000,11176.298910750213
1710432000000,11172.45215456132
1710435600000,11165.449281665507
1710439200000,11165.449281665507
1710442800000,11165.449281665507
1710446400000,11165.449281665507
1710450000000,11165.449281665507
1710453600000,11165.449281665507
1710457200000,11165.449281665507
1710460800000,11165.449281665507
1710464400000,11165.449281665507
1710468000000,11165.449281665507
1710471600000,11165.449281665507
1710475200000,11165.449281665507
1710478800000,11165.449281665507
1710482400000,11165.449281665507
1710486000000,11165.449281665507
1710489600000,11165.449281665507
1710493200000,11165.449281665507
1710496800000,11165.449281665507
1710500400000,11165.449281665507
1710504000000,11165.449281665507
1710507600000,11165.449281665507
1710511200000,11165.449281665507
1710514800000,11165.449281665507
1710518400000,11165.449281665507
1710522000000,11165.449281665507
1710525600000,11165.449281665507
1710529200000,11165.449281665507
1710532800000,11165.449281665507
1710536400000,11165.449281665507
1710540000000,11165.449281665507
1710543600000,11165.449281665507
1710547200000,11165.449281665507
1710550800000,11165.449281665507
1710554400000,11165.449281665507
1710558000000,11165.449281665507
1710561600000,11165.449281665507
1710565200000,11165.449281665507
1710568800000,11165.449281665507
1710572400000,11165.449281665507
1710576000000,11165.449281665507
1710579600000,11165.449281665507
1710583200000,11165.449281665507
1710586800000,11165.449281665507
1710590400000,11165.449281665507
1710594000000,11165.449281665507
1710597600000,11165.449281665507
1710601200000,11165.449281665507
1710604800000,11165.449281665507
1710608400000,11165.449281665507
1710612000000,11165.449281665507
1710615600000,11165.449281665507
1710619200000,11165.449281665507
1710622800000,11165.449281665507
1710626400000,11165.449281665507
1710630000000,11165.449281665507
1710633600000,11165.449281665507
1710637200000,11165.449281665507
1710640800000,11165.449281665507
1710644400000,11165.449281665507
1710648000000,11165.449281665507
1710651600000,11165.449281665507
1710655200000,11165.449281665507
1710658800000,11165.449281665507
1710662400000,11165.449281665507
1710666000000,11165.449281665507
1710669600000,11165.449281665507
1710673200000,11165.449281665507
1710676800000,11165.449281665507
1710680400000,11165.449281665507
1710684000000,11165.449281665507
1710687600000,11165.449281665507
1710691200000,11165.449281665507
1710694800000,11165.449281665507
1710698400000,11165.449281665507
1710702000000,11165.449281665507
1710705600000,11165.449281665507
1710709200000,11165.449281665507
1710712800000,11165.449281665507
1710716400000,11165.449281665507
1710720000000,11165.449281665507
1710723600000,11165.449281665507
1710727200000,11165.449281665507
1710730800000,11165.449281665507
1710734400000,11165.449281665507
1710738000000,11165.449281665507
1710741600000,11165.449281665507
1710745200000,11165.449281665507
1710748800000,11165.449281665507
1710752400000,11165.449281665507
1710756000000,11165.449281665507
1710759600000,11165.449281665507
1710763200000,11165.449281665507
1710766800000,11165.449281665507
1710770400000,11165.449281665507
1710774000000,11165.449281665507
1710777600000,11165.449281665507
1710781200000,11165.449281665507
1710784800000,11165.449281665507
1710788400000,11165.449281665507
1710792000000,11165.449281665507
1710795600000,11165.449281665507
1710799200000,11165.449281665507
1710802800000,11165.449281665507
1710806400000,11165.449281665507
1710810000000,11165.449281665507
1710813600000,11165.449281665507
1710817200000,11165.449281665507
1710820800000,11165.449281665507
1710824400000,11165.449281665507
1710828000000,11165.449281665507
1710831600000,11165.449281665507
1710835200000,11165.449281665507
1710838800000,11165.449281665507
1710842400000,11165.449281665507
1710846000000,11165.449281665507
1710849600000,11165.449281665507
1710853200000,11165.449281665507
1710856800000,11165.449281665507
1710860400000,11165.449281665507
1710864000000,11165.449281665507
1710867600000,11165.449281665507
1710871200000,11165.449281665507
1710874800000,11165.449281665507
1710878400000,11165.449281665507
1710882000000,11165.449281665507
1710885600000,11165.449281665507
1710889200000,11165.449281665507
1710892800000,11165.449281665507
1710896400000,11165.449281665507
1710900000000,11165.449281665507
1710903600000,11165.449281665507
1710907200000,11165.449281665507
1710910800000,11165.449281665507
1710914400000,11165.449281665507
1710918000000,11165.449281665507
1710921600000,11165.449281665507
1710925200000,11165.449281665507
1710928800000,11165.449281665507
1710932400000,11165.449281665507
1710936000000,11165.449281665507
1710939600000,11165.449281665507
1710943200000,11165.449281665507
1710946800000,11165.449281665507
1710950400000,11165.449281665507
1710954000000,11165.449281665507
1710957600000,11165.449281665507
1710961200000,11165.449281665507
1710964800000,11165.449281665507
1710968400000,11165.449281665507
1710972000000,11165.449281665507
1710975600000,11165.449281665507
1710979200000,11165.449281665507
1710982800000,11165.449281665507
1710986400000,11165.449281665507
1710990000000,11165.449281665507
1710993600000,11165.449281665507
1710997200000,11165.449281665507
1711000800000,11165.449281665507
1711004400000,11165.449281665507
1711008000000,11165.449281665507
1711011600000,11165.449281665507
1711015200000,11165.449281665507
1711018800000,11165.449281665507
1711022400000,11165.449281665507
1711026000000,11165.449281665507
1711029600000,11165.449281665507
1711033200000,11165.449281665507
1711036800000,11165.449281665507
1711040400000,11165.449281665507
1711044000000,11165.449281665507
1711047600000,11165.449281665507
1711051200000,11165.449281665507
1711054800000,11165.449281665507
1711058400000,11165.449281665507
1711062000000,11165.449281665507
1711065600000,11165.449281665507
1711069200000,11165.449281665507
1711072800000,11165.449281665507
1711076400000,11165.449281665507
1711080000000,11165.449281665507
1711083600000,11165.449281665507
1711087200000,11165.449281665507
1711090800000,11165.449281665507
1711094400000,11165.449281665507
1711098000000,11165.449281665507
1711101600000,11165.449281665507
1711105200000,11165.449281665507
1711108800000,11165.449281665507
1711112400000,11165.449281665507
1711116000000,11165.449281665507
1711119600000,11165.449281665507
1711123200000,11165.449281665507
1711126800000,11165.449281665507
1711130400000,11165.449281665507
1711134000000,11165.449281665507
1711137600000,11165.449281665507
1711141200000,11165.449281665507
1711144800000,11165.449281665507
1711148400000,11165.449281665507
1711152000000,11165.449281665507
1711155600000,11165.449281665507
1711159200000,11165.449281665507
1711162800000,11165.449281665507
1711166400000,11165.449281665507
1711170000000,11165.449281665507
1711173600000,11165.449281665507
1711177200000,11165.449281665507
1711180800000,11165.449281665507
1711184400000,11165.449281665507
1711188000000,11165.449281665507
1711191600000,11165.449281665507
1711195200000,11165.449281665507
1711198800000,11165.449281665507
1711202400000,11165.449281665507
1711206000000,11165.449281665507
1711209600000,11165.449281665507
1711213200000,11165.449281665507
1711216800000,11165.449281665507
1711220400000,11165.449281665507
1711224000000,11165.449281665507
1711227600000,11165.449281665507
1711231200000,11165.449281665507
1711234800000,11165.449281665507
1711238400000,11165.449281665507
1711242000000,11165.449281665507
1711245600000,11165.449281665507
1711249200000,11165.449281665507
1711252800000,11165.449281665507
1711256400000,11165.449281665507
1711260000000,11165.449281665507
1711263600000,11165.449281665507
1711267200000,11165.449281665507
1711270800000,11165.449281665507
1711274400000,11165.449281665507
1711278000000,11165.449281665507
1711281600000,11165.449281665507
1711285200000,11165.449281665507
1711288800000,11165.449281665507
1711292400000,11165.449281665507
1711296000000,11165.449281665507
1711299600000,11165.449281665507
1711303200000,11165.449281665507
1711306800000,11165.449281665507
1711310400000,11165.449281665507
1711314000000,11165.449281665507
1711317600000,11165.449281665507
1711321200000,11165.449281665507
1711324800000,11165.449281665507
1711328400000,11165.449281665507
1711332000000,11165.449281665507
1711335600000,11165.449281665507
1711339200000,11165.449281665507
1711342800000,11165.449281665507
1711346400000,11165.449281665507
1711350000000,11165.449281665507
1711353600000,11165.449281665507
1711357200000,11165.449281665507
1711360800000,11165.449281665507
1711364400000,11165.449281665507
1711368000000,11165.449281665507
1711371600000,11165.449281665507
1711375200000,11165.449281665507
1711378800000,11165.449281665507
1711382400000,11165.449281665507
1711386000000,11165.449281665507
1711389600000,11165.449281665507
1711393200000,11165.449281665507
1711396800000,11165.449281665507
1711400400000,11165.449281665507
1711404000000,11165.449281665507
1711407600000,11165.449281665507
1711411200000,11165.449281665507
1711414800000,11165.449281665507
1711418400000,11165.449281665507
1711422000000,11165.449281665507
1711425600000,11165.449281665507
1711429200000,11165.449281665507
1711432800000,11165.449281665507
1711436400000,11165.449281665507
1711440000000,11165.449281665507
1711443600000,11165.449281665507
1711447200000,11165.449281665507
1711450800000,11165.449281665507
1711454400000,11165.449281665507
1711458000000,11165.449281665507
1711461600000,11165.449281665507
1711465200000,11165.449281665507
1711468800000,11165.449281665507
1711472400000,11165.449281665507
1711476000000,11165.449281665507
1711479600000,11165.449281665507
1711483200000,11165.449281665507
1711486800000,11165.449281665507
1711490400000,11165.449281665507
1711494000000,11165.449281665507
1711497600000,11165.449281665507
1711501200000,11165.449281665507
1711504800000,11165.449281665507
1711508400000,11165.449281665507
1711512000000,11165.449281665507
1711515600000,11165.449281665507
1711519200000,11165.449281665507
1711522800000,11165.449281665507
1711526400000,11165.449281665507
1711530000000,11165.449281665507
1711533600000,11165.449281665507
1711537200000,11165.449281665507
1711540800000,11165.449281665507
1711544400000,11165.449281665507
1711548000000,11165.449281665507
1711551600000,11165.449281665507
1711555200000,11165.449281665507
1711558800000,11165.449281665507
1711562400000,11165.449281665507
1711566000000,11165.449281665507
1711569600000,11165.449281665507
1711573200000,11165.449281665507
1711576800000,11165.449281665507
1711580400000,11165.449281665507
1711584000000,11165.449281665507
1711587600000,11165.449281665507
1711591200000,11165.449281665507
1711594800000,11165.449281665507
1711598400000,11165.449281665507
1711602000000,11165.449281665507
1711605600000,11165.449281665507
1711609200000,11165.449281665507
1711612800000,11165.449281665507
1711616400000,11165.449281665507
1711620000000,11165.449281665507
1711623600000,11165.449281665507
1711627200000,11165.449281665507
1711630800000,11165.449281665507
1711634400000,11165.449281665507
1711638000000,11165.449281665507
1711641600000,11165.449281665507
1711645200000,11165.449281665507
1711648800000,11165.449281665507
1711652400000,11165.449281665507
1711656000000,11165.449281665507
1711659600000,11165.449281665507
1711663200000,11165.449281665507
1711666800000,11165.449281665507
1711670400000,11165.449281665507
1711674000000,11165.449281665507
1711677600000,11165.449281665507
1711681200000,11165.449281665507
1711684800000,11165.449281665507
1711688400000,11165.449281665507
1711692000000,11165.449281665507
1711695600000,11165.449281665507
1711699200000,11165.449281665507
1711702800000,11165.449281665507
1711706400000,11165.449281665507
1711710000000,11165.449281665507
1711713600000,11165.449281665507
1711717200000,11165.449281665507
1711720800000,11165.449281665507
1711724400000,11165.449281665507
1711728000000,11165.449281665507
1711731600000,11165.449281665507
1711735200000,11165.449281665507
1711738800000,11165.449281665507
1711742400000,11165.449281665507
1711746000000,11165.449281665507
1711749600000,11165.449281665507
1711753200000,11165.449281665507
1711756800000,11165.449281665507
1711760400000,11165.449281665507
1711764000000,11165.449281665507
1711767600000,11165.449281665507
1711771200000,11165.449281665507
1711774800000,11165.449281665507
1711778400000,11165.449281665507
1711782000000,11165.449281665507
1711785600000,11165.449281665507
1711789200000,11165.449281665507
1711792800000,11165.449281665507
1711796400000,11165.449281665507
1711800000000,11165.449281665507
1711803600000,11165.449281665507
1711807200000,11165.449281665507
1711810800000,11165.449281665507
1711814400000,11165.449281665507
1711818000000,11165.449281665507
1711821600000,11165.449281665507
1711825200000,11165.449281665507
1711828800000,11165.449281665507
1711832400000,11165.449281665507
1711836000000,11165.449281665507
1711839600000,11165.449281665507
1711843200000,11165.449281665507
1711846800000,11165.449281665507
1711850400000,11165.449281665507
1711854000000,11165.449281665507
1711857600000,11165.449281665507
1711861200000,11165.449281665507
1711864800000,11165.449281665507
1711868400000,11165.449281665507
1711872000000,11165.449281665507
1711875600000,11165.449281665507
1711879200000,11165.449281665507
1711882800000,11165.449281665507
1711886400000,11165.449281665507
1711890000000,11165.449281665507
1711893600000,11165.449281665507
1711897200000,11165.449281665507
1711900800000,11165.449281665507
1711904400000,11165.449281665507
1711908000000,11165.449281665507
1711911600000,11165.449281665507
1711915200000,11165.449281665507
1711918800000,11165.449281665507
1711922400000,11165.449281665507
1711926000000,11165.449281665507
1711929600000,11165.449281665507
1711933200000,11165.449281665507
1711936800000,11165.449281665507
1711940400000,11165.449281665507
1711944000000,11165.449281665507
1711947600000,11165.449281665507
1711951200000,11165.449281665507
1711954800000,11165.449281665507
1711958400000,11165.449281665507
1711962000000,11165.449281665507
1711965600000,11165.449281665507
1711969200000,11165.449281665507
1711972800000,11165.449281665507
1711976400000,11165.449281665507
1711980000000,11165.449281665507
1711983600000,11165.449281665507
1711987200000,11165.449281665507
1711990800000,11165.449281665507
1711994400000,11165.449281665507
1711998000000,11165.449281665507
1712001600000,11165.449281665507
1712005200000,11165.449281665507
1712008800000,11165.449281665507
1712012400000,11165.449281665507
1712016000000,11165.449281665507
1712019600000,11165.449281665507
1712023200000,11165.449281665507
1712026800000,11165.449281665507
1712030400000,11165.449281665507
1712034000000,11165.449281665507
1712037600000,11165.449281665507
1712041200000,11165.449281665507
1712044800000,11165.449281665507
1712048400000,11165.449281665507
1712052000000,11165.449281665507
1712055600000,11165.449281665507
1712059200000,11165.449281665507
1712062800000,11165.449281665507
1712066400000,11165.449281665507
1712070000000,11165.449281665507
1712073600000,11165.449281665507
1712077200000,11165.449281665507
1712080800000,11165.449281665507
1712084400000,11165.449281665507
1712088000000,11165.449281665507
1712091600000,11165.449281665507
1712095200000,11165.449281665507
1712098800000,11165.449281665507
1712102400000,11165.449281665507
1712106000000,11165.449281665507
1712109600000,11165.449281665507
1712113200000,11165.449281665507
1712116800000,11165.449281665507
1712120400000,11165.449281665507
1712124000000,11165.449281665507
1712127600000,11165.449281665507
1712131200000,11165.449281665507
1712134800000,11165.449281665507
1712138400000,11165.449281665507
1712142000000,11165.449281665507
1712145600000,11165.449281665507
1712149200000,11165.449281665507
1712152800000,11165.449281665507
1712156400000,11165.449281665507
1712160000000,11165.449281665507
1712163600000,11165.449281665507
1712167200000,11165.449281665507
1712170800000,11165.449281665507
1712174400000,11165.449281665507
1712178000000,11165.449281665507
1712181600000,11165.449281665507
1712185200000,11165.449281665507
1712188800000,11165.449281665507
1712192400000,11165.449281665507
1712196000000,11165.449281665507
1712199600000,11165.449281665507
1712203200000,11165.449281665507
1712206800000,11165.449281665507
1712210400000,11165.449281665507
1712214000000,11165.449281665507
1712217600000,11165.449281665507
1712221200000,11165.449281665507
1712224800000,11165.449281665507
1712228400000,11165.449281665507
1712232000000,11165.449281665507
1712235600000,11165.449281665507
1712239200000,11165.449281665507
1712242800000,11165.449281665507
1712246400000,11165.449281665507
1712250000000,11165.449281665507
1712253600000,11165.449281665507
1712257200000,11165.449281665507
1712260800000,11165.449281665507
1712264400000,11165.449281665507
1712268000000,11165.449281665507
1712271600000,11165.449281665507
1712275200000,11165.449281665507
1712278800000,11165.449281665507
1712282400000,11165.449281665507
1712286000000,11165.449281665507
1712289600000,11165.449281665507
1712293200000,11165.449281665507
1712296800000,11165.449281665507
1712300400000,11165.449281665507
1712304000000,11165.449281665507
1712307600000,11165.449281665507
1712311200000,11165.449281665507
1712314800000,11165.449281665507
1712318400000,11165.449281665507
1712322000000,11165.449281665507
1712325600000,11165.449281665507
1712329200000,11165.449281665507
1712332800000,11165.449281665507
1712336400000,11165.449281665507
1712340000000,11165.449281665507
1712343600000,11165.449281665507
1712347200000,11165.449281665507
1712350800000,11165.449281665507
1712354400000,11165.449281665507
1712358000000,11165.449281665507
1712361600000,11165.449281665507
1712365200000,11165.449281665507
1712368800000,11165.449281665507
1712372400000,11165.449281665507
1712376000000,11165.449281665507
1712379600000,11165.449281665507
1712383200000,11165.449281665507
1712386800000,11165.449281665507
1712390400000,11165.449281665507
1712394000000,11165.449281665507
1712397600000,11165.449281665507
1712401200000,11165.449281665507
1712404800000,11165.449281665507
1712408400000,11165.449281665507
1712412000000,11165.449281665507
1712415600000,11165.449281665507
1712419200000,11165.449281665507
1712422800000,11165.449281665507
1712426400000,11165.449281665507
1712430000000,11165.449281665507
1712433600000,11165.449281665507
1712437200000,11165.449281665507
1712440800000,11165.449281665507
1712444400000,11165.449281665507
1712448000000,11165.449281665507
1712451600000,11165.449281665507
1712455200000,11165.449281665507
1712458800000,11165.449281665507
1712462400000,11165.449281665507
1712466000000,11165.449281665507
1712469600000,11165.449281665507
1712473200000,11165.449281665507
1712476800000,11165.449281665507
1712480400000,11165.449281665507
1712484000000,11165.449281665507
1712487600000,11165.449281665507
1712491200000,11165.449281665507
1712494800000,11165.449281665507
1712498400000,11165.449281665507
1712502000000,11165.449281665507
1712505600000,11165.449281665507
1712509200000,11165.449281665507
1712512800000,11165.449281665507
1712516400000,11165.449281665507
1712520000000,11165.449281665507
1712523600000,11165.449281665507
1712527200000,11165.449281665507
1712530800000,11165.449281665507
1712534400000,11165.449281665507
1712538000000,11165.449281665507
1712541600000,11165.449281665507
1712545200000,11165.449281665507
1712548800000,11165.449281665507
1712552400000,11165.449281665507
1712556000000,11165.449281665507
1712559600000,11165.449281665507
1712563200000,11165.449281665507
1712566800000,11165.449281665507
1712570400000,11165.449281665507
1712574000000,11165.449281665507
1712577600000,11165.449281665507
1712581200000,11165.449281665507
1712584800000,11165.449281665507
1712588400000,11165.449281665507
1712592000000,11165.449281665507
1712595600000,11165.449281665507
1712599200000,11165.449281665507
1712602800000,11165.449281665507
1712606400000,11165.449281665507
1712610000000,11165.449281665507
1712613600000,11165.449281665507
1712617200000,11165.449281665507
1712620800000,11165.449281665507
1712624400000,11165.449281665507
1712628000000,11165.449281665507
1712631600000,11165.449281665507
1712635200000,11165.449281665507
1712638800000,11165.449281665507
1712642400000,11165.449281665507
1712646000000,11165.449281665507
1712649600000,11165.449281665507
1712653200000,11165.449281665507
1712656800000,11165.449281665507
1712660400000,11165.449281665507
1712664000000,11165.449281665507
1712667600000,11165.449281665507
1712671200000,11165.449281665507
1712674800000,11165.449281665507
1712678400000,11165.449281665507
1712682000000,11165.449281665507
1712685600000,11165.449281665507
1712689200000,11165.449281665507
1712692800000,11165.449281665507
1712696400000,11165.449281665507
1712700000000,11165.449281665507
1712703600000,11165.449281665507
1712707200000,11165.449281665507
1712710800000,11165.449281665507
1712714400000,11165.449281665507
1712718000000,11165.449281665507
1712721600000,11165.449281665507
1712725200000,11165.449281665507
1712728800000,11165.449281665507
1712732400000,11165.449281665507
1712736000000,11165.449281665507
1712739600000,11165.449281665507
1712743200000,11165.449281665507
1712746800000,11165.449281665507
1712750400000,11165.449281665507
1712754000000,11165.449281665507
1712757600000,11165.449281665507
1712761200000,11165.449281665507
1712764800000,11165.449281665507
1712768400000,11165.449281665507
1712772000000,11165.449281665507
1712775600000,11165.449281665507
1712779200000,11165.449281665507
1712782800000,11165.449281665507
1712786400000,11165.449281665507
1712790000000,11165.449281665507
1712793600000,11165.449281665507
1712797200000,11165.449281665507
1712800800000,11165.449281665507
1712804400000,11165.449281665507
1712808000000,11165.449281665507
1712811600000,11165.449281665507
1712815200000,11165.449281665507
1712818800000,11165.449281665507
1712822400000,11165.449281665507
1712826000000,11165.449281665507
1712829600000,11165.449281665507
1712833200000,11165.449281665507
1712836800000,11165.449281665507
1712840400000,11165.449281665507
1712844000000,11165.449281665507
1712847600000,11165.449281665507
1712851200000,11165.449281665507
1712854800000,11165.449281665507
1712858400000,11165.449281665507
1712862000000,11165.449281665507
1712865600000,11165.449281665507
1712869200000,11165.449281665507
1712872800000,11165.449281665507
1712876400000,11165.449281665507
1712880000000,11165.449281665507
1712883600000,11165.449281665507
1712887200000,11165.449281665507
1712890800000,11165.449281665507
1712894400000,11165.449281665507
1712898000000,11165.449281665507
1712901600000,11165.449281665507
1712905200000,11165.449281665507
1712908800000,11165.449281665507
1712912400000,11165.449281665507
1712916000000,11165.449281665507
1712919600000,11165.449281665507
1712923200000,11165.449281665507
1712926800000,11165.449281665507
1712930400000,11165.449281665507
1712934000000,11165.449281665507
1712937600000,11165.449281665507
1712941200000,11165.449281665507
1712944800000,11165.449281665507
1712948400000,11165.449281665507
1712952000000,11164.993491499958
1712955600000,11163.867341499958
1712959200000,11164.067321499959
1712962800000,11164.042071499958
1712966400000,11162.524427925959
1712970000000,11163.143557925958
1712973600000,11169.029837925958
1712977200000,11164.614117925958
1712980800000,11162.756727925958
1712984400000,11160.045887925959
1712988000000,11160.676127925957
1712991600000,11158.485437925958
1712995200000,11159.85962938196
1712998800000,11160.774689381959
1713002400000,11159.039509381959
1713006000000,11157.814379381958
1713009600000,11158.46784938196
1713013200000,11157.63459938196
1713016800000,11158.442599381959
1713020400000,11159.580869381958
1713024000000,11158.34739001496
1713027600000,11161.87936001496
1713031200000,11166.13550001496
1713034800000,11162.21468001496
1713038400000,11176.265680471644
1713042000000,11209.104170471643
1713045600000,11204.426360471643
1713049200000,11185.009970471645
1713052800000,11189.755079535731
1713056400000,11196.407119535732
1713060000000,11192.796339535731
1713063600000,11200.81614953573
1713067200000,11196.69986953573
1713070800000,11186.48681953573
1713074400000,11181.185989535732
1713078000000,11176.597579535732
1713081600000,11179.700412839566
1713085200000,11180.321202839566
1713088800000,11184.558772839568
1713092400000,11181.906112839566
1713096000000,11186.757082839566
1713099600000,11183.415892839566
1713103200000,11185.488872839565
1713106800000,11186.577932839566
1713110400000,11183.310273452991
1713114000000,11179.573653452991
1713117600000,11185.331563452992
1713121200000,11178.82713345299
1713124800000,11182.246673452992
1713128400000,11185.191233452992
1713132000000,11181.90620345299
1713135600000,11167.62936345299
1713139200000,11167.040327724928
1713142800000,11170.972627724926
1713146400000,11169.545417724928
1713150000000,11170.120617724928
1713153600000,11169.223747724927
1713157200000,11171.152287724928
1713160800000,11165.680897724927
1713164400000,11151.087047724928
1713168000000,11152.17968720193
1713171600000,11149.795052187428
1713175200000,11148.454652187429
1713178800000,11148.311852187428
1713182400000,11152.310252187428
1713186000000,11151.221252187428
1713189600000,11152.715252187429
1713193200000,11163.100652187428
1713196800000,11159.859177912811
1713200400000,11162.551977912812
1713204000000,11163.37397791281
1713207600000,11169.713577912811
1713211200000,11166.973377912811
1713214800000,11168.44337791281
1713218400000,11168.48297791281
1713222000000,11167.26977791281
1713225600000,11167.581020338806
1713229200000,11168.496620338807
1713232800000,11168.601620338806
1713236400000,11167.485620338806
1713240000000,11169.433220338808
1713243600000,11172.997820338807
1713247200000,11171.556020338807
1713250800000,11168.629220338807
1713254400000,11166.707103730809
1713258000000,11167.661103730808
1713261600000,11168.190303730807
1713265200000,11172.462303730808
1713268800000,11169.359703730808
1713272400000,11168.990103730808
1713276000000,11171.781303730808
1713279600000,11174.833503730808
1713283200000,11176.641720205744
1713286800000,11171.825520205743
1713290400000,11172.531720205743
1713294000000,11169.676920205744
1713297600000,11171.387520205742
1713301200000,11169.724920205743
1713304800000,11163.604320205743
1713308400000,11164.951320205742
1713312000000,11164.784914383836
1713315600000,11163.671914383835
1713319200000,11163.538714383834
1713322800000,11164.663714383834
1713326400000,11164.813714383836
1713330000000,11163.438514383835
1713333600000,11164.214914383834
1713337200000,11164.223914383834
1713340800000,11166.77848706208
1713344400000,11167.61308706208
1713348000000,11167.85788706208
1713351600000,11169.97348706208
1713355200000,11171.75128706208
1713358800000,11173.412087062079
1713362400000,11172.68908706208
1713366000000,11179.68868706208
1713369600000,11185.19191414302
1713373200000,11185.18343414302
1713376800000,11176.214074143021
1713380400000,11173.23057414302
1713384000000,11176.504984143021
1713387600000,11179.209624143019
1713391200000,11175.58806414302
1713394800000,11173.01144414302
1713398400000,11176.520268044616
1713402000000,11174.970218044617
1713405600000,11173.579638044617
1713409200000,11171.540448044618
1713412800000,11169.153708044616
1713416400000,11171.672068044616
1713420000000,11176.781378044618
1713423600000,11178.476858044616
1713427200000,11177.303541972982
1713430800000,11175.673971972983
1713434400000,11172.654291972982
1713438000000,11169.853361972982
1713441600000,11163.437431972983
1713445200000,11168.745411972983
1713448800000,11163.028781972984
1713452400000,11152.977641972982
1713456000000,11156.465497579362
1713459600000,11157.260037579363
1713463200000,11162.492097579363
1713466800000,11160.317007579362
1713470400000,11157.630307579362
1713474000000,11156.976917579363
1713477600000,11156.608987579362
1713481200000,11156.705197579364
1713484800000,11157.663890717613
1713488400000,11163.622120717615
1713492000000,11182.848690717614
1713495600000,11179.381830717613
1713499200000,11173.790520717614
1713502800000,11167.454480717613
1713506400000,11171.232000717613
1713510000000,11146.719329778809
1713513600000,11149.268437949904
1713517200000,11147.037397949905
1713520800000,11147.509667949904
1713524400000,11148.175327949904
1713528000000,11147.690607949904
1713531600000,11147.889807949905
1713535200000,11147.719657949905
1713538800000,11149.568067949906
1713542400000,11149.216713938644
1713546000000,11150.643483938644
1713549600000,11149.845853938643
1713553200000,11149.641673938642
1713556800000,11147.808203938643
1713560400000,11149.096363938643
1713564000000,11148.153483938644
1713567600000,11150.672533938643
1713571200000,11151.57188132995
1713574800000,11154.24780132995
1713578400000,11152.04083132995
1713582000000,11151.65073132995
1713585600000,11151.72709132995
1713589200000,11150.71781132995
1713592800000,11151.14277132995
1713596400000,11150.61406132995
1713600000000,11151.150490045111
1713603600000,11152.02033004511
1713607200000,11152.359800045111
1713610800000,11153.03874004511
1713614400000,11152.178860045111
1713618000000,11151.24096004511
1713621600000,11150.84671004511
1713625200000,11150.75873004511
1713628800000,11146.922386162107
1713632400000,11147.871906162107
1713636000000,11143.384838258618
1713639600000,11143.384838258618
1713643200000,11143.384838258618
1713646800000,11143.384838258618
1713650400000,11143.384838258618
1713654000000,11143.384838258618
1713657600000,11143.384838258618
1713661200000,11143.384838258618
1713664800000,11143.384838258618
1713668400000,11143.384838258618
1713672000000,11143.384838258618
1713675600000,11143.384838258618
1713679200000,11143.384838258618
1713682800000,11143.384838258618
1713686400000,11143.384838258618
1713690000000,11143.384838258618
1713693600000,11143.384838258618
1713697200000,11143.384838258618
1713700800000,11143.384838258618
1713704400000,11143.384838258618
1713708000000,11143.384838258618
1713711600000,11143.384838258618
1713715200000,11143.384838258618
1713718800000,11143.384838258618
1713722400000,11143.384838258618
1713726000000,11143.384838258618
1713729600000,11143.384838258618
1713733200000,11143.384838258618
1713736800000,11143.384838258618
1713740400000,11143.384838258618
1713744000000,11143.384838258618
1713747600000,11143.384838258618
1713751200000,11143.384838258618
1713754800000,11143.384838258618
1713758400000,11143.384838258618
1713762000000,11143.384838258618
1713765600000,11143.384838258618
1713769200000,11143.384838258618
1713772800000,11143.384838258618
1713776400000,11143.384838258618
1713780000000,11143.384838258618
1713783600000,11143.384838258618
1713787200000,11143.384838258618
1713790800000,11143.384838258618
1713794400000,11143.384838258618
1713798000000,11143.384838258618
1713801600000,11143.384838258618
1713805200000,11143.384838258618
1713808800000,11143.384838258618
1713812400000,11143.384838258618
1713816000000,11143.384838258618
1713819600000,11143.384838258618
1713823200000,11143.384838258618
1713826800000,11143.384838258618
1713830400000,11143.384838258618
1713834000000,11143.384838258618
1713837600000,11143.384838258618
1713841200000,11143.384838258618
1713844800000,11143.384838258618
1713848400000,11143.384838258618
1713852000000,11143.384838258618
1713855600000,11143.384838258618
1713859200000,11143.384838258618
1713862800000,11143.384838258618
1713866400000,11143.384838258618
1713870000000,11143.384838258618
1713873600000,11143.384838258618
1713877200000,11143.384838258618
1713880800000,11143.384838258618
1713884400000,11143.384838258618
1713888000000,11143.384838258618
1713891600000,11143.384838258618
1713895200000,11143.384838258618
1713898800000,11143.384838258618
1713902400000,11141.956316869047
1713906000000,11140.762816869048
1713909600000,11141.258916869048
1713913200000,11140.838716869048
1713916800000,11142.41129846198
1713920400000,11145.37249846198
1713924000000,11145.330698461981
1713927600000,11143.350698461982
1713931200000,11143.934798461982
1713934800000,11148.474498461981
1713938400000,11145.250398461982
1713942000000,11145.989598461982
1713945600000,11143.899259898491
1713949200000,11142.826759898491
1713952800000,11140.77525989849
1713956400000,11142.17665989849
1713960000000,11142.88175989849
1713963600000,11140.20545989849
1713967200000,11138.610459898491
1713970800000,11122.500261225283
1713974400000,11122.500261225283
1713978000000,11122.500261225283
1713981600000,11122.500261225283
1713985200000,11122.500261225283
1713988800000,11119.589787913574
1713992400000,11120.414787913573
1713996000000,11118.077287913573
1713999600000,11121.256287913573
1714003200000,11119.18620587343
1714006800000,11115.39890587343
1714010400000,11122.168305873429
1714014000000,11117.996005873429
1714017600000,11118.660405873428
1714021200000,11118.233605873429
1714024800000,11119.37650587343
1714028400000,11118.286405873429
1714032000000,11121.14974769819
1714035600000,11122.671047698188
1714039200000,11122.22224769819
1714042800000,11126.64534769819
1714046400000,11123.672047698188
1714050000000,11126.779547698188
1714053600000,11128.854147698188
1714057200000,11128.43064769819
1714060800000,11120.491186217781
1714064400000,11117.444186217781
1714068000000,11113.946186217781
1714071600000,11113.15638621778
1714075200000,11112.809886217781
1714078800000,11112.917686217781
1714082400000,11113.916486217782
1714086000000,11114.827286217782
1714089600000,11115.831607587392
1714093200000,11118.888507587393
1714096800000,11117.103207587392
1714100400000,11116.546607587392
1714104000000,11117.863307587393
1714107600000,11119.706907587393
1714111200000,11115.623707587392
1714114800000,11117.974407587393
1714118400000,11119.048447929174
1714122000000,11117.133347929173
1714125600000,11116.585547929173
1714129200000,11120.111047929173
1714132800000,11119.344347929173
1714136400000,11120.514747929174
1714140000000,11116.988147929173
1714143600000,11122.646547929173
1714147200000,11127.451686996956
1714150800000,11124.780886996956
1714154400000,11121.767986996956
1714158000000,11121.307086996956
1714161600000,11123.130886996956
1714165200000,11122.151886996957
1714168800000,11121.235586996956
1714172400000,11123.255186996956
1714176000000,11124.264710566957
1714179600000,11131.342110566957
1714183200000,11136.999410566956
1714186800000,11133.261610566957
1714190400000,11131.960310566956
1714194000000,11132.206710566956
1714197600000,11132.963510566957
1714201200000,11133.000910566956
1714204800000,11132.72372891824
1714208400000,11132.60382891824
1714212000000,11133.46952891824
1714215600000,11135.84772891824
1714219200000,11134.91272891824
1714222800000,11132.07912891824
1714226400000,11130.47972891824
1714230000000,11131.80852891824
1714233600000,11132.975446836319
1714237200000,11135.227146836318
1714240800000,11128.01884683632
1714244400000,11128.80974683632
1714248000000,11128.497346836319
1714251600000,11129.887746836319
1714255200000,11129.761246836319
1714258800000,11129.65234683632
1714262400000,11127.612265627204
1714266000000,11125.907265627204
1714269600000,11126.413265627205
1714273200000,11121.839465627205
1714276800000,11121.800965627204
1714280400000,11123.508165627205
1714284000000,11122.337765627204
1714287600000,11122.423565627205
1714291200000,11122.449642146783
1714294800000,11125.405342146783
1714298400000,11124.431842146783
1714302000000,11125.090742146784
1714305600000,11126.76612013267
1714309200000,11126.76612013267
1714312800000,11126.76612013267
1714316400000,11126.76612013267
1714320000000,11126.76612013267
1714323600000,11126.76612013267
1714327200000,11126.76612013267
1714330800000,11126.76612013267
1714334400000,11126.76612013267
1714338000000,11126.76612013267
1714341600000,11126.76612013267
1714345200000,11126.76612013267
1714348800000,11126.76612013267
1714352400000,11126.76612013267
1714356000000,11126.76612013267
1714359600000,11126.76612013267
1714363200000,11126.76612013267
1714366800000,11126.76612013267
1714370400000,11126.76612013267
1714374000000,11126.76612013267
1714377600000,11125.445884250765
1714381200000,11126.901884250765
1714384800000,11124.200484250765
1714388400000,11125.708484250765
1714392000000,11128.026384250765
1714395600000,11123.993784250764
1714399200000,11130.682284250764
1714402800000,11119.627084250764
1714406400000,11118.061914335134
1714410000000,11120.074314335134
1714413600000,11117.434014335133
1714417200000,11121.540714335133
1714420800000,11117.913714335133
1714424400000,11118.246514335133
1714428000000,11116.992014335134
1714431600000,11105.426177768311
1714435200000,11105.426177768311
1714438800000,11105.426177768311
1714442400000,11105.426177768311
1714446000000,11105.426177768311
1714449600000,11105.426177768311
1714453200000,11105.426177768311
1714456800000,11105.426177768311
1714460400000,11105.426177768311
1714464000000,11105.426177768311
1714467600000,11105.426177768311
1714471200000,11105.426177768311
1714474800000,11105.426177768311
1714478400000,11104.968732145066
1714482000000,11105.065732145065
1714485600000,11109.402732145065
1714489200000,11104.198732145065
1714492800000,11108.66850347
1714496400000,11114.20550347
1714500000000,11112.91150347
1714503600000,11112.288503470001
1714507200000,11116.974085514921
1714510800000,11110.238635514921
1714514400000,11106.86328551492
1714518000000,11100.70243551492
1714521600000,11097.220872360947
1714525200000,11103.424772360948
1714528800000,11104.824072360947
1714532400000,11109.488772360948
1714536000000,11103.603722360947
1714539600000,11102.490472360949
1714543200000,11107.303872360948
1714546800000,11119.171822360948
1714550400000,11149.776272891619
1714554000000,11154.686622891617
1714557600000,11152.464972891617
1714561200000,11145.270222891617
1714564800000,11141.103772891618
1714568400000,11138.222372891618
1714572000000,11148.806572891617
1714575600000,11145.485222891617
1714579200000,11155.462941625097
1714582800000,11151.904191625097
1714586400000,11141.313991625097
1714590000000,11115.665241625096
1714593600000,11144.691041625096
1714597200000,11142.631241625097
1714600800000,11130.821541625097
1714604400000,11133.243591625096
1714608000000,11127.492581230015
1714611600000,11134.995331230015
1714615200000,11146.883481230016
1714618800000,11142.350181230015
1714622400000,11141.596881230014
1714626000000,11143.971281230015
1714629600000,11143.700031230013
1714633200000,11141.872781230015
1714636800000,11140.924154807477
1714640400000,11136.343804807477
1714644000000,11136.175454807479
1714647600000,11131.830654807478
1714651200000,11123.602404807478
1714654800000,11123.022054807476
1714658400000,11127.926554807476
1714662000000,11118.760704807477
1714665600000,11116.642625654564
1714669200000,11119.824625654564
1714672800000,11116.295925654564
1714676400000,11115.483475654562
1714680000000,11114.855925654563
1714683600000,11121.658225654564
1714687200000,11116.844475654563
1714690800000,11114.241675654563
1714694400000,11118.303776016768
1714698000000,11119.63372601677
1714701600000,11113.497026016768
1714705200000,11110.79607601677
1714708800000,11109.02742601677
1714712400000,11110.69282601677
1714716000000,11112.50842601677
1714719600000,11116.38122601677
1714723200000,11119.511100874173
1714726800000,11118.522300874174
1714730400000,11115.646500874174
1714734000000,11120.915500874173
1714737600000,11117.217550874173
1714741200000,11097.0329296626
1714744800000,11092.708089648671
1714748400000,11092.708089648671
1714752000000,11092.708089648671
1714755600000,11092.708089648671
1714759200000,11092.708089648671
1714762800000,11092.708089648671
1714766400000,11092.708089648671
1714770000000,11092.708089648671
1714773600000,11092.708089648671
1714777200000,11092.708089648671
1714780800000,11092.708089648671
1714784400000,11092.708089648671
1714788000000,11092.708089648671
1714791600000,11092.708089648671
1714795200000,11092.708089648671
1714798800000,11092.708089648671
1714802400000,11092.708089648671
1714806000000,11092.708089648671
1714809600000,11092.708089648671
1714813200000,11092.708089648671
1714816800000,11092.708089648671
1714820400000,11092.708089648671
1714824000000,11092.708089648671
1714827600000,11092.708089648671
1714831200000,11092.708089648671
1714834800000,11092.708089648671
1714838400000,11092.708089648671
1714842000000,11092.708089648671
1714845600000,11092.708089648671
1714849200000,11092.708089648671
1714852800000,11092.708089648671
1714856400000,11092.708089648671
1714860000000,11092.708089648671
1714863600000,11092.708089648671
1714867200000,11092.708089648671
1714870800000,11092.708089648671
1714874400000,11092.708089648671
1714878000000,11092.708089648671
1714881600000,11092.708089648671
1714885200000,11092.708089648671
1714888800000,11092.708089648671
1714892400000,11092.708089648671
1714896000000,11092.708089648671
1714899600000,11092.708089648671
1714903200000,11092.708089648671
1714906800000,11092.708089648671
1714910400000,11092.708089648671
1714914000000,11092.708089648671
1714917600000,11092.708089648671
1714921200000,11092.708089648671
1714924800000,11092.708089648671
1714928400000,11092.708089648671
1714932000000,11092.708089648671
1714935600000,11092.708089648671
1714939200000,11092.708089648671
1714942800000,11092.708089648671
1714946400000,11092.708089648671
1714950000000,11092.708089648671
1714953600000,11092.708089648671
1714957200000,11092.708089648671
1714960800000,11092.708089648671
1714964400000,11092.708089648671
1714968000000,11092.708089648671
1714971600000,11092.708089648671
1714975200000,11092.708089648671
1714978800000,11092.708089648671
1714982400000,11092.708089648671
1714986000000,11092.708089648671
1714989600000,11092.708089648671
1714993200000,11092.708089648671
1714996800000,11092.708089648671
1715000400000,11092.708089648671
1715004000000,11092.708089648671
1715007600000,11092.708089648671
1715011200000,11092.708089648671
1715014800000,11092.708089648671
1715018400000,11092.708089648671
1715022000000,11092.708089648671
1715025600000,11092.708089648671
1715029200000,11092.708089648671
1715032800000,11092.708089648671
1715036400000,11092.708089648671
1715040000000,11092.708089648671
1715043600000,11092.708089648671
1715047200000,11092.708089648671
1715050800000,11092.708089648671
1715054400000,11092.708089648671
1715058000000,11092.708089648671
1715061600000,11092.708089648671
1715065200000,11092.708089648671
1715068800000,11092.708089648671
1715072400000,11092.708089648671
1715076000000,11092.708089648671
1715079600000,11092.708089648671
1715083200000,11092.708089648671
1715086800000,11092.708089648671
1715090400000,11092.708089648671
1715094000000,11092.708089648671
1715097600000,11092.708089648671
1715101200000,11092.708089648671
1715104800000,11092.708089648671
1715108400000,11092.708089648671
1715112000000,11092.708089648671
1715115600000,11092.708089648671
1715119200000,11092.708089648671
1715122800000,11092.708089648671
1715126400000,11092.708089648671
1715130000000,11092.708089648671
1715133600000,11092.708089648671
1715137200000,11092.708089648671
1715140800000,11092.708089648671
1715144400000,11092.708089648671
1715148000000,11092.708089648671
1715151600000,11092.708089648671
1715155200000,11092.708089648671
1715158800000,11092.708089648671
1715162400000,11092.708089648671
1715166000000,11092.708089648671
1715169600000,11092.708089648671
1715173200000,11092.708089648671
1715176800000,11092.708089648671
1715180400000,11092.708089648671
1715184000000,11092.708089648671
1715187600000,11092.708089648671
1715191200000,11092.708089648671
1715194800000,11092.708089648671
1715198400000,11092.708089648671
1715202000000,11092.708089648671
1715205600000,11092.708089648671
1715209200000,11092.708089648671
1715212800000,11092.708089648671
1715216400000,11092.708089648671
1715220000000,11092.708089648671
1715223600000,11092.708089648671
1715227200000,11092.708089648671
1715230800000,11092.708089648671
1715234400000,11092.708089648671
1715238000000,11092.708089648671
1715241600000,11092.708089648671
1715245200000,11092.708089648671
1715248800000,11092.708089648671
1715252400000,11092.708089648671
1715256000000,11092.708089648671
1715259600000,11092.708089648671
1715263200000,11092.708089648671
1715266800000,11092.708089648671
1715270400000,11092.708089648671
1715274000000,11092.708089648671
1715277600000,11092.708089648671
1715281200000,11092.708089648671
1715284800000,11092.708089648671
1715288400000,11092.708089648671
1715292000000,11092.708089648671
1715295600000,11092.708089648671
1715299200000,11092.708089648671
1715302800000,11092.708089648671
1715306400000,11092.708089648671
1715310000000,11092.708089648671
1715313600000,11092.708089648671
1715317200000,11092.708089648671
1715320800000,11092.708089648671
1715324400000,11092.708089648671
1715328000000,11092.708089648671
1715331600000,11092.708089648671
1715335200000,11092.708089648671
1715338800000,11092.708089648671
1715342400000,11092.708089648671
1715346000000,11092.708089648671
1715349600000,11092.708089648671
1715353200000,11092.708089648671
1715356800000,11092.708089648671
1715360400000,11092.708089648671
1715364000000,11092.708089648671
1715367600000,11092.708089648671
1715371200000,11092.708089648671
1715374800000,11092.708089648671
1715378400000,11092.708089648671
1715382000000,11092.708089648671
1715385600000,11092.708089648671
1715389200000,11092.708089648671
1715392800000,11092.708089648671
1715396400000,11092.708089648671
1715400000000,11092.708089648671
1715403600000,11092.708089648671
1715407200000,11092.708089648671
1715410800000,11092.708089648671
1715414400000,11092.708089648671
1715418000000,11092.708089648671
1715421600000,11092.708089648671
1715425200000,11092.708089648671
1715428800000,11092.708089648671
1715432400000,11092.708089648671
1715436000000,11092.708089648671
1715439600000,11092.708089648671
1715443200000,11092.708089648671
1715446800000,11092.708089648671
1715450400000,11092.708089648671
1715454000000,11092.708089648671
1715457600000,11092.708089648671
1715461200000,11092.708089648671
1715464800000,11092.708089648671
1715468400000,11092.708089648671
1715472000000,11092.708089648671
1715475600000,11092.708089648671
1715479200000,11092.708089648671
1715482800000,11092.708089648671
1715486400000,11092.708089648671
1715490000000,11092.708089648671
1715493600000,11092.708089648671
1715497200000,11092.708089648671
1715500800000,11092.708089648671
1715504400000,11092.708089648671
1715508000000,11092.708089648671
1715511600000,11092.708089648671
1715515200000,11092.708089648671
1715518800000,11092.708089648671
1715522400000,11092.708089648671
1715526000000,11092.708089648671
1715529600000,11092.708089648671
1715533200000,11092.708089648671
1715536800000,11092.708089648671
1715540400000,11092.708089648671
1715544000000,11092.708089648671
1715547600000,11092.708089648671
1715551200000,11092.708089648671
1715554800000,11092.708089648671
1715558400000,11092.708089648671
1715562000000,11092.708089648671
1715565600000,11092.708089648671
1715569200000,11092.708089648671
1715572800000,11092.708089648671
1715576400000,11092.708089648671
1715580000000,11092.708089648671
1715583600000,11092.708089648671
1715587200000,11092.708089648671
1715590800000,11092.708089648671
1715594400000,11092.708089648671
1715598000000,11092.708089648671
1715601600000,11092.708089648671
1715605200000,11092.708089648671
1715608800000,11092.708089648671
1715612400000,11092.708089648671
1715616000000,11092.708089648671
1715619600000,11092.708089648671
1715623200000,11092.708089648671
1715626800000,11092.708089648671
1715630400000,11092.708089648671
1715634000000,11092.708089648671
1715637600000,11092.708089648671
1715641200000,11092.708089648671
1715644800000,11092.708089648671
1715648400000,11092.708089648671
1715652000000,11092.708089648671
1715655600000,11092.708089648671
1715659200000,11092.708089648671
1715662800000,11092.708089648671
1715666400000,11092.708089648671
1715670000000,11092.708089648671
1715673600000,11092.708089648671
1715677200000,11092.708089648671
1715680800000,11092.708089648671
1715684400000,11092.708089648671
1715688000000,11092.708089648671
1715691600000,11092.708089648671
1715695200000,11092.708089648671
1715698800000,11092.708089648671
1715702400000,11092.708089648671
1715706000000,11092.708089648671
1715709600000,11092.708089648671
1715713200000,11092.708089648671
1715716800000,11092.708089648671
1715720400000,11092.708089648671
1715724000000,11092.708089648671
1715727600000,11092.708089648671
1715731200000,11092.708089648671
1715734800000,11092.708089648671
1715738400000,11092.708089648671
1715742000000,11092.708089648671
1715745600000,11092.708089648671
1715749200000,11092.708089648671
1715752800000,11092.708089648671
1715756400000,11092.708089648671
1715760000000,11092.708089648671
1715763600000,11092.708089648671
1715767200000,11092.708089648671
1715770800000,11092.708089648671
1715774400000,11092.708089648671
1715778000000,11092.708089648671
1715781600000,11092.708089648671
1715785200000,11092.708089648671
1715788800000,11092.708089648671
1715792400000,11092.708089648671
1715796000000,11092.708089648671
1715799600000,11092.708089648671
1715803200000,11092.708089648671
1715806800000,11092.708089648671
1715810400000,11092.708089648671
1715814000000,11092.708089648671
1715817600000,11092.499212758925
1715821200000,11090.869212758926
1715824800000,11090.197212758925
1715828400000,11089.381212758926
1715832000000,11089.485212758926
1715835600000,11087.911212758925
1715839200000,11087.382212758925
1715842800000,11089.282212758926
1715846400000,11091.075181124865
1715850000000,11093.158181124865
1715853600000,11093.061181124865
1715857200000,11091.790181124865
1715860800000,11095.365181124866
1715864400000,11089.939181124864
1715868000000,11093.181181124864
1715871600000,11085.490181124866
1715875200000,11088.089868149435
1715878800000,11081.411868149435
1715882400000,11080.491868149435
1715886000000,11080.832868149435
1715889600000,11081.865868149434
1715893200000,11082.685868149434
1715896800000,11084.413868149435
1715900400000,11083.930868149435
1715904000000,11082.632561437775
1715907600000,11084.116561437773
1715911200000,11083.248561437775
1715914800000,11083.703561437775
1715918400000,11085.511561437774
1715922000000,11084.334561437774
1715925600000,11086.585561437774
1715929200000,11089.992561437773
1715932800000,11093.714153690755
1715936400000,11091.308153690754
1715940000000,11093.289153690754
1715943600000,11095.020153690755
1715947200000,11092.039153690754
1715950800000,11093.638153690754
1715954400000,11089.399153690754
1715958000000,11097.489153690754
1715961600000,11102.281155225635
1715965200000,11099.332155225635
1715968800000,11096.168155225634
1715972400000,11098.142155225634
1715976000000,11098.955155225634
1715979600000,11098.860155225635
1715983200000,11097.641155225634
1715986800000,11097.290155225635
1715990400000,11098.955948758934
1715994000000,11098.567948758933
1715997600000,11099.407948758933
1716001200000,11099.124948758934
1716004800000,11099.738948758933
1716008400000,11098.415948758933
1716012000000,11098.681948758933
1716015600000,11099.224948758932
1716019200000,11098.284383139846
1716022800000,11100.055383139845
1716026400000,11100.585383139845
1716030000000,11102.196383139846
1716033600000,11101.608383139845
1716037200000,11098.726383139845
1716040800000,11098.177383139846
1716044400000,11098.053383139846
1716048000000,11098.186672336657
1716051600000,11098.894672336657
1716055200000,11098.132672336656
1716058800000,11097.758672336657
1716062400000,11098.643672336657
1716066000000,11099.348672336657
1716069600000,11098.736672336658
1716073200000,11099.286672336657
1716076800000,11099.503337895134
1716080400000,11098.912337895135
1716084000000,11099.166337895134
1716087600000,11101.696337895135
1716091200000,11101.395337895134
1716094800000,11101.307337895134
1716098400000,11100.721337895135
1716102000000,11100.163337895134
1716105600000,11103.000275068956
1716109200000,11101.345275068956
1716112800000,11101.782275068956
1716116400000,11102.245275068955
1716120000000,11102.632275068956
1716123600000,11098.536275068956
1716127200000,11100.261275068957
1716130800000,11098.595275068956
1716134400000,11098.462321193465
1716138000000,11096.777321193465
1716141600000,11096.711321193467
1716145200000,11095.682321193466
1716148800000,11090.620321193466
1716152400000,11091.453321193465
1716156000000,11092.165321193466
1716159600000,11092.969321193466
1716163200000,11092.442180761887
1716166800000,11095.015180761886
1716170400000,11094.708180761887
1716174000000,11096.154180761887
1716177600000,11096.012180761887
1716181200000,11100.962180761886
1716184800000,11101.109180761887
1716188400000,11094.441180761887
1716192000000,11098.494622748034
1716195600000,11097.352622748034
1716199200000,11098.603622748034
1716202800000,11100.472622748033
1716206400000,11099.725622748034
1716210000000,11099.162622748034
1716213600000,11100.269622748034
1716217200000,11099.053622748033
1716220800000,11104.503425175046
1716224400000,11110.958425175046
1716228000000,11113.635425175045
1716231600000,11116.890425175046
1716235200000,11133.271425175046
1716238800000,11124.919425175045
1716242400000,11126.134425175045
1716246000000,11125.876425175045
1716249600000,11145.650252999836
1716253200000,11145.360482999835
1716256800000,11143.042072999835
1716260400000,11144.191352999835
1716264000000,11145.792592999835
1716267600000,11138.214682999835
1716271200000,11139.911672999835
1716274800000,11142.289662999836
1716278400000,11138.180020025484
1716282000000,11139.307340025485
1716285600000,11141.744700025485
1716289200000,11144.459070025485
1716292800000,11151.902030025485
1716296400000,11155.349890025484
1716300000000,11146.587050025484
1716303600000,11143.449370025484
1716307200000,11138.008877618793
1716310800000,11137.072997618792
1716314400000,11137.427127618794
1716318000000,11134.846837618792
1716321600000,11126.945687618792
1716325200000,11134.885647618794
1716328800000,11136.157077618793
1716332400000,11145.244347618793
1716336000000,11143.8991324926
1716339600000,11141.2879424926
1716343200000,11143.4028324926
1716346800000,11142.5625924926
1716350400000,11141.894602492599
1716354000000,11133.9179624926
1716357600000,11137.8200824926
1716361200000,11138.0847324926
1716364800000,11134.306907434073
1716368400000,11139.245607434073
1716372000000,11134.966557434074
1716375600000,11138.611487434073
1716379200000,11128.822497434074
1716382800000,11128.457897434075
1716386400000,11128.022587434074
1716390000000,11137.691097434074
1716393600000,11143.364825687075
1716397200000,11140.938845687075
1716400800000,11135.216635687073
1716404400000,11131.282135687075
1716408000000,11133.243865687075
1716411600000,11132.270215687073
1716415200000,11126.600241938464
1716418800000,11123.611671938463
1716422400000,11122.881841416463
1716426000000,11124.915931416464
1716429600000,11124.833481416465
1716433200000,11125.752071416464
1716436800000,11127.102311416464
1716440400000,11127.551421416463
1716444000000,11125.503751416463
1716447600000,11128.083951416464
1716451200000,11129.88994127619
1716454800000,11129.81816127619
1716458400000,11129.172141276189
1716462000000,11131.47880127619
1716465600000,11140.14866127619
1716469200000,11136.32686127619
1716472800000,11128.001351276189
1716476400000,11126.234011276189
1716480000000,11130.273910441188
1716483600000,11128.712210441188
1716487200000,11127.332870441189
1716490800000,11126.655810441189
1716494400000,11101.331581053048
1716498000000,11101.331581053048
1716501600000,11101.331581053048
1716505200000,11101.331581053048
1716508800000,11101.331581053048
1716512400000,11101.331581053048
1716516000000,11101.331581053048
1716519600000,11101.331581053048
1716523200000,11101.331581053048
1716526800000,11101.331581053048
1716530400000,11101.331581053048
1716534000000,11101.331581053048
1716537600000,11101.331581053048
1716541200000,11101.331581053048
1716544800000,11101.331581053048
1716548400000,11101.331581053048
1716552000000,11101.331581053048
1716555600000,11101.331581053048
1716559200000,11101.331581053048
1716562800000,11101.331581053048
1716566400000,11101.331581053048
1716570000000,11101.331581053048
1716573600000,11101.331581053048
1716577200000,11101.331581053048
1716580800000,11101.331581053048
1716584400000,11101.331581053048
1716588000000,11101.331581053048
1716591600000,11101.331581053048
1716595200000,11101.331581053048
1716598800000,11101.331581053048
1716602400000,11101.331581053048
1716606000000,11101.331581053048
1716609600000,11101.331581053048
1716613200000,11101.331581053048
1716616800000,11101.331581053048
1716620400000,11101.331581053048
1716624000000,11101.331581053048
1716627600000,11101.331581053048
1716631200000,11101.331581053048
1716634800000,11101.331581053048
1716638400000,11101.331581053048
1716642000000,11101.331581053048
1716645600000,11101.331581053048
1716649200000,11101.331581053048
1716652800000,11101.331581053048
1716656400000,11101.331581053048
1716660000000,11101.331581053048
1716663600000,11101.331581053048
1716667200000,11101.331581053048
1716670800000,11101.331581053048
1716674400000,11101.331581053048
1716678000000,11101.331581053048
1716681600000,11101.331581053048
1716685200000,11101.331581053048
1716688800000,11101.331581053048
1716692400000,11101.331581053048
1716696000000,11101.331581053048
1716699600000,11101.331581053048
1716703200000,11101.331581053048
1716706800000,11101.331581053048
1716710400000,11101.331581053048
1716714000000,11101.331581053048
1716717600000,11101.331581053048
1716721200000,11101.331581053048
1716724800000,11101.331581053048
1716728400000,11101.331581053048
1716732000000,11101.331581053048
1716735600000,11101.331581053048
1716739200000,11101.331581053048
1716742800000,11101.331581053048
1716746400000,11101.331581053048
1716750000000,11101.331581053048
1716753600000,11101.331581053048
1716757200000,11101.331581053048
1716760800000,11101.331581053048
1716764400000,11101.331581053048
1716768000000,11101.331581053048
1716771600000,11101.331581053048
1716775200000,11101.331581053048
1716778800000,11101.331581053048
1716782400000,11100.487832521878
1716786000000,11100.918822521879
1716789600000,11098.363012521879
1716793200000,11097.641202521878
1716796800000,11100.31602038888
1716800400000,11099.439630388879
1716804000000,11099.08462038888
1716807600000,11098.65101038888
1716811200000,11098.79773038888
1716814800000,11099.372820388879
1716818400000,11102.632100388879
1716822000000,11104.56828038888
1716825600000,11106.709267798044
1716829200000,11104.342097798042
1716832800000,11103.118557798043
1716836400000,11101.960517798043
1716840000000,11092.867807798042
1716843600000,11097.473767798043
1716847200000,11096.601307798042
1716850800000,11096.048487798043
1716854400000,11097.256359019042
1716858000000,11095.181319019042
1716861600000,11091.438649019043
1716865200000,11093.427229019042
1716868800000,11091.463539019043
1716872400000,11089.535219019042
1716876000000,11092.859999019043
1716879600000,11092.478789019042
1716883200000,11090.59172965724
1716886800000,11094.51124965724
1716890400000,11095.19375965724
1716894000000,11097.98667965724
1716897600000,11098.05610965724
1716901200000,11097.199369657239
1716904800000,11091.87421965724
1716908400000,11092.63663965724
1716912000000,11093.246976526802
1716915600000,11088.250636526802
1716919200000,11088.749746526802
1716922800000,11082.732676495525
1716926400000,11082.732676495525
1716930000000,11082.732676495525
1716933600000,11082.732676495525
1716937200000,11082.732676495525
1716940800000,11082.732676495525
1716944400000,11082.732676495525
1716948000000,11082.732676495525
1716951600000,11082.732676495525
1716955200000,11082.732676495525
1716958800000,11082.732676495525
1716962400000,11082.732676495525
1716966000000,11082.732676495525
1716969600000,11082.732676495525
1716973200000,11082.732676495525
1716976800000,11082.732676495525
1716980400000,11082.732676495525
1716984000000,11082.732676495525
1716987600000,11082.732676495525
1716991200000,11082.732676495525
1716994800000,11082.732676495525
1716998400000,11082.732676495525
1717002000000,11082.732676495525
1717005600000,11082.732676495525
1717009200000,11082.732676495525
1717012800000,11082.732676495525
1717016400000,11082.732676495525
1717020000000,11082.732676495525
1717023600000,11082.732676495525
1717027200000,11082.732676495525
1717030800000,11082.732676495525
1717034400000,11082.732676495525
1717038000000,11082.732676495525
1717041600000,11082.732676495525
1717045200000,11082.732676495525
1717048800000,11082.732676495525
1717052400000,11082.732676495525
1717056000000,11082.732676495525
1717059600000,11082.732676495525
1717063200000,11082.732676495525
1717066800000,11082.732676495525
1717070400000,11082.732676495525
1717074000000,11082.732676495525
1717077600000,11082.732676495525
1717081200000,11082.732676495525
1717084800000,11082.732676495525
1717088400000,11082.732676495525
1717092000000,11082.732676495525
1717095600000,11082.732676495525
1717099200000,11082.732676495525
1717102800000,11082.732676495525
1717106400000,11082.732676495525
1717110000000,11082.732676495525
1717113600000,11082.732676495525
1717117200000,11082.732676495525
1717120800000,11082.732676495525
1717124400000,11082.732676495525
1717128000000,11082.732676495525
1717131600000,11082.732676495525
1717135200000,11082.732676495525
1717138800000,11082.732676495525
1717142400000,11082.732676495525
1717146000000,11082.732676495525
1717149600000,11082.732676495525
1717153200000,11082.732676495525
1717156800000,11082.732676495525
1717160400000,11082.732676495525
1717164000000,11082.732676495525
1717167600000,11082.732676495525
1717171200000,11082.732676495525
1717174800000,11082.732676495525
1717178400000,11082.732676495525
1717182000000,11082.732676495525
1717185600000,11082.732676495525
1717189200000,11082.732676495525
1717192800000,11082.732676495525
1717196400000,11082.732676495525
1717200000000,11082.732676495525
1717203600000,11082.732676495525
1717207200000,11082.732676495525
1717210800000,11082.732676495525
1717214400000,11082.732676495525
1717218000000,11082.732676495525
1717221600000,11082.732676495525
1717225200000,11082.732676495525
1717228800000,11082.732676495525
1717232400000,11082.732676495525
1717236000000,11082.732676495525
1717239600000,11082.732676495525
1717243200000,11082.732676495525
1717246800000,11082.732676495525
1717250400000,11082.732676495525
1717254000000,11082.732676495525
1717257600000,11082.732676495525
1717261200000,11082.732676495525
1717264800000,11082.732676495525
1717268400000,11082.732676495525
1717272000000,11082.732676495525
1717275600000,11082.732676495525
1717279200000,11082.732676495525
1717282800000,11082.732676495525
1717286400000,11082.732676495525
1717290000000,11082.732676495525
1717293600000,11082.732676495525
1717297200000,11082.732676495525
1717300800000,11082.732676495525
1717304400000,11082.732676495525
1717308000000,11082.732676495525
1717311600000,11082.732676495525
1717315200000,11082.732676495525
1717318800000,11082.732676495525
1717322400000,11082.732676495525
1717326000000,11082.732676495525
1717329600000,11082.732676495525
1717333200000,11082.732676495525
1717336800000,11082.732676495525
1717340400000,11082.732676495525
1717344000000,11082.732676495525
1717347600000,11082.732676495525
1717351200000,11082.732676495525
1717354800000,11082.732676495525
1717358400000,11082.732676495525
1717362000000,11082.732676495525
1717365600000,11082.732676495525
1717369200000,11082.732676495525
1717372800000,11082.732676495525
1717376400000,11082.732676495525
1717380000000,11082.732676495525
1717383600000,11082.732676495525
1717387200000,11082.732676495525
1717390800000,11082.732676495525
1717394400000,11082.732676495525
1717398000000,11082.732676495525
1717401600000,11082.732676495525
1717405200000,11082.732676495525
1717408800000,11082.732676495525
1717412400000,11082.732676495525
1717416000000,11082.732676495525
1717419600000,11082.732676495525
1717423200000,11082.732676495525
1717426800000,11082.732676495525
1717430400000,11082.732676495525
1717434000000,11082.732676495525
1717437600000,11082.732676495525
1717441200000,11082.732676495525
1717444800000,11082.732676495525
1717448400000,11082.732676495525
1717452000000,11082.732676495525
1717455600000,11082.732676495525
1717459200000,11082.732676495525
1717462800000,11082.732676495525
1717466400000,11082.732676495525
1717470000000,11082.732676495525
1717473600000,11082.732676495525
1717477200000,11082.732676495525
1717480800000,11082.732676495525
1717484400000,11082.732676495525
1717488000000,11082.732676495525
1717491600000,11082.732676495525
1717495200000,11082.732676495525
1717498800000,11082.732676495525
1717502400000,11082.732676495525
1717506000000,11082.732676495525
1717509600000,11082.732676495525
1717513200000,11082.732676495525
1717516800000,11082.732676495525
1717520400000,11082.732676495525
1717524000000,11082.732676495525
1717527600000,11082.732676495525
1717531200000,11082.732676495525
1717534800000,11082.732676495525
1717538400000,11082.732676495525
1717542000000,11082.732676495525
1717545600000,11082.732676495525
1717549200000,11082.732676495525
1717552800000,11082.732676495525
1717556400000,11082.732676495525
1717560000000,11082.732676495525
1717563600000,11082.732676495525
1717567200000,11082.732676495525
1717570800000,11082.732676495525
1717574400000,11082.732676495525
1717578000000,11082.732676495525
1717581600000,11082.732676495525
1717585200000,11082.732676495525
1717588800000,11082.732676495525
1717592400000,11082.732676495525
1717596000000,11082.732676495525
1717599600000,11082.732676495525
1717603200000,11082.221131455015
1717606800000,11079.530531455015
1717610400000,11082.882231455014
1717614000000,11076.569331455014
1717617600000,11078.913431455014
1717621200000,11077.496631455015
1717624800000,11076.687031455014
1717628400000,11076.879531455013
1717632000000,11076.926682668172
1717635600000,11075.277782668172
1717639200000,11076.417382668173
1717642800000,11076.935482668172
1717646400000,11076.043382668173
1717650000000,11076.162182668173
1717653600000,11074.177782668172
1717657200000,11073.972082668173
1717660800000,11075.540477256794
1717664400000,11074.818877256794
1717668000000,11075.167577256794
1717671600000,11075.574577256793
1717675200000,11076.704277256795
1717678800000,11076.738377256794
1717682400000,11075.687877256794
1717686000000,11080.162677256794
1717689600000,11078.694223173823
1717693200000,11074.079723173822
1717696800000,11076.291823173822
1717700400000,11075.818823173822
1717704000000,11068.875623173823
1717707600000,11072.461623173822
1717711200000,11072.372523173823
1717714800000,11073.738723173823
1717718400000,11072.785210283822
1717722000000,11073.855510283824
1717725600000,11073.100910283823
1717729200000,11073.209810283823
1717732800000,11075.189810283822
1717736400000,11077.383210283822
1717740000000,11078.468910283822
1717743600000,11077.654910283823
1717747200000,11076.404047593824
1717750800000,11076.347947593822
1717754400000,11078.522647593823
1717758000000,11079.082547593824
1717761600000,11083.439647593823
1717765200000,11078.211347593822
1717768800000,11080.365147593822
1717772400000,11078.885647593823
1717776000000,11075.529183394821
1717779600000,11072.437083394821
1717783200000,11063.859069650838
1717786800000,11063.859069650838
1717790400000,11063.859069650838
1717794000000,11063.859069650838
1717797600000,11063.859069650838
1717801200000,11063.859069650838
1717804800000,11063.859069650838
1717808400000,11063.859069650838
1717812000000,11063.859069650838
1717815600000,11063.859069650838
1717819200000,11063.859069650838
1717822800000,11063.859069650838
1717826400000,11063.859069650838
1717830000000,11063.859069650838
1717833600000,11063.859069650838
1717837200000,11063.859069650838
1717840800000,11063.859069650838
1717844400000,11063.859069650838
1717848000000,11063.859069650838
1717851600000,11063.859069650838
1717855200000,11063.859069650838
1717858800000,11063.859069650838
1717862400000,11063.859069650838
1717866000000,11063.859069650838
1717869600000,11063.859069650838
1717873200000,11063.859069650838
1717876800000,11063.859069650838
1717880400000,11063.859069650838
1717884000000,11063.859069650838
1717887600000,11063.859069650838
1717891200000,11063.859069650838
1717894800000,11063.859069650838
1717898400000,11063.859069650838
1717902000000,11063.859069650838
1717905600000,11063.859069650838
1717909200000,11063.859069650838
1717912800000,11063.859069650838
1717916400000,11063.859069650838
1717920000000,11063.859069650838
1717923600000,11063.859069650838
1717927200000,11063.859069650838
1717930800000,11063.859069650838
1717934400000,11063.859069650838
1717938000000,11063.859069650838
1717941600000,11063.859069650838
1717945200000,11063.859069650838
1717948800000,11063.859069650838
1717952400000,11063.859069650838
1717956000000,11063.859069650838
1717959600000,11063.859069650838
1717963200000,11063.859069650838
1717966800000,11063.859069650838
1717970400000,11063.859069650838
1717974000000,11063.859069650838
1717977600000,11063.859069650838
1717981200000,11063.859069650838
1717984800000,11063.859069650838
1717988400000,11063.859069650838
1717992000000,11063.859069650838
1717995600000,11063.859069650838
1717999200000,11063.859069650838
1718002800000,11063.859069650838
1718006400000,11063.859069650838
1718010000000,11063.859069650838
1718013600000,11063.859069650838
1718017200000,11063.859069650838
1718020800000,11063.859069650838
1718024400000,11063.859069650838
1718028000000,11063.859069650838
1718031600000,11063.859069650838
1718035200000,11063.859069650838
1718038800000,11063.859069650838
1718042400000,11063.859069650838
1718046000000,11063.859069650838
1718049600000,11063.859069650838
1718053200000,11063.859069650838
1718056800000,11063.859069650838
1718060400000,11063.859069650838
1718064000000,11063.859069650838
1718067600000,11063.859069650838
1718071200000,11063.859069650838
1718074800000,11063.859069650838
1718078400000,11063.859069650838
1718082000000,11063.859069650838
1718085600000,11063.859069650838
1718089200000,11063.859069650838
1718092800000,11063.859069650838
1718096400000,11063.859069650838
1718100000000,11063.859069650838
1718103600000,11063.859069650838
1718107200000,11063.859069650838
1718110800000,11063.859069650838
1718114400000,11063.859069650838
1718118000000,11063.859069650838
1718121600000,11063.859069650838
1718125200000,11063.859069650838
1718128800000,11063.859069650838
1718132400000,11063.859069650838
1718136000000,11063.859069650838
1718139600000,11063.859069650838
1718143200000,11063.859069650838
1718146800000,11063.859069650838
1718150400000,11063.859069650838
1718154000000,11063.859069650838
1718157600000,11063.859069650838
1718161200000,11063.859069650838
1718164800000,11063.859069650838
1718168400000,11063.859069650838
1718172000000,11063.859069650838
1718175600000,11063.859069650838
1718179200000,11063.859069650838
1718182800000,11063.859069650838
1718186400000,11063.859069650838
1718190000000,11063.859069650838
1718193600000,11063.859069650838
1718197200000,11063.859069650838
1718200800000,11063.859069650838
1718204400000,11063.859069650838
1718208000000,11063.859069650838
1718211600000,11063.859069650838
1718215200000,11063.859069650838
1718218800000,11063.859069650838
1718222400000,11063.859069650838
1718226000000,11063.859069650838
1718229600000,11063.859069650838
1718233200000,11063.859069650838
1718236800000,11063.859069650838
1718240400000,11063.859069650838
1718244000000,11063.859069650838
1718247600000,11063.859069650838
1718251200000,11063.859069650838
1718254800000,11063.859069650838
1718258400000,11063.859069650838
1718262000000,11063.859069650838
1718265600000,11063.859069650838
1718269200000,11063.859069650838
1718272800000,11063.859069650838
1718276400000,11063.859069650838
1718280000000,11063.859069650838
1718283600000,11063.859069650838
1718287200000,11063.859069650838
1718290800000,11063.859069650838
1718294400000,11063.859069650838
1718298000000,11063.859069650838
1718301600000,11063.859069650838
1718305200000,11063.859069650838
1718308800000,11063.859069650838
1718312400000,11063.859069650838
1718316000000,11063.859069650838
1718319600000,11063.859069650838
1718323200000,11063.859069650838
1718326800000,11063.859069650838
1718330400000,11063.859069650838
1718334000000,11063.859069650838
1718337600000,11063.859069650838
1718341200000,11063.859069650838
1718344800000,11063.859069650838
1718348400000,11063.859069650838
1718352000000,11063.859069650838
1718355600000,11063.859069650838
1718359200000,11063.859069650838
1718362800000,11063.859069650838
1718366400000,11063.859069650838
1718370000000,11063.859069650838
1718373600000,11063.859069650838
1718377200000,11063.859069650838
1718380800000,11063.859069650838
1718384400000,11063.859069650838
1718388000000,11063.859069650838
1718391600000,11063.859069650838
1718395200000,11063.859069650838
1718398800000,11063.859069650838
1718402400000,11063.859069650838
1718406000000,11063.859069650838
1718409600000,11063.859069650838
1718413200000,11063.859069650838
1718416800000,11063.859069650838
1718420400000,11063.859069650838
1718424000000,11063.859069650838
1718427600000,11063.859069650838
1718431200000,11063.859069650838
1718434800000,11063.859069650838
1718438400000,11063.859069650838
1718442000000,11063.859069650838
1718445600000,11063.859069650838
1718449200000,11063.859069650838
1718452800000,11063.859069650838
1718456400000,11063.859069650838
1718460000000,11063.859069650838
1718463600000,11063.859069650838
1718467200000,11063.859069650838
1718470800000,11063.859069650838
1718474400000,11063.859069650838
1718478000000,11063.859069650838
1718481600000,11063.859069650838
1718485200000,11063.859069650838
1718488800000,11063.859069650838
1718492400000,11063.859069650838
1718496000000,11063.859069650838
1718499600000,11063.859069650838
1718503200000,11063.859069650838
1718506800000,11063.859069650838
1718510400000,11063.859069650838
1718514000000,11063.859069650838
1718517600000,11063.859069650838
1718521200000,11063.859069650838
1718524800000,11063.859069650838
1718528400000,11063.859069650838
1718532000000,11063.859069650838
1718535600000,11063.859069650838
1718539200000,11063.859069650838
1718542800000,11063.859069650838
1718546400000,11063.859069650838
1718550000000,11063.859069650838
1718553600000,11063.859069650838
1718557200000,11063.859069650838
1718560800000,11063.859069650838
1718564400000,11063.859069650838
1718568000000,11063.859069650838
1718571600000,11063.859069650838
1718575200000,11063.859069650838
1718578800000,11063.859069650838
1718582400000,11063.859069650838
1718586000000,11063.859069650838
1718589600000,11063.859069650838
1718593200000,11063.859069650838
1718596800000,11063.859069650838
1718600400000,11063.859069650838
1718604000000,11063.859069650838
1718607600000,11063.859069650838
1718611200000,11063.859069650838
1718614800000,11063.859069650838
1718618400000,11063.859069650838
1718622000000,11063.859069650838
1718625600000,11063.859069650838
1718629200000,11063.859069650838
1718632800000,11063.859069650838
1718636400000,11063.859069650838
1718640000000,11063.859069650838
1718643600000,11063.859069650838
1718647200000,11063.859069650838
1718650800000,11063.859069650838
1718654400000,11063.859069650838
1718658000000,11063.859069650838
1718661600000,11063.859069650838
1718665200000,11063.859069650838
1718668800000,11063.859069650838
1718672400000,11063.859069650838
1718676000000,11063.859069650838
1718679600000,11063.859069650838
1718683200000,11063.859069650838
1718686800000,11063.859069650838
1718690400000,11063.859069650838
1718694000000,11063.859069650838
1718697600000,11063.859069650838
1718701200000,11063.859069650838
1718704800000,11063.859069650838
1718708400000,11063.859069650838
1718712000000,11063.859069650838
1718715600000,11063.859069650838
1718719200000,11063.859069650838
1718722800000,11063.859069650838
1718726400000,11063.859069650838
1718730000000,11063.859069650838
1718733600000,11063.859069650838
1718737200000,11063.859069650838
1718740800000,11063.859069650838
1718744400000,11063.859069650838
1718748000000,11063.859069650838
1718751600000,11063.859069650838
1718755200000,11063.859069650838
1718758800000,11063.859069650838
1718762400000,11063.859069650838
1718766000000,11063.859069650838
1718769600000,11063.859069650838
1718773200000,11063.859069650838
1718776800000,11063.859069650838
1718780400000,11063.859069650838
1718784000000,11063.859069650838
1718787600000,11063.859069650838
1718791200000,11063.859069650838
1718794800000,11063.859069650838
1718798400000,11063.859069650838
1718802000000,11063.859069650838
1718805600000,11063.859069650838
1718809200000,11063.859069650838
1718812800000,11063.859069650838
1718816400000,11063.859069650838
1718820000000,11063.859069650838
1718823600000,11063.859069650838
1718827200000,11063.859069650838
1718830800000,11063.859069650838
1718834400000,11063.859069650838
1718838000000,11063.859069650838
1718841600000,11063.859069650838
1718845200000,11063.859069650838
1718848800000,11063.859069650838
1718852400000,11063.859069650838
1718856000000,11063.859069650838
1718859600000,11063.859069650838
1718863200000,11063.859069650838
1718866800000,11063.859069650838
1718870400000,11063.859069650838
1718874000000,11063.859069650838
1718877600000,11063.859069650838
1718881200000,11063.859069650838
1718884800000,11063.859069650838
1718888400000,11063.859069650838
1718892000000,11063.859069650838
1718895600000,11063.859069650838
1718899200000,11062.592290334462
1718902800000,11062.763890334461
1718906400000,11061.164290334462
1718910000000,11059.93069033446
1718913600000,11059.953490334461
1718917200000,11059.89469033446
1718920800000,11060.40469033446
1718924400000,11061.109090334461
1718928000000,11062.341114907453
1718931600000,11063.013114907453
1718935200000,11061.270714907452
1718938800000,11063.523114907453
1718942400000,11067.586314907452
1718946000000,11064.844314907452
1718949600000,11065.111914907453
1718953200000,11064.802314907452
1718956800000,11070.197553287484
1718960400000,11076.808353287484
1718964000000,11071.824753287485
1718967600000,11073.696753287484
1718971200000,11075.652753287484
1718974800000,11074.635153287485
1718978400000,11076.846753287484
1718982000000,11069.850753287485
1718985600000,11076.929205186676
1718989200000,11077.822005186676
1718992800000,11076.463605186675
1718996400000,11071.307205186675
1719000000000,11068.804005186676
1719003600000,11070.836805186676
1719007200000,11071.830405186676
1719010800000,11070.911205186676
1719014400000,11071.103354106675
1719018000000,11072.328554106674
1719021600000,11071.169354106674
1719025200000,11069.189354106675
1719028800000,11069.188154106674
1719032400000,11069.006954106675
1719036000000,11068.176554106674
1719039600000,11068.064954106674
1719043200000,11067.081839221226
1719046800000,11069.688239221226
1719050400000,11069.195039221226
1719054000000,11069.305439221227
1719057600000,11069.735039221227
1719061200000,11069.838239221226
1719064800000,11069.748239221226
1719068400000,11069.597039221226
1719072000000,11069.34897938509
1719075600000,11069.06337938509
1719079200000,11070.19257938509
1719082800000,11070.007779385089
1719086400000,11069.53857938509
1719090000000,11069.85537938509
1719093600000,11069.34897938509
1719097200000,11069.45697938509
1719100800000,11069.76927041086
1719104400000,11067.43647041086
1719108000000,11067.687270410861
1719111600000,11067.33327041086
1719115200000,11068.35207041086
1719118800000,11068.73127041086
1719122400000,11068.84527041086
1719126000000,11068.86567041086
1719129600000,11068.074696166144
1719133200000,11068.409496166143
1719136800000,11068.336296166144
1719140400000,11070.024696166143
1719144000000,11069.236296166144
1719147600000,11068.432296166144
1719151200000,11069.641896166144
1719154800000,11071.389096166144
1719158400000,11071.955448078448
1719162000000,11073.729048078449
1719165600000,11071.848648078449
1719169200000,11071.947048078448
1719172800000,11071.566648078448
1719176400000,11076.628248078448
1719180000000,11075.787048078448
1719183600000,11077.481448078448
1719187200000,11082.224148099642
1719190800000,11085.036948099641
1719194400000,11081.524548099642
1719198000000,11087.207748099641
1719201600000,11087.061348099642
1719205200000,11086.81534809964
1719208800000,11093.043348099642
1719212400000,11092.401348099642
1719216000000,11091.59786841964
1719219600000,11087.23826841964
1719223200000,11104.66586841964
1719226800000,11107.18826841964
1719230400000,11106.51986841964
1719234000000,11107.75466841964
1719237600000,11101.59266841964
1719241200000,11106.31586841964
1719244800000,11111.855721624377
1719248400000,11118.863721624377
1719252000000,11118.302121624376
1719255600000,11117.014521624376
1719259200000,11126.571321624377
1719262800000,11126.997321624376
1719266400000,11120.572521624375
1719270000000,11121.122121624376
1719273600000,11118.32117716674
1719277200000,11116.919577166738
1719280800000,11114.717577166739
1719284400000,11113.998777166738
1719288000000,11106.47029846176
1719291600000,11106.47029846176
1719295200000,11106.47029846176
1719298800000,11106.47029846176
1719302400000,11106.47029846176
1719306000000,11106.47029846176
1719309600000,11106.47029846176
1719313200000,11106.47029846176
1719316800000,11106.47029846176
1719320400000,11106.47029846176
1719324000000,11106.47029846176
1719327600000,11106.47029846176
1719331200000,11106.47029846176
1719334800000,11106.47029846176
1719338400000,11106.47029846176
1719342000000,11106.47029846176
1719345600000,11106.47029846176
1719349200000,11106.47029846176
1719352800000,11106.47029846176
1719356400000,11106.47029846176
1719360000000,11106.47029846176
1719363600000,11106.47029846176
1719367200000,11106.47029846176
1719370800000,11106.47029846176
1719374400000,11106.47029846176
1719378000000,11106.47029846176
1719381600000,11106.47029846176
1719385200000,11106.47029846176
1719388800000,11106.47029846176
1719392400000,11106.47029846176
1719396000000,11106.47029846176
1719399600000,11106.47029846176
1719403200000,11106.47029846176
1719406800000,11106.47029846176
1719410400000,11106.47029846176
1719414000000,11106.47029846176
1719417600000,11106.47029846176
1719421200000,11106.47029846176
1719424800000,11106.47029846176
1719428400000,11106.47029846176
1719432000000,11106.47029846176
1719435600000,11106.47029846176
1719439200000,11106.47029846176
1719442800000,11106.47029846176
1719446400000,11106.47029846176
1719450000000,11106.47029846176
1719453600000,11106.47029846176
1719457200000,11106.47029846176
1719460800000,11106.47029846176
1719464400000,11106.47029846176
1719468000000,11106.47029846176
1719471600000,11106.47029846176
1719475200000,11106.47029846176
1719478800000,11106.47029846176
1719482400000,11106.47029846176
1719486000000,11106.47029846176
1719489600000,11106.47029846176
1719493200000,11106.47029846176
1719496800000,11106.47029846176
1719500400000,11106.47029846176
1719504000000,11106.47029846176
1719507600000,11106.47029846176
1719511200000,11106.47029846176
1719514800000,11106.47029846176
1719518400000,11106.47029846176
1719522000000,11106.47029846176
1719525600000,11106.47029846176
1719529200000,11106.47029846176
1719532800000,11106.47029846176
1719536400000,11106.47029846176
1719540000000,11106.47029846176
1719543600000,11106.47029846176
1719547200000,11106.47029846176
1719550800000,11106.47029846176
1719554400000,11106.47029846176
1719558000000,11106.47029846176
1719561600000,11106.47029846176
1719565200000,11106.47029846176
1719568800000,11106.47029846176
1719572400000,11106.47029846176
1719576000000,11106.47029846176
1719579600000,11106.47029846176
1719583200000,11106.47029846176
1719586800000,11106.47029846176
1719590400000,11106.47029846176
1719594000000,11106.47029846176
1719597600000,11106.47029846176
1719601200000,11106.47029846176
1719604800000,11106.47029846176
1719608400000,11106.47029846176
1719612000000,11106.47029846176
1719615600000,11106.47029846176
1719619200000,11106.47029846176
1719622800000,11106.47029846176
1719626400000,11106.47029846176
1719630000000,11106.47029846176
1719633600000,11106.47029846176
1719637200000,11106.47029846176
1719640800000,11106.47029846176
1719644400000,11106.47029846176
1719648000000,11106.47029846176
1719651600000,11106.47029846176
1719655200000,11106.47029846176
1719658800000,11106.47029846176
1719662400000,11106.47029846176
1719666000000,11106.47029846176
1719669600000,11106.47029846176
1719673200000,11106.47029846176
1719676800000,11106.47029846176
1719680400000,11106.47029846176
1719684000000,11106.47029846176
1719687600000,11106.47029846176
1719691200000,11106.038480304805
1719694800000,11106.503600304804
1719698400000,11105.328560304804
1719702000000,11107.950640304805
1719705600000,11107.824911840806
1719709200000,11105.855631840806
1719712800000,11108.504911840806
1719716400000,11112.633871840806
1719720000000,11110.085231840805
1719723600000,11112.195951840806
1719727200000,11111.339151840806
1719730800000,11108.428751840805
1719734400000,11103.820883344804
1719738000000,11103.820883344804
1719741600000,11105.088403344804
1719745200000,11105.651443344805
1719748800000,11104.892563344805
1719752400000,11105.882643344805
1719756000000,11102.901523344804
1719759600000,11103.646803344805
1719763200000,11101.897812608806
1719766800000,11103.600532608805
1719770400000,11098.756212608805
1719774000000,11095.513972608805
1719777600000,11094.605492608805
1719781200000,11096.259252608805
1719784800000,11097.983732608805
1719788400000,11085.068184123009
1719792000000,11085.068184123009
1719795600000,11085.068184123009
1719799200000,11085.068184123009
1719802800000,11085.068184123009
1719806400000,11085.068184123009
1719810000000,11085.068184123009
1719813600000,11085.068184123009
1719817200000,11085.068184123009
1719820800000,11085.068184123009
1719824400000,11085.068184123009
1719828000000,11085.068184123009
1719831600000,11085.068184123009
1719835200000,11085.068184123009
1719838800000,11085.068184123009
1719842400000,11085.068184123009
1719846000000,11085.068184123009
1719849600000,11085.068184123009
1719853200000,11085.068184123009
1719856800000,11085.068184123009
1719860400000,11085.068184123009
1719864000000,11085.068184123009
1719867600000,11085.068184123009
1719871200000,11085.068184123009
1719874800000,11085.068184123009
1719878400000,11085.068184123009
1719882000000,11085.068184123009
1719885600000,11085.068184123009
1719889200000,11085.068184123009
1719892800000,11085.068184123009
1719896400000,11085.068184123009
1719900000000,11085.068184123009
1719903600000,11085.068184123009
1719907200000,11085.068184123009
1719910800000,11085.068184123009
1719914400000,11085.068184123009
1719918000000,11085.068184123009
1719921600000,11085.068184123009
1719925200000,11085.068184123009
1719928800000,11085.068184123009
1719932400000,11085.068184123009
1719936000000,11085.068184123009
1719939600000,11085.068184123009
1719943200000,11085.068184123009
1719946800000,11085.068184123009
1719950400000,11085.068184123009
1719954000000,11085.068184123009
1719957600000,11085.068184123009
1719961200000,11085.068184123009
1719964800000,11085.068184123009
1719968400000,11085.068184123009
1719972000000,11085.068184123009
1719975600000,11085.068184123009
1719979200000,11085.305937718507
1719982800000,11083.964367718509
1719986400000,11082.202847718509
1719990000000,11082.064377718507
1719993600000,11085.91094167983
1719997200000,11088.28536167983
1720000800000,11088.77795167983
1720004400000,11095.25426167983
1720008000000,11096.57086167983
1720011600000,11100.420781679828
1720015200000,11094.23049167983
1720018800000,11096.99762167983
1720022400000,11097.152050006829
1720026000000,11094.555170006828
1720029600000,11096.984070006829
1720033200000,11096.471050006829
1720036800000,11104.85416000683
1720040400000,11107.07649000683
1720044000000,11098.595770006828
1720047600000,11097.460770006828
1720051200000,11098.00318105883
1720054800000,11096.88634105883
1720058400000,11127.41330105883
1720062000000,11114.170121058829
1720065600000,11110.785798586376
1720069200000,11113.044008586377
1720072800000,11117.887938586377
1720076400000,11122.718758586376
1720080000000,11132.430445360378
1720083600000,11140.139255360378
1720087200000,11141.620265360378
1720090800000,11138.480975360377
1720094400000,11144.478205360378
1720098000000,11155.336085360377
1720101600000,11152.013435360377
1720105200000,11155.183235360377
1720108800000,11146.371114234378
1720112400000,11140.55313423438
1720116000000,11142.738134234378
1720119600000,11144.57685423438
1720123200000,11144.21049423438
1720126800000,11141.148474234378
1720130400000,11135.491484234379
1720134000000,11147.767754234379
1720137600000,11170.154419142023
1720141200000,11159.300469142023
1720144800000,11164.963549142025
1720148400000,11213.576589142023
1720152000000,11223.850449142024
1720155600000,11252.253089142025
1720159200000,11233.668519142024
1720162800000,11244.357639142025
1720166400000,11240.223428036934
1720170000000,11249.866498036934
1720173600000,11239.546088036934
1720177200000,11225.012468036934
1720180800000,11214.875448036933
1720184400000,11220.615538036933
1720188000000,11205.053868036934
1720191600000,11211.946008036934
1720195200000,11194.733401972224
1720198800000,11200.978021972222
1720202400000,11195.190081972223
1720206000000,11195.066321972223
1720209600000,11195.801111972223
1720213200000,11199.137801972223
1720216800000,11197.611811972223
1720220400000,11195.582151972223
1720224000000,11194.997545923728
1720227600000,11196.347755923729
1720231200000,11203.63525592373
1720234800000,11197.72698592373
1720238400000,11198.66888592373
1720242000000,11205.600315923728
1720245600000,11200.161645923728
1720249200000,11195.645495923729
1720252800000,11190.85417449921
1720256400000,11192.10687449921
1720260000000,11190.44526449921
1720263600000,11188.08830449921
1720267200000,11188.64458449921
1720270800000,11188.329934499212
1720274400000,11185.129934499211
1720278000000,11185.238504499212
1720281600000,11180.912777657995
1720285200000,11167.187246246383
1720288800000,11166.483546246383
1720292400000,11166.086296246383
1720296000000,11165.332656246383
1720299600000,11163.062656246382
1720303200000,11165.010316246384
1720306800000,11163.555246246384
1720310400000,11163.090080423966
1720314000000,11166.747050423966
1720317600000,11165.997950423967
1720321200000,11163.362480423968
1720324800000,11167.008100423967
1720328400000,11170.978330423968
1720332000000,11171.368770423967
1720335600000,11171.257540423967
1720339200000,11177.020708605183
1720342800000,11175.497538605183
1720346400000,11174.823348605183
1720350000000,11175.374958605184
1720353600000,11174.909608605183
1720357200000,11176.049148605183
1720360800000,11184.513978605182
1720364400000,11187.013248605183
1720368000000,11184.720556205493
1720371600000,11180.284976205492
1720375200000,11179.628946205494
1720378800000,11181.081746205493
1720382400000,11181.905756205493
1720386000000,11178.745916205493
1720389600000,11186.890676205492
1720393200000,11191.784796205493
1720396800000,11192.609492653493
1720400400000,11204.104772653493
1720404000000,11212.054312653492
1720407600000,11202.847192653493
1720411200000,11205.848132653493
1720414800000,11198.377562653493
1720418400000,11196.770402653492
1720422000000,11198.111972653493
1720425600000,11195.288125024465
1720429200000,11174.235616444303
1720432800000,11174.235616444303
1720436400000,11174.235616444303
1720440000000,11174.235616444303
1720443600000,11174.235616444303
1720447200000,11174.235616444303
1720450800000,11174.235616444303
1720454400000,11174.235616444303
1720458000000,11174.235616444303
1720461600000,11174.235616444303
1720465200000,11174.235616444303
1720468800000,11174.235616444303
1720472400000,11174.235616444303
1720476000000,11174.235616444303
1720479600000,11174.235616444303
1720483200000,11174.235616444303
1720486800000,11174.235616444303
1720490400000,11174.235616444303
1720494000000,11174.235616444303
1720497600000,11174.235616444303
1720501200000,11174.235616444303
1720504800000,11174.235616444303
1720508400000,11174.235616444303
1720512000000,11174.235616444303
1720515600000,11174.235616444303
1720519200000,11174.235616444303
1720522800000,11174.235616444303
1720526400000,11174.235616444303
1720530000000,11174.235616444303
1720533600000,11174.235616444303
1720537200000,11174.235616444303
1720540800000,11174.235616444303
1720544400000,11174.235616444303
1720548000000,11174.235616444303
1720551600000,11174.235616444303
1720555200000,11174.235616444303
1720558800000,11174.235616444303
1720562400000,11174.235616444303
1720566000000,11174.235616444303
1720569600000,11174.235616444303
1720573200000,11174.235616444303
1720576800000,11174.235616444303
1720580400000,11174.235616444303
1720584000000,11174.235616444303
1720587600000,11174.235616444303
1720591200000,11174.235616444303
1720594800000,11174.235616444303
1720598400000,11174.235616444303
1720602000000,11174.235616444303
1720605600000,11174.235616444303
1720609200000,11174.235616444303
1720612800000,11174.235616444303
1720616400000,11174.235616444303
1720620000000,11174.235616444303
1720623600000,11174.235616444303
1720627200000,11174.235616444303
1720630800000,11174.235616444303
1720634400000,11174.235616444303
1720638000000,11174.235616444303
1720641600000,11174.235616444303
1720645200000,11174.235616444303
1720648800000,11174.235616444303
1720652400000,11174.235616444303
1720656000000,11174.235616444303
1720659600000,11174.235616444303
1720663200000,11174.235616444303
1720666800000,11174.235616444303
1720670400000,11174.235616444303
1720674000000,11174.235616444303
1720677600000,11174.235616444303
1720681200000,11174.235616444303
1720684800000,11174.235616444303
1720688400000,11174.235616444303
1720692000000,11174.235616444303
1720695600000,11174.235616444303
1720699200000,11174.235616444303
1720702800000,11174.235616444303
1720706400000,11174.235616444303
1720710000000,11174.235616444303
1720713600000,11174.235616444303
1720717200000,11174.235616444303
1720720800000,11174.235616444303
1720724400000,11174.235616444303
1720728000000,11174.235616444303
1720731600000,11174.235616444303
1720735200000,11174.235616444303
1720738800000,11174.235616444303
1720742400000,11174.235616444303
1720746000000,11174.235616444303
1720749600000,11174.235616444303
1720753200000,11174.235616444303
1720756800000,11174.235616444303
1720760400000,11174.235616444303
1720764000000,11174.235616444303
1720767600000,11174.235616444303
1720771200000,11174.235616444303
1720774800000,11174.235616444303
1720778400000,11174.235616444303
1720782000000,11174.235616444303
1720785600000,11174.235616444303
1720789200000,11174.235616444303
1720792800000,11174.235616444303
1720796400000,11174.235616444303
1720800000000,11174.235616444303
1720803600000,11174.235616444303
1720807200000,11174.235616444303
1720810800000,11174.235616444303
1720814400000,11174.235616444303
1720818000000,11174.235616444303
1720821600000,11174.235616444303
1720825200000,11174.235616444303
1720828800000,11174.235616444303
1720832400000,11174.235616444303
1720836000000,11174.235616444303
1720839600000,11174.235616444303
1720843200000,11174.235616444303
1720846800000,11174.235616444303
1720850400000,11174.235616444303
1720854000000,11174.235616444303
1720857600000,11174.235616444303
1720861200000,11174.235616444303
1720864800000,11174.235616444303
1720868400000,11174.235616444303
1720872000000,11174.235616444303
1720875600000,11174.235616444303
1720879200000,11174.235616444303
1720882800000,11174.235616444303
1720886400000,11174.235616444303
1720890000000,11174.235616444303
1720893600000,11174.235616444303
1720897200000,11174.235616444303
1720900800000,11174.235616444303
1720904400000,11174.235616444303
1720908000000,11174.235616444303
1720911600000,11174.235616444303
1720915200000,11174.235616444303
1720918800000,11174.235616444303
1720922400000,11174.235616444303
1720926000000,11174.235616444303
1720929600000,11174.235616444303
1720933200000,11174.235616444303
1720936800000,11174.235616444303
1720940400000,11174.235616444303
1720944000000,11174.235616444303
1720947600000,11174.235616444303
1720951200000,11174.235616444303
1720954800000,11174.235616444303
1720958400000,11174.235616444303
1720962000000,11174.235616444303
1720965600000,11174.235616444303
1720969200000,11174.235616444303
1720972800000,11174.235616444303
1720976400000,11174.235616444303
1720980000000,11174.235616444303
1720983600000,11174.235616444303
1720987200000,11174.235616444303
1720990800000,11174.235616444303
1720994400000,11174.235616444303
1720998000000,11174.235616444303
1721001600000,11174.235616444303
1721005200000,11174.235616444303
1721008800000,11174.235616444303
1721012400000,11174.235616444303
1721016000000,11174.235616444303
1721019600000,11174.235616444303
1721023200000,11174.235616444303
1721026800000,11174.235616444303
1721030400000,11174.235616444303
1721034000000,11174.235616444303
1721037600000,11174.235616444303
1721041200000,11174.235616444303
1721044800000,11174.235616444303
1721048400000,11174.235616444303
1721052000000,11174.235616444303
1721055600000,11174.235616444303
1721059200000,11174.235616444303
1721062800000,11174.235616444303
1721066400000,11174.235616444303
1721070000000,11174.235616444303
1721073600000,11174.235616444303
1721077200000,11174.235616444303
1721080800000,11174.235616444303
1721084400000,11174.235616444303
1721088000000,11174.235616444303
1721091600000,11174.235616444303
1721095200000,11174.235616444303
1721098800000,11174.235616444303
1721102400000,11174.235616444303
1721106000000,11174.235616444303
1721109600000,11174.235616444303
1721113200000,11174.235616444303
1721116800000,11174.235616444303
1721120400000,11174.235616444303
1721124000000,11174.235616444303
1721127600000,11174.235616444303
1721131200000,11174.235616444303
1721134800000,11174.235616444303
1721138400000,11174.235616444303
1721142000000,11174.235616444303
1721145600000,11174.235616444303
1721149200000,11174.235616444303
1721152800000,11174.235616444303
1721156400000,11174.235616444303
1721160000000,11174.235616444303
1721163600000,11174.235616444303
1721167200000,11174.235616444303
1721170800000,11174.235616444303
1721174400000,11174.235616444303
1721178000000,11174.235616444303
1721181600000,11174.235616444303
1721185200000,11174.235616444303
1721188800000,11174.235616444303
1721192400000,11174.235616444303
1721196000000,11174.235616444303
1721199600000,11174.235616444303
1721203200000,11174.235616444303
1721206800000,11174.235616444303
1721210400000,11174.235616444303
1721214000000,11174.235616444303
1721217600000,11174.235616444303
1721221200000,11174.235616444303
1721224800000,11174.235616444303
1721228400000,11174.235616444303
1721232000000,11174.235616444303
1721235600000,11174.235616444303
1721239200000,11174.235616444303
1721242800000,11174.235616444303
1721246400000,11174.235616444303
1721250000000,11174.235616444303
1721253600000,11174.235616444303
1721257200000,11174.235616444303
1721260800000,11174.235616444303
1721264400000,11174.235616444303
1721268000000,11174.235616444303
1721271600000,11174.235616444303
1721275200000,11174.235616444303
1721278800000,11174.235616444303
1721282400000,11174.235616444303
1721286000000,11174.235616444303
1721289600000,11174.235616444303
1721293200000,11174.235616444303
1721296800000,11174.235616444303
1721300400000,11174.235616444303
1721304000000,11173.690553210157
1721307600000,11176.149753210158
1721311200000,11175.018553210159
1721314800000,11168.231353210158
1721318400000,11161.796586807894
1721322000000,11161.796586807894
1721325600000,11161.796586807894
1721329200000,11161.796586807894
1721332800000,11161.796586807894
1721336400000,11161.796586807894
1721340000000,11161.796586807894
1721343600000,11161.796586807894
1721347200000,11161.796586807894
1721350800000,11161.796586807894
1721354400000,11161.796586807894
1721358000000,11161.796586807894
1721361600000,11161.796586807894
1721365200000,11161.796586807894
1721368800000,11161.796586807894
1721372400000,11161.796586807894
1721376000000,11161.796586807894
1721379600000,11161.796586807894
1721383200000,11161.796586807894
1721386800000,11161.796586807894
1721390400000,11161.796586807894
1721394000000,11161.796586807894
1721397600000,11161.796586807894
1721401200000,11161.796586807894
1721404800000,11161.796586807894
1721408400000,11161.796586807894
1721412000000,11161.796586807894
1721415600000,11161.796586807894
1721419200000,11161.796586807894
1721422800000,11161.796586807894
1721426400000,11161.796586807894
1721430000000,11161.796586807894
1721433600000,11161.796586807894
1721437200000,11161.796586807894
1721440800000,11161.796586807894
1721444400000,11161.796586807894
1721448000000,11161.796586807894
1721451600000,11161.796586807894
1721455200000,11161.796586807894
1721458800000,11161.796586807894
1721462400000,11161.796586807894
1721466000000,11161.796586807894
1721469600000,11161.796586807894
1721473200000,11161.796586807894
1721476800000,11161.796586807894
1721480400000,11161.796586807894
1721484000000,11161.796586807894
1721487600000,11161.796586807894
1721491200000,11161.796586807894
1721494800000,11161.796586807894
1721498400000,11161.796586807894
1721502000000,11161.796586807894
1721505600000,11161.796586807894
1721509200000,11161.796586807894
1721512800000,11161.796586807894
1721516400000,11161.796586807894
1721520000000,11161.796586807894
1721523600000,11161.796586807894
1721527200000,11161.796586807894
1721530800000,11161.796586807894
1721534400000,11161.796586807894
1721538000000,11161.796586807894
1721541600000,11161.796586807894
1721545200000,11161.796586807894
1721548800000,11161.796586807894
1721552400000,11161.796586807894
1721556000000,11161.796586807894
1721559600000,11161.796586807894
1721563200000,11161.796586807894
1721566800000,11161.796586807894
1721570400000,11161.796586807894
1721574000000,11161.796586807894
1721577600000,11159.399982327095
1721581200000,11171.329342327095
1721584800000,11146.747502327094
1721588400000,11147.378062327094
1721592000000,11159.055163501927
1721595600000,11162.971163501927
1721599200000,11167.076163501926
1721602800000,11165.518163501927
1721606400000,11166.668393526232
1721610000000,11166.38127352623
1721613600000,11160.802033526232
1721617200000,11164.647873526232
1721620800000,11158.004753526231
1721624400000,11158.78847352623
1721628000000,11150.698833526232
1721631600000,11143.64891352623
1721635200000,11142.608838772863
1721638800000,11140.080838772865
1721642400000,11143.961838772864
1721646000000,11144.521838772864
1721649600000,11145.205838772865
1721653200000,11146.687838772865
1721656800000,11140.584838772864
1721660400000,11136.578838772864
1721664000000,11140.899275479935
1721667600000,11140.700275479934
1721671200000,11144.697275479934
1721674800000,11143.989275479935
1721678400000,11151.544275479935
1721682000000,11151.196275479935
1721685600000,11148.535275479935
1721689200000,11146.105275479935
1721692800000,11145.544486782925
1721696400000,11144.833486782925
1721700000000,11144.113486782924
1721703600000,11146.707486782925
1721707200000,11144.361486782926
1721710800000,11139.431486782925
1721714400000,11134.412486782925
1721718000000,11135.059486782924
1721721600000,11131.755356253636
1721725200000,11131.755356253636
1721728800000,11131.755356253636
1721732400000,11131.755356253636
1721736000000,11131.44620492424
1721739600000,11130.33732492424
1721743200000,11118.88664492424
1721746800000,11125.40048492424
1721750400000,11121.094231197862
1721754000000,11112.641511197862
1721757600000,11115.951551197862
1721761200000,11120.096571197862
1721764800000,11120.621987109136
1721768400000,11120.621987109136
1721772000000,11120.621987109136
1721775600000,11120.621987109136
1721779200000,11119.586229804529
1721782800000,11118.063429804528
1721786400000,11114.676609804528
1721790000000,11115.645279804528
1721793600000,11115.091149804528
1721797200000,11114.280399804527
1721800800000,11113.946229804527
1721804400000,11113.995579804528
1721808000000,11115.28019144545
1721811600000,11116.81709144545
1721815200000,11117.04833144545
1721818800000,11118.50063144545
1721822400000,11116.85234144545
1721826000000,11115.19277144545
1721829600000,11114.57237144545
1721833200000,11113.53320144545
1721836800000,11110.61747154511
1721840400000,11111.364771545112
1721844000000,11110.47929154511
1721847600000,11106.15059154511
1721851200000,11103.55619154511
1721854800000,11104.891461545112
1721858400000,11091.954108695292
1721862000000,11091.954108695292
1721865600000,11091.954108695292
1721869200000,11091.954108695292
1721872800000,11091.954108695292
1721876400000,11091.954108695292
1721880000000,11091.939352240937
1721883600000,11090.176052240937
1721887200000,11090.026452240938
1721890800000,11090.972452240938
1721894400000,11091.347163737042
1721898000000,11090.511163737041
1721901600000,11090.952263737041
1721905200000,11090.975363737041
1721908800000,11091.439563737042
1721912400000,11093.625263737042
1721916000000,11093.695663737042
1721919600000,11090.753163737041
1721923200000,11094.46531535868
1721926800000,11093.051815358682
1721930400000,11091.39741535868
1721934000000,11096.919415358681
1721937600000,11096.930415358682
1721941200000,11093.12661535868
1721944800000,11090.393115358682
1721948400000,11091.959515358682
1721952000000,11090.922640919025
1721955600000,11088.709440919025
1721959200000,11089.436540919025
1721962800000,11083.562540919025
1721966400000,11083.800140919026
1721970000000,11082.069840919026
1721973600000,11080.841140919025
1721977200000,11080.738840919026
1721980800000,11082.323539865098
1721984400000,11082.164039865098
1721988000000,11082.281739865097
1721991600000,11082.841639865097
1721995200000,11082.784439865098
1721998800000,11083.229939865098
1722002400000,11082.406039865096
1722006000000,11083.590739865098
1722009600000,11082.076060296311
1722013200000,11083.255260296311
1722016800000,11082.754760296311
1722020400000,11081.458960296311
1722024000000,11080.26986029631
1722027600000,11082.18386029631
1722031200000,11080.823160296311
1722034800000,11079.344760296312
1722038400000,11080.070741273403
1722042000000,11081.674541273404
1722045600000,11083.144141273404
1722049200000,11081.410541273404
1722052800000,11083.125441273403
1722056400000,11081.992441273404
1722060000000,11081.958341273403
1722063600000,11080.596541273404
1722067200000,11080.093041554725
1722070800000,11080.777241554726
1722074400000,11079.741041554726
1722078000000,11080.143641554725
1722081600000,11079.11301915084
1722085200000,11079.11301915084
1722088800000,11079.11301915084
1722092400000,11079.11301915084
1722096000000,11078.365511217378
1722099600000,11076.626511217379
1722103200000,11075.375511217379
1722106800000,11074.846511217378
1722110400000,11069.489511217378
1722114000000,11065.776511217378
1722117600000,11077.823511217379
1722121200000,11075.971511217378
1722124800000,11067.788998936157
1722128400000,11069.379998936158
1722132000000,11070.464998936159
1722135600000,11071.160998936159
1722139200000,11069.413998936157
1722142800000,11063.899998936158
1722146400000,11064.155998936158
1722150000000,11064.192998936158
1722153600000,11064.8750346949
1722157200000,11063.4010346949
1722160800000,11063.9180346949
1722164400000,11065.352034694899
1722168000000,11067.5580346949
1722171600000,11069.7130346949
1722175200000,11069.591034694899
1722178800000,11066.6530346949
1722182400000,11066.238072841179
1722186000000,11066.941072841179
1722189600000,11069.699072841178
1722193200000,11072.198072841178
1722196800000,11071.278072841178
1722200400000,11069.822072841178
1722204000000,11069.959072841179
1722207600000,11069.55307284118
1722211200000,11072.398036105214
1722214800000,11077.160036105213
1722218400000,11075.089036105213
1722222000000,11085.190036105214
1722225600000,11082.877036105214
1722229200000,11083.889036105214
1722232800000,11086.841036105214
1722236400000,11085.366036105213
1722240000000,11085.137953818448
1722243600000,11084.397953818449
1722247200000,11084.738953818449
1722250800000,11085.645953818448
1722254400000,11085.81295381845
1722258000000,11087.76795381845
1722261600000,11082.66295381845
1722265200000,11070.90395381845
1722268800000,11069.834884394988
1722272400000,11057.711139861414
1722276000000,11057.711139861414
1722279600000,11057.711139861414
1722283200000,11057.711139861414
1722286800000,11057.711139861414
1722290400000,11057.711139861414
1722294000000,11057.711139861414
1722297600000,11057.711139861414
1722301200000,11057.711139861414
1722304800000,11057.711139861414
1722308400000,11057.711139861414
1722312000000,11057.711139861414
1722315600000,11057.711139861414
1722319200000,11057.711139861414
1722322800000,11057.711139861414
1722326400000,11057.711139861414
1722330000000,11057.711139861414
1722333600000,11057.711139861414
1722337200000,11057.711139861414
1722340800000,11057.711139861414
1722344400000,11057.711139861414
1722348000000,11057.711139861414
1722351600000,11057.711139861414
1722355200000,11057.711139861414
1722358800000,11057.711139861414
1722362400000,11057.711139861414
1722366000000,11057.711139861414
1722369600000,11057.711139861414
1722373200000,11057.711139861414
1722376800000,11057.711139861414
1722380400000,11057.711139861414
1722384000000,11057.711139861414
1722387600000,11057.711139861414
1722391200000,11057.711139861414
1722394800000,11057.711139861414
1722398400000,11057.711139861414
1722402000000,11057.711139861414
1722405600000,11057.711139861414
1722409200000,11057.711139861414
1722412800000,11057.711139861414
1722416400000,11057.711139861414
1722420000000,11057.711139861414
1722423600000,11057.711139861414
1722427200000,11057.711139861414
1722430800000,11057.711139861414
1722434400000,11057.711139861414
1722438000000,11057.711139861414
1722441600000,11057.711139861414
1722445200000,11057.711139861414
1722448800000,11057.711139861414
1722452400000,11057.711139861414
1722456000000,11057.711139861414
1722459600000,11057.711139861414
1722463200000,11057.711139861414
1722466800000,11057.711139861414
1722470400000,11057.711139861414
1722474000000,11057.711139861414
1722477600000,11057.711139861414
1722481200000,11057.711139861414
1722484800000,11057.711139861414
1722488400000,11057.711139861414
1722492000000,11057.711139861414
1722495600000,11057.711139861414
1722499200000,11057.711139861414
1722502800000,11057.711139861414
1722506400000,11057.711139861414
1722510000000,11057.711139861414
1722513600000,11057.711139861414
1722517200000,11057.711139861414
1722520800000,11057.711139861414
1722524400000,11057.711139861414
1722528000000,11057.440814074895
1722531600000,11059.174814074895
1722535200000,11057.335414074894
1722538800000,11060.864614074895
1722542400000,11054.382514074894
1722546000000,11047.691314074895
1722549600000,11047.013014074895
1722553200000,11041.030714074894
1722556800000,11042.306507224192
1722560400000,11044.791907224191
1722564000000,11046.901607224192
1722567600000,11050.330507224191
1722571200000,11048.273507224192
1722574800000,11048.78350722419
1722578400000,11052.198807224191
1722582000000,11050.180907224192
1722585600000,11051.75587569165
1722589200000,11050.32957569165
1722592800000,11050.98747569165
1722596400000,11050.02357569165
1722600000000,11050.86847569165
1722603600000,11051.07757569165
1722607200000,11049.95727569165
1722610800000,11071.994375691651
1722614400000,11071.41892507466
1722618000000,11072.253625074662
1722621600000,11073.246425074662
1722625200000,11074.317425074662
1722628800000,11074.055625074661
1722632400000,11074.072625074661
1722636000000,11076.534225074662
1722639600000,11079.49222507466
1722643200000,11079.04747364146
1722646800000,11083.15977364146
1722650400000,11084.06587364146
1722654000000,11083.32807364146
1722657600000,11080.12527364146
1722661200000,11082.66677364146
1722664800000,11081.43427364146
1722668400000,11078.71427364146
1722672000000,11079.708281303101
1722675600000,11080.174081303101
1722679200000,11078.763081303101
1722682800000,11078.128981303102
1722686400000,11077.732881303102
1722690000000,11075.303581303102
1722693600000,11075.279781303101
1722697200000,11076.629581303101
1722700800000,11087.010082151422
1722704400000,11087.703682151421
1722708000000,11093.094382151421
1722711600000,11093.257582151422
1722715200000,11094.767182151421
1722718800000,11095.593382151423
1722722400000,11092.295382151422
1722726000000,11092.795182151422
1722729600000,11093.976909273246
1722733200000,11091.724409273245
1722736800000,11093.041909273245
1722740400000,11090.998509273246
1722744000000,11091.024637074956
1722747600000,11094.728237074956
1722751200000,11091.128837074955
1722754800000,11090.438037074955
1722758400000,11097.279020574935
1722762000000,11094.030420574934
1722765600000,11092.153720574934
1722769200000,11090.400820574936
1722772800000,11090.054720574935
1722776400000,11087.513420574935
1722780000000,11091.280920574934
1722783600000,11107.701920574935
1722787200000,11114.756784896374
1722790800000,11120.509184896375
1722794400000,11145.751384896374
1722798000000,11134.648884896375
1722801600000,11127.223084896374
1722805200000,11129.052784896374
1722808800000,11134.982984896375
1722812400000,11136.872984896374
1722816000000,11144.194603412374
1722819600000,11183.901003412375
1722823200000,11228.645303412375
1722826800000,11228.106703412373
1722830400000,11235.417303412374
1722834000000,11232.962403412374
1722837600000,11240.552603412374
1722841200000,11258.090003412373
1722844800000,11235.102362019088
1722848400000,11237.686762019088
1722852000000,11243.012062019088
1722855600000,11258.004062019088
1722859200000,11256.451562019089
1722862800000,11276.142162019089
1722866400000,11224.74186201909
1722870000000,11222.371762019087
1722873600000,11209.00639347785
1722877200000,11207.29809347785
1722880800000,11203.97389347785
1722884400000,11229.323193477849
1722888000000,11220.19799347785
1722891600000,11210.30769347785
1722895200000,11211.69469347785
1722898800000,11207.152893477849
1722902400000,11215.815185597268
1722906000000,11183.538385597269
1722909600000,11188.67458559727
1722913200000,11189.97578559727
1722916800000,11193.425685597267
1722920400000,11192.465585597267
1722924000000,11187.486585597268
1722927600000,11189.672585597267
1722931200000,11187.671989717226
1722934800000,11203.192089717226
1722938400000,11201.390889717228
1722942000000,11202.058189717225
1722945600000,11202.625789717225
1722949200000,11206.518089717227
1722952800000,11201.405689717227
1722956400000,11182.966351337158
1722960000000,11182.993884099082
1722963600000,11183.306684099083
1722967200000,11190.353184099082
1722970800000,11187.672284099082
1722974400000,11188.275784099082
1722978000000,11189.771784099083
1722981600000,11188.930284099082
1722985200000,11191.810084099083
1722988800000,11193.908808193322
1722992400000,11194.055008193322
1722996000000,11187.637508193322
1722999600000,11187.535508193321
1723003200000,11186.206108193323
1723006800000,11184.706708193322
1723010400000,11186.806208193322
1723014000000,11187.800708193321
1723017600000,11185.528579930762
1723021200000,11183.449479930761
1723024800000,11184.338579930762
1723028400000,11185.31607993076
1723032000000,11191.300079930761
1723035600000,11192.14837993076
1723039200000,11196.060079930761
1723042800000,11206.739479930762
1723046400000,11202.630922983248
1723050000000,11205.080622983247
1723053600000,11209.983422983247
1723057200000,11213.261022983248
1723060800000,11213.157322983248
1723064400000,11213.629922983248
1723068000000,11211.180222983248
1723071600000,11212.208722983247
1723075200000,11214.787200413533
1723078800000,11212.208300413533
1723082400000,11197.445500413534
1723086000000,11195.184500413534
1723089600000,11198.400900413533
1723093200000,11199.953000413534
1723096800000,11200.185900413533
1723100400000,11199.106400413533
1723104000000,11202.340458225866
1723107600000,11199.997858225866
1723111200000,11198.484858225866
1723114800000,11196.631858225865
1723118400000,11196.077658225866
1723122000000,11186.731257537396
1723125600000,11186.731257537396
1723129200000,11186.731257537396
1723132800000,11186.731257537396
1723136400000,11186.731257537396
1723140000000,11186.731257537396
1723143600000,11186.731257537396
1723147200000,11186.731257537396
1723150800000,11186.731257537396
1723154400000,11186.731257537396
1723158000000,11186.731257537396
1723161600000,11186.731257537396
1723165200000,11186.731257537396
1723168800000,11186.731257537396
1723172400000,11186.731257537396
1723176000000,11186.731257537396
1723179600000,11186.731257537396
1723183200000,11186.731257537396
1723186800000,11186.731257537396
1723190400000,11186.731257537396
1723194000000,11186.731257537396
1723197600000,11186.731257537396
1723201200000,11186.731257537396
1723204800000,11186.731257537396
1723208400000,11186.731257537396
1723212000000,11186.731257537396
1723215600000,11186.731257537396
1723219200000,11186.731257537396
1723222800000,11186.731257537396
1723226400000,11186.731257537396
1723230000000,11186.731257537396
1723233600000,11186.731257537396
1723237200000,11186.731257537396
1723240800000,11186.731257537396
1723244400000,11186.731257537396
1723248000000,11186.731257537396
1723251600000,11186.731257537396
1723255200000,11186.731257537396
1723258800000,11186.731257537396
1723262400000,11186.731257537396
1723266000000,11186.731257537396
1723269600000,11186.731257537396
1723273200000,11186.731257537396
1723276800000,11186.731257537396
1723280400000,11186.731257537396
1723284000000,11186.731257537396
1723287600000,11186.731257537396
1723291200000,11186.731257537396
1723294800000,11186.731257537396
1723298400000,11186.731257537396
1723302000000,11186.731257537396
1723305600000,11186.731257537396
1723309200000,11186.731257537396
1723312800000,11186.731257537396
1723316400000,11186.731257537396
1723320000000,11186.731257537396
1723323600000,11186.731257537396
1723327200000,11186.731257537396
1723330800000,11186.731257537396
1723334400000,11186.731257537396
1723338000000,11186.731257537396
1723341600000,11186.731257537396
1723345200000,11186.731257537396
1723348800000,11186.731257537396
1723352400000,11186.731257537396
1723356000000,11186.731257537396
1723359600000,11186.731257537396
1723363200000,11186.731257537396
1723366800000,11186.731257537396
1723370400000,11186.731257537396
1723374000000,11186.731257537396
1723377600000,11186.731257537396
1723381200000,11186.731257537396
1723384800000,11186.731257537396
1723388400000,11186.731257537396
1723392000000,11186.731257537396
1723395600000,11186.731257537396
1723399200000,11186.731257537396
1723402800000,11186.731257537396
1723406400000,11186.731257537396
1723410000000,11186.731257537396
1723413600000,11186.731257537396
1723417200000,11186.731257537396
1723420800000,11186.731257537396
1723424400000,11186.731257537396
1723428000000,11186.731257537396
1723431600000,11186.731257537396
1723435200000,11186.731257537396
1723438800000,11186.731257537396
1723442400000,11186.731257537396
1723446000000,11186.731257537396
1723449600000,11186.731257537396
1723453200000,11186.731257537396
1723456800000,11186.731257537396
1723460400000,11186.731257537396
1723464000000,11186.731257537396
1723467600000,11186.731257537396
1723471200000,11186.731257537396
1723474800000,11186.731257537396
1723478400000,11186.731257537396
1723482000000,11186.731257537396
1723485600000,11186.731257537396
1723489200000,11186.731257537396
1723492800000,11186.731257537396
1723496400000,11186.731257537396
1723500000000,11186.731257537396
1723503600000,11186.731257537396
1723507200000,11186.731257537396
1723510800000,11186.731257537396
1723514400000,11186.731257537396
1723518000000,11186.731257537396
1723521600000,11186.731257537396
1723525200000,11186.731257537396
1723528800000,11186.731257537396
1723532400000,11186.731257537396
1723536000000,11186.731257537396
1723539600000,11186.731257537396
1723543200000,11186.731257537396
1723546800000,11186.731257537396
1723550400000,11186.731257537396
1723554000000,11186.731257537396
1723557600000,11186.731257537396
1723561200000,11186.731257537396
1723564800000,11186.731257537396
1723568400000,11186.731257537396
1723572000000,11186.731257537396
1723575600000,11186.731257537396
1723579200000,11186.731257537396
1723582800000,11186.731257537396
1723586400000,11186.731257537396
1723590000000,11186.731257537396
1723593600000,11186.731257537396
1723597200000,11186.731257537396
1723600800000,11186.731257537396
1723604400000,11186.731257537396
1723608000000,11186.731257537396
1723611600000,11186.731257537396
1723615200000,11186.731257537396
1723618800000,11186.731257537396
1723622400000,11186.731257537396
1723626000000,11186.731257537396
1723629600000,11186.731257537396
1723633200000,11186.731257537396
1723636800000,11186.731257537396
1723640400000,11186.731257537396
1723644000000,11186.731257537396
1723647600000,11186.731257537396
1723651200000,11186.731257537396
1723654800000,11186.731257537396
1723658400000,11186.731257537396
1723662000000,11186.731257537396
1723665600000,11186.731257537396
1723669200000,11186.731257537396
1723672800000,11186.731257537396
1723676400000,11186.731257537396
1723680000000,11186.731257537396
1723683600000,11186.731257537396
1723687200000,11186.731257537396
1723690800000,11186.731257537396
1723694400000,11186.731257537396
1723698000000,11186.731257537396
1723701600000,11186.731257537396
1723705200000,11186.731257537396
1723708800000,11186.731257537396
1723712400000,11186.731257537396
1723716000000,11186.731257537396
1723719600000,11186.731257537396
1723723200000,11186.731257537396
1723726800000,11186.731257537396
1723730400000,11186.731257537396
1723734000000,11186.731257537396
1723737600000,11186.731257537396
1723741200000,11186.731257537396
1723744800000,11186.731257537396
1723748400000,11186.731257537396
1723752000000,11186.731257537396
1723755600000,11186.731257537396
1723759200000,11186.731257537396
1723762800000,11186.731257537396
1723766400000,11186.731257537396
1723770000000,11186.731257537396
1723773600000,11186.731257537396
1723777200000,11186.731257537396
1723780800000,11186.731257537396
1723784400000,11186.731257537396
1723788000000,11186.731257537396
1723791600000,11186.731257537396
1723795200000,11186.731257537396
1723798800000,11186.731257537396
1723802400000,11186.731257537396
1723806000000,11186.731257537396
1723809600000,11186.731257537396
1723813200000,11186.731257537396
1723816800000,11186.731257537396
1723820400000,11186.731257537396
1723824000000,11186.731257537396
1723827600000,11186.731257537396
1723831200000,11186.731257537396
1723834800000,11186.731257537396
1723838400000,11186.731257537396
1723842000000,11186.731257537396
1723845600000,11186.731257537396
1723849200000,11186.731257537396
1723852800000,11186.731257537396
1723856400000,11186.731257537396
1723860000000,11186.731257537396
1723863600000,11186.731257537396
1723867200000,11186.731257537396
1723870800000,11186.731257537396
1723874400000,11186.731257537396
1723878000000,11186.731257537396
1723881600000,11186.731257537396
1723885200000,11186.731257537396
1723888800000,11186.731257537396
1723892400000,11186.731257537396
1723896000000,11186.731257537396
1723899600000,11186.731257537396
1723903200000,11186.731257537396
1723906800000,11186.731257537396
1723910400000,11186.731257537396
1723914000000,11186.731257537396
1723917600000,11186.731257537396
1723921200000,11186.731257537396
1723924800000,11186.731257537396
1723928400000,11186.731257537396
1723932000000,11186.731257537396
1723935600000,11186.731257537396
1723939200000,11186.731257537396
1723942800000,11186.731257537396
1723946400000,11186.731257537396
1723950000000,11186.731257537396
1723953600000,11186.731257537396
1723957200000,11186.731257537396
1723960800000,11186.731257537396
1723964400000,11186.731257537396
1723968000000,11186.731257537396
1723971600000,11186.731257537396
1723975200000,11186.731257537396
1723978800000,11186.731257537396
1723982400000,11186.731257537396
1723986000000,11186.731257537396
1723989600000,11186.731257537396
1723993200000,11186.731257537396
1723996800000,11186.731257537396
1724000400000,11186.731257537396
1724004000000,11186.731257537396
1724007600000,11186.731257537396
1724011200000,11186.731257537396
1724014800000,11186.731257537396
1724018400000,11186.731257537396
1724022000000,11186.731257537396
1724025600000,11186.731257537396
1724029200000,11186.731257537396
1724032800000,11186.731257537396
1724036400000,11186.731257537396
1724040000000,11186.731257537396
1724043600000,11186.731257537396
1724047200000,11186.731257537396
1724050800000,11186.731257537396
1724054400000,11186.731257537396
1724058000000,11186.731257537396
1724061600000,11186.731257537396
1724065200000,11186.731257537396
1724068800000,11186.731257537396
1724072400000,11186.731257537396
1724076000000,11186.731257537396
1724079600000,11186.731257537396
1724083200000,11186.731257537396
1724086800000,11186.731257537396
1724090400000,11186.731257537396
1724094000000,11186.731257537396
1724097600000,11186.731257537396
1724101200000,11186.731257537396
1724104800000,11186.731257537396
1724108400000,11186.731257537396
1724112000000,11186.731257537396
1724115600000,11186.731257537396
1724119200000,11186.731257537396
1724122800000,11186.731257537396
1724126400000,11186.731257537396
1724130000000,11186.731257537396
1724133600000,11186.731257537396
1724137200000,11186.731257537396
1724140800000,11186.731257537396
1724144400000,11186.731257537396
1724148000000,11186.731257537396
1724151600000,11186.731257537396
1724155200000,11186.731257537396
1724158800000,11186.731257537396
1724162400000,11186.731257537396
1724166000000,11186.731257537396
1724169600000,11186.731257537396
1724173200000,11186.731257537396
1724176800000,11186.731257537396
1724180400000,11186.731257537396
1724184000000,11186.731257537396
1724187600000,11186.731257537396
1724191200000,11186.731257537396
1724194800000,11186.731257537396
1724198400000,11186.731257537396
1724202000000,11186.731257537396
1724205600000,11186.731257537396
1724209200000,11186.731257537396
1724212800000,11186.731257537396
1724216400000,11186.731257537396
1724220000000,11186.731257537396
1724223600000,11186.731257537396
1724227200000,11186.731257537396
1724230800000,11186.731257537396
1724234400000,11186.731257537396
1724238000000,11186.731257537396
1724241600000,11186.731257537396
1724245200000,11186.731257537396
1724248800000,11186.731257537396
1724252400000,11186.731257537396
1724256000000,11186.731257537396
1724259600000,11186.731257537396
1724263200000,11186.731257537396
1724266800000,11186.731257537396
1724270400000,11186.731257537396
1724274000000,11186.731257537396
1724277600000,11186.731257537396
1724281200000,11186.731257537396
1724284800000,11186.731257537396
1724288400000,11186.731257537396
1724292000000,11186.731257537396
1724295600000,11186.731257537396
1724299200000,11186.731257537396
1724302800000,11186.731257537396
1724306400000,11186.731257537396
1724310000000,11186.731257537396
1724313600000,11186.731257537396
1724317200000,11186.731257537396
1724320800000,11186.731257537396
1724324400000,11186.731257537396
1724328000000,11186.731257537396
1724331600000,11186.731257537396
1724335200000,11186.731257537396
1724338800000,11186.731257537396
1724342400000,11186.731257537396
1724346000000,11186.731257537396
1724349600000,11186.731257537396
1724353200000,11186.731257537396
1724356800000,11186.731257537396
1724360400000,11186.731257537396
1724364000000,11186.731257537396
1724367600000,11186.731257537396
1724371200000,11186.731257537396
1724374800000,11186.731257537396
1724378400000,11186.731257537396
1724382000000,11186.731257537396
1724385600000,11186.731257537396
1724389200000,11186.731257537396
1724392800000,11186.731257537396
1724396400000,11186.731257537396
1724400000000,11186.731257537396
1724403600000,11186.731257537396
1724407200000,11186.731257537396
1724410800000,11186.731257537396
1724414400000,11186.731257537396
1724418000000,11186.731257537396
1724421600000,11186.731257537396
1724425200000,11186.731257537396
1724428800000,11185.473815594598
1724432400000,11187.890315594599
1724436000000,11200.746815594599
1724439600000,11199.997115594599
1724443200000,11204.704115594599
1724446800000,11205.179315594598
1724450400000,11212.193915594598
1724454000000,11209.8332155946
1724457600000,11209.17166369725
1724461200000,11208.293263697251
1724464800000,11206.57696369725
1724468400000,11207.83246369725
1724472000000,11207.053963697252
1724475600000,11207.27176369725
1724479200000,11207.968363697251
1724482800000,11208.89986369725
1724486400000,11210.44394617032
1724490000000,11212.24484617032
1724493600000,11211.154946170322
1724497200000,11209.53494617032
1724500800000,11207.83484617032
1724504400000,11209.36214617032
1724508000000,11210.155946170322
1724511600000,11209.696946170321
1724515200000,11208.211143604005
1724518800000,11210.982243604005
1724522400000,11208.443343604005
1724526000000,11210.435043604006
1724529600000,11210.039043604005
1724533200000,11208.625143604006
1724536800000,11205.827043604006
1724540400000,11206.715343604006
1724544000000,11209.466478848628
1724547600000,11210.424978848629
1724551200000,11209.586178848629
1724554800000,11209.567278848628
1724558400000,11209.18927884863
1724562000000,11209.65817884863
1724565600000,11209.560978848629
1724569200000,11208.237978848629
1724572800000,11207.100175104688
1724576400000,11208.042475104688
1724580000000,11207.192875104687
1724583600000,11207.565475104688
1724587200000,11207.335975104688
1724590800000,11207.783275104688
1724594400000,11209.127875104688
1724598000000,11209.534675104687
1724601600000,11209.350245080659
1724605200000,11208.685145080659
1724608800000,11209.577945080659
1724612400000,11209.886645080658
1724616000000,11210.068445080658
1724619600000,11210.36814508066
1724623200000,11212.476845080659
1724626800000,11212.90704508066
1724630400000,11210.628552584729
1724634000000,11209.466652584728
1724637600000,11208.07705258473
1724641200000,11208.927552584728
1724644800000,11209.398252584728
1724648400000,11208.373152584729
1724652000000,11207.901552584728
1724655600000,11205.718152584728
1724659200000,11204.711115239705
1724662800000,11206.053915239703
1724666400000,11206.939515239705
1724670000000,11205.875715239703
1724673600000,11206.836015239704
1724677200000,11204.915415239704
1724680800000,11206.147515239703
1724684400000,11203.316115239704
1724688000000,11203.656261709637
1724691600000,11205.290661709638
1724695200000,11202.967761709639
1724698800000,11204.997261709637
1724702400000,11202.054261709638
1724706000000,11203.078461709638
1724709600000,11197.374726789973
1724713200000,11197.374726789973
1724716800000,11197.374726789973
1724720400000,11197.374726789973
1724724000000,11197.374726789973
1724727600000,11197.374726789973
1724731200000,11197.374726789973
1724734800000,11197.374726789973
1724738400000,11197.374726789973
1724742000000,11197.374726789973
1724745600000,11197.374726789973
1724749200000,11197.374726789973
1724752800000,11197.374726789973
1724756400000,11197.374726789973
1724760000000,11197.374726789973
1724763600000,11197.374726789973
1724767200000,11197.374726789973
1724770800000,11197.374726789973
1724774400000,11197.374726789973
1724778000000,11197.374726789973
1724781600000,11197.374726789973
1724785200000,11197.374726789973
1724788800000,11197.374726789973
1724792400000,11197.374726789973
1724796000000,11197.374726789973
1724799600000,11197.374726789973
1724803200000,11197.059528395177
1724806800000,11200.114528395177
1724810400000,11196.981528395178
1724814000000,11197.690528395178
1724817600000,11194.759528395178
1724821200000,11197.833528395178
1724824800000,11197.691528395178
1724828400000,11199.036528395178
1724832000000,11204.259780690209
1724835600000,11198.212780690208
1724839200000,11190.004780690208
1724842800000,11193.678780690208
1724846400000,11192.014780690208
1724850000000,11191.511780690207
1724853600000,11198.122780690208
1724857200000,11199.937780690208
1724860800000,11201.877521210354
1724864400000,11198.721521210355
1724868000000,11204.607521210353
1724871600000,11194.005521210354
1724875200000,11201.623521210355
1724878800000,11197.567521210354
1724882400000,11199.362521210354
1724886000000,11198.851521210354
1724889600000,11200.682763073874
1724893200000,11198.936763073874
1724896800000,11200.963763073874
1724900400000,11199.365763073874
1724904000000,11199.460763073874
1724907600000,11199.134763073875
1724911200000,11196.475763073873
1724914800000,11194.604763073874
1724918400000,11195.203973201835
1724922000000,11195.125973201835
1724925600000,11194.895973201834
1724929200000,11194.635973201834
1724932800000,11190.709973201834
1724936400000,11187.446973201835
1724940000000,11184.050973201834
1724943600000,11182.566973201834
1724947200000,11182.689369104559
1724950800000,11188.358369104559
1724954400000,11186.350369104559
1724958000000,11199.814369104559
1724961600000,11198.007369104558
1724965200000,11195.916369104558
1724968800000,11196.998369104558
1724972400000,11199.077369104558
1724976000000,11197.17592216108
1724979600000,11199.036922161078
1724983200000,11199.05292216108
1724986800000,11199.06992216108
1724990400000,11200.24192216108
1724994000000,11200.77392216108
1724997600000,11203.21292216108
1725001200000,11197.389922161079
1725004800000,11197.830122021522
1725008400000,11196.595122021521
1725012000000,11195.466122021522
1725015600000,11195.073122021522
1725019200000,11196.597122021521
1725022800000,11195.881122021521
1725026400000,11194.573122021522
1725030000000,11206.272122021523
1725033600000,11210.278116944542
1725037200000,11205.873116944542
1725040800000,11204.227116944541
1725044400000,11198.026116944542
1725048000000,11202.851116944543
1725051600000,11200.667116944542
1725055200000,11200.013116944541
1725058800000,11198.374116944542
1725062400000,11199.704781264023
1725066000000,11198.284781264023
1725069600000,11198.041781264023
1725073200000,11198.723781264023
1725076800000,11198.581781264023
1725080400000,11197.597781264023
1725084000000,11198.714781264023
1725087600000,11199.358781264023
1725091200000,11199.841914588163
1725094800000,11201.029914588164
1725098400000,11201.943914588162
1725102000000,11199.586914588162
1725105600000,11199.899914588163
1725109200000,11199.040914588164
1725112800000,11201.649914588163
1725116400000,11199.403914588163
1725120000000,11200.884328633952
1725123600000,11201.737328633952
1725127200000,11201.109328633951
1725130800000,11201.946328633952
1725134400000,11202.146328633951
1725138000000,11201.558328633952
1725141600000,11200.380328633952
1725145200000,11200.646328633951
1725148800000,11201.332573206011
1725152400000,11201.593573206012
1725156000000,11202.504573206012
1725159600000,11205.871573206012
1725163200000,11205.715573206011
1725166800000,11206.44557320601
1725170400000,11210.769573206011
1725174000000,11208.724573206011
1725177600000,11206.01451549977
1725181200000,11208.95551549977
1725184800000,11208.97951549977
1725188400000,11212.07151549977
1725192000000,11207.88351549977
1725195600000,11210.87651549977
1725199200000,11209.75951549977
1725202800000,11212.823515499771
1725206400000,11209.13329264559
1725210000000,11209.617292645591
1725213600000,11209.45129264559
1725217200000,11205.31129264559
1725220800000,11205.903292645591
1725224400000,11206.73029264559
1725228000000,11206.73129264559
1725231600000,11217.600292645591
1725235200000,11217.401896492358
1725238800000,11216.118896492357
1725242400000,11217.059896492357
1725246000000,11215.617896492357
1725249600000,11213.428896492358
1725253200000,11216.169896492358
1725256800000,11213.060896492358
1725260400000,11214.206896492358
1725264000000,11215.202323067717
1725267600000,11210.171323067718
1725271200000,11207.180323067718
1725274800000,11206.320323067717
1725278400000,11206.964323067717
1725282000000,11206.726323067716
1725285600000,11208.780323067716
1725289200000,11205.221323067717
1725292800000,11205.627199227316
1725296400000,11207.200199227316
1725300000000,11205.486199227316
1725303600000,11206.259199227317
1725307200000,11206.257199227317
1725310800000,11199.129969471358
1725314400000,11199.129969471358
1725318000000,11199.129969471358
1725321600000,11199.129969471358
1725325200000,11199.129969471358
1725328800000,11199.129969471358
1725332400000,11199.129969471358
1725336000000,11199.129969471358
1725339600000,11199.129969471358
1725343200000,11199.129969471358
1725346800000,11199.129969471358
1725350400000,11199.129969471358
1725354000000,11199.129969471358
1725357600000,11199.129969471358
1725361200000,11199.129969471358
1725364800000,11199.129969471358
1725368400000,11199.129969471358
1725372000000,11199.129969471358
1725375600000,11199.129969471358
1725379200000,11199.129969471358
1725382800000,11199.129969471358
1725386400000,11199.129969471358
1725390000000,11199.129969471358
1725393600000,11199.129969471358
1725397200000,11199.129969471358
1725400800000,11199.129969471358
1725404400000,11199.129969471358
1725408000000,11199.129969471358
1725411600000,11199.129969471358
1725415200000,11199.129969471358
1725418800000,11199.129969471358
1725422400000,11199.129969471358
1725426000000,11199.129969471358
1725429600000,11199.129969471358
1725433200000,11199.129969471358
1725436800000,11199.129969471358
1725440400000,11199.129969471358
1725444000000,11199.129969471358
1725447600000,11199.129969471358
1725451200000,11198.412944229125
1725454800000,11198.000444229125
1725458400000,11202.201344229125
1725462000000,11187.878244229125
1725465600000,11180.924548429583
1725469200000,11177.749948429582
1725472800000,11184.026548429581
1725476400000,11186.167148429582
1725480000000,11181.323407386257
1725483600000,11181.323407386257
1725487200000,11181.323407386257
1725490800000,11181.323407386257
1725494400000,11181.323407386257
1725498000000,11181.323407386257
1725501600000,11181.323407386257
1725505200000,11181.323407386257
1725508800000,11180.898800004567
1725512400000,11179.988000004567
1725516000000,11180.477600004566
1725519600000,11183.444000004567
1725523200000,11180.54471252758
1725526800000,11181.96041252758
1725530400000,11184.08891252758
1725534000000,11183.679412527581
1725537600000,11184.55871252758
1725541200000,11184.56051252758
1725544800000,11180.20721252758
1725548400000,11186.86811252758
1725552000000,11190.82985244646
1725555600000,11188.01645244646
1725559200000,11185.27235244646
1725562800000,11186.38025244646
1725566400000,11190.432952446461
1725570000000,11190.16025244646
1725573600000,11189.30705244646
1725577200000,11190.08555244646
1725580800000,11189.39327515999
1725584400000,11189.629975159989
1725588000000,11186.270275159988
1725591600000,11184.139075159988
1725595200000,11185.27397515999
1725598800000,11185.480075159989
1725602400000,11186.664475159989
1725606000000,11187.351175159989
1725609600000,11192.752070140816
1725613200000,11193.020270140814
1725616800000,11191.837670140814
1725620400000,11189.604770140815
1725624000000,11190.895370140815
1725627600000,11183.711570140815
1725631200000,11192.968070140814
1725634800000,11200.231970140814
1725638400000,11208.247272861423
1725642000000,11212.699772861422
1725645600000,11216.665812861422
1725649200000,11227.014252861421
1725652800000,11223.891932861423
1725656400000,11243.940432861422
1725660000000,11224.856272861422
1725663600000,11226.283212861423
1725667200000,11220.71077552376
1725670800000,11219.541015523759
1725674400000,11221.867255523759
1725678000000,11220.169295523758
1725681600000,11219.043335523758
1725685200000,11215.57467552376
1725688800000,11211.388255523758
1725692400000,11207.420415523758
1725696000000,11206.43743258791
1725699600000,11203.952312587911
1725703200000,11207.29075258791
1725706800000,11205.96999258791
1725710400000,11205.58163258791
1725714000000,11203.75331258791
1725717600000,11203.15923258791
1725721200000,11201.34119258791
1725724800000,11199.064717229705
1725728400000,11203.636537229704
1725732000000,11209.998177229703
1725735600000,11207.030597229705
1725739200000,11204.308157229705
1725742800000,11210.595697229704
1725746400000,11213.225017229704
1725750000000,11213.128877229703
1725753600000,11209.62160953432
1725757200000,11210.88028953432
1725760800000,11207.504789534321
1725764400000,11206.107549534321
1725768000000,11205.81436953432
1725771600000,11202.420109534321
1725775200000,11206.02882953432
1725778800000,11205.928829534321
1725782400000,11203.745789035102
1725786000000,11202.872489035102
1725789600000,11202.777989035101
1725793200000,11199.813569035101
1725796800000,11202.8382890351
1725800400000,11209.6883890351
1725804000000,11205.608209035101
1725807600000,11211.0848290351
1725811200000,11218.752044536817
1725814800000,11215.683244536818
1725818400000,11206.476564536819
1725822000000,11207.314424536818
1725825600000,11208.684804536819
1725829200000,11207.438884536818
1725832800000,11205.264124536818
1725836400000,11203.362824536818
1725840000000,11199.869786228779
1725843600000,11194.937546228777
1725847200000,11191.852972920336
1725850800000,11192.189692920338
1725854400000,11192.425212920338
1725858000000,11193.819932920336
1725861600000,11195.531132920338
1725865200000,11192.241212920337
1725868800000,11189.806845304092
1725872400000,11189.806845304092
1725876000000,11189.806845304092
1725879600000,11189.806845304092
1725883200000,11189.806845304092
1725886800000,11189.806845304092
1725890400000,11189.806845304092
1725894000000,11189.806845304092
1725897600000,11189.806845304092
1725901200000,11189.806845304092
1725904800000,11189.806845304092
1725908400000,11189.806845304092
1725912000000,11189.806845304092
1725915600000,11189.806845304092
1725919200000,11189.806845304092
1725922800000,11189.806845304092
1725926400000,11189.806845304092
1725930000000,11189.806845304092
1725933600000,11189.806845304092
1725937200000,11189.806845304092
1725940800000,11189.806845304092
1725944400000,11189.806845304092
1725948000000,11189.806845304092
1725951600000,11189.806845304092
1725955200000,11189.806845304092
1725958800000,11189.806845304092
1725962400000,11189.806845304092
1725966000000,11189.806845304092
1725969600000,11189.806845304092
1725973200000,11189.806845304092
1725976800000,11189.806845304092
1725980400000,11189.806845304092
1725984000000,11189.806845304092
1725987600000,11189.806845304092
1725991200000,11189.806845304092
1725994800000,11189.806845304092
1725998400000,11189.806845304092
1726002000000,11189.806845304092
1726005600000,11189.806845304092
1726009200000,11189.806845304092
1726012800000,11189.806845304092
1726016400000,11189.806845304092
1726020000000,11189.806845304092
1726023600000,11189.806845304092
1726027200000,11189.806845304092
1726030800000,11189.806845304092
1726034400000,11189.806845304092
1726038000000,11189.806845304092
1726041600000,11189.806845304092
1726045200000,11189.806845304092
1726048800000,11189.806845304092
1726052400000,11189.806845304092
1726056000000,11189.806845304092
1726059600000,11189.806845304092
1726063200000,11189.806845304092
1726066800000,11189.806845304092
1726070400000,11189.806845304092
1726074000000,11189.806845304092
1726077600000,11189.806845304092
1726081200000,11189.806845304092
1726084800000,11189.806845304092
1726088400000,11189.806845304092
1726092000000,11189.806845304092
1726095600000,11189.806845304092
1726099200000,11189.806845304092
1726102800000,11189.806845304092
1726106400000,11189.806845304092
1726110000000,11189.806845304092
1726113600000,11189.806845304092
1726117200000,11189.806845304092
1726120800000,11189.806845304092
1726124400000,11189.806845304092
1726128000000,11189.806845304092
1726131600000,11189.806845304092
1726135200000,11189.806845304092
1726138800000,11189.806845304092
1726142400000,11189.806845304092
1726146000000,11189.806845304092
1726149600000,11189.806845304092
1726153200000,11189.806845304092
1726156800000,11189.806845304092
1726160400000,11189.806845304092
1726164000000,11189.806845304092
1726167600000,11189.806845304092
1726171200000,11189.806845304092
1726174800000,11189.806845304092
1726178400000,11189.806845304092
1726182000000,11189.806845304092
1726185600000,11189.806845304092
1726189200000,11189.806845304092
1726192800000,11189.806845304092
1726196400000,11189.806845304092
1726200000000,11189.806845304092
1726203600000,11189.806845304092
1726207200000,11189.806845304092
1726210800000,11189.806845304092
1726214400000,11189.806845304092
1726218000000,11189.806845304092
1726221600000,11189.806845304092
1726225200000,11189.806845304092
1726228800000,11189.806845304092
1726232400000,11189.806845304092
1726236000000,11189.806845304092
1726239600000,11189.806845304092
1726243200000,11189.806845304092
1726246800000,11189.806845304092
1726250400000,11189.806845304092
1726254000000,11189.806845304092
1726257600000,11189.806845304092
1726261200000,11189.806845304092
1726264800000,11189.806845304092
1726268400000,11189.806845304092
1726272000000,11189.806845304092
1726275600000,11189.806845304092
1726279200000,11189.806845304092
1726282800000,11189.806845304092
1726286400000,11189.806845304092
1726290000000,11189.806845304092
1726293600000,11189.806845304092
1726297200000,11189.806845304092
1726300800000,11189.806845304092
1726304400000,11189.806845304092
1726308000000,11189.806845304092
1726311600000,11189.806845304092
1726315200000,11189.806845304092
1726318800000,11189.806845304092
1726322400000,11189.806845304092
1726326000000,11189.806845304092
1726329600000,11189.806845304092
1726333200000,11189.806845304092
1726336800000,11189.806845304092
1726340400000,11189.806845304092
1726344000000,11189.806845304092
1726347600000,11189.806845304092
1726351200000,11189.806845304092
1726354800000,11189.806845304092
1726358400000,11189.806845304092
1726362000000,11189.806845304092
1726365600000,11189.806845304092
1726369200000,11189.806845304092
1726372800000,11189.806845304092
1726376400000,11189.806845304092
1726380000000,11189.806845304092
1726383600000,11189.806845304092
1726387200000,11189.806845304092
1726390800000,11189.806845304092
1726394400000,11189.806845304092
1726398000000,11189.806845304092
1726401600000,11189.806845304092
1726405200000,11189.806845304092
1726408800000,11189.806845304092
1726412400000,11189.806845304092
1726416000000,11189.806845304092
1726419600000,11189.806845304092
1726423200000,11189.806845304092
1726426800000,11189.806845304092
1726430400000,11189.806845304092
1726434000000,11189.806845304092
1726437600000,11189.806845304092
1726441200000,11189.806845304092
1726444800000,11189.806845304092
1726448400000,11189.806845304092
1726452000000,11189.806845304092
1726455600000,11189.806845304092
1726459200000,11189.806845304092
1726462800000,11189.806845304092
1726466400000,11189.806845304092
1726470000000,11189.806845304092
1726473600000,11189.806845304092
1726477200000,11189.806845304092
1726480800000,11189.806845304092
1726484400000,11189.806845304092
1726488000000,11189.806845304092
1726491600000,11189.806845304092
1726495200000,11189.806845304092
1726498800000,11189.806845304092
1726502400000,11189.806845304092
1726506000000,11189.806845304092
1726509600000,11189.806845304092
1726513200000,11189.806845304092
1726516800000,11189.806845304092
1726520400000,11189.806845304092
1726524000000,11189.806845304092
1726527600000,11189.806845304092
1726531200000,11189.806845304092
1726534800000,11189.806845304092
1726538400000,11189.806845304092
1726542000000,11189.806845304092
1726545600000,11189.806845304092
1726549200000,11189.806845304092
1726552800000,11189.806845304092
1726556400000,11189.806845304092
1726560000000,11189.806845304092
1726563600000,11189.806845304092
1726567200000,11189.806845304092
1726570800000,11189.806845304092
1726574400000,11189.806845304092
1726578000000,11189.806845304092
1726581600000,11189.806845304092
1726585200000,11189.806845304092
1726588800000,11189.12608069122
1726592400000,11187.07408069122
1726596000000,11187.36108069122
1726599600000,11183.11408069122
1726603200000,11176.33908069122
1726606800000,11178.91608069122
1726610400000,11180.78208069122
1726614000000,11179.51008069122
1726617600000,11180.97997892482
1726621200000,11180.04797892482
1726624800000,11178.392978924821
1726628400000,11181.25997892482
1726632000000,11182.85097892482
1726635600000,11181.551978924821
1726639200000,11179.90697892482
1726642800000,11182.239978924821
1726646400000,11180.928843352267
1726650000000,11179.428843352267
1726653600000,11174.675843352268
1726657200000,11176.515843352268
1726660800000,11175.58066633762
1726664400000,11175.58066633762
1726668000000,11175.58066633762
1726671600000,11175.58066633762
1726675200000,11175.58066633762
1726678800000,11175.58066633762
1726682400000,11175.58066633762
1726686000000,11175.58066633762
1726689600000,11175.58066633762
1726693200000,11175.58066633762
1726696800000,11175.58066633762
1726700400000,11175.58066633762
1726704000000,11174.677855458696
1726707600000,11179.213855458696
1726711200000,11176.783455458697
1726714800000,11178.703455458697
1726718400000,11177.912255458696
1726722000000,11177.596255458697
1726725600000,11176.695455458696
1726729200000,11177.230655458696
1726732800000,11177.27921549028
1726736400000,11176.34161549028
1726740000000,11179.32401549028
1726743600000,11179.42561549028
1726747200000,11182.36321549028
1726750800000,11184.06801549028
1726754400000,11185.87921549028
1726758000000,11183.89841549028
1726761600000,11186.060250295757
1726765200000,11189.994650295757
1726768800000,11190.431450295757
1726772400000,11189.674650295756
1726776000000,11186.813850295757
1726779600000,11185.194650295756
1726783200000,11183.581050295757
1726786800000,11184.578650295756
1726790400000,11184.794048375918
1726794000000,11183.029248375917
1726797600000,11185.090848375916
1726801200000,11185.617248375916
1726804800000,11190.377248375917
1726808400000,11191.313248375916
1726812000000,11191.666048375917
1726815600000,11190.878848375916
1726819200000,11188.940603394596
1726822800000,11187.275803394597
1726826400000,11188.916603394597
1726830000000,11190.332603394596
1726833600000,11188.319803394597
1726837200000,11188.339003394596
1726840800000,11183.403803394596
1726844400000,11185.245403394596
1726848000000,11186.130215412932
1726851600000,11183.993415412933
1726855200000,11182.755815412933
1726858800000,11183.591015412932
1726862400000,11183.823815412932
1726866000000,11183.490215412932
1726869600000,11185.896615412932
1726873200000,11186.057415412932
1726876800000,11186.346772649356
1726880400000,11186.303572649356
1726884000000,11183.958772649356
1726887600000,11184.120372649355
1726891200000,11183.949972649356
1726894800000,11183.772372649355
1726898400000,11184.171572649355
1726902000000,11184.953172649355
1726905600000,11185.729922542421
1726909200000,11185.134722542422
1726912800000,11185.643522542421
1726916400000,11184.614722542421
1726920000000,11185.610722542422
1726923600000,11185.806722542422
1726927200000,11186.542722542423
1726930800000,11187.130722542423
1726934400000,11186.171526548198
1726938000000,11186.471526548197
1726941600000,11187.061926548198
1726945200000,11186.869926548197
1726948800000,11186.239526548197
1726952400000,11185.930726548198
1726956000000,11185.397926548198
1726959600000,11186.451526548199
1726963200000,11187.830088900237
1726966800000,11186.508488900237
1726970400000,11185.093288900238
1726974000000,11184.291688900237
1726977600000,11185.612488900237
1726981200000,11185.302088900236
1726984800000,11184.030888900237
1726988400000,11183.833288900238
1726992000000,11184.049115961294
1726995600000,11184.654715961295
1726999200000,11182.278715961294
1727002800000,11181.761115961293
1727006400000,11182.929115961293
1727010000000,11182.573915961293
1727013600000,11181.495515961295
1727017200000,11181.950715961293
1727020800000,11181.90537413809
1727024400000,11182.94057413809
1727028000000,11184.793374138091
1727031600000,11184.44377413809
1727035200000,11185.99497413809
1727038800000,11186.12137413809
1727042400000,11182.96137413809
1727046000000,11179.314706631938
1727049600000,11179.314706631938
1727053200000,11179.314706631938
1727056800000,11179.314706631938
1727060400000,11179.314706631938
1727064000000,11178.84255262028
1727067600000,11172.294752620279
1727071200000,11169.07195262028
1727074800000,11168.156352620279
1727078400000,11167.218822860175
1727082000000,11166.696622860176
1727085600000,11168.502622860175
1727089200000,11166.093222860176
1727092800000,11165.505222860176
1727096400000,11163.965222860175
1727100000000,11162.510622860176
1727103600000,11164.099622860176
1727107200000,11168.262203618287
1727110800000,11161.945403618289
1727114400000,11164.182603618288
1727118000000,11165.049203618288
1727121600000,11163.192803618287
1727125200000,11163.596003618288
1727128800000,11163.904003618289
1727132400000,11162.607603618288
1727136000000,11164.377606736023
1727139600000,11157.591806736023
1727143200000,11159.001606736023
1727146800000,11160.629806736024
1727150400000,11161.371806736022
1727154000000,11160.817406736023
1727157600000,11162.503006736024
1727161200000,11164.003806736024
1727164800000,11166.982457226612
1727168400000,11171.596857226612
1727172000000,11166.635257226611
1727175600000,11166.783657226611
1727179200000,11166.496657226611
1727182800000,11165.327657226611
1727186400000,11164.780257226612
1727190000000,11162.386257226612
1727193600000,11162.012665748436
1727197200000,11163.220865748437
1727200800000,11169.172265748437
1727204400000,11169.022465748436
1727208000000,11178.318465748436
1727211600000,11176.842865748436
1727215200000,11175.073265748437
1727218800000,11180.782465748436
1727222400000,11177.274266044855
1727226000000,11174.664666044855
1727229600000,11179.379866044854
1727233200000,11178.664466044855
1727236800000,11179.092866044855
1727240400000,11175.718866044854
1727244000000,11175.298866044855
1727247600000,11170.795066044855
1727251200000,11171.063472167396
1727254800000,11170.733072167395
1727258400000,11168.375472167396
1727262000000,11168.178072167397
1727265600000,11170.754072167396
1727269200000,11167.508872167396
1727272800000,11169.902872167397
1727276400000,11172.260472167396
1727280000000,11166.606601150084
1727283600000,11165.605601150084
1727287200000,11161.726201150084
1727290800000,11164.691401150085
1727294400000,11162.525601150084
1727298000000,11165.878601150083
1727301600000,11165.576201150085
1727305200000,11162.717401150085
1727308800000,11160.950019806385
1727312400000,11158.099619806384
1727316000000,11153.591404706645
1727319600000,11153.591404706645
1727323200000,11153.591404706645
1727326800000,11153.591404706645
1727330400000,11153.591404706645
1727334000000,11153.591404706645
1727337600000,11153.591404706645
1727341200000,11153.591404706645
1727344800000,11153.591404706645
1727348400000,11153.591404706645
1727352000000,11152.913496098716
1727355600000,11152.865796098717
1727359200000,11150.796146098715
1727362800000,11149.121346098716
1727366400000,11156.391503228739
1727370000000,11159.08870322874
1727373600000,11152.05550322874
1727377200000,11158.68450322874
1727380800000,11153.64925322874
1727384400000,11145.835303228738
1727388000000,11152.23485322874
1727391600000,11151.904303228739
1727395200000,11151.687768985572
1727398800000,11155.267368985573
1727402400000,11149.215868985571
1727406000000,11144.765018985574
1727409600000,11155.754268985573
1727413200000,11156.247518985572
1727416800000,11160.681618985573
1727420400000,11161.231668985574
1727424000000,11161.734875202548
1727427600000,11167.700325202548
1727431200000,11166.910725202548
1727434800000,11158.530125202547
1727438400000,11159.950925202547
1727442000000,11165.328475202548
1727445600000,11165.143475202549
1727449200000,11176.891575202548
1727452800000,11175.877702671774
1727456400000,11187.703452671774
1727460000000,11179.696952671775
1727463600000,11179.061402671774
1727467200000,11177.209852671775
1727470800000,11176.427202671775
1727474400000,11176.128602671775
1727478000000,11180.174752671775
1727481600000,11175.804034504074
1727485200000,11177.402284504073
1727488800000,11178.057684504074
1727492400000,11180.766584504074
1727496000000,11177.795834504073
1727499600000,11178.169034504073
1727503200000,11174.533734504075
1727506800000,11172.294284504072
1727510400000,11170.89735054258
1727514000000,11165.92190054258
1727517600000,11166.34795054258
1727521200000,11169.72095054258
1727524800000,11169.689000542581
1727528400000,11163.51585054258
1727532000000,11164.19150054258
1727535600000,11168.80225054258
1727539200000,11166.487768165069
1727542800000,11164.263318165069
1727546400000,11168.97801816507
1727550000000,11169.075268165068
1727553600000,11170.008318165068
1727557200000,11168.687168165068
1727560800000,11167.785068165069
1727564400000,11168.98456816507
1727568000000,11171.37885313917
1727571600000,11167.27125313917
1727575200000,11170.71385313917
1727578800000,11170.49615313917
1727582400000,11169.72115313917
1727586000000,11168.31010313917
1727589600000,11165.30505313917
1727593200000,11160.602903139168
1727596800000,11157.188677100623
1727600400000,11160.191477100623
1727604000000,11160.178027100625
1727607600000,11160.052027100623
1727611200000,11163.826277100623
1727614800000,11160.084527100624
1727618400000,11164.868127100624
1727622000000,11163.093477100623
1727625600000,11166.600649053078
1727629200000,11167.003449053078
1727632800000,11166.778899053079
1727636400000,11166.949299053078
1727640000000,11169.84419905308
1727643600000,11166.60534905308
1727647200000,11169.16494905308
1727650800000,11163.64269905308
1727654400000,11162.890065110912
1727658000000,11153.821611872465
1727661600000,11146.062058723292
1727665200000,11146.062058723292
1727668800000,11146.062058723292
1727672400000,11146.062058723292
1727676000000,11146.062058723292
1727679600000,11146.062058723292
1727683200000,11146.062058723292
1727686800000,11146.062058723292
1727690400000,11146.062058723292
1727694000000,11146.062058723292
1727697600000,11146.062058723292
1727701200000,11146.062058723292
1727704800000,11146.062058723292
1727708400000,11146.062058723292
1727712000000,11146.062058723292
1727715600000,11146.062058723292
1727719200000,11146.062058723292
1727722800000,11146.062058723292
1727726400000,11146.062058723292
1727730000000,11146.062058723292
1727733600000,11146.062058723292
1727737200000,11146.062058723292
1727740800000,11146.062058723292
